Crop_Category,Crop_Variety,Seed_Type,Temperature_Avg_C,Temperature_Min_C,Temperature_Max_C,Rainfall_mm,Humidity_Percent,Sunshine_Hours,Growing_Season_Days,Soil_pH,Nitrogen_kg_per_ha,Phosphorus_kg_per_ha,Potassium_kg_per_ha,Organic_Matter_Percent,Soil_Type,Soil_Moisture_Percent,Irrigation_Type,Season,Previous_Crop,Farm_Size_ha,Fertilizer_Nitrogen_kg_per_ha,Fertilizer_Phosphorus_kg_per_ha,Fertilizer_Potassium_kg_per_ha,Pesticide_Usage,Yield_tons_per_ha
Wheat,Wheat (Common),Hybrid,18.01,12.63,25.56,530.18,50.26,8.98,111,7.16,97.82,45.63,39.58,3.32,Alluvial,56.91,Flood,Rabi,Rice,17.95,108.32,50.02,38.21,0,5.653
Millet,Millet (Pearl/Bajra),Hybrid,29.57,24.29,41.28,437.5,42.6,9.39,71,7.38,41.82,27.06,27.76,1.74,Red,46.73,Rainfed,Kharif,Pulses,19.22,47.11,29.52,27.61,1,1.225
Rice,Rice (Basmati),Traditional,25.18,19.21,34.9,1275.86,75.35,7.34,147,6.49,65.56,31.84,34.98,2.83,Alluvial,78.28,Flood,Kharif,Sugarcane,7.11,50.89,20.76,26.2,1,4.274
Wheat,Wheat (Sharbati),HYV,19.05,13.06,26.77,547.65,60.63,8.63,116,7.14,96.15,48.84,31.68,2.74,Desert,57.86,Sprinkler,Rabi,Pulses,5.24,92.84,47.53,38.58,1,4.089
Soybean,Soybean (Food Grade),Traditional,29.72,24.3,40.02,897.28,63.42,6.53,108,6.33,20.64,47.93,30.77,2.81,Red,72.28,Rainfed,Kharif,Sugarcane,8.67,16.5,38.22,21.47,1,2.554
Rice,Rice (Sona Masuri),HYV,28.59,21.99,39.45,1207.15,79.09,8.26,138,6.95,86.93,38.89,42.28,3.91,Loamy,81.26,Sprinkler,Kharif,Sugarcane,16.35,72.24,37.45,33.33,1,6.963
Rice,Rice (Sona Masuri),Hybrid,28.26,20.95,39.07,1206.31,83.93,6.79,126,6.42,82.43,35.47,41.08,2.94,Black,78.69,Flood,Kharif,Maize,18.02,82.8,41.34,42.36,1,6.278
Rice,Rice (Basmati),HYV,26.07,20.95,34.89,1049.3,71.75,6.76,133,6.81,61.59,35.66,39.08,3.19,Clayey,67.41,Sprinkler,Kharif,Rice,10.71,70.05,32.01,33.15,1,5.692
Wheat,Wheat (Common),HYV,19.57,12.12,27.78,480.31,67.9,9.17,118,7.29,80.26,49.39,38.63,3.38,Alluvial,69.48,Sprinkler,Rabi,Rice,1.04,89.71,48.4,37.68,1,5.744
Rice,Rice (Basmati),Hybrid,29.9,23.42,36.95,1070.02,74.83,7.74,150,7.42,67.3,39.13,37.81,4.27,Loamy,75.17,Sprinkler,Kharif,Wheat,14.78,70.74,33.92,38.31,1,6.31
Soybean,Soybean (Food Grade),Traditional,25.86,19.04,33.56,775.28,63.09,7.51,102,7.19,23.74,42.75,39.21,2.52,Alluvial,54.51,Rainfed,Kharif,Sugarcane,0.85,16.05,39.5,28.92,1,2.038
Maize,Maize (Sweet Corn),HYV,23.16,17.26,33.47,623.83,64.48,7.86,98,6.62,110.92,64.14,53.62,2.82,Black,61.53,Sprinkler,Kharif,Rice,13.4,100.02,62.72,41.41,1,5.456
Rice,Rice (Sona Masuri),Traditional,26.29,19.07,36.93,1378.84,73.79,8.23,134,6.73,70.28,43.98,39.13,2.58,Loamy,72.71,Sprinkler,Kharif,Soybean,12.9,68.69,29.41,34.54,0,5.654
Rice,Rice (Basmati),HYV,29.08,22.12,38.62,1171.51,72.76,6.32,148,6.34,62.43,33.63,32.55,3.52,Loamy,84.16,Flood,Kharif,Wheat,8.33,71.0,30.97,31.32,1,5.724
Maize,Maize (Popcorn),Traditional,24.61,18.03,32.76,535.5,57.14,8.47,102,6.6,95.09,59.79,44.59,2.64,Loamy,62.11,Rainfed,Rabi,Rice,11.64,65.55,43.07,33.55,1,3.647
Maize,Maize (Sweet Corn),HYV,25.7,18.32,35.94,550.74,69.0,6.64,98,6.54,118.02,52.59,55.91,3.14,Red,65.45,Drip,Kharif,Rice,10.21,115.46,50.37,52.69,0,6.706
Wheat,Wheat (Sharbati),Traditional,17.06,11.7,26.62,422.93,54.12,9.5,117,6.47,96.95,48.73,30.42,2.65,Loamy,61.26,Sprinkler,Rabi,Pulses,7.57,63.5,30.39,26.8,0,3.139
Soybean,Soybean (Food Grade),HYV,27.73,20.23,37.25,779.0,66.39,8.23,106,6.84,29.1,59.9,30.78,2.56,Black,63.34,Sprinkler,Zaid,Fallow,9.92,21.39,43.28,36.99,1,2.028
Rice,Rice (Basmati),Traditional,27.83,21.42,37.31,1366.12,71.32,8.0,134,7.45,70.18,36.28,33.56,2.97,Loamy,60.58,Flood,Kharif,Pulses,7.11,60.05,26.26,25.75,1,2.827
Rice,Rice (Basmati),Traditional,25.76,19.77,33.03,1091.23,84.48,7.28,139,7.09,67.34,31.47,32.07,2.94,Clayey,75.9,Sprinkler,Kharif,Pulses,16.59,60.24,25.15,29.26,1,2.832
Rice,Rice (Non-Basmati),Hybrid,27.15,21.35,35.56,1435.26,74.36,8.03,139,5.79,100.35,58.44,57.19,4.91,Clayey,81.26,Rainfed,Kharif,Soybean,8.03,107.7,59.7,52.21,1,4.872
Soybean,Soybean (Food Grade),HYV,29.5,23.98,38.59,856.68,76.55,8.9,102,7.17,27.61,59.91,34.99,3.6,Alluvial,74.85,Rainfed,Kharif,Millet,1.89,20.62,56.49,36.31,1,2.528
Millet,Millet (Pearl/Bajra),Traditional,30.75,25.41,39.09,288.48,49.61,9.42,87,7.5,56.19,28.0,29.3,1.17,Loamy,53.27,Rainfed,Kharif,Rice,2.17,44.79,23.05,17.95,1,1.588
Maize,Maize (Sweet Corn),HYV,22.13,16.67,32.04,701.72,64.42,6.83,96,6.57,118.05,60.85,58.91,3.83,Alluvial,59.68,Sprinkler,Rabi,Cotton,9.38,100.88,62.96,58.46,1,5.557
Millet,Millet (Sorghum/Jowar),HYV,29.86,24.13,37.64,505.93,63.46,8.78,107,7.17,76.42,39.85,30.09,2.1,Sandy,53.63,Rainfed,Kharif,Pulses,4.26,68.85,31.33,25.91,1,1.94
Millet,Millet (Finger/Ragi),Hybrid,25.87,20.31,37.22,580.42,52.01,9.2,113,5.45,42.78,26.02,23.07,3.05,Loamy,45.39,Sprinkler,Kharif,Rice,3.14,42.29,24.13,23.52,1,3.984
Wheat,Wheat (Common),Traditional,21.16,14.9,28.88,456.82,59.84,9.53,124,6.13,90.92,48.72,35.77,1.66,Loamy,64.69,Flood,Rabi,Soybean,16.32,77.99,33.35,31.58,1,5.363
Soybean,Soybean (Oil Grade),Hybrid,28.16,20.75,35.55,879.21,79.84,6.64,105,6.32,22.34,64.53,42.32,3.0,Alluvial,76.01,Drip,Kharif,Pulses,17.46,31.85,66.62,49.22,1,3.924
Maize,Maize (Feed Corn),Traditional,27.05,20.85,34.87,764.26,68.87,8.52,105,6.12,125.71,74.49,51.92,3.54,Sandy,68.4,Sprinkler,Kharif,Sugarcane,1.04,78.49,41.59,30.52,0,6.098
Millet,Millet (Pearl/Bajra),HYV,31.41,23.54,41.61,337.95,59.65,10.44,80,6.42,50.63,27.17,26.69,1.94,Sandy,40.73,Rainfed,Kharif,Cotton,8.64,55.63,28.28,20.8,1,2.246
Soybean,Soybean (Oil Grade),Hybrid,27.8,19.99,35.15,717.38,72.38,6.71,119,6.05,23.74,52.33,43.11,3.97,Red,68.12,Drip,Kharif,Cotton,3.24,29.7,62.2,46.25,1,4.336
Millet,Millet (Sorghum/Jowar),HYV,31.48,24.47,43.08,639.14,56.73,7.17,121,6.39,78.28,36.1,34.15,2.21,Loamy,47.72,Rainfed,Kharif,Rice,12.57,69.22,33.63,26.09,1,1.887
Millet,Millet (Finger/Ragi),HYV,25.81,20.6,37.07,497.26,61.19,9.27,130,6.1,39.18,23.59,23.79,2.41,Laterite,40.14,Sprinkler,Kharif,Fallow,3.65,31.67,25.94,20.5,1,3.658
Wheat,Wheat (Durum),Hybrid,19.23,11.46,28.01,574.39,53.49,9.28,137,7.01,86.2,53.75,34.38,3.64,Alluvial,54.81,Flood,Rabi,Sugarcane,13.2,122.07,70.7,54.93,1,5.303
Wheat,Wheat (Sharbati),HYV,17.54,11.45,27.52,476.5,53.12,8.88,123,6.39,96.71,47.28,36.22,3.8,Alluvial,46.6,Sprinkler,Rabi,Maize,4.43,80.6,42.43,31.53,1,6.259
Rice,Rice (Basmati),Traditional,26.69,19.29,36.55,1256.33,74.4,8.8,138,7.23,65.69,38.18,35.32,4.64,Clayey,74.37,Flood,Kharif,Rice,8.1,58.74,26.07,29.4,1,5.357
Millet,Millet (Pearl/Bajra),Hybrid,33.7,28.2,41.96,389.63,57.18,10.87,75,7.88,53.96,24.84,22.44,1.57,Sandy,46.61,Rainfed,Kharif,Pulses,3.46,45.42,30.81,30.22,1,2.966
Maize,Maize (Sweet Corn),Traditional,25.76,20.12,36.46,738.94,70.69,8.99,100,6.62,111.79,64.73,41.23,4.79,Black,74.83,Sprinkler,Kharif,Pulses,14.67,82.23,54.67,44.34,0,6.662
Soybean,Soybean (Food Grade),Traditional,25.54,20.16,32.56,651.64,66.91,6.39,101,7.1,27.1,46.15,38.89,3.27,Black,50.84,Sprinkler,Rabi,Soybean,16.1,20.42,36.81,28.55,1,1.853
Maize,Maize (Sweet Corn),Hybrid,25.08,18.34,33.46,528.91,60.28,7.29,99,6.56,114.32,60.07,52.38,3.68,Red,50.11,Drip,Rabi,Soybean,6.85,97.93,59.23,50.83,1,6.706
Maize,Maize (Feed Corn),HYV,25.64,18.48,32.76,811.59,79.84,8.89,111,6.56,146.12,60.44,52.73,2.51,Alluvial,56.57,Sprinkler,Kharif,Wheat,4.25,131.6,61.83,63.62,0,11.02
Rice,Rice (Sona Masuri),Traditional,30.27,25.01,37.81,1256.25,84.31,7.4,131,6.12,74.05,41.55,41.65,3.15,Alluvial,66.75,Flood,Kharif,Rice,2.78,51.84,29.19,27.12,0,5.089
Rice,Rice (Basmati),HYV,25.25,17.66,33.96,1449.76,84.11,8.01,144,6.1,70.99,35.91,36.53,2.77,Laterite,69.11,Flood,Kharif,Rice,14.42,77.35,34.32,39.67,1,2.664
Maize,Maize (Popcorn),Traditional,26.96,20.2,38.95,504.14,69.57,7.06,95,6.21,89.47,41.71,48.52,3.21,Alluvial,57.3,Rainfed,Rabi,Maize,0.98,79.52,42.08,34.2,1,3.491
Millet,Millet (Sorghum/Jowar),HYV,29.02,23.64,37.55,668.07,59.99,7.25,123,7.49,70.56,37.0,27.27,3.21,Loamy,46.83,Rainfed,Kharif,Soybean,12.92,73.65,39.41,29.01,1,3.483
Millet,Millet (Pearl/Bajra),HYV,32.52,25.86,44.08,595.46,41.36,10.61,70,7.12,43.87,28.12,28.95,2.61,Sandy,35.29,Rainfed,Kharif,Wheat,17.08,57.92,28.02,31.85,1,1.716
Soybean,Soybean (Food Grade),HYV,24.61,16.64,34.3,798.28,67.67,6.54,104,7.21,27.99,55.1,38.1,2.05,Loamy,67.83,Rainfed,Zaid,Sugarcane,5.08,20.64,41.9,33.05,1,2.076
Millet,Millet (Pearl/Bajra),HYV,34.81,27.12,45.8,499.73,48.87,9.18,85,6.15,43.35,22.2,25.59,1.78,Red,32.35,Rainfed,Kharif,Fallow,11.03,45.86,24.13,23.67,1,0.817
Wheat,Wheat (Common),Traditional,17.89,10.86,25.67,421.37,53.07,7.19,129,6.86,94.43,44.82,33.04,3.03,Loamy,56.74,Flood,Rabi,Soybean,14.01,59.37,33.89,21.1,1,4.194
Rice,Rice (Basmati),HYV,29.9,22.99,37.53,1338.09,74.88,8.06,144,6.26,77.11,32.27,38.37,2.84,Alluvial,76.07,Flood,Kharif,Maize,15.38,66.36,27.48,32.36,1,5.37
Rice,Rice (Sona Masuri),HYV,27.9,19.98,35.48,1194.65,76.13,6.29,136,5.87,88.68,37.27,42.47,2.16,Alluvial,75.75,Rainfed,Zaid,Soybean,19.19,73.87,36.19,44.46,0,3.447
Rice,Rice (Sona Masuri),HYV,26.22,20.05,37.63,1064.43,76.22,7.22,122,6.23,83.94,43.53,36.96,2.82,Desert,70.92,Flood,Kharif,Cotton,12.97,83.77,44.71,36.71,0,4.27
Rice,Rice (Non-Basmati),Hybrid,27.77,21.34,39.72,1388.17,77.02,7.88,140,5.53,113.58,55.6,41.27,3.09,Alluvial,88.88,Sprinkler,Kharif,Pulses,9.77,131.19,58.2,52.04,1,6.023
Maize,Maize (Popcorn),Traditional,22.11,16.34,30.48,606.7,55.46,8.74,105,6.42,89.01,57.83,46.44,2.89,Loamy,69.86,Sprinkler,Rabi,Maize,1.78,68.41,40.64,33.86,1,4.007
Maize,Maize (Feed Corn),Traditional,24.37,18.23,31.64,709.25,61.49,8.55,117,6.23,121.84,60.23,60.17,4.7,Laterite,69.65,Flood,Kharif,Fallow,4.57,113.51,53.68,44.09,1,5.762
Millet,Millet (Foxtail),HYV,31.3,25.32,39.87,324.36,45.85,7.71,84,6.7,30.11,21.09,15.25,1.84,Loamy,58.36,Sprinkler,Rabi,Pulses,6.69,36.99,17.07,17.96,1,2.516
Maize,Maize (Popcorn),Hybrid,24.26,18.77,33.63,684.07,69.02,6.85,86,6.32,80.83,50.59,47.91,2.11,Alluvial,58.07,Drip,Kharif,Pulses,19.3,96.4,44.33,45.2,1,7.8
Millet,Millet (Pearl/Bajra),Hybrid,28.67,21.64,35.91,591.6,46.42,8.35,78,7.11,53.95,24.46,27.97,1.14,Sandy,45.5,Rainfed,Kharif,Rice,12.69,52.53,25.42,27.4,1,1.785
Rice,Rice (Sona Masuri),Traditional,26.07,19.8,36.03,1111.16,73.89,8.04,140,5.52,86.08,42.03,37.31,2.98,Red,77.38,Sprinkler,Kharif,Wheat,3.44,40.87,19.74,24.04,1,4.257
Millet,Millet (Sorghum/Jowar),Hybrid,27.06,20.58,36.77,688.0,51.26,7.33,90,7.14,79.03,36.1,33.4,2.66,Black,51.91,Rainfed,Kharif,Wheat,10.92,75.82,42.8,35.42,1,3.074
Millet,Millet (Finger/Ragi),Traditional,27.45,20.68,37.14,520.64,56.72,7.03,130,7.45,30.81,29.8,17.69,3.28,Red,62.0,Sprinkler,Zaid,Rice,9.32,33.35,18.97,15.96,1,2.148
Wheat,Wheat (Sharbati),Hybrid,18.97,12.22,26.59,463.9,56.53,7.13,117,7.24,99.42,43.22,31.07,3.87,Alluvial,62.86,Sprinkler,Rabi,Millet,18.71,92.22,46.37,42.1,1,4.93
Soybean,Soybean (Oil Grade),Traditional,29.71,23.02,40.02,718.15,66.34,8.73,103,7.09,23.17,51.68,41.34,4.45,Alluvial,68.86,Sprinkler,Kharif,Fallow,9.58,21.14,47.22,29.96,1,2.337
Millet,Millet (Foxtail),Traditional,31.22,26.06,38.46,348.8,46.47,8.57,71,5.99,30.5,17.52,16.45,2.73,Red,51.43,Rainfed,Kharif,Rice,16.17,34.46,16.35,16.13,1,1.597
Wheat,Wheat (Common),HYV,17.6,11.61,24.69,447.02,59.67,7.53,124,6.62,85.61,46.16,37.4,2.14,Black,48.98,Sprinkler,Rabi,Millet,14.07,84.82,46.53,38.08,1,6.34
Maize,Maize (Feed Corn),Traditional,24.88,19.06,32.25,725.65,70.65,7.99,95,5.84,137.88,64.45,57.54,4.55,Alluvial,59.39,Flood,Kharif,Millet,19.25,82.32,44.54,47.01,1,7.795
Maize,Maize (Popcorn),Traditional,24.61,18.74,34.33,530.25,69.34,7.1,99,6.12,95.48,48.05,42.66,4.5,Loamy,61.54,Drip,Kharif,Cotton,2.48,77.03,46.58,38.78,0,7.204
Maize,Maize (Feed Corn),HYV,27.27,21.87,37.96,695.48,77.08,8.46,99,6.16,125.1,78.5,63.94,3.81,Alluvial,75.16,Sprinkler,Kharif,Cotton,11.03,138.6,77.22,52.47,0,7.37
Wheat,Wheat (Durum),Traditional,21.82,16.28,33.46,480.06,66.1,8.27,128,6.6,84.43,42.72,32.39,3.67,Sandy,47.65,Sprinkler,Rabi,Wheat,3.31,69.64,43.71,26.77,1,2.973
Rice,Rice (Non-Basmati),Hybrid,29.32,23.28,37.33,1503.78,71.08,6.21,130,6.72,101.97,45.46,44.89,2.41,Clayey,86.23,Flood,Rabi,Soybean,2.81,106.97,59.11,50.36,1,6.416
Maize,Maize (Popcorn),HYV,25.87,19.98,34.82,594.89,68.68,6.01,85,6.98,86.32,53.58,49.86,2.02,Loamy,60.94,Sprinkler,Rabi,Millet,18.51,96.73,40.07,44.59,1,4.604
Millet,Millet (Foxtail),HYV,29.39,23.16,39.67,361.76,62.6,8.85,74,7.11,36.26,22.04,19.0,2.37,Loamy,42.85,Drip,Kharif,Fallow,11.57,31.4,15.87,14.85,1,1.562
Maize,Maize (Feed Corn),Traditional,26.94,19.69,36.66,800.09,79.7,7.18,106,5.71,121.56,76.42,68.91,4.32,Red,73.98,Sprinkler,Kharif,Pulses,8.99,108.28,61.25,53.42,1,10.409
Wheat,Wheat (Sharbati),Traditional,21.63,15.12,29.13,468.21,50.69,8.59,130,6.7,91.67,40.45,39.65,2.73,Alluvial,56.54,Drip,Rabi,Cotton,8.81,71.64,36.74,24.53,0,3.863
Millet,Millet (Finger/Ragi),HYV,26.24,20.67,34.31,442.74,62.37,7.21,117,6.2,39.1,29.94,15.32,3.25,Black,63.36,Sprinkler,Kharif,Pulses,13.95,34.57,22.62,18.92,1,3.399
Wheat,Wheat (Durum),Traditional,20.99,15.97,29.54,454.31,57.63,9.8,138,6.82,93.12,54.92,32.24,2.34,Loamy,55.31,Sprinkler,Zaid,Cotton,13.81,94.23,45.05,40.95,1,4.933
Rice,Rice (Basmati),HYV,26.63,20.21,38.02,1020.14,82.07,7.11,142,7.42,64.81,32.4,30.83,4.79,Clayey,74.49,Sprinkler,Kharif,Fallow,4.14,46.91,23.64,24.73,0,3.472
Rice,Rice (Non-Basmati),Traditional,29.6,23.13,37.58,1475.0,75.51,7.15,129,6.37,102.35,41.16,53.93,2.16,Sandy,85.43,Sprinkler,Kharif,Cotton,15.13,65.19,34.1,40.74,1,6.34
Wheat,Wheat (Sharbati),HYV,19.11,11.43,30.26,595.14,61.25,7.81,119,6.78,95.55,47.08,35.71,3.32,Alluvial,44.22,Sprinkler,Rabi,Wheat,4.11,98.11,47.51,39.05,0,3.339
Rice,Rice (Non-Basmati),Traditional,30.21,23.86,39.82,1358.16,83.83,6.14,110,7.2,85.57,51.6,57.76,3.42,Clayey,83.66,Flood,Kharif,Cotton,1.43,57.3,24.47,22.84,1,6.402
Millet,Millet (Finger/Ragi),HYV,30.36,24.07,40.53,696.07,66.81,7.65,101,6.1,36.86,20.52,24.5,2.52,Black,47.65,Sprinkler,Kharif,Millet,2.14,26.7,20.44,14.7,1,2.178
Millet,Millet (Finger/Ragi),Traditional,26.33,20.04,34.45,456.78,52.02,7.8,111,6.88,38.34,21.38,23.37,2.12,Red,60.85,Drip,Kharif,Wheat,17.89,28.84,22.88,12.4,1,2.182
Millet,Millet (Finger/Ragi),Traditional,27.56,20.58,36.0,672.68,65.45,8.12,125,6.52,38.55,28.72,20.48,3.22,Black,46.39,Drip,Kharif,Fallow,16.88,22.79,17.43,14.73,1,1.477
Rice,Rice (Basmati),HYV,27.07,21.17,37.81,1104.14,73.08,6.57,144,6.3,68.5,33.86,39.15,4.29,Red,72.63,Sprinkler,Kharif,Cotton,2.51,75.69,34.93,31.81,1,3.903
Rice,Rice (Non-Basmati),Hybrid,27.74,21.17,35.13,1158.84,73.52,8.32,121,6.05,88.41,41.76,43.11,4.31,Alluvial,82.97,Sprinkler,Kharif,Fallow,7.88,96.9,55.94,58.01,0,6.831
Soybean,Soybean (Food Grade),Hybrid,28.67,21.45,39.73,635.25,66.57,8.33,102,6.6,25.94,58.63,32.45,2.18,Black,62.94,Sprinkler,Kharif,Pulses,1.65,32.09,62.09,39.2,1,3.145
Rice,Rice (Non-Basmati),Hybrid,26.76,20.25,36.57,1268.88,71.43,8.83,131,7.17,107.5,47.12,44.82,2.67,Sandy,88.8,Sprinkler,Kharif,Soybean,9.32,94.6,61.25,51.31,1,8.415
Millet,Millet (Pearl/Bajra),Hybrid,28.2,21.91,37.93,293.51,53.75,8.29,76,7.65,50.25,24.51,26.59,1.71,Loamy,30.11,Sprinkler,Rabi,Wheat,1.63,61.34,22.18,29.7,0,1.418
Maize,Maize (Popcorn),Traditional,23.2,18.16,32.61,521.65,56.15,6.48,99,6.6,81.86,52.9,46.1,3.52,Alluvial,66.46,Sprinkler,Rabi,Fallow,2.03,66.6,32.07,31.31,1,4.249
Maize,Maize (Sweet Corn),Hybrid,27.57,22.17,39.43,581.13,65.12,8.03,96,6.41,104.45,63.87,47.68,2.38,Loamy,71.28,Sprinkler,Kharif,Sugarcane,1.91,113.8,76.36,59.37,1,8.022
Maize,Maize (Feed Corn),Traditional,25.07,18.36,33.32,568.89,71.23,6.66,100,6.37,127.44,60.39,54.67,2.7,Sandy,62.56,Flood,Kharif,Wheat,5.92,109.66,54.71,47.77,1,4.752
Wheat,Wheat (Sharbati),Traditional,21.36,14.16,29.11,484.09,54.82,9.41,118,6.78,91.57,41.04,35.92,3.67,Loamy,53.09,Drip,Rabi,Pulses,13.41,78.35,36.56,28.06,0,4.915
Soybean,Soybean (Food Grade),Traditional,28.09,21.06,37.71,837.58,65.59,8.9,97,6.71,20.86,52.74,34.25,3.3,Alluvial,69.52,Sprinkler,Kharif,Millet,5.84,21.76,37.51,31.47,1,2.227
Rice,Rice (Basmati),Traditional,25.78,19.6,35.23,1055.2,76.29,6.95,141,6.21,75.28,30.18,39.34,2.26,Desert,79.98,Sprinkler,Kharif,Wheat,19.89,53.06,27.4,26.47,1,3.958
Rice,Rice (Non-Basmati),HYV,29.74,23.42,38.7,1382.36,74.84,6.24,130,7.23,82.39,54.52,46.73,4.05,Loamy,80.43,Flood,Zaid,Fallow,12.63,81.29,48.92,50.88,0,6.688
Millet,Millet (Finger/Ragi),HYV,31.28,23.83,42.31,654.7,67.92,8.27,114,6.52,30.38,25.89,24.1,2.76,Red,54.21,Rainfed,Kharif,Sugarcane,8.36,45.96,25.4,20.6,1,2.083
Wheat,Wheat (Durum),Hybrid,18.68,12.45,28.36,460.64,50.24,7.58,131,6.86,80.76,52.72,34.71,2.19,Black,69.26,Sprinkler,Rabi,Sugarcane,19.73,90.34,54.48,43.4,1,4.22
Wheat,Wheat (Durum),Traditional,22.99,16.6,34.97,596.1,63.15,8.92,134,6.05,97.04,58.83,38.89,3.78,Red,45.38,Flood,Rabi,Fallow,1.36,76.97,40.48,28.2,1,3.81
Rice,Rice (Non-Basmati),Traditional,31.71,25.02,42.21,1500.72,84.42,8.1,112,5.72,97.61,58.64,42.9,2.88,Loamy,72.61,Sprinkler,Kharif,Millet,19.94,74.69,45.3,41.84,1,4.706
Rice,Rice (Basmati),Traditional,25.31,19.87,32.98,1343.58,82.67,8.25,142,7.3,67.08,33.97,31.05,4.21,Alluvial,64.56,Sprinkler,Kharif,Fallow,17.87,60.63,27.99,24.7,1,4.672
Maize,Maize (Sweet Corn),Hybrid,27.67,21.92,38.44,767.19,67.94,7.27,90,6.06,119.59,53.41,41.72,4.36,Black,65.39,Sprinkler,Kharif,Maize,16.9,125.24,69.06,57.61,1,9.679
Wheat,Wheat (Common),Hybrid,18.55,11.83,27.55,449.85,50.45,7.36,111,7.41,93.44,41.11,38.61,2.7,Loamy,48.34,Flood,Kharif,Fallow,4.92,97.5,54.7,41.36,0,4.837
Millet,Millet (Sorghum/Jowar),Traditional,32.81,27.74,39.98,593.28,62.67,9.48,119,6.33,71.73,33.26,32.79,2.82,Alluvial,43.27,Rainfed,Kharif,Wheat,5.49,59.7,24.69,20.82,1,1.488
Maize,Maize (Popcorn),Hybrid,23.66,15.82,34.82,632.6,69.03,6.47,94,6.26,99.82,58.07,42.22,4.33,Alluvial,62.62,Sprinkler,Rabi,Millet,12.44,90.44,53.4,44.68,1,7.11
Rice,Rice (Sona Masuri),HYV,29.52,22.61,39.18,1073.28,71.85,7.46,122,6.08,71.59,39.24,38.01,3.48,Alluvial,71.81,Sprinkler,Kharif,Sugarcane,13.22,86.01,37.3,39.86,1,6.203
Millet,Millet (Foxtail),HYV,31.02,24.83,42.49,536.39,46.17,8.31,84,7.21,30.89,23.43,17.99,1.09,Sandy,56.44,Rainfed,Kharif,Soybean,3.84,35.52,24.38,18.41,1,1.692
Wheat,Wheat (Sharbati),Hybrid,20.56,14.96,32.25,445.42,55.59,9.48,132,7.4,99.65,47.64,39.21,3.58,Loamy,62.77,Sprinkler,Rabi,Cotton,1.32,96.85,47.58,40.21,1,5.767
Maize,Maize (Feed Corn),Traditional,23.54,17.99,33.82,829.39,61.69,6.36,112,7.32,133.91,66.9,62.25,4.12,Sandy,68.51,Flood,Kharif,Millet,0.75,114.44,63.19,42.84,1,6.592
Rice,Rice (Sona Masuri),Traditional,28.38,22.13,36.91,1179.46,77.11,8.5,126,6.11,73.03,44.79,44.01,4.23,Alluvial,79.72,Sprinkler,Kharif,Fallow,15.08,63.16,35.74,31.71,0,5.19
Wheat,Wheat (Sharbati),Traditional,20.98,15.85,29.33,494.44,64.0,7.19,120,6.94,93.05,41.64,39.48,2.35,Alluvial,44.56,Flood,Kharif,Millet,3.55,77.08,33.37,24.39,0,3.551
Maize,Maize (Feed Corn),Traditional,25.16,18.26,34.2,693.24,76.05,9.0,91,5.85,141.28,79.88,55.88,2.12,Red,76.26,Flood,Rabi,Millet,8.22,109.66,59.82,46.84,0,3.887
Soybean,Soybean (Oil Grade),Hybrid,26.3,21.07,34.5,873.14,72.76,8.11,98,6.76,20.89,67.46,36.15,3.01,Black,79.62,Rainfed,Kharif,Rice,12.24,24.2,66.07,38.52,1,2.688
Maize,Maize (Sweet Corn),HYV,24.63,16.91,35.21,686.05,72.96,6.99,82,6.58,119.66,64.38,46.65,4.86,Alluvial,59.13,Drip,Rabi,Sugarcane,7.11,87.01,49.38,48.01,1,8.047
Maize,Maize (Feed Corn),HYV,27.4,20.46,37.33,690.44,71.15,8.08,92,7.39,124.25,78.44,61.0,4.79,Black,79.2,Flood,Kharif,Rice,12.03,136.08,79.2,69.65,0,5.433
Rice,Rice (Basmati),Hybrid,27.44,22.21,36.48,1203.55,70.99,7.05,132,6.95,71.54,36.98,30.06,2.3,Alluvial,81.72,Sprinkler,Kharif,Cotton,1.48,72.5,35.56,36.09,1,6.435
Wheat,Wheat (Sharbati),Hybrid,17.12,9.88,28.78,488.09,50.98,9.22,131,6.48,97.68,45.12,39.54,2.64,Black,40.93,Sprinkler,Rabi,Fallow,2.93,103.36,54.02,40.28,1,4.302
Rice,Rice (Non-Basmati),HYV,28.03,22.44,39.33,1173.32,88.17,6.85,134,6.65,112.52,55.73,57.8,3.66,Black,89.19,Drip,Kharif,Maize,10.88,105.82,54.23,58.36,0,6.767
Rice,Rice (Non-Basmati),Hybrid,27.32,21.42,39.05,1231.58,83.46,6.53,118,6.71,88.53,49.49,57.27,2.52,Clayey,65.48,Sprinkler,Kharif,Millet,14.89,151.69,52.41,75.45,1,7.851
Wheat,Wheat (Common),HYV,19.67,11.8,29.1,463.16,56.8,7.04,119,7.14,93.46,45.29,37.92,3.93,Desert,69.0,Sprinkler,Rabi,Pulses,16.32,97.48,44.38,33.96,1,7.067
Wheat,Wheat (Common),HYV,19.82,12.88,27.55,555.56,69.98,7.47,115,6.35,89.09,43.15,38.3,3.95,Alluvial,68.25,Flood,Rabi,Wheat,18.11,92.84,44.5,30.53,1,7.433
Maize,Maize (Feed Corn),Hybrid,26.67,20.52,34.13,580.04,73.57,6.93,110,6.92,138.92,66.52,66.64,4.31,Loamy,66.13,Flood,Kharif,Fallow,7.21,160.99,73.66,62.22,1,11.7
Wheat,Wheat (Common),Traditional,18.45,11.11,27.9,590.14,66.33,7.63,127,6.5,83.42,47.07,30.31,3.3,Alluvial,47.9,Flood,Rabi,Rice,1.9,69.06,38.27,24.92,1,4.544
Millet,Millet (Pearl/Bajra),Hybrid,31.98,26.7,40.97,556.68,41.54,9.95,86,6.07,41.39,29.99,23.34,2.36,Red,48.77,Sprinkler,Kharif,Millet,18.86,38.31,21.33,19.86,1,1.61
Millet,Millet (Pearl/Bajra),HYV,30.37,23.65,38.79,279.36,45.04,10.47,85,6.64,42.87,24.85,29.07,2.99,Red,52.55,Rainfed,Kharif,Soybean,1.11,57.05,28.04,28.32,1,1.445
Millet,Millet (Pearl/Bajra),HYV,28.02,20.71,35.23,503.72,59.0,10.66,90,6.8,49.2,27.36,28.74,2.59,Sandy,44.9,Sprinkler,Zaid,Fallow,19.5,34.56,23.19,17.25,0,1.483
Soybean,Soybean (Oil Grade),HYV,28.52,23.26,39.01,935.53,67.8,7.03,107,6.71,24.3,59.37,37.27,3.72,Alluvial,72.79,Rainfed,Kharif,Rice,9.26,25.32,55.23,40.78,1,3.837
Maize,Maize (Popcorn),Traditional,26.19,20.6,35.57,739.01,65.65,7.2,94,5.83,83.48,55.63,49.98,3.8,Alluvial,61.6,Sprinkler,Rabi,Pulses,7.74,67.45,28.84,33.52,1,5.916
Rice,Rice (Non-Basmati),Hybrid,31.21,25.9,38.22,1325.57,73.11,8.21,120,6.72,119.86,45.98,46.49,2.55,Loamy,87.4,Flood,Kharif,Fallow,3.72,124.48,44.15,48.91,1,5.102
Millet,Millet (Sorghum/Jowar),Hybrid,28.24,22.79,39.35,410.74,69.37,8.77,116,7.89,72.26,38.41,25.66,3.4,Red,64.5,Sprinkler,Rabi,Pulses,5.62,54.67,26.41,20.1,1,4.781
Wheat,Wheat (Durum),Traditional,22.68,16.63,34.61,510.94,52.18,7.57,124,6.51,96.09,59.12,39.84,3.1,Black,56.96,Drip,Rabi,Soybean,11.17,88.03,52.4,38.06,0,2.974
Millet,Millet (Foxtail),Hybrid,30.53,23.43,40.23,309.98,56.8,8.52,75,6.93,37.13,19.45,15.84,1.09,Sandy,41.23,Rainfed,Kharif,Soybean,10.98,36.47,16.81,14.65,1,2.174
Millet,Millet (Sorghum/Jowar),Hybrid,27.13,20.96,34.27,669.78,55.47,9.92,124,6.32,73.07,38.02,25.82,2.61,Loamy,45.9,Sprinkler,Kharif,Sugarcane,19.73,69.35,41.48,34.47,1,2.581
Maize,Maize (Feed Corn),Traditional,26.5,20.76,37.87,717.71,62.58,8.16,95,5.89,122.87,67.15,67.35,3.81,Alluvial,74.48,Sprinkler,Zaid,Soybean,10.06,117.32,56.59,40.69,1,7.209
Millet,Millet (Finger/Ragi),HYV,29.33,24.29,40.86,654.83,58.97,8.45,112,5.54,45.18,22.45,15.74,1.53,Black,40.18,Sprinkler,Kharif,Pulses,15.83,31.5,20.45,18.57,0,1.537
Wheat,Wheat (Durum),Hybrid,18.17,12.92,25.72,628.16,58.08,7.1,123,6.31,84.7,43.22,37.62,1.5,Loamy,55.97,Drip,Rabi,Pulses,19.46,100.8,51.09,39.74,1,6.729
Maize,Maize (Feed Corn),Hybrid,26.53,20.95,38.0,597.49,72.14,8.09,105,6.7,125.93,63.79,65.37,3.14,Loamy,68.61,Sprinkler,Kharif,Wheat,17.58,101.2,53.89,45.51,1,7.524
Maize,Maize (Popcorn),HYV,24.31,19.1,34.33,678.77,56.85,7.57,87,6.26,85.18,45.18,42.56,3.05,Alluvial,52.64,Sprinkler,Kharif,Fallow,3.07,89.95,48.22,49.79,1,6.291
Rice,Rice (Non-Basmati),Traditional,28.21,21.07,35.41,1293.21,78.13,6.5,127,7.0,101.57,57.32,42.64,3.79,Black,76.23,Sprinkler,Kharif,Sugarcane,2.24,65.07,33.46,32.79,0,5.765
Rice,Rice (Basmati),HYV,29.3,22.7,37.23,1149.8,74.65,7.19,148,6.31,77.96,32.05,31.91,2.11,Loamy,71.8,Flood,Kharif,Wheat,10.92,64.01,26.38,28.34,1,4.233
Wheat,Wheat (Durum),HYV,19.53,11.55,31.49,487.41,54.26,8.48,140,6.35,83.71,55.31,38.94,1.67,Sandy,50.24,Flood,Rabi,Fallow,17.98,86.96,49.79,36.15,0,3.939
Maize,Maize (Sweet Corn),Hybrid,23.22,15.29,30.88,669.93,71.98,8.82,100,6.59,108.91,65.5,54.27,4.24,Alluvial,70.72,Sprinkler,Kharif,Fallow,3.03,131.67,73.54,54.36,1,6.354
Rice,Rice (Non-Basmati),Traditional,28.46,23.23,39.92,1223.22,71.28,7.61,110,6.69,91.64,54.31,56.12,2.78,Loamy,72.52,Flood,Kharif,Soybean,8.2,86.16,33.49,47.0,1,7.056
Maize,Maize (Feed Corn),HYV,27.66,21.05,36.64,661.03,64.02,7.28,90,5.65,143.36,63.43,67.97,2.52,Loamy,73.56,Sprinkler,Kharif,Maize,16.78,128.97,68.76,58.33,1,6.052
Soybean,Soybean (Food Grade),Hybrid,24.77,17.7,34.15,806.8,66.32,7.25,97,6.81,27.5,50.33,32.07,3.46,Red,73.73,Rainfed,Kharif,Maize,6.81,19.68,51.1,32.21,1,4.236
Wheat,Wheat (Common),Traditional,17.13,12.11,24.7,467.35,60.74,9.45,119,6.28,90.75,49.63,30.28,3.78,Sandy,66.96,Rainfed,Rabi,Fallow,10.67,71.39,39.63,28.55,1,3.507
Rice,Rice (Non-Basmati),Hybrid,29.54,21.88,38.36,1423.86,74.63,7.68,120,5.87,91.68,55.56,57.88,4.17,Black,76.63,Flood,Kharif,Wheat,19.83,90.7,63.89,61.38,0,5.923
Wheat,Wheat (Sharbati),HYV,20.4,15.3,29.95,443.8,64.25,9.13,124,7.06,93.32,41.38,39.97,3.31,Loamy,62.43,Drip,Rabi,Fallow,3.41,61.74,29.21,25.27,1,5.438
Wheat,Wheat (Common),HYV,19.69,14.04,31.66,553.9,61.35,9.24,111,7.44,95.72,48.49,33.98,2.48,Sandy,64.25,Flood,Rabi,Sugarcane,16.07,86.53,46.87,36.17,1,6.011
Rice,Rice (Sona Masuri),Traditional,30.87,25.62,38.97,1177.67,84.9,7.47,130,6.9,89.83,39.28,36.5,2.49,Alluvial,67.96,Flood,Kharif,Soybean,6.87,57.18,30.9,31.26,1,3.745
Millet,Millet (Foxtail),HYV,30.43,24.66,37.72,310.66,45.77,8.86,60,7.16,39.51,16.52,18.61,2.17,Loamy,57.82,Rainfed,Rabi,Sugarcane,11.78,37.8,20.53,19.76,1,0.739
Maize,Maize (Sweet Corn),Traditional,24.28,16.37,33.04,635.88,72.22,8.76,83,6.33,113.56,61.89,49.16,3.09,Desert,51.43,Sprinkler,Rabi,Maize,19.59,83.78,53.87,39.6,1,7.848
Soybean,Soybean (Oil Grade),HYV,29.07,22.93,37.73,672.73,78.88,8.96,119,7.25,26.52,62.31,44.8,4.06,Red,65.06,Sprinkler,Kharif,Rice,16.44,22.25,60.28,42.09,1,4.685
Rice,Rice (Sona Masuri),HYV,30.55,23.41,39.97,1254.97,79.24,7.07,120,5.98,89.99,40.8,35.92,3.3,Alluvial,61.25,Sprinkler,Rabi,Rice,11.23,78.68,36.25,44.4,1,6.005
Wheat,Wheat (Durum),Traditional,18.86,12.6,28.73,540.08,62.41,8.21,131,6.13,94.89,44.77,38.47,3.36,Black,46.24,Drip,Rabi,Cotton,8.49,70.78,44.13,31.98,1,6.66
Millet,Millet (Foxtail),Hybrid,29.68,24.48,37.61,532.8,63.44,8.13,68,5.5,31.06,19.61,18.55,1.05,Red,45.71,Sprinkler,Kharif,Cotton,7.83,37.63,20.65,17.98,1,1.105
Wheat,Wheat (Sharbati),Traditional,18.37,10.57,28.38,434.76,50.69,8.69,129,6.65,99.39,42.63,34.88,2.43,Sandy,48.04,Rainfed,Rabi,Maize,19.66,65.97,32.98,21.6,1,3.963
Rice,Rice (Sona Masuri),Traditional,27.89,22.41,37.82,1078.59,76.86,8.62,138,5.55,82.13,38.31,39.18,3.01,Red,62.17,Flood,Kharif,Maize,7.31,59.15,34.83,34.38,1,4.899
Millet,Millet (Foxtail),Traditional,31.7,23.78,43.25,428.25,60.12,9.77,68,7.29,39.48,24.33,17.21,1.44,Red,57.28,Rainfed,Rabi,Maize,1.02,26.74,18.09,12.42,0,0.932
Rice,Rice (Basmati),HYV,28.35,21.67,35.91,1223.53,76.91,8.59,137,6.19,68.26,38.02,34.79,2.05,Loamy,70.54,Sprinkler,Kharif,Maize,16.61,79.64,36.21,35.59,1,4.426
Wheat,Wheat (Durum),Hybrid,18.68,11.52,29.13,588.05,68.71,9.18,127,6.85,82.61,44.38,32.4,1.6,Alluvial,54.48,Rainfed,Rabi,Sugarcane,15.04,91.59,50.95,38.49,1,4.74
Maize,Maize (Popcorn),Hybrid,25.48,19.78,36.74,664.43,67.97,8.09,92,5.89,90.28,41.0,40.99,2.63,Loamy,57.47,Sprinkler,Zaid,Soybean,19.72,106.41,59.13,44.64,1,6.552
Wheat,Wheat (Durum),Traditional,18.24,11.1,27.66,626.25,63.04,9.08,132,6.63,95.85,41.01,37.66,3.09,Alluvial,59.17,Sprinkler,Rabi,Sugarcane,8.19,75.31,39.25,30.49,0,4.631
Rice,Rice (Basmati),HYV,28.13,20.7,35.47,1167.39,74.71,7.91,136,6.93,76.5,36.89,35.52,2.73,Loamy,70.65,Sprinkler,Kharif,Rice,4.27,57.43,29.9,29.01,1,3.863
Maize,Maize (Sweet Corn),Hybrid,23.4,16.35,35.25,652.91,64.78,7.13,81,5.95,116.38,57.58,54.36,2.81,Laterite,58.91,Drip,Rabi,Rice,8.75,131.52,66.06,47.62,0,8.85
Soybean,Soybean (Oil Grade),Hybrid,25.48,19.37,35.3,812.25,79.84,6.65,112,6.23,27.62,56.33,40.74,4.24,Black,76.95,Sprinkler,Kharif,Maize,18.18,26.9,65.75,48.08,1,3.677
Millet,Millet (Sorghum/Jowar),HYV,32.52,24.82,44.38,419.3,62.14,7.62,95,6.39,67.52,37.88,26.27,2.14,Red,48.84,Rainfed,Rabi,Fallow,14.42,63.19,37.93,32.47,0,2.464
Wheat,Wheat (Durum),HYV,21.59,14.15,30.66,516.03,61.69,8.56,124,6.91,91.57,49.49,38.52,3.15,Black,64.55,Sprinkler,Rabi,Wheat,15.17,97.77,58.71,39.22,1,6.438
Rice,Rice (Basmati),Hybrid,26.6,20.85,36.28,1411.9,71.55,8.83,148,6.27,74.24,33.85,34.02,4.35,Clayey,84.07,Rainfed,Kharif,Sugarcane,0.88,74.55,33.84,34.14,0,3.797
Millet,Millet (Pearl/Bajra),HYV,28.88,23.81,40.11,393.48,43.03,9.91,81,7.0,56.59,28.43,27.5,1.55,Sandy,41.69,Sprinkler,Kharif,Sugarcane,4.06,52.0,23.21,23.86,1,1.931
Millet,Millet (Pearl/Bajra),Hybrid,30.76,23.68,39.72,287.97,40.08,10.13,82,8.0,53.76,27.82,20.57,2.78,Loamy,50.83,Flood,Kharif,Cotton,14.35,64.3,22.73,23.77,1,2.666
Rice,Rice (Basmati),HYV,26.39,18.56,34.01,1437.57,84.56,6.53,135,6.91,76.03,34.7,34.23,4.99,Black,60.26,Drip,Kharif,Sugarcane,19.66,65.61,31.32,34.4,1,4.156
Rice,Rice (Sona Masuri),Hybrid,30.81,24.89,40.06,1113.71,80.93,7.46,138,6.79,84.69,44.23,40.21,3.69,Loamy,69.24,Flood,Kharif,Millet,3.71,82.14,38.66,41.77,0,6.876
Rice,Rice (Non-Basmati),HYV,28.64,21.52,38.58,1258.97,81.08,8.19,132,6.01,92.26,56.69,46.18,3.23,Black,73.69,Sprinkler,Kharif,Millet,6.26,98.94,56.05,54.73,0,4.198
Millet,Millet (Pearl/Bajra),HYV,34.44,27.71,45.44,314.62,43.85,10.6,76,6.81,43.29,26.62,29.17,2.97,Black,49.92,Rainfed,Kharif,Cotton,9.05,58.89,29.07,27.11,1,2.335
Soybean,Soybean (Oil Grade),HYV,29.69,22.85,40.33,789.9,74.36,7.18,119,6.53,21.55,68.23,44.0,3.35,Black,76.37,Sprinkler,Kharif,Fallow,0.61,24.05,45.34,32.75,1,3.295
Millet,Millet (Sorghum/Jowar),HYV,32.8,25.25,39.86,497.8,51.79,7.4,90,6.85,69.62,30.97,28.59,2.63,Loamy,42.24,Sprinkler,Rabi,Sugarcane,17.46,63.8,37.72,29.88,1,2.647
Millet,Millet (Foxtail),Traditional,29.48,22.26,38.07,516.75,45.27,7.07,63,7.22,33.61,15.75,18.14,1.63,Sandy,38.39,Sprinkler,Kharif,Sugarcane,9.27,25.76,16.87,12.78,1,1.225
Soybean,Soybean (Food Grade),Traditional,28.89,22.43,36.66,669.65,79.82,7.04,108,6.88,28.88,41.99,37.16,2.41,Black,73.97,Rainfed,Rabi,Wheat,13.72,16.77,37.13,24.94,1,2.194
Wheat,Wheat (Sharbati),Hybrid,17.7,11.6,27.41,490.87,55.97,9.16,123,6.71,85.24,40.85,34.65,2.34,Alluvial,46.46,Drip,Rabi,Pulses,8.42,91.26,49.74,40.42,1,6.166
Soybean,Soybean (Oil Grade),HYV,27.02,19.71,34.58,801.89,68.73,7.62,111,6.01,24.94,55.9,41.0,2.21,Loamy,79.09,Rainfed,Kharif,Millet,6.82,26.11,65.26,38.28,0,2.21
Rice,Rice (Sona Masuri),Traditional,30.61,23.53,38.85,1074.0,73.46,6.79,129,5.84,74.31,39.0,39.1,3.11,Alluvial,81.72,Sprinkler,Kharif,Maize,9.3,68.0,30.42,34.23,0,4.408
Millet,Millet (Sorghum/Jowar),HYV,30.39,23.16,38.88,666.5,57.89,7.32,96,7.85,64.36,36.52,31.88,1.99,Loamy,50.71,Rainfed,Rabi,Maize,8.16,52.84,33.96,23.03,1,3.073
Millet,Millet (Sorghum/Jowar),Traditional,29.91,21.96,37.78,581.37,62.76,9.53,125,6.25,71.46,34.2,26.06,3.49,Desert,64.41,Sprinkler,Kharif,Wheat,17.48,62.57,40.05,29.93,1,1.988
Millet,Millet (Pearl/Bajra),Traditional,34.51,29.18,42.6,384.51,57.34,8.37,81,7.4,54.46,23.56,29.63,1.7,Loamy,45.34,Drip,Kharif,Wheat,10.31,42.84,18.87,16.5,1,2.495
Millet,Millet (Sorghum/Jowar),HYV,27.45,20.65,37.53,588.36,50.55,8.94,102,6.57,60.6,36.08,30.8,3.24,Red,44.14,Rainfed,Rabi,Cotton,4.58,76.4,38.54,27.07,0,3.125
Maize,Maize (Feed Corn),Hybrid,28.22,22.48,39.26,641.44,64.95,7.42,120,6.01,122.31,78.77,56.3,4.34,Loamy,73.71,Flood,Kharif,Fallow,3.12,128.12,64.32,50.04,1,8.156
Millet,Millet (Pearl/Bajra),HYV,32.75,25.69,42.58,469.64,47.06,9.05,80,6.39,43.89,21.75,23.47,2.16,Loamy,52.08,Flood,Kharif,Sugarcane,12.41,57.3,22.92,29.86,1,2.229
Wheat,Wheat (Sharbati),HYV,17.56,9.97,25.13,582.62,54.1,7.99,128,7.33,91.26,45.58,32.78,3.84,Red,62.4,Drip,Rabi,Sugarcane,3.92,94.65,49.34,38.09,1,5.83
Maize,Maize (Feed Corn),Hybrid,26.65,19.48,33.71,689.16,65.57,6.46,113,7.3,137.72,78.73,58.09,3.18,Black,79.13,Rainfed,Kharif,Maize,1.74,143.62,72.12,59.02,1,8.82
Wheat,Wheat (Common),Traditional,19.25,11.89,30.93,567.26,57.78,7.65,119,6.61,83.22,40.9,35.31,3.41,Alluvial,45.28,Sprinkler,Rabi,Soybean,11.73,67.53,38.24,26.94,1,5.663
Rice,Rice (Sona Masuri),Hybrid,26.49,19.93,36.44,1291.95,73.89,8.53,123,6.25,85.21,40.25,35.69,2.82,Laterite,62.19,Flood,Kharif,Maize,17.07,89.51,48.6,39.98,0,3.766
Millet,Millet (Pearl/Bajra),Traditional,31.11,24.14,38.28,268.14,50.42,10.82,76,6.38,49.8,21.14,26.48,2.32,Loamy,39.06,Flood,Kharif,Wheat,5.5,37.88,21.87,20.69,1,1.66
Wheat,Wheat (Sharbati),Hybrid,18.67,12.87,29.39,473.89,59.42,8.47,134,6.55,84.79,40.6,31.73,2.35,Clayey,63.37,Sprinkler,Rabi,Millet,17.48,98.09,46.01,33.55,1,6.441
Soybean,Soybean (Food Grade),Traditional,29.94,22.51,40.76,875.83,79.49,7.12,101,6.26,29.2,45.66,38.47,3.6,Red,50.37,Rainfed,Kharif,Rice,6.04,18.62,33.5,28.77,1,1.307
Maize,Maize (Sweet Corn),HYV,24.82,18.24,33.48,795.28,71.06,6.75,99,6.73,107.76,51.83,40.71,3.24,Loamy,60.37,Sprinkler,Kharif,Cotton,16.79,89.79,51.22,50.76,0,5.98
Rice,Rice (Sona Masuri),Hybrid,28.14,21.11,37.73,1099.39,79.1,8.21,124,6.66,74.65,39.63,41.42,3.35,Red,63.97,Flood,Kharif,Soybean,10.28,89.94,44.07,46.14,1,4.998
Soybean,Soybean (Oil Grade),HYV,26.88,19.08,36.51,820.55,69.94,7.22,113,7.34,28.49,63.16,35.91,3.28,Red,73.07,Flood,Kharif,Millet,19.63,27.86,62.75,39.13,1,4.244
Soybean,Soybean (Food Grade),HYV,28.06,20.11,38.47,698.33,77.5,8.7,96,6.47,20.4,44.63,36.5,3.3,Black,73.88,Sprinkler,Kharif,Rice,7.98,22.37,42.16,30.16,1,4.006
Millet,Millet (Finger/Ragi),HYV,29.81,23.03,39.85,688.44,56.03,8.86,120,6.68,42.82,26.56,16.11,3.23,Loamy,42.44,Rainfed,Rabi,Wheat,8.75,44.79,21.21,19.55,1,1.545
Wheat,Wheat (Common),HYV,17.43,9.46,27.66,410.67,56.28,9.66,110,6.43,98.81,47.87,37.36,3.72,Loamy,63.09,Flood,Rabi,Soybean,4.12,77.03,42.21,28.24,1,5.694
Maize,Maize (Feed Corn),Traditional,25.56,19.83,37.35,838.35,67.34,8.79,100,7.25,148.44,76.52,50.53,3.82,Laterite,68.73,Rainfed,Kharif,Wheat,2.02,84.79,48.42,35.61,0,4.514
Millet,Millet (Sorghum/Jowar),Hybrid,30.24,22.51,38.12,508.68,64.57,8.54,92,7.29,69.39,38.19,25.59,2.59,Laterite,43.97,Sprinkler,Rabi,Fallow,9.09,81.11,35.97,31.98,1,4.071
Maize,Maize (Popcorn),Traditional,25.37,20.13,35.61,748.52,55.91,6.82,86,6.75,82.82,40.3,40.81,3.69,Alluvial,52.07,Drip,Kharif,Soybean,14.31,69.96,45.9,32.69,1,6.29
Millet,Millet (Sorghum/Jowar),Hybrid,31.84,24.17,39.48,488.52,62.62,9.84,99,6.82,65.87,32.78,27.98,2.3,Loamy,51.74,Sprinkler,Rabi,Millet,7.33,85.66,43.47,37.47,1,2.437
Maize,Maize (Sweet Corn),Traditional,23.12,17.26,30.31,609.94,62.05,7.67,91,5.91,119.39,62.48,58.4,4.72,Loamy,66.33,Drip,Rabi,Sugarcane,7.23,95.49,44.57,33.2,1,9.051
Soybean,Soybean (Food Grade),Traditional,27.49,20.73,35.46,619.79,79.6,6.38,98,6.52,28.53,52.51,30.49,3.82,Loamy,69.26,Rainfed,Kharif,Sugarcane,2.24,23.36,38.73,31.47,0,2.1
Millet,Millet (Finger/Ragi),Traditional,25.39,19.45,36.01,693.05,58.04,7.73,109,7.41,39.62,28.65,23.0,2.48,Loamy,56.55,Sprinkler,Kharif,Sugarcane,12.28,33.44,22.45,18.29,1,1.556
Rice,Rice (Sona Masuri),Traditional,27.53,19.8,34.68,1306.32,83.6,8.31,122,6.52,71.98,37.08,36.84,3.3,Red,65.2,Flood,Kharif,Cotton,0.79,57.65,35.67,35.74,1,4.472
Millet,Millet (Pearl/Bajra),Hybrid,33.25,26.62,44.07,481.85,41.3,10.74,71,6.44,44.53,26.87,27.01,1.17,Loamy,52.63,Rainfed,Kharif,Fallow,7.28,47.5,23.97,30.58,0,0.849
Rice,Rice (Non-Basmati),HYV,30.37,25.06,41.53,1441.09,70.65,6.4,126,6.51,82.73,58.47,45.89,4.66,Black,77.44,Flood,Rabi,Wheat,7.22,155.05,61.36,61.56,1,5.909
Millet,Millet (Foxtail),Traditional,28.65,23.25,39.42,445.95,45.61,7.44,66,6.23,37.53,16.35,18.38,1.66,Loamy,40.9,Sprinkler,Rabi,Maize,7.74,31.01,12.14,13.12,1,1.338
Rice,Rice (Basmati),HYV,28.58,20.85,36.48,1118.77,84.57,6.54,134,6.1,68.74,30.97,34.05,3.78,Clayey,74.49,Flood,Kharif,Wheat,17.23,71.97,33.97,32.37,1,5.366
Rice,Rice (Non-Basmati),Traditional,28.83,22.77,39.39,1257.25,72.39,6.93,110,7.5,103.59,53.62,53.65,4.54,Alluvial,65.24,Flood,Kharif,Millet,14.0,83.77,40.29,44.18,1,6.127
Wheat,Wheat (Sharbati),Hybrid,19.48,14.4,29.1,535.49,53.5,9.96,131,6.96,96.87,46.07,37.37,2.5,Alluvial,44.88,Drip,Rabi,Rice,19.34,104.73,46.88,36.88,1,6.5
Millet,Millet (Pearl/Bajra),Traditional,33.93,27.73,43.03,290.6,49.27,8.25,88,6.49,43.24,21.79,29.55,1.77,Black,30.99,Rainfed,Kharif,Maize,19.7,36.54,23.8,18.12,1,1.332
Maize,Maize (Sweet Corn),Traditional,22.4,16.42,32.57,697.65,70.48,7.05,82,6.01,101.71,52.54,43.25,4.47,Loamy,73.53,Drip,Kharif,Maize,7.05,92.25,46.62,47.64,1,7.74
Wheat,Wheat (Sharbati),Traditional,21.82,16.49,33.76,431.79,57.28,7.91,124,7.15,84.03,47.53,37.66,3.9,Black,62.28,Drip,Rabi,Wheat,9.54,73.5,32.11,26.08,1,3.362
Millet,Millet (Foxtail),Hybrid,28.17,22.39,39.71,416.5,60.51,8.33,60,5.64,39.15,16.01,17.01,2.5,Sandy,36.77,Rainfed,Zaid,Wheat,11.22,26.92,18.13,14.98,0,1.766
Millet,Millet (Foxtail),Traditional,29.37,21.87,36.65,405.32,57.53,7.29,72,7.36,37.24,18.76,16.19,2.26,Red,54.05,Rainfed,Kharif,Wheat,19.45,27.79,15.81,14.48,0,0.986
Maize,Maize (Feed Corn),Hybrid,26.28,20.46,34.93,552.34,70.62,8.09,100,5.55,147.57,77.22,51.49,2.76,Black,70.6,Sprinkler,Kharif,Sugarcane,13.97,175.02,80.15,81.25,1,10.06
Soybean,Soybean (Food Grade),Hybrid,25.42,17.42,35.15,752.94,76.14,7.08,103,6.02,21.57,47.08,33.27,2.61,Alluvial,66.47,Sprinkler,Zaid,Wheat,8.2,25.41,55.29,31.33,1,3.239
Rice,Rice (Non-Basmati),Hybrid,27.37,21.8,36.97,1436.26,70.89,6.66,140,6.31,117.35,43.9,56.88,4.45,Loamy,89.66,Drip,Kharif,Pulses,12.51,92.13,45.58,53.4,1,9.1
Soybean,Soybean (Food Grade),Traditional,27.08,21.16,38.35,874.14,69.52,7.47,98,6.51,26.35,40.86,39.99,2.27,Alluvial,54.45,Sprinkler,Kharif,Cotton,19.47,20.86,39.04,25.61,1,2.1
Millet,Millet (Pearl/Bajra),Hybrid,33.39,27.06,40.83,380.79,54.17,8.37,67,7.88,46.84,27.95,22.83,1.34,Clayey,30.3,Drip,Kharif,Maize,5.88,65.9,23.17,26.8,0,3.09
Maize,Maize (Sweet Corn),Hybrid,27.44,22.16,36.96,738.53,73.57,7.68,98,5.95,119.39,58.65,55.87,4.39,Alluvial,53.03,Drip,Kharif,Fallow,18.13,131.67,71.61,44.16,1,7.351
Maize,Maize (Feed Corn),Hybrid,28.38,21.67,37.23,764.72,68.82,8.19,95,7.25,120.79,78.02,69.03,3.24,Sandy,78.73,Flood,Kharif,Sugarcane,18.45,144.56,78.06,61.19,1,8.023
Wheat,Wheat (Durum),HYV,21.04,14.97,31.57,528.24,69.59,9.9,122,6.69,86.0,46.68,32.16,3.89,Black,60.5,Sprinkler,Rabi,Pulses,13.66,82.86,58.42,39.68,1,6.024
Millet,Millet (Pearl/Bajra),Traditional,32.0,26.38,40.8,421.2,54.13,9.4,67,7.19,50.83,27.76,22.06,2.02,Loamy,30.43,Sprinkler,Kharif,Soybean,1.12,43.2,22.04,23.95,1,2.462
Maize,Maize (Sweet Corn),Traditional,25.42,17.78,35.43,792.05,72.87,7.65,86,6.24,106.84,56.01,45.41,3.89,Black,63.7,Drip,Kharif,Pulses,18.24,81.93,41.54,45.61,1,7.155
Rice,Rice (Basmati),HYV,25.37,18.99,36.83,1047.23,84.83,8.85,149,6.54,76.89,34.18,34.41,3.9,Clayey,79.36,Sprinkler,Kharif,Sugarcane,15.84,67.88,34.16,34.51,1,3.706
Wheat,Wheat (Durum),Hybrid,19.44,11.59,27.77,486.24,67.99,7.26,135,6.15,95.96,44.25,36.78,3.06,Alluvial,47.46,Rainfed,Kharif,Sugarcane,13.14,88.28,51.23,34.86,1,4.458
Wheat,Wheat (Sharbati),HYV,19.67,13.96,29.1,464.96,56.72,9.73,121,7.19,81.0,44.87,30.64,3.73,Clayey,51.91,Sprinkler,Rabi,Sugarcane,15.46,93.77,46.1,35.23,1,5.571
Millet,Millet (Pearl/Bajra),Traditional,33.11,27.85,45.01,352.19,44.88,8.09,74,7.09,58.54,29.27,27.14,1.97,Black,36.69,Rainfed,Kharif,Millet,16.52,47.15,23.5,17.32,1,1.977
Millet,Millet (Pearl/Bajra),Hybrid,29.03,22.17,37.19,382.36,40.1,10.91,70,7.6,52.94,27.6,22.06,2.12,Red,39.27,Sprinkler,Rabi,Rice,3.25,60.61,32.89,32.75,0,1.519
Rice,Rice (Non-Basmati),Traditional,28.95,22.64,38.78,1111.22,89.8,7.67,138,5.95,106.95,57.89,40.66,4.44,Alluvial,79.05,Sprinkler,Rabi,Millet,1.38,87.25,37.64,45.14,0,4.305
Millet,Millet (Finger/Ragi),Hybrid,25.28,17.3,34.18,511.88,57.95,9.33,124,6.1,33.78,28.67,24.13,2.3,Red,49.68,Sprinkler,Zaid,Pulses,15.71,42.75,31.15,22.73,0,2.071
Wheat,Wheat (Durum),Hybrid,20.78,15.63,28.91,520.99,68.56,8.87,122,6.29,91.16,58.58,35.66,1.91,Alluvial,69.93,Drip,Rabi,Wheat,15.18,103.22,64.75,38.68,0,5.403
Maize,Maize (Popcorn),Hybrid,24.96,18.67,32.71,692.54,61.22,6.28,93,5.85,84.51,54.58,47.36,2.37,Loamy,68.73,Sprinkler,Rabi,Wheat,8.81,100.27,47.72,50.1,1,6.593
Millet,Millet (Pearl/Bajra),Traditional,32.53,27.43,41.98,542.83,50.9,10.6,70,6.32,43.43,27.0,27.04,1.8,Black,52.69,Sprinkler,Kharif,Pulses,10.1,34.81,14.97,15.22,1,1.651
Millet,Millet (Sorghum/Jowar),Traditional,27.61,21.47,38.21,694.95,50.91,8.73,127,6.16,79.18,30.48,34.27,1.53,Black,54.38,Rainfed,Kharif,Wheat,13.57,64.58,34.29,27.27,1,1.371
Millet,Millet (Foxtail),Traditional,29.9,23.44,40.48,455.55,59.13,8.59,65,5.81,34.46,23.16,19.78,2.61,Red,57.34,Flood,Rabi,Fallow,6.25,30.28,12.71,15.31,1,0.866
Rice,Rice (Basmati),Hybrid,25.55,17.97,36.75,1326.5,77.53,8.16,143,6.25,62.47,39.8,33.94,2.68,Loamy,64.28,Sprinkler,Kharif,Pulses,8.09,74.58,42.5,43.22,1,6.409
Maize,Maize (Feed Corn),Traditional,26.75,19.81,36.45,654.66,78.28,8.04,100,5.78,132.93,79.29,65.15,4.65,Black,64.9,Flood,Kharif,Maize,1.4,98.05,59.23,45.9,1,6.575
Rice,Rice (Basmati),HYV,29.9,22.19,40.14,1346.59,70.77,8.01,139,6.88,79.99,35.56,34.73,2.94,Red,63.01,Drip,Kharif,Wheat,15.03,70.45,36.45,36.5,1,4.593
Soybean,Soybean (Food Grade),Traditional,24.05,17.32,33.23,789.78,69.78,8.37,101,6.07,26.4,54.04,31.07,2.55,Black,54.03,Rainfed,Kharif,Pulses,11.83,23.77,47.13,31.25,1,1.124
Millet,Millet (Finger/Ragi),Hybrid,27.79,19.9,35.72,551.64,53.29,7.79,126,6.51,47.97,27.65,21.5,3.11,Loamy,48.79,Sprinkler,Kharif,Sugarcane,6.38,48.69,29.49,26.21,1,4.55
Rice,Rice (Non-Basmati),Hybrid,27.85,22.47,38.65,1525.39,75.14,7.22,131,6.6,84.63,48.03,49.17,4.55,Black,83.97,Sprinkler,Kharif,Maize,17.84,96.09,64.71,55.71,1,7.304
Maize,Maize (Sweet Corn),HYV,23.77,16.88,35.16,527.86,62.28,8.2,84,5.99,100.6,62.11,44.21,3.2,Black,55.78,Drip,Rabi,Cotton,10.49,98.28,43.05,38.0,0,7.087
Millet,Millet (Pearl/Bajra),Traditional,31.37,25.1,42.92,528.23,45.44,10.41,71,7.43,40.37,22.1,28.87,1.75,Red,41.75,Flood,Kharif,Cotton,11.95,47.28,20.25,26.4,0,1.75
Wheat,Wheat (Sharbati),Hybrid,18.95,12.22,27.38,561.82,62.65,9.43,118,6.94,81.43,44.93,33.32,2.11,Black,53.62,Flood,Rabi,Fallow,9.87,68.03,38.13,23.48,1,5.4
Maize,Maize (Sweet Corn),Hybrid,27.66,21.61,39.62,661.52,72.64,7.05,97,6.75,119.72,67.08,49.15,2.32,Loamy,66.6,Sprinkler,Rabi,Cotton,16.47,125.99,61.76,56.24,1,5.138
Soybean,Soybean (Food Grade),Hybrid,26.16,20.52,36.7,673.5,77.6,8.79,90,6.01,28.9,43.03,35.07,2.16,Loamy,67.02,Rainfed,Kharif,Millet,2.49,22.96,59.13,33.21,1,2.595
Wheat,Wheat (Sharbati),Hybrid,17.27,10.23,28.25,594.28,62.55,7.94,132,6.18,86.9,47.53,36.84,3.26,Alluvial,64.85,Sprinkler,Rabi,Millet,3.93,103.65,53.19,34.5,0,6.296
Rice,Rice (Sona Masuri),HYV,26.86,19.79,36.68,1058.99,80.33,6.43,131,5.96,83.8,42.82,36.68,4.03,Alluvial,60.18,Sprinkler,Kharif,Wheat,9.37,73.47,39.25,39.34,1,7.035
Rice,Rice (Sona Masuri),Hybrid,26.5,18.55,33.88,1261.79,71.66,8.72,140,6.28,80.6,42.07,38.23,2.09,Red,65.75,Sprinkler,Kharif,Maize,19.97,89.32,48.19,43.62,1,4.851
Millet,Millet (Sorghum/Jowar),HYV,27.78,21.67,38.12,401.06,50.05,8.1,125,6.87,62.32,36.37,34.58,2.16,Clayey,56.43,Sprinkler,Kharif,Millet,5.64,63.64,39.03,34.42,1,2.372
Rice,Rice (Basmati),Hybrid,25.05,18.72,32.28,1271.94,75.08,7.42,132,7.04,63.29,37.54,39.68,4.34,Clayey,60.56,Drip,Kharif,Rice,16.34,71.84,42.94,36.53,0,3.286
Wheat,Wheat (Common),Traditional,17.6,11.84,28.8,488.08,62.81,7.48,129,7.19,86.59,45.63,34.92,3.89,Loamy,47.19,Flood,Rabi,Soybean,3.59,53.33,24.31,20.01,0,3.749
Soybean,Soybean (Food Grade),HYV,28.06,20.78,38.34,736.26,63.79,8.45,109,7.13,29.02,57.61,32.87,2.09,Red,73.25,Sprinkler,Kharif,Wheat,4.01,23.29,48.3,35.4,1,2.712
Rice,Rice (Sona Masuri),Traditional,26.68,20.81,38.52,1020.64,75.24,6.25,132,6.98,84.29,43.26,35.9,2.75,Loamy,61.44,Flood,Kharif,Cotton,4.43,58.51,28.35,34.85,1,4.83
Wheat,Wheat (Durum),Traditional,18.57,10.94,28.23,568.82,66.84,7.15,136,6.96,88.09,40.64,36.51,2.48,Loamy,45.48,Drip,Rabi,Maize,15.14,86.39,46.77,32.67,0,5.366
Wheat,Wheat (Durum),Traditional,21.9,14.57,33.74,626.85,59.96,8.24,129,6.92,85.89,51.29,39.92,3.62,Loamy,52.03,Flood,Kharif,Maize,19.2,69.26,39.02,28.82,1,2.727
Rice,Rice (Sona Masuri),Traditional,30.99,24.22,39.53,1269.41,82.67,6.51,128,6.56,75.17,42.81,43.31,3.99,Red,65.39,Flood,Kharif,Soybean,7.72,41.88,20.52,20.49,1,5.522
Rice,Rice (Basmati),Hybrid,25.03,19.79,36.44,1038.94,80.6,8.76,149,6.56,78.51,35.03,36.62,4.74,Loamy,81.84,Flood,Kharif,Soybean,4.23,72.64,37.22,42.4,1,3.875
Rice,Rice (Basmati),Traditional,29.29,21.76,38.09,1343.62,74.69,6.18,138,7.49,75.55,32.26,31.76,4.6,Clayey,71.1,Sprinkler,Kharif,Millet,17.11,57.1,28.25,27.66,1,4.053
Maize,Maize (Sweet Corn),Traditional,22.09,14.57,29.51,713.3,74.7,8.46,82,6.9,112.69,55.7,56.13,3.91,Loamy,53.18,Drip,Rabi,Cotton,11.35,64.66,37.07,30.41,1,5.244
Soybean,Soybean (Food Grade),Traditional,29.82,22.63,40.43,819.11,69.72,7.06,110,7.37,27.41,48.39,32.99,2.49,Loamy,67.27,Drip,Kharif,Maize,4.29,21.27,39.1,26.78,1,2.771
Millet,Millet (Finger/Ragi),HYV,29.58,24.48,40.74,466.29,51.31,7.53,127,7.07,45.68,22.76,22.06,2.78,Loamy,57.27,Rainfed,Kharif,Wheat,11.39,30.66,20.56,15.56,1,2.193
Millet,Millet (Foxtail),Traditional,29.27,23.82,37.08,439.41,46.94,9.74,62,6.55,37.48,21.37,18.28,1.28,Loamy,55.91,Sprinkler,Kharif,Maize,0.88,29.25,13.13,14.48,1,2.189
Soybean,Soybean (Oil Grade),HYV,26.83,19.76,37.33,733.82,79.21,8.02,98,6.98,23.6,59.93,43.87,3.85,Desert,66.7,Sprinkler,Kharif,Millet,7.89,26.18,54.13,43.97,1,4.572
Rice,Rice (Basmati),Hybrid,29.94,23.26,38.33,1199.28,72.55,8.29,135,6.51,66.45,36.45,38.51,3.83,Clayey,81.33,Flood,Kharif,Fallow,15.62,70.11,37.68,39.04,0,4.933
Maize,Maize (Sweet Corn),HYV,27.02,19.06,36.66,500.62,73.49,8.87,80,6.53,102.69,54.79,53.44,4.92,Alluvial,54.34,Sprinkler,Zaid,Rice,4.65,102.06,60.7,54.08,1,5.555
Soybean,Soybean (Oil Grade),Hybrid,29.29,23.84,38.07,713.57,77.13,7.39,107,7.45,27.38,58.34,42.52,2.21,Red,58.98,Sprinkler,Kharif,Millet,11.54,24.85,72.16,41.37,1,3.52
Millet,Millet (Foxtail),Traditional,30.67,25.09,38.56,382.2,64.0,8.77,70,6.95,36.44,18.63,18.27,2.66,Sandy,42.89,Sprinkler,Rabi,Pulses,8.75,20.57,15.77,13.34,1,2.206
Rice,Rice (Basmati),Traditional,27.24,21.84,39.03,1264.83,73.63,7.5,150,7.44,72.42,39.29,37.61,3.64,Clayey,64.51,Flood,Kharif,Rice,3.17,54.27,29.27,24.87,0,3.449
Wheat,Wheat (Common),Traditional,18.46,10.83,29.77,572.87,67.19,8.66,122,7.23,98.16,49.88,34.96,1.99,Red,53.83,Sprinkler,Rabi,Millet,11.1,68.01,37.3,26.76,1,3.52
Soybean,Soybean (Food Grade),HYV,25.35,18.79,35.72,652.15,67.84,7.42,103,6.21,20.01,50.78,37.05,2.63,Black,63.75,Sprinkler,Kharif,Maize,0.6,23.16,57.5,33.94,1,2.594
Rice,Rice (Sona Masuri),Hybrid,28.43,20.55,37.56,1142.59,84.97,7.6,125,6.08,73.9,40.12,39.39,2.68,Alluvial,64.01,Sprinkler,Kharif,Rice,11.09,78.36,46.63,46.75,1,6.486
Soybean,Soybean (Oil Grade),HYV,27.92,21.55,38.94,743.45,72.77,6.79,97,7.5,29.12,52.39,44.59,4.47,Alluvial,67.08,Rainfed,Kharif,Rice,8.11,20.71,50.62,41.89,1,3.043
Rice,Rice (Non-Basmati),Hybrid,26.19,19.8,35.5,1371.9,83.42,6.06,139,7.25,86.84,48.52,43.74,4.32,Loamy,76.86,Sprinkler,Kharif,Fallow,17.99,129.91,44.55,52.29,0,6.141
Millet,Millet (Pearl/Bajra),Traditional,32.96,27.53,43.4,414.09,41.31,9.8,67,7.17,47.5,20.48,21.3,2.2,Red,46.79,Rainfed,Kharif,Pulses,16.52,33.15,20.87,21.52,1,2.531
Wheat,Wheat (Durum),HYV,21.97,16.96,29.54,560.79,57.0,9.44,128,6.25,83.95,48.4,36.24,3.07,Desert,45.0,Flood,Rabi,Fallow,10.12,82.95,42.46,31.88,1,3.597
Wheat,Wheat (Sharbati),Hybrid,20.63,14.28,31.99,400.84,52.7,8.84,129,7.49,90.64,40.41,37.73,2.82,Clayey,55.18,Sprinkler,Rabi,Soybean,2.44,94.64,54.54,34.71,0,5.394
Wheat,Wheat (Durum),Traditional,22.01,16.86,29.74,470.89,51.3,8.8,120,7.29,88.6,41.04,35.74,3.9,Black,45.37,Sprinkler,Rabi,Rice,18.43,79.16,35.96,24.18,1,3.848
Maize,Maize (Feed Corn),Traditional,26.08,19.95,37.96,826.72,75.04,7.29,116,6.86,138.21,66.78,54.37,3.69,Red,78.63,Rainfed,Kharif,Wheat,3.45,104.18,63.3,40.68,1,5.712
Rice,Rice (Sona Masuri),Traditional,29.23,22.61,38.95,1316.0,75.64,8.99,137,6.79,88.78,37.2,43.64,2.65,Alluvial,84.27,Sprinkler,Kharif,Fallow,1.99,61.65,28.57,33.54,1,4.33
Rice,Rice (Sona Masuri),HYV,30.1,23.2,40.45,1101.47,82.26,7.95,140,5.67,82.92,44.84,41.01,3.73,Loamy,74.03,Sprinkler,Kharif,Fallow,19.41,85.85,40.33,39.09,1,4.883
Millet,Millet (Foxtail),Hybrid,26.84,19.96,36.57,427.41,46.28,8.67,71,6.63,38.04,19.18,16.55,1.46,Sandy,54.7,Drip,Kharif,Sugarcane,7.26,40.49,21.92,20.84,1,2.889
Soybean,Soybean (Food Grade),HYV,27.18,21.83,39.02,725.15,69.5,8.08,108,6.06,26.66,47.18,36.31,3.54,Loamy,50.82,Rainfed,Kharif,Cotton,6.78,28.11,53.08,31.23,1,2.428
Millet,Millet (Pearl/Bajra),Hybrid,31.57,25.46,41.53,579.28,42.21,8.4,74,7.02,54.3,22.93,22.9,2.06,Red,43.14,Rainfed,Rabi,Fallow,19.63,60.12,31.69,22.38,1,0.824
Millet,Millet (Foxtail),Traditional,27.24,20.6,38.88,419.81,50.87,9.98,84,7.42,30.9,22.86,18.22,1.59,Loamy,56.51,Flood,Rabi,Soybean,13.47,26.42,13.66,13.42,1,1.677
Millet,Millet (Finger/Ragi),HYV,28.98,22.83,38.05,512.36,59.52,9.58,101,6.82,46.74,27.83,23.21,3.24,Black,51.71,Rainfed,Kharif,Cotton,13.16,37.54,26.58,19.1,0,2.802
Rice,Rice (Non-Basmati),HYV,31.98,24.75,43.17,1206.47,72.11,7.55,132,7.42,84.66,54.19,44.61,3.24,Clayey,65.82,Flood,Zaid,Cotton,12.18,92.79,46.53,53.46,1,4.144
Rice,Rice (Sona Masuri),HYV,29.33,24.02,40.44,1129.02,78.95,6.83,131,6.44,88.96,40.39,41.39,3.57,Alluvial,77.7,Flood,Rabi,Millet,17.59,86.07,41.37,38.09,1,5.161
Maize,Maize (Feed Corn),Hybrid,27.5,21.94,35.06,635.51,78.67,6.82,118,6.6,120.25,60.26,52.26,4.41,Alluvial,61.21,Sprinkler,Kharif,Cotton,15.9,162.81,73.05,67.5,0,10.065
Soybean,Soybean (Oil Grade),Hybrid,27.77,21.16,39.62,882.58,65.94,7.8,96,6.24,27.91,68.44,44.18,4.42,Red,59.42,Drip,Kharif,Sugarcane,5.69,30.81,74.78,46.34,1,3.08
Millet,Millet (Sorghum/Jowar),Traditional,27.76,20.29,36.42,548.29,67.68,8.2,109,7.73,62.75,37.52,29.41,3.04,Red,42.59,Rainfed,Kharif,Cotton,11.01,49.98,26.82,20.84,1,3.32
Rice,Rice (Sona Masuri),Hybrid,27.37,19.83,36.5,1238.6,81.84,6.12,135,6.49,73.15,38.09,42.03,3.63,Red,62.28,Sprinkler,Kharif,Soybean,4.15,66.92,29.92,31.7,1,7.8
Millet,Millet (Sorghum/Jowar),HYV,31.8,26.7,39.9,564.69,59.52,9.07,108,6.32,62.06,31.69,26.57,2.45,Loamy,48.36,Sprinkler,Rabi,Fallow,9.58,63.0,33.36,28.4,0,2.723
Maize,Maize (Sweet Corn),Hybrid,25.97,18.52,32.99,610.54,64.13,7.3,83,6.3,109.32,54.95,50.77,3.51,Black,73.58,Drip,Kharif,Pulses,16.15,101.62,55.96,51.62,0,7.111
Wheat,Wheat (Durum),Hybrid,21.1,13.55,29.26,545.93,62.95,8.34,122,6.61,97.74,59.27,38.6,2.81,Black,57.75,Drip,Rabi,Pulses,17.46,81.45,41.7,35.43,0,4.798
Wheat,Wheat (Durum),Traditional,18.91,13.38,26.07,647.87,56.96,9.29,134,6.78,80.24,55.62,31.98,3.32,Loamy,45.4,Drip,Rabi,Maize,11.17,69.63,44.1,29.13,1,6.213
Soybean,Soybean (Food Grade),Traditional,27.9,21.01,36.32,812.21,70.21,8.33,103,6.77,26.55,42.51,36.05,2.98,Alluvial,74.94,Rainfed,Kharif,Pulses,7.72,17.22,33.19,25.94,1,2.877
Rice,Rice (Non-Basmati),Hybrid,27.61,20.89,39.43,1537.78,87.52,6.53,136,6.78,96.59,58.07,47.26,2.38,Desert,68.6,Rainfed,Kharif,Wheat,17.48,100.38,57.1,59.18,1,7.611
Soybean,Soybean (Food Grade),HYV,24.54,16.9,31.87,899.76,75.87,8.98,102,6.92,28.2,52.27,31.49,2.08,Clayey,64.78,Rainfed,Kharif,Soybean,9.03,27.4,44.07,33.63,1,2.734
Maize,Maize (Feed Corn),Hybrid,25.61,19.68,37.57,604.84,60.38,6.39,112,6.16,131.92,78.34,62.22,4.47,Sandy,72.12,Sprinkler,Kharif,Sugarcane,5.14,126.44,60.8,55.06,1,11.7
Soybean,Soybean (Oil Grade),Traditional,26.61,21.19,37.54,716.31,79.29,6.89,113,6.95,28.4,51.16,37.06,4.26,Black,76.27,Rainfed,Kharif,Millet,5.74,25.63,49.57,40.68,1,2.207
Maize,Maize (Sweet Corn),HYV,25.55,19.07,35.15,570.86,73.69,6.64,91,5.8,115.7,58.08,57.46,3.72,Alluvial,54.79,Sprinkler,Zaid,Pulses,16.51,94.07,49.0,37.16,1,5.366
Soybean,Soybean (Oil Grade),Traditional,25.58,20.39,34.2,814.01,71.61,8.43,115,6.25,27.13,53.37,36.14,4.09,Red,70.74,Sprinkler,Kharif,Pulses,15.26,22.99,49.88,29.09,1,3.272
Wheat,Wheat (Common),Hybrid,18.11,10.86,26.67,585.17,58.91,9.52,115,7.47,94.85,47.28,32.65,2.76,Alluvial,48.7,Rainfed,Rabi,Sugarcane,6.65,107.13,54.02,37.62,1,4.599
Maize,Maize (Feed Corn),Hybrid,23.39,16.81,33.59,555.24,63.62,6.19,111,6.14,135.57,72.64,51.53,3.98,Sandy,56.86,Drip,Kharif,Millet,0.7,150.35,77.73,72.02,0,7.449
Wheat,Wheat (Common),Traditional,21.86,14.99,31.31,573.94,64.34,7.54,116,6.81,96.81,48.61,38.35,2.04,Loamy,52.78,Sprinkler,Rabi,Pulses,11.55,66.67,39.0,25.92,1,4.005
Wheat,Wheat (Durum),Hybrid,22.82,17.41,30.62,505.31,59.35,7.54,124,6.16,88.6,56.55,35.95,3.53,Loamy,48.39,Sprinkler,Rabi,Sugarcane,1.42,104.63,64.92,37.71,1,6.361
Rice,Rice (Non-Basmati),HYV,28.06,20.34,39.79,1103.06,79.28,6.07,119,6.59,113.29,42.23,58.41,4.8,Black,68.88,Sprinkler,Kharif,Wheat,15.9,89.47,57.54,56.39,0,9.1
Soybean,Soybean (Food Grade),HYV,24.79,19.0,32.84,799.44,79.66,6.1,109,6.17,26.23,53.58,30.37,2.67,Laterite,61.69,Flood,Kharif,Rice,16.21,24.07,49.54,36.09,1,3.182
Rice,Rice (Sona Masuri),Hybrid,27.36,19.63,38.05,1061.69,79.15,6.08,130,5.84,74.93,42.87,41.9,4.19,Alluvial,70.09,Rainfed,Kharif,Rice,5.98,62.27,34.33,31.79,1,6.753
Rice,Rice (Basmati),Traditional,25.13,19.37,34.73,1260.98,78.83,8.26,142,7.31,75.85,36.27,37.5,2.46,Alluvial,71.46,Sprinkler,Kharif,Sugarcane,6.18,62.53,27.74,27.73,1,2.85
Wheat,Wheat (Durum),Traditional,21.81,13.99,30.91,456.84,56.83,8.55,134,7.15,90.48,42.77,32.86,2.81,Alluvial,69.9,Drip,Rabi,Pulses,4.74,74.81,41.47,26.59,1,4.558
Maize,Maize (Sweet Corn),Traditional,27.87,20.1,37.84,546.48,65.05,6.7,96,6.81,115.73,67.18,43.5,3.02,Desert,67.09,Drip,Rabi,Soybean,19.29,92.04,49.41,32.45,1,5.244
Wheat,Wheat (Common),Traditional,17.95,11.9,26.26,474.87,58.94,8.53,114,6.18,80.82,47.78,33.3,3.83,Black,58.51,Sprinkler,Kharif,Fallow,2.53,76.25,39.47,27.54,1,4.837
Wheat,Wheat (Durum),Traditional,19.32,12.23,28.37,616.82,65.91,7.63,137,6.72,98.89,53.83,33.6,4.0,Sandy,53.64,Sprinkler,Rabi,Millet,2.53,60.69,32.89,20.49,1,5.159
Soybean,Soybean (Food Grade),Traditional,24.03,18.63,31.43,759.77,74.34,8.23,92,6.57,20.89,56.05,30.88,3.9,Black,63.21,Sprinkler,Kharif,Pulses,8.16,16.4,39.29,26.7,1,2.879
Rice,Rice (Sona Masuri),HYV,30.57,25.16,40.09,1037.15,84.41,6.65,125,6.83,89.36,41.98,36.21,3.21,Alluvial,80.42,Sprinkler,Rabi,Fallow,14.26,76.11,32.55,35.49,1,4.125
Millet,Millet (Finger/Ragi),Hybrid,26.92,19.09,34.28,591.81,65.94,8.65,129,5.37,48.66,28.73,19.14,2.61,Loamy,42.46,Sprinkler,Kharif,Wheat,18.54,49.28,30.01,16.92,1,4.435
Millet,Millet (Pearl/Bajra),HYV,30.25,23.42,39.66,485.3,48.91,9.95,76,6.83,48.17,23.34,29.43,2.3,Loamy,49.0,Rainfed,Kharif,Wheat,3.13,59.08,26.02,20.22,1,1.293
Millet,Millet (Sorghum/Jowar),Hybrid,32.23,26.62,39.47,545.9,51.54,7.29,128,7.14,61.62,35.59,26.91,2.32,Red,54.41,Flood,Zaid,Pulses,16.04,59.86,30.17,28.19,1,3.898
Rice,Rice (Non-Basmati),Hybrid,31.66,25.46,41.3,1161.37,80.8,7.83,126,5.83,111.07,57.21,57.78,2.91,Clayey,81.52,Flood,Kharif,Sugarcane,16.06,97.92,39.11,39.52,1,6.611
Wheat,Wheat (Common),Hybrid,20.2,13.39,31.74,403.18,51.36,9.17,118,6.95,90.43,49.29,35.65,3.64,Black,42.35,Sprinkler,Rabi,Sugarcane,7.25,88.76,54.86,40.26,1,4.318
Millet,Millet (Foxtail),Traditional,29.8,22.81,40.08,308.68,57.23,9.54,73,6.83,37.11,18.88,17.96,2.09,Clayey,59.32,Rainfed,Kharif,Wheat,16.76,27.13,15.9,13.11,1,0.939
Millet,Millet (Foxtail),Hybrid,28.38,20.66,39.25,512.96,52.58,9.93,79,6.29,32.34,19.82,16.53,2.04,Black,37.51,Rainfed,Kharif,Sugarcane,19.94,33.35,19.03,17.08,1,1.96
Millet,Millet (Foxtail),Traditional,27.11,21.34,36.38,320.94,53.26,9.38,67,5.81,31.76,18.53,19.73,1.73,Red,42.75,Flood,Kharif,Maize,16.27,20.87,13.43,9.18,1,2.242
Maize,Maize (Feed Corn),HYV,25.01,18.6,33.13,689.63,60.18,8.63,109,6.17,140.09,71.2,61.94,3.53,Black,58.39,Flood,Kharif,Soybean,8.47,140.5,64.55,58.21,1,8.81
Soybean,Soybean (Oil Grade),Traditional,29.44,24.18,40.12,903.17,71.11,6.27,118,7.39,24.72,63.55,39.79,2.47,Red,73.8,Rainfed,Kharif,Fallow,17.85,15.64,28.49,22.93,1,1.505
Maize,Maize (Popcorn),Traditional,24.32,18.8,32.47,723.57,65.65,8.53,89,6.28,99.63,56.94,44.43,3.13,Loamy,67.57,Sprinkler,Kharif,Maize,19.4,64.99,34.0,39.7,1,6.009
Soybean,Soybean (Oil Grade),Traditional,25.15,17.9,32.61,740.37,79.97,7.09,103,6.46,29.61,55.43,41.4,2.18,Black,56.4,Drip,Kharif,Pulses,6.12,21.87,40.89,33.05,1,4.121
Wheat,Wheat (Durum),Traditional,21.83,15.69,33.76,639.56,64.15,9.65,136,6.71,99.78,52.87,31.27,2.64,Loamy,56.71,Drip,Rabi,Sugarcane,7.11,70.91,33.69,25.77,1,4.285
Wheat,Wheat (Common),Hybrid,20.46,15.0,29.95,572.88,62.18,8.64,115,7.34,94.79,44.16,37.25,2.61,Laterite,61.43,Sprinkler,Rabi,Maize,4.66,88.12,43.96,37.04,1,5.15
Rice,Rice (Basmati),Hybrid,26.34,18.9,33.75,1299.98,77.28,7.64,142,7.29,77.14,37.65,31.47,4.07,Alluvial,83.63,Sprinkler,Kharif,Maize,6.47,66.11,37.9,33.93,1,5.145
Millet,Millet (Finger/Ragi),Hybrid,25.96,19.98,37.03,589.68,65.18,9.88,121,5.6,46.54,25.52,23.12,2.65,Red,48.29,Rainfed,Kharif,Millet,15.49,46.6,26.07,27.11,1,3.875
Millet,Millet (Foxtail),Traditional,28.96,22.12,37.67,333.39,61.82,7.43,60,7.22,33.36,21.59,16.67,2.64,Laterite,43.5,Flood,Kharif,Pulses,15.47,27.91,12.84,14.62,0,1.447
Rice,Rice (Non-Basmati),Hybrid,28.33,21.74,39.8,1228.37,74.81,6.79,122,6.31,102.75,55.81,53.94,4.99,Loamy,65.34,Sprinkler,Kharif,Sugarcane,15.8,117.37,81.15,84.03,0,6.055
Wheat,Wheat (Common),HYV,19.95,12.17,27.81,554.33,59.25,7.52,130,6.45,88.86,47.55,33.09,2.31,Loamy,52.3,Sprinkler,Kharif,Pulses,15.3,99.25,49.21,31.06,1,5.774
Rice,Rice (Sona Masuri),Traditional,28.14,20.47,36.78,1210.13,82.81,7.82,140,6.39,85.23,38.32,40.78,2.25,Alluvial,83.38,Rainfed,Kharif,Soybean,19.09,57.46,34.21,29.51,1,4.367
Rice,Rice (Non-Basmati),Traditional,28.09,21.27,39.85,1304.27,73.26,7.6,136,6.85,119.89,40.61,41.82,2.23,Laterite,74.96,Flood,Rabi,Sugarcane,1.75,92.06,33.9,38.64,1,3.212
Maize,Maize (Popcorn),Hybrid,25.13,19.53,33.44,649.09,59.16,7.39,96,6.51,95.02,54.06,49.53,2.27,Alluvial,53.67,Drip,Kharif,Sugarcane,12.75,101.36,47.98,47.66,1,5.464
Wheat,Wheat (Sharbati),Hybrid,21.57,14.05,28.88,410.71,59.43,7.23,126,7.03,81.34,47.5,31.72,3.62,Black,54.1,Sprinkler,Kharif,Pulses,15.97,92.35,46.24,30.82,1,3.904
Maize,Maize (Feed Corn),Hybrid,23.25,17.59,30.85,680.96,69.89,8.47,104,6.68,124.53,78.89,60.68,3.67,Loamy,68.61,Sprinkler,Kharif,Fallow,6.29,116.7,70.3,60.01,1,10.602
Millet,Millet (Pearl/Bajra),Hybrid,30.86,25.62,41.23,429.3,41.32,9.89,75,7.83,59.17,23.99,29.77,2.94,Loamy,44.4,Sprinkler,Zaid,Millet,8.27,55.31,24.39,28.52,1,2.735
Maize,Maize (Sweet Corn),Hybrid,26.53,20.25,34.45,513.03,72.02,6.58,100,5.81,100.36,54.61,57.46,4.34,Loamy,69.25,Drip,Kharif,Pulses,10.84,118.17,67.51,60.15,1,9.75
Rice,Rice (Basmati),HYV,28.09,21.56,37.82,1179.71,71.22,6.58,146,6.47,73.65,38.71,32.37,4.94,Alluvial,69.66,Flood,Kharif,Rice,4.2,64.95,36.45,36.51,1,3.995
Millet,Millet (Sorghum/Jowar),Hybrid,30.47,25.07,40.56,624.96,58.81,9.03,95,6.65,71.42,39.33,28.04,1.81,Red,56.79,Rainfed,Kharif,Sugarcane,5.48,66.92,41.09,37.96,1,3.422
Wheat,Wheat (Durum),Traditional,21.53,16.12,28.77,617.99,59.81,9.43,127,6.15,97.12,57.26,34.68,3.07,Alluvial,61.5,Sprinkler,Kharif,Soybean,9.58,71.82,40.14,28.64,1,3.968
Millet,Millet (Finger/Ragi),HYV,28.61,23.43,39.21,427.02,67.73,8.62,122,6.82,42.24,29.17,23.17,2.09,Loamy,48.51,Sprinkler,Kharif,Millet,5.81,40.93,23.95,24.59,0,1.545
Millet,Millet (Sorghum/Jowar),Hybrid,29.9,23.77,41.68,504.76,57.79,9.54,101,6.23,71.02,36.01,31.09,2.51,Red,56.25,Rainfed,Kharif,Rice,3.65,80.42,35.31,33.37,1,1.744
Millet,Millet (Foxtail),Hybrid,30.25,23.76,40.92,333.39,46.82,9.28,85,5.93,30.66,15.67,16.17,2.09,Loamy,50.62,Rainfed,Rabi,Cotton,10.57,34.51,14.3,18.06,0,2.439
Millet,Millet (Pearl/Bajra),Traditional,34.49,29.21,43.26,590.9,50.96,8.28,74,6.04,59.3,22.46,27.32,2.44,Loamy,50.91,Sprinkler,Kharif,Maize,7.13,44.28,19.83,17.11,1,1.073
Soybean,Soybean (Food Grade),Hybrid,28.64,21.35,39.76,709.83,62.04,6.2,110,6.31,28.35,50.22,35.31,3.87,Loamy,59.52,Rainfed,Rabi,Wheat,9.61,26.57,49.44,40.97,1,1.775
Millet,Millet (Sorghum/Jowar),Traditional,30.1,24.89,37.36,628.87,55.06,8.22,95,7.23,75.98,35.52,27.04,3.06,Black,57.63,Sprinkler,Rabi,Millet,7.17,44.55,22.44,23.51,1,2.277
Rice,Rice (Basmati),Traditional,26.19,19.99,35.58,1041.45,77.93,7.31,141,7.47,71.12,33.23,30.43,4.77,Clayey,82.98,Drip,Kharif,Rice,14.07,57.35,31.21,24.36,1,6.247
Millet,Millet (Sorghum/Jowar),Traditional,31.71,26.21,43.5,597.08,64.0,9.94,106,7.5,60.62,30.8,34.28,2.22,Loamy,40.59,Flood,Kharif,Maize,7.69,49.85,28.91,25.11,1,1.663
Maize,Maize (Feed Corn),Traditional,26.29,20.81,35.58,694.72,74.64,6.63,96,6.37,122.35,61.24,64.27,2.77,Black,70.97,Sprinkler,Kharif,Maize,10.01,105.85,50.2,45.31,1,7.733
Wheat,Wheat (Common),HYV,19.04,11.19,27.0,525.3,67.32,8.21,114,6.19,94.53,45.28,33.86,3.03,Red,63.17,Sprinkler,Zaid,Fallow,14.0,94.94,49.42,35.7,1,4.753
Rice,Rice (Sona Masuri),Traditional,29.24,21.44,39.37,1232.49,79.79,8.36,134,6.56,83.75,35.57,36.1,4.03,Red,65.82,Flood,Kharif,Fallow,15.5,70.37,34.02,30.92,1,4.277
Wheat,Wheat (Sharbati),Traditional,17.34,11.31,25.84,559.81,52.34,9.18,115,6.15,83.98,43.56,35.33,2.97,Loamy,61.33,Flood,Rabi,Pulses,9.69,70.0,35.85,24.69,1,4.555
Rice,Rice (Sona Masuri),Traditional,26.71,20.82,34.56,1190.07,81.95,7.02,127,6.99,74.45,38.68,40.94,3.73,Red,78.01,Sprinkler,Kharif,Millet,13.15,69.24,31.34,29.41,1,4.022
Soybean,Soybean (Oil Grade),Traditional,27.48,22.22,35.83,847.5,69.2,7.0,118,7.49,22.94,66.08,36.49,3.39,Red,57.91,Sprinkler,Kharif,Wheat,13.14,16.09,47.44,23.94,0,2.555
Millet,Millet (Foxtail),HYV,26.14,20.49,35.45,326.34,52.9,8.15,77,6.24,31.99,16.58,16.2,1.33,Sandy,43.03,Sprinkler,Kharif,Cotton,2.87,45.51,17.75,18.39,1,1.503
Wheat,Wheat (Durum),Hybrid,19.95,13.19,28.77,634.87,55.39,7.53,125,6.38,91.05,50.2,32.38,1.79,Loamy,50.28,Drip,Rabi,Millet,2.56,91.66,55.25,41.62,1,4.315
Maize,Maize (Feed Corn),HYV,26.12,20.68,36.89,669.27,62.59,6.03,97,6.69,148.56,75.71,67.23,2.69,Laterite,70.18,Flood,Kharif,Fallow,19.8,134.05,70.78,54.03,1,5.9
Wheat,Wheat (Common),Hybrid,19.08,11.56,30.88,483.27,67.55,7.91,114,6.52,95.55,47.39,36.96,2.44,Laterite,63.27,Flood,Rabi,Fallow,6.61,81.46,43.63,36.38,0,5.845
Maize,Maize (Sweet Corn),Traditional,27.92,22.62,39.38,692.27,72.27,6.33,100,6.61,118.04,67.78,58.73,4.52,Laterite,63.52,Sprinkler,Kharif,Fallow,4.02,85.05,40.79,43.58,1,5.094
Millet,Millet (Sorghum/Jowar),Traditional,31.13,24.71,41.97,552.89,68.03,9.03,91,6.71,61.16,35.76,31.4,3.0,Red,61.4,Sprinkler,Rabi,Sugarcane,4.34,50.24,28.19,20.75,1,3.254
Maize,Maize (Popcorn),Traditional,22.88,15.03,33.01,525.26,68.91,7.55,97,5.96,86.68,59.24,49.91,3.6,Loamy,65.69,Sprinkler,Kharif,Rice,10.0,69.24,47.23,33.26,0,5.74
Rice,Rice (Non-Basmati),Hybrid,26.56,18.83,35.99,1296.47,89.11,7.31,121,7.21,100.26,55.33,44.31,4.49,Alluvial,88.1,Drip,Kharif,Sugarcane,3.8,96.82,50.77,50.29,1,9.1
Millet,Millet (Foxtail),HYV,30.24,25.15,40.53,372.13,59.59,8.36,63,6.51,36.91,15.15,15.11,1.03,Loamy,46.27,Sprinkler,Kharif,Soybean,4.84,37.78,23.16,17.95,1,1.566
Maize,Maize (Popcorn),Hybrid,22.58,17.45,34.49,686.56,64.09,6.95,89,6.27,95.16,49.19,40.72,2.62,Loamy,67.89,Sprinkler,Rabi,Millet,4.07,100.69,44.88,48.52,1,4.758
Rice,Rice (Non-Basmati),HYV,30.57,22.7,39.42,1514.7,73.82,8.42,112,7.11,104.99,45.39,45.68,2.37,Black,88.05,Sprinkler,Kharif,Soybean,13.54,95.97,56.15,59.33,1,7.053
Maize,Maize (Sweet Corn),HYV,26.18,20.22,37.29,644.05,68.71,6.78,93,5.96,101.76,63.49,58.12,2.64,Desert,60.3,Drip,Rabi,Fallow,14.58,113.55,65.12,48.79,1,6.323
Maize,Maize (Feed Corn),Traditional,27.39,19.77,38.65,703.45,72.45,8.76,95,6.81,149.32,71.4,60.89,3.01,Red,71.95,Sprinkler,Kharif,Fallow,15.24,114.77,61.28,54.37,1,6.19
Maize,Maize (Popcorn),HYV,24.87,17.33,34.18,692.24,56.77,6.39,99,6.38,81.74,54.74,46.89,3.47,Loamy,51.21,Flood,Kharif,Wheat,16.53,92.4,41.6,49.58,1,5.974
Millet,Millet (Pearl/Bajra),Hybrid,31.55,25.3,42.45,301.71,48.89,9.77,79,7.56,42.36,23.69,21.11,2.57,Black,42.18,Sprinkler,Kharif,Sugarcane,15.97,47.4,25.83,25.72,0,2.835
Maize,Maize (Sweet Corn),Hybrid,22.67,15.49,34.13,552.22,63.69,8.57,86,6.49,112.3,66.15,48.32,4.75,Black,59.26,Drip,Rabi,Sugarcane,4.12,117.94,57.67,46.73,1,9.353
Soybean,Soybean (Oil Grade),HYV,25.35,17.8,34.32,703.37,70.53,6.21,118,6.69,20.17,54.23,40.26,2.59,Black,61.45,Rainfed,Kharif,Soybean,2.85,20.75,64.66,40.32,1,2.716
Soybean,Soybean (Food Grade),Hybrid,25.56,19.0,36.17,621.49,63.19,7.81,108,7.23,25.89,46.04,35.86,3.07,Loamy,68.96,Rainfed,Kharif,Pulses,19.85,20.83,55.23,32.14,1,2.132
Rice,Rice (Sona Masuri),Hybrid,30.17,22.84,40.95,1326.45,73.3,8.19,123,5.68,84.11,44.72,35.44,2.23,Alluvial,63.09,Flood,Kharif,Rice,5.7,82.76,38.62,48.09,0,6.964
Soybean,Soybean (Oil Grade),Hybrid,27.9,22.48,35.06,898.09,71.14,6.68,114,6.3,21.22,56.08,38.22,3.64,Black,58.87,Sprinkler,Kharif,Soybean,9.91,19.29,48.85,38.64,1,3.873
Millet,Millet (Sorghum/Jowar),Traditional,29.1,23.18,37.92,461.85,64.46,8.04,99,7.82,66.4,39.24,30.33,3.43,Red,52.82,Drip,Rabi,Wheat,13.52,43.58,18.08,18.36,1,1.748
Rice,Rice (Basmati),HYV,28.14,20.51,38.82,1401.74,74.23,6.53,138,6.85,71.52,37.32,31.28,2.75,Sandy,74.51,Rainfed,Kharif,Sugarcane,15.21,70.11,38.26,33.2,1,2.819
Millet,Millet (Pearl/Bajra),Traditional,29.6,21.73,37.87,448.4,52.84,8.93,72,7.55,57.09,25.74,20.97,1.64,Black,36.32,Rainfed,Kharif,Millet,11.82,37.59,21.27,20.84,0,1.798
Millet,Millet (Finger/Ragi),HYV,30.62,23.21,42.39,489.22,61.47,8.61,124,5.09,34.21,25.72,15.1,1.6,Black,49.85,Sprinkler,Kharif,Sugarcane,5.57,28.21,18.66,14.51,1,2.248
Soybean,Soybean (Oil Grade),HYV,28.51,23.24,39.08,847.89,65.25,8.55,106,7.33,20.33,64.16,39.74,3.69,Desert,59.82,Sprinkler,Kharif,Fallow,7.87,20.55,51.77,35.52,1,3.758
Wheat,Wheat (Sharbati),Hybrid,20.55,13.08,31.98,590.8,63.95,7.93,117,6.06,85.72,48.19,35.85,3.98,Alluvial,62.89,Sprinkler,Rabi,Wheat,6.14,98.7,50.6,42.27,1,4.464
Soybean,Soybean (Oil Grade),HYV,27.32,20.38,38.17,908.4,75.76,6.39,105,7.15,26.35,58.96,43.44,4.0,Red,77.97,Sprinkler,Kharif,Maize,2.63,21.0,51.47,39.12,1,3.467
Wheat,Wheat (Durum),Hybrid,20.25,13.49,29.15,543.12,57.15,8.23,121,6.17,80.55,52.09,31.68,2.14,Loamy,69.41,Flood,Rabi,Pulses,11.77,115.98,69.97,46.4,1,5.91
Soybean,Soybean (Oil Grade),Hybrid,28.53,20.85,39.39,817.38,78.27,7.06,105,7.28,20.42,55.78,44.12,4.07,Red,70.13,Flood,Kharif,Millet,10.81,25.18,58.45,42.07,0,5.111
Wheat,Wheat (Common),Traditional,21.91,15.28,30.1,585.56,63.98,9.88,124,7.12,82.33,45.38,35.78,1.97,Alluvial,49.71,Flood,Rabi,Pulses,7.21,67.38,33.07,31.56,1,4.313
Maize,Maize (Feed Corn),HYV,25.79,19.17,33.57,825.41,70.34,7.59,99,6.94,128.11,71.17,67.11,4.56,Black,59.26,Sprinkler,Kharif,Fallow,18.62,128.76,77.64,51.97,1,8.1
Rice,Rice (Basmati),Traditional,29.04,23.82,37.44,1465.16,73.8,8.34,140,6.74,67.73,34.5,32.27,4.67,Desert,71.27,Rainfed,Kharif,Pulses,1.31,56.53,28.26,27.71,1,3.871
Maize,Maize (Popcorn),Hybrid,26.78,20.2,36.47,606.4,64.25,7.27,100,6.16,96.36,48.85,48.42,3.18,Sandy,68.02,Sprinkler,Kharif,Millet,10.87,104.34,53.64,54.44,1,5.445
Soybean,Soybean (Food Grade),Hybrid,25.93,19.23,33.64,792.47,79.15,7.03,98,6.46,27.11,54.23,32.55,2.82,Red,54.14,Rainfed,Rabi,Cotton,9.6,29.86,58.01,35.41,1,2.3
Soybean,Soybean (Oil Grade),Traditional,25.54,18.86,36.92,887.96,70.44,8.11,115,7.4,25.23,66.04,36.88,2.88,Red,79.2,Sprinkler,Kharif,Cotton,0.77,22.12,46.88,35.06,0,2.734
Maize,Maize (Sweet Corn),Traditional,24.13,16.63,33.56,738.33,71.72,8.54,87,6.83,103.15,61.87,54.41,3.1,Laterite,67.57,Drip,Kharif,Cotton,3.2,89.36,44.33,35.84,0,6.658
Soybean,Soybean (Oil Grade),Hybrid,27.93,20.27,36.38,804.66,68.3,8.34,104,6.07,27.53,51.53,35.36,3.72,Red,63.7,Sprinkler,Rabi,Soybean,5.34,29.92,61.96,46.98,1,3.229
Maize,Maize (Feed Corn),Hybrid,28.76,22.47,35.97,847.29,78.71,8.9,95,7.14,126.15,76.94,57.31,4.23,Laterite,63.39,Sprinkler,Kharif,Cotton,13.92,139.28,70.72,76.36,1,8.128
Wheat,Wheat (Sharbati),Hybrid,20.19,12.95,27.6,402.14,60.59,8.36,120,6.7,81.6,47.61,36.87,3.64,Black,42.78,Sprinkler,Rabi,Maize,11.04,97.59,47.17,41.65,1,5.222
Wheat,Wheat (Durum),HYV,22.33,16.29,31.49,533.79,58.81,9.67,124,7.26,91.03,49.8,39.87,2.21,Loamy,58.2,Drip,Kharif,Sugarcane,10.12,94.57,57.32,33.93,1,4.414
Millet,Millet (Sorghum/Jowar),HYV,30.1,23.9,40.11,569.06,56.41,8.01,111,6.33,74.24,35.56,32.87,2.69,Black,60.08,Rainfed,Kharif,Cotton,12.6,74.01,37.73,28.8,1,2.52
Wheat,Wheat (Common),HYV,18.59,11.52,30.18,572.64,57.88,7.93,122,6.2,93.96,44.55,35.52,2.34,Black,47.36,Flood,Zaid,Cotton,12.16,82.36,45.17,38.57,1,3.259
Millet,Millet (Finger/Ragi),Traditional,28.12,20.17,35.62,444.07,55.5,7.4,105,5.08,44.01,21.51,23.13,2.26,Loamy,46.39,Sprinkler,Kharif,Fallow,6.37,20.53,14.46,11.82,1,2.535
Wheat,Wheat (Common),Hybrid,20.66,14.17,30.8,568.66,50.81,9.77,123,7.41,96.4,40.28,39.66,1.81,Black,67.94,Sprinkler,Rabi,Maize,12.37,125.85,70.85,50.31,1,6.399
Millet,Millet (Finger/Ragi),Traditional,30.06,24.61,40.67,405.71,63.27,9.64,125,6.08,46.89,20.64,17.29,2.91,Desert,60.48,Sprinkler,Kharif,Wheat,2.3,24.31,18.33,12.96,1,2.366
Rice,Rice (Basmati),Traditional,25.53,20.02,37.39,1114.24,84.66,7.6,142,6.58,60.78,30.31,33.88,2.48,Loamy,60.58,Sprinkler,Kharif,Soybean,19.14,57.65,30.61,31.87,1,4.748
Maize,Maize (Feed Corn),Hybrid,23.47,16.01,33.27,774.97,60.66,7.32,97,5.77,143.43,64.16,51.17,4.73,Black,63.33,Flood,Kharif,Maize,14.42,120.44,64.58,48.37,1,9.566
Millet,Millet (Sorghum/Jowar),Hybrid,30.99,24.32,41.13,568.06,59.95,7.09,106,7.88,67.82,36.46,30.15,2.11,Red,54.74,Sprinkler,Kharif,Soybean,5.58,64.55,33.96,25.77,1,4.042
Wheat,Wheat (Durum),HYV,21.14,13.91,28.84,483.32,59.4,9.99,138,6.64,88.65,41.61,37.74,2.13,Alluvial,62.59,Sprinkler,Zaid,Wheat,9.35,80.41,42.53,37.0,1,3.254
Maize,Maize (Feed Corn),Hybrid,28.95,21.75,38.95,641.08,68.57,7.88,92,6.17,134.28,75.33,58.34,4.46,Red,66.8,Sprinkler,Kharif,Maize,12.98,157.3,76.15,76.46,1,10.332
Wheat,Wheat (Durum),Traditional,18.77,10.95,28.58,648.74,61.46,8.97,136,6.76,90.74,53.52,37.59,3.24,Alluvial,66.14,Sprinkler,Kharif,Rice,19.21,71.87,39.09,28.21,1,5.266
Maize,Maize (Popcorn),Hybrid,22.32,17.0,32.96,545.85,60.08,7.91,104,5.98,80.09,59.76,46.34,3.56,Loamy,68.66,Sprinkler,Kharif,Sugarcane,7.54,62.36,46.12,38.36,1,4.983
Millet,Millet (Pearl/Bajra),HYV,32.04,27.02,41.54,283.86,53.48,9.6,84,7.89,53.27,21.41,25.26,2.67,Laterite,48.72,Sprinkler,Kharif,Cotton,15.01,53.9,25.29,28.4,1,1.013
Millet,Millet (Foxtail),Traditional,29.91,23.48,39.75,502.13,63.04,9.49,84,7.25,36.01,18.76,16.53,1.73,Red,44.16,Rainfed,Kharif,Fallow,14.57,30.74,17.91,14.64,1,1.929
Soybean,Soybean (Oil Grade),Traditional,29.58,23.02,37.3,683.66,79.63,7.12,117,6.46,20.18,65.42,40.88,3.55,Red,72.09,Sprinkler,Kharif,Soybean,5.91,22.51,40.61,34.15,1,3.798
Millet,Millet (Foxtail),HYV,28.98,23.4,37.97,314.55,63.91,8.84,71,7.22,36.87,20.17,19.41,2.5,Clayey,46.74,Flood,Rabi,Sugarcane,8.59,35.19,15.74,17.34,1,1.388
Rice,Rice (Non-Basmati),HYV,29.92,23.62,37.48,1454.87,89.85,8.21,137,5.57,110.0,50.69,46.64,3.31,Black,88.94,Sprinkler,Kharif,Sugarcane,18.48,81.53,40.97,45.68,0,6.801
Wheat,Wheat (Common),HYV,17.62,9.81,25.67,429.69,60.7,7.14,119,6.68,92.81,42.84,39.05,2.18,Desert,59.13,Flood,Rabi,Millet,11.32,92.93,41.89,36.77,1,5.314
Rice,Rice (Non-Basmati),Traditional,28.48,22.72,39.83,1316.01,86.17,6.79,112,6.69,87.53,57.76,56.17,3.56,Black,83.11,Sprinkler,Kharif,Wheat,11.65,80.05,32.37,37.69,1,5.766
Maize,Maize (Feed Corn),HYV,24.04,17.49,34.17,684.02,76.55,7.12,102,5.88,130.7,68.69,52.71,4.21,Alluvial,78.45,Flood,Kharif,Fallow,14.07,144.88,77.43,76.83,1,7.062
Maize,Maize (Sweet Corn),HYV,25.85,20.05,37.49,627.76,67.45,6.78,91,6.52,101.95,67.72,56.12,3.57,Loamy,54.58,Sprinkler,Kharif,Millet,3.8,110.7,57.16,45.94,1,6.158
Rice,Rice (Basmati),HYV,25.44,17.68,34.84,1311.87,82.45,7.08,145,6.61,67.49,39.26,38.29,2.33,Clayey,62.7,Drip,Kharif,Cotton,17.72,64.96,32.15,30.13,1,4.11
Millet,Millet (Sorghum/Jowar),Traditional,29.67,21.88,38.7,487.94,63.73,7.37,118,7.54,71.28,30.95,27.35,2.51,Black,52.52,Drip,Rabi,Millet,5.48,50.57,24.86,26.11,1,4.251
Millet,Millet (Foxtail),HYV,29.69,24.25,36.85,483.83,51.98,7.29,69,5.99,36.87,20.77,17.2,1.63,Black,55.65,Rainfed,Kharif,Maize,10.51,39.22,22.87,15.16,1,1.158
Wheat,Wheat (Sharbati),Traditional,18.69,11.14,28.55,437.34,50.43,7.31,133,7.22,91.51,48.24,37.35,2.56,Loamy,64.78,Drip,Rabi,Maize,8.85,68.44,36.95,29.9,0,3.48
Maize,Maize (Sweet Corn),HYV,24.01,18.25,34.98,649.3,62.75,7.08,94,6.9,106.6,54.48,45.03,4.05,Alluvial,68.14,Drip,Rabi,Soybean,1.02,114.47,54.33,49.53,1,6.976
Maize,Maize (Popcorn),Traditional,25.97,20.88,35.14,651.59,60.55,8.37,87,6.69,82.8,43.28,40.43,3.11,Loamy,62.95,Sprinkler,Zaid,Pulses,16.55,72.43,42.42,37.78,0,4.491
Wheat,Wheat (Common),HYV,21.44,14.12,29.2,543.95,66.69,7.43,119,6.76,84.76,47.24,36.45,2.5,Black,61.68,Sprinkler,Rabi,Maize,18.59,83.63,40.69,31.23,0,5.465
Wheat,Wheat (Common),HYV,20.41,13.61,28.5,576.82,59.21,7.38,117,6.81,86.77,48.51,34.95,3.79,Loamy,43.05,Sprinkler,Rabi,Sugarcane,19.25,79.42,34.34,29.29,1,6.34
Maize,Maize (Popcorn),HYV,24.51,19.38,34.57,553.29,58.81,8.04,99,6.14,97.54,58.44,40.88,2.41,Alluvial,57.17,Sprinkler,Kharif,Cotton,2.22,86.83,44.84,41.14,1,7.117
Rice,Rice (Non-Basmati),Hybrid,27.2,22.0,38.49,1534.23,79.44,7.54,123,7.46,113.2,53.18,54.72,4.81,Desert,88.99,Flood,Kharif,Wheat,15.61,91.84,64.37,54.02,1,7.528
Maize,Maize (Popcorn),Hybrid,22.86,16.07,31.72,700.99,64.62,8.97,86,6.33,88.15,48.68,48.85,3.01,Loamy,65.93,Sprinkler,Rabi,Wheat,19.36,93.84,57.69,54.96,1,6.798
Rice,Rice (Non-Basmati),HYV,29.27,23.28,41.01,1522.56,89.65,8.08,118,5.61,102.65,58.4,45.74,2.46,Desert,73.76,Drip,Kharif,Sugarcane,9.25,102.07,45.11,48.71,1,4.985
Millet,Millet (Pearl/Bajra),HYV,29.19,21.8,39.41,340.27,47.85,8.89,77,7.61,57.65,20.52,26.61,1.54,Red,48.7,Rainfed,Kharif,Pulses,1.45,58.6,24.05,26.22,1,1.076
Rice,Rice (Non-Basmati),HYV,27.81,19.85,36.17,1345.02,78.1,6.51,110,6.61,105.95,47.8,49.97,4.63,Black,67.71,Rainfed,Kharif,Wheat,15.7,81.68,53.66,46.15,1,7.648
Wheat,Wheat (Durum),Traditional,21.65,15.06,31.25,471.4,58.69,8.57,125,7.16,90.1,41.73,36.27,2.92,Alluvial,53.46,Flood,Rabi,Millet,0.83,64.89,35.75,23.04,1,3.781
Rice,Rice (Sona Masuri),Traditional,27.84,21.79,38.03,1384.61,84.64,8.12,124,6.9,70.19,40.84,43.71,2.47,Red,74.75,Rainfed,Rabi,Maize,10.19,60.96,28.22,33.16,1,4.183
Maize,Maize (Feed Corn),Hybrid,25.51,19.38,32.8,789.94,76.73,6.8,104,6.69,121.64,78.25,54.57,3.42,Loamy,73.8,Flood,Kharif,Millet,4.88,137.42,62.91,48.43,0,11.035
Millet,Millet (Sorghum/Jowar),Hybrid,27.81,22.55,34.82,518.72,69.43,7.23,94,7.65,79.17,36.54,34.01,2.44,Loamy,46.3,Rainfed,Rabi,Wheat,6.21,85.21,38.6,30.64,1,1.807
Soybean,Soybean (Food Grade),Hybrid,25.77,19.59,33.61,768.78,71.99,6.8,103,6.29,23.84,42.71,31.09,3.86,Desert,66.62,Rainfed,Kharif,Wheat,11.9,23.37,60.67,37.91,1,1.941
Rice,Rice (Basmati),Traditional,28.54,22.78,37.77,1061.72,73.09,6.0,131,6.03,67.16,33.34,33.88,2.42,Clayey,78.45,Sprinkler,Kharif,Millet,8.66,47.81,23.78,21.61,1,4.455
Wheat,Wheat (Common),HYV,17.02,10.71,24.81,490.91,69.84,9.64,113,6.89,90.04,41.3,39.9,2.56,Alluvial,55.17,Flood,Rabi,Millet,4.39,97.96,48.48,37.03,0,4.617
Millet,Millet (Foxtail),HYV,28.44,23.19,37.24,386.9,45.6,7.79,84,7.26,39.74,19.19,18.7,2.48,Red,49.05,Rainfed,Rabi,Cotton,12.31,37.24,19.7,18.04,1,2.156
Maize,Maize (Feed Corn),Hybrid,26.92,20.56,34.73,731.94,69.65,6.18,115,5.58,140.86,65.21,57.71,2.92,Alluvial,70.37,Flood,Kharif,Cotton,18.77,148.33,71.94,71.43,1,6.927
Maize,Maize (Popcorn),Traditional,26.25,18.82,37.5,510.63,69.85,7.67,100,5.9,80.08,59.11,42.52,2.41,Loamy,53.17,Sprinkler,Kharif,Fallow,3.14,85.41,40.61,42.87,1,5.863
Soybean,Soybean (Food Grade),Hybrid,25.19,17.68,36.31,824.19,75.79,7.69,102,7.05,24.1,43.71,36.98,3.2,Desert,68.86,Sprinkler,Rabi,Cotton,6.07,23.07,57.12,37.66,1,3.36
Rice,Rice (Sona Masuri),Traditional,29.14,22.65,38.26,1128.89,71.32,6.9,121,6.68,89.45,41.56,40.54,2.74,Red,61.92,Flood,Kharif,Wheat,6.99,59.44,23.99,28.51,0,3.664
Millet,Millet (Finger/Ragi),Traditional,26.69,21.54,34.33,621.46,65.95,8.05,103,5.8,49.84,27.35,19.26,1.93,Desert,44.35,Drip,Kharif,Pulses,15.36,38.45,19.71,18.47,0,1.582
Wheat,Wheat (Sharbati),Hybrid,17.86,10.22,26.18,409.0,56.46,7.3,120,7.36,95.48,45.52,34.65,2.94,Loamy,55.41,Sprinkler,Rabi,Rice,8.58,105.29,44.73,34.93,1,5.492
Soybean,Soybean (Food Grade),Hybrid,24.13,18.1,31.54,782.2,63.34,6.22,110,7.2,24.42,50.33,36.78,2.46,Red,58.57,Rainfed,Kharif,Pulses,13.45,22.74,49.56,33.82,1,1.636
Rice,Rice (Non-Basmati),HYV,28.14,22.63,35.67,1553.37,89.95,6.49,117,7.45,82.08,47.04,48.57,4.47,Alluvial,84.16,Flood,Kharif,Maize,19.41,101.03,41.83,48.73,1,6.161
Millet,Millet (Sorghum/Jowar),Traditional,31.32,25.64,39.77,531.9,55.7,7.79,111,6.2,76.22,30.69,30.28,2.96,Black,56.02,Sprinkler,Kharif,Fallow,13.76,49.18,29.47,20.76,1,2.914
Wheat,Wheat (Durum),Hybrid,18.73,12.77,27.45,496.42,52.84,8.46,121,6.04,85.12,55.89,39.39,3.69,Alluvial,62.91,Sprinkler,Rabi,Fallow,8.21,93.57,44.52,38.64,1,5.129
Rice,Rice (Basmati),Hybrid,28.86,22.39,39.79,1291.96,71.24,8.3,146,6.72,63.45,37.52,39.12,3.66,Clayey,73.18,Rainfed,Kharif,Sugarcane,14.86,76.38,39.29,33.51,1,5.642
Rice,Rice (Basmati),Hybrid,29.93,23.39,41.6,1261.37,74.37,6.8,137,7.41,70.6,36.15,34.82,2.28,Alluvial,79.2,Sprinkler,Rabi,Fallow,3.26,68.79,38.08,42.29,0,3.372
Rice,Rice (Non-Basmati),HYV,29.32,23.46,37.48,1299.48,85.71,7.46,136,6.75,86.12,56.9,43.92,4.8,Black,71.26,Sprinkler,Kharif,Sugarcane,2.92,56.58,29.45,32.87,1,6.507
Millet,Millet (Finger/Ragi),Hybrid,31.3,25.05,39.85,687.48,59.86,9.62,119,6.94,33.4,27.87,23.7,3.01,Loamy,60.25,Rainfed,Kharif,Wheat,14.52,52.0,22.66,16.55,1,2.641
Rice,Rice (Basmati),HYV,27.09,21.16,38.78,1338.57,71.79,6.21,145,6.33,65.08,38.78,30.9,4.15,Sandy,66.78,Sprinkler,Kharif,Soybean,8.12,76.0,32.42,30.68,0,3.776
Millet,Millet (Pearl/Bajra),Traditional,35.0,27.34,44.1,495.43,44.71,10.82,69,6.32,58.57,24.1,24.92,2.38,Sandy,41.97,Drip,Kharif,Fallow,16.48,42.73,23.64,22.03,0,1.204
Millet,Millet (Finger/Ragi),HYV,27.53,19.8,37.72,652.13,66.41,8.55,100,6.39,39.34,22.93,18.77,3.14,Red,62.0,Rainfed,Kharif,Rice,19.21,35.58,27.96,21.85,1,1.787
Wheat,Wheat (Sharbati),HYV,20.15,12.76,28.18,417.64,53.32,7.89,127,7.39,94.49,48.68,36.37,3.25,Black,56.88,Drip,Rabi,Fallow,5.47,113.03,51.08,42.53,1,4.499
Wheat,Wheat (Common),Traditional,19.31,13.07,30.22,401.87,58.66,7.48,116,6.17,88.54,46.43,36.62,3.49,Loamy,64.45,Sprinkler,Rabi,Sugarcane,11.6,76.59,37.85,29.17,1,4.319
Wheat,Wheat (Common),HYV,21.71,14.52,30.4,587.23,67.04,9.86,114,7.43,90.86,46.72,32.12,1.85,Loamy,42.38,Flood,Zaid,Cotton,15.0,92.67,46.81,32.37,1,3.697
Wheat,Wheat (Common),Hybrid,21.62,13.87,30.57,530.38,67.43,8.15,129,6.54,87.31,48.07,33.1,3.73,Alluvial,56.46,Flood,Rabi,Pulses,18.02,95.54,54.11,38.53,1,7.8
Millet,Millet (Foxtail),Hybrid,30.62,23.61,39.39,392.63,59.64,8.03,65,6.25,30.66,17.74,19.59,2.29,Sandy,57.8,Sprinkler,Rabi,Millet,18.24,35.53,17.4,16.96,1,1.839
Soybean,Soybean (Oil Grade),Hybrid,26.54,20.82,36.69,744.63,65.51,8.7,119,6.79,22.57,56.54,35.34,2.31,Red,63.39,Rainfed,Zaid,Rice,12.01,31.15,64.31,48.64,1,2.179
Maize,Maize (Feed Corn),HYV,23.46,17.98,33.1,729.03,64.31,7.51,111,6.7,120.04,72.86,59.67,2.33,Black,57.21,Sprinkler,Zaid,Millet,17.8,130.89,76.54,57.83,0,8.038
Wheat,Wheat (Durum),Hybrid,19.08,12.66,27.21,561.68,68.19,8.7,121,7.29,94.05,52.72,34.59,2.67,Alluvial,55.15,Drip,Rabi,Soybean,19.28,91.86,51.11,40.89,1,6.24
Wheat,Wheat (Sharbati),HYV,18.81,12.96,29.92,559.11,62.39,7.66,128,7.48,91.98,40.47,37.02,3.08,Alluvial,57.8,Drip,Rabi,Cotton,17.3,72.96,38.81,27.81,0,5.649
Maize,Maize (Feed Corn),HYV,24.71,19.37,33.91,604.35,63.34,6.89,104,6.48,130.0,69.91,54.99,4.57,Red,61.25,Sprinkler,Kharif,Fallow,14.26,134.96,64.45,58.48,1,9.073
Millet,Millet (Finger/Ragi),Traditional,31.16,24.51,41.47,642.07,60.84,8.48,125,5.6,41.47,29.31,18.94,3.22,Red,40.55,Rainfed,Kharif,Maize,8.78,34.36,19.27,14.54,1,1.368
Maize,Maize (Feed Corn),Traditional,26.92,20.01,38.18,670.85,70.58,7.16,110,6.3,136.26,66.25,53.43,2.6,Loamy,66.66,Sprinkler,Kharif,Soybean,2.13,106.4,56.18,55.43,0,5.112
Wheat,Wheat (Durum),Hybrid,20.67,12.85,29.85,582.88,61.86,9.05,127,6.39,91.19,56.98,37.2,2.72,Laterite,51.38,Flood,Rabi,Pulses,18.07,88.8,59.28,39.67,1,5.067
Maize,Maize (Sweet Corn),Traditional,24.39,17.83,32.81,645.06,65.56,6.24,88,6.09,105.3,55.72,46.15,2.06,Black,64.26,Sprinkler,Rabi,Fallow,16.33,85.19,44.92,39.78,1,5.424
Wheat,Wheat (Common),Hybrid,17.12,10.37,25.34,506.63,55.59,7.95,129,6.81,87.9,41.08,39.69,1.94,Black,58.99,Flood,Rabi,Soybean,6.02,78.58,44.26,28.38,1,4.302
Maize,Maize (Popcorn),HYV,22.51,15.25,32.67,606.04,57.64,7.66,85,6.1,86.38,44.28,43.57,2.61,Red,59.73,Sprinkler,Kharif,Fallow,19.48,83.62,56.14,48.74,1,4.506
Soybean,Soybean (Food Grade),HYV,28.01,22.85,39.65,720.4,65.71,8.44,104,7.43,24.82,52.72,37.6,2.74,Clayey,70.87,Sprinkler,Kharif,Rice,11.92,22.15,57.82,30.32,1,2.097
Soybean,Soybean (Oil Grade),HYV,26.83,19.29,37.91,853.16,70.2,8.95,103,6.24,23.8,61.37,40.46,4.04,Red,63.42,Sprinkler,Zaid,Soybean,4.9,27.44,68.4,44.26,0,2.449
Millet,Millet (Foxtail),Hybrid,30.93,24.3,40.09,375.9,60.05,9.55,80,6.45,35.83,15.35,19.25,2.73,Loamy,53.83,Drip,Kharif,Rice,2.05,42.07,26.48,18.7,1,2.886
Millet,Millet (Foxtail),Traditional,29.75,21.79,37.94,480.78,64.87,9.82,66,6.99,34.48,16.29,16.41,2.14,Red,35.86,Rainfed,Kharif,Fallow,8.52,25.88,19.69,14.93,1,1.374
Wheat,Wheat (Durum),HYV,18.99,11.77,27.39,548.69,56.54,8.52,137,7.49,87.15,52.54,38.88,3.09,Black,59.15,Flood,Rabi,Rice,11.93,97.39,42.4,37.21,0,4.961
Wheat,Wheat (Durum),Traditional,22.12,16.46,30.97,535.75,56.79,8.21,127,6.75,96.75,45.69,31.58,2.18,Alluvial,47.52,Flood,Rabi,Pulses,0.53,72.14,32.05,25.75,1,2.757
Maize,Maize (Sweet Corn),Hybrid,24.2,18.29,35.84,765.05,61.86,7.96,91,6.48,104.14,64.47,46.2,4.07,Alluvial,53.58,Sprinkler,Zaid,Fallow,3.7,119.05,66.64,46.04,1,8.239
Rice,Rice (Basmati),Traditional,29.24,23.17,41.02,1338.38,77.24,7.48,145,6.67,65.86,33.29,36.73,4.26,Desert,79.79,Drip,Kharif,Soybean,14.87,63.5,29.5,30.7,1,5.194
Soybean,Soybean (Food Grade),Traditional,28.04,20.95,37.61,873.52,71.85,8.89,106,6.82,26.27,41.44,32.55,3.25,Laterite,74.3,Rainfed,Kharif,Wheat,3.5,18.65,47.91,24.7,1,2.216
Rice,Rice (Basmati),HYV,25.59,20.42,34.65,1289.46,75.89,7.73,135,7.05,67.76,31.6,33.98,3.74,Clayey,83.7,Flood,Kharif,Rice,1.96,79.25,34.62,34.13,0,2.647
Soybean,Soybean (Food Grade),HYV,24.53,17.12,36.05,651.62,68.32,8.18,108,7.0,25.15,46.84,36.49,3.14,Black,68.78,Rainfed,Kharif,Soybean,10.38,24.62,59.96,33.54,1,2.822
Wheat,Wheat (Durum),Hybrid,18.94,13.91,30.48,551.1,56.99,9.46,139,6.3,83.11,54.76,33.12,3.43,Loamy,46.04,Drip,Kharif,Maize,7.24,96.64,65.38,43.89,1,4.519
Wheat,Wheat (Sharbati),Traditional,19.32,12.08,26.96,465.76,51.77,9.08,127,7.01,97.71,47.74,31.55,2.39,Loamy,41.71,Sprinkler,Kharif,Wheat,1.41,60.48,29.22,21.46,0,2.558
Wheat,Wheat (Sharbati),Traditional,21.3,13.43,31.66,597.44,57.45,9.38,128,7.23,93.33,45.52,39.46,2.26,Alluvial,64.82,Drip,Rabi,Pulses,1.18,68.36,38.91,30.12,0,3.238
Millet,Millet (Pearl/Bajra),Traditional,29.41,23.87,38.02,569.67,51.79,10.33,83,6.86,57.2,21.47,27.55,1.14,Red,33.01,Flood,Kharif,Soybean,17.35,44.62,23.6,21.47,1,1.455
Rice,Rice (Sona Masuri),HYV,29.72,24.32,41.18,1163.76,79.21,6.56,132,6.62,88.33,38.37,39.44,4.25,Loamy,68.96,Flood,Kharif,Cotton,18.3,79.69,35.1,41.97,0,6.109
Rice,Rice (Basmati),Traditional,28.53,22.65,36.94,1119.14,83.13,8.6,150,6.82,74.14,37.9,31.94,2.79,Clayey,72.81,Flood,Kharif,Maize,7.27,53.84,26.19,28.05,1,4.222
Wheat,Wheat (Sharbati),HYV,21.31,15.68,32.05,407.89,54.5,8.89,123,6.39,84.76,46.0,31.84,3.11,Black,57.66,Flood,Kharif,Pulses,16.07,69.98,31.24,25.3,1,2.856
Wheat,Wheat (Sharbati),Hybrid,17.44,12.34,26.45,477.95,53.62,7.65,119,6.78,99.48,48.47,37.38,3.27,Black,60.88,Sprinkler,Kharif,Rice,8.74,109.14,51.61,41.9,1,4.407
Soybean,Soybean (Oil Grade),HYV,28.69,21.16,38.91,692.01,66.43,7.77,98,7.19,29.29,58.53,41.15,3.73,Red,74.35,Sprinkler,Kharif,Maize,0.95,20.51,59.68,41.71,1,4.234
Millet,Millet (Pearl/Bajra),HYV,33.81,28.49,42.34,406.71,55.28,9.59,68,6.74,57.4,23.66,24.74,1.88,Desert,49.64,Sprinkler,Kharif,Wheat,17.62,39.18,19.2,14.31,0,1.351
Millet,Millet (Pearl/Bajra),Traditional,29.17,22.06,36.36,408.36,50.92,9.21,78,6.48,49.0,23.06,20.44,2.98,Sandy,41.2,Rainfed,Kharif,Fallow,16.17,38.53,22.09,18.33,1,1.9
Soybean,Soybean (Oil Grade),Hybrid,27.89,22.12,38.17,660.19,70.25,7.45,111,6.1,28.3,57.73,39.48,4.39,Alluvial,72.77,Sprinkler,Kharif,Millet,16.11,22.15,57.48,37.51,1,3.651
Rice,Rice (Non-Basmati),Traditional,28.63,20.97,39.3,1433.94,79.43,6.01,130,7.02,81.35,51.02,59.39,4.94,Clayey,72.04,Sprinkler,Kharif,Fallow,3.98,94.11,45.27,33.24,1,5.194
Wheat,Wheat (Durum),HYV,21.39,14.91,29.74,471.09,67.18,7.46,134,6.53,90.08,58.09,30.92,2.63,Black,54.44,Sprinkler,Rabi,Pulses,15.35,93.31,50.0,35.22,1,5.282
Maize,Maize (Sweet Corn),HYV,27.59,21.68,35.14,661.3,61.0,6.5,94,5.88,109.94,68.38,55.74,2.12,Black,57.49,Sprinkler,Kharif,Wheat,9.97,119.27,54.21,46.02,1,6.706
Wheat,Wheat (Common),HYV,20.1,14.07,29.58,507.22,68.35,9.95,129,7.36,97.71,47.6,34.01,2.43,Black,61.49,Flood,Rabi,Pulses,14.51,81.31,39.05,27.6,1,5.384
Rice,Rice (Sona Masuri),Traditional,27.31,21.29,35.26,1287.71,76.88,7.33,133,6.14,81.74,39.6,38.78,2.56,Red,77.15,Flood,Zaid,Maize,6.43,56.06,34.97,30.61,0,3.915
Millet,Millet (Foxtail),HYV,31.08,23.73,41.83,448.45,59.32,8.82,73,6.95,30.82,24.75,18.8,2.19,Sandy,42.21,Rainfed,Rabi,Millet,9.19,22.55,12.84,10.54,1,1.479
Rice,Rice (Non-Basmati),Traditional,26.89,20.83,35.58,1479.8,78.88,8.34,122,7.11,80.41,45.76,40.61,2.28,Clayey,70.47,Sprinkler,Kharif,Millet,14.65,66.2,42.26,44.44,1,6.603
Millet,Millet (Sorghum/Jowar),Traditional,28.45,22.9,36.48,485.65,54.33,8.04,92,6.15,62.11,30.38,25.64,2.95,Alluvial,52.28,Rainfed,Rabi,Fallow,4.48,56.11,24.59,26.32,1,1.612
Maize,Maize (Popcorn),Traditional,26.3,20.86,35.52,613.52,63.77,7.89,90,6.54,84.84,59.13,45.52,3.83,Alluvial,61.23,Sprinkler,Kharif,Pulses,1.99,60.15,36.18,27.34,1,4.465
Millet,Millet (Pearl/Bajra),HYV,32.64,27.21,40.97,591.82,52.97,9.45,80,7.04,43.41,24.59,20.03,2.48,Red,46.71,Sprinkler,Kharif,Soybean,13.55,42.71,27.49,26.36,0,3.077
Millet,Millet (Pearl/Bajra),Hybrid,33.26,25.94,40.69,533.95,44.99,10.38,90,7.87,43.08,25.14,20.85,2.71,Loamy,49.29,Rainfed,Kharif,Rice,13.56,60.22,24.15,24.61,1,1.949
Soybean,Soybean (Food Grade),Hybrid,26.69,21.17,33.95,698.99,72.76,7.18,99,6.17,22.23,54.68,36.67,2.9,Black,73.22,Sprinkler,Kharif,Soybean,3.24,30.88,53.49,39.12,1,2.905
Millet,Millet (Foxtail),Hybrid,29.38,21.89,41.24,359.25,61.97,7.43,80,5.99,33.47,22.23,18.69,2.57,Sandy,57.32,Drip,Rabi,Sugarcane,16.55,39.15,22.84,16.99,1,2.265
Millet,Millet (Finger/Ragi),Hybrid,28.81,21.93,36.23,658.66,58.4,7.89,115,5.78,44.32,23.82,16.94,2.27,Black,58.0,Rainfed,Zaid,Sugarcane,11.91,45.58,22.76,19.32,1,2.372
Millet,Millet (Sorghum/Jowar),HYV,30.95,24.06,38.47,667.56,62.5,8.42,109,6.54,65.13,35.23,34.88,2.47,Red,56.54,Sprinkler,Rabi,Wheat,11.83,45.59,21.63,23.91,1,2.085
Millet,Millet (Pearl/Bajra),Hybrid,28.88,21.21,38.76,466.37,44.82,9.65,67,7.52,50.83,27.79,21.5,1.7,Black,42.94,Rainfed,Kharif,Wheat,5.31,59.09,25.6,29.72,1,2.404
Millet,Millet (Pearl/Bajra),HYV,28.71,22.78,40.42,358.78,53.09,8.95,66,6.92,52.12,26.38,22.28,2.9,Sandy,50.7,Flood,Kharif,Fallow,8.83,47.25,26.39,26.04,1,2.186
Rice,Rice (Basmati),Traditional,27.71,21.19,37.89,1125.23,78.85,8.94,148,7.34,72.62,37.95,35.03,3.73,Alluvial,72.31,Sprinkler,Kharif,Rice,1.35,60.34,35.73,34.48,0,3.38
Wheat,Wheat (Common),HYV,21.58,14.98,29.14,530.94,57.27,7.22,119,6.02,88.12,42.33,33.23,2.1,Alluvial,59.92,Flood,Rabi,Fallow,13.74,70.64,39.3,32.98,1,5.418
Maize,Maize (Feed Corn),Traditional,28.58,22.14,37.02,579.04,71.97,8.73,118,6.57,139.66,68.33,69.67,3.88,Alluvial,77.16,Sprinkler,Kharif,Maize,1.64,99.29,51.63,44.49,1,6.589
Wheat,Wheat (Durum),Hybrid,18.94,13.63,28.72,521.62,58.9,8.78,128,7.17,82.57,48.34,31.92,3.65,Loamy,48.81,Flood,Rabi,Sugarcane,2.48,109.18,44.73,43.15,1,4.888
Rice,Rice (Non-Basmati),Hybrid,27.47,20.52,37.56,1510.42,73.56,8.1,140,5.72,85.64,56.42,57.72,2.7,Clayey,67.84,Sprinkler,Kharif,Cotton,14.36,100.2,48.52,52.01,1,7.382
Rice,Rice (Non-Basmati),HYV,29.53,21.79,41.03,1585.49,83.35,8.92,128,7.05,101.83,48.67,59.26,3.17,Loamy,75.02,Flood,Kharif,Fallow,16.73,98.46,46.11,44.45,0,6.194
Millet,Millet (Pearl/Bajra),Traditional,32.23,27.0,39.91,335.52,51.07,8.69,90,6.18,55.43,27.15,27.67,1.32,Loamy,54.35,Sprinkler,Kharif,Fallow,4.61,47.97,23.8,18.49,0,2.29
Soybean,Soybean (Food Grade),Traditional,24.28,18.33,32.67,652.82,71.08,8.97,108,6.33,20.86,56.23,36.9,3.28,Black,63.31,Rainfed,Kharif,Pulses,3.46,20.83,46.74,29.18,0,2.83
Rice,Rice (Non-Basmati),Traditional,28.46,22.89,39.19,1163.53,72.08,8.13,129,6.31,107.96,58.08,56.1,2.82,Desert,86.97,Flood,Kharif,Rice,6.5,69.27,32.09,32.68,0,3.794
Rice,Rice (Basmati),Hybrid,28.17,20.96,39.41,1061.39,83.15,7.93,147,7.34,76.35,33.42,32.59,3.14,Alluvial,74.76,Sprinkler,Kharif,Wheat,17.29,108.1,44.53,50.99,1,4.043
Rice,Rice (Sona Masuri),HYV,28.89,23.7,36.77,1130.2,80.61,8.92,127,6.28,75.18,41.75,38.67,3.2,Loamy,74.2,Sprinkler,Kharif,Maize,4.56,70.67,41.89,40.54,0,7.181
Rice,Rice (Basmati),Traditional,26.92,21.72,38.03,1185.92,82.28,6.76,131,6.41,79.94,34.26,34.51,2.49,Loamy,79.87,Flood,Kharif,Maize,19.04,63.1,27.36,29.11,1,3.421
Maize,Maize (Popcorn),Hybrid,22.4,14.88,32.16,617.06,67.62,7.79,88,6.89,86.42,57.91,41.93,2.72,Loamy,67.68,Drip,Kharif,Cotton,9.87,92.97,56.29,46.61,1,4.192
Rice,Rice (Sona Masuri),Hybrid,30.01,24.71,40.19,1281.03,83.49,6.67,127,6.28,82.39,44.5,44.27,3.64,Alluvial,76.44,Flood,Kharif,Millet,16.86,86.4,47.74,44.34,1,5.06
Rice,Rice (Sona Masuri),Traditional,29.38,22.13,38.38,1191.22,81.33,7.06,134,6.83,82.93,43.13,40.22,3.79,Clayey,82.41,Sprinkler,Kharif,Pulses,17.47,69.57,29.39,33.29,1,4.385
Rice,Rice (Sona Masuri),HYV,30.5,24.25,41.88,1025.61,83.29,6.93,137,5.57,88.29,35.99,37.79,2.27,Red,66.42,Flood,Rabi,Soybean,17.03,77.48,37.24,40.57,1,4.783
Wheat,Wheat (Common),HYV,18.72,13.02,27.43,424.61,51.99,8.72,119,6.15,86.7,41.23,33.1,3.58,Black,41.05,Sprinkler,Rabi,Fallow,3.11,88.59,48.68,32.68,1,6.243
Millet,Millet (Foxtail),Hybrid,30.66,23.64,39.04,503.77,58.65,7.31,65,7.2,35.74,22.78,15.33,1.33,Red,37.25,Sprinkler,Rabi,Sugarcane,14.01,35.68,19.91,20.15,1,2.005
Millet,Millet (Foxtail),HYV,30.8,23.09,38.69,399.39,45.47,8.94,73,5.56,31.21,16.81,16.75,1.85,Loamy,53.33,Rainfed,Rabi,Maize,16.08,38.35,20.54,18.03,1,2.077
Wheat,Wheat (Common),Hybrid,19.43,14.32,29.44,449.7,61.96,8.84,111,6.61,99.09,48.04,31.24,2.86,Loamy,67.93,Flood,Rabi,Pulses,19.92,97.85,51.71,38.04,1,6.23
Maize,Maize (Sweet Corn),HYV,27.95,22.53,35.52,654.78,62.28,7.83,91,6.38,112.23,59.16,46.4,4.35,Alluvial,71.37,Drip,Kharif,Maize,2.47,97.81,57.72,41.89,1,6.236
Rice,Rice (Basmati),HYV,26.33,20.79,36.79,1309.03,79.5,6.69,134,6.92,66.13,36.24,35.27,3.28,Clayey,63.27,Flood,Kharif,Cotton,16.64,42.15,23.91,24.37,1,4.004
Millet,Millet (Finger/Ragi),Traditional,25.26,17.46,32.5,549.57,64.33,8.56,115,5.91,37.22,28.39,20.48,2.31,Sandy,45.04,Sprinkler,Kharif,Fallow,9.15,37.64,23.31,13.65,1,2.263
Maize,Maize (Feed Corn),Traditional,26.79,21.63,37.28,701.03,69.8,8.7,93,6.76,137.01,76.5,57.23,3.98,Alluvial,71.11,Sprinkler,Kharif,Maize,8.84,99.22,49.34,47.01,0,6.715
Soybean,Soybean (Food Grade),Traditional,25.78,19.47,36.6,615.0,70.91,8.37,105,7.47,25.5,57.37,32.47,3.89,Loamy,72.5,Drip,Kharif,Pulses,11.12,16.81,46.97,25.7,0,3.365
Maize,Maize (Sweet Corn),Traditional,22.03,16.49,33.1,663.64,63.87,7.49,91,6.84,107.33,52.32,45.04,2.63,Loamy,68.75,Sprinkler,Kharif,Cotton,14.04,90.67,41.97,33.79,0,4.091
Rice,Rice (Sona Masuri),HYV,28.59,22.31,37.43,1313.98,71.08,8.88,130,6.54,80.01,42.08,42.65,4.01,Clayey,80.87,Flood,Kharif,Rice,19.79,86.13,35.86,40.41,1,4.667
Maize,Maize (Sweet Corn),Hybrid,25.84,20.14,35.1,657.94,60.41,6.9,82,6.12,115.46,68.97,58.6,2.38,Desert,51.37,Flood,Kharif,Rice,12.81,111.44,76.8,51.83,0,4.113
Maize,Maize (Popcorn),HYV,26.45,20.64,37.81,606.01,59.91,8.97,97,6.39,84.17,44.95,41.0,2.7,Alluvial,68.23,Sprinkler,Kharif,Maize,13.27,69.1,29.48,29.57,1,5.119
Rice,Rice (Non-Basmati),Hybrid,31.84,26.82,43.77,1590.23,89.92,7.43,119,5.76,95.46,41.71,52.76,2.85,Clayey,86.65,Sprinkler,Kharif,Pulses,12.03,130.73,55.22,58.05,0,6.944
Millet,Millet (Sorghum/Jowar),Hybrid,30.19,24.71,40.8,415.73,65.57,9.77,125,6.5,60.46,36.36,30.79,3.17,Loamy,51.63,Sprinkler,Kharif,Maize,11.13,81.47,37.06,34.88,1,3.601
Millet,Millet (Sorghum/Jowar),Hybrid,32.41,25.03,40.53,600.58,61.85,7.42,94,6.84,78.89,34.5,30.13,3.34,Loamy,42.83,Sprinkler,Zaid,Fallow,1.26,82.12,42.12,31.2,1,1.753
Maize,Maize (Popcorn),Traditional,26.74,19.87,34.2,588.46,56.97,6.36,99,6.01,84.72,41.07,43.0,3.67,Alluvial,53.66,Flood,Rabi,Fallow,9.64,74.23,39.35,33.16,1,3.525
Millet,Millet (Finger/Ragi),Hybrid,30.64,24.88,41.73,559.24,66.1,8.84,114,5.86,47.47,27.59,18.97,1.84,Laterite,41.55,Rainfed,Rabi,Sugarcane,16.54,43.32,32.18,19.04,1,2.045
Wheat,Wheat (Common),Traditional,18.97,11.49,30.24,409.19,54.18,7.61,115,6.85,98.82,40.39,32.91,1.63,Loamy,57.09,Sprinkler,Rabi,Maize,11.35,94.34,42.55,38.97,1,3.74
Millet,Millet (Finger/Ragi),Hybrid,31.32,24.44,43.02,613.88,65.86,9.34,108,6.83,48.74,28.75,19.13,3.29,Black,60.25,Sprinkler,Kharif,Millet,19.68,37.89,26.81,19.54,1,2.474
Wheat,Wheat (Common),Traditional,19.12,13.98,27.42,451.66,54.29,8.19,122,7.37,86.02,41.59,34.34,1.71,Black,41.32,Drip,Rabi,Maize,8.64,77.14,39.84,24.07,1,4.209
Millet,Millet (Sorghum/Jowar),HYV,27.54,20.13,35.46,670.89,69.5,9.2,126,7.97,78.47,36.7,27.01,1.74,Loamy,56.5,Rainfed,Rabi,Rice,11.1,69.67,35.92,30.79,1,3.022
Soybean,Soybean (Food Grade),HYV,24.42,18.22,33.04,665.29,66.76,7.99,97,6.84,21.3,56.05,33.1,2.01,Desert,60.56,Sprinkler,Kharif,Cotton,1.28,20.4,47.41,36.88,1,2.585
Millet,Millet (Pearl/Bajra),Hybrid,32.92,26.56,44.53,294.08,49.39,9.72,89,6.09,58.2,24.77,22.13,2.35,Loamy,32.33,Sprinkler,Kharif,Pulses,16.67,57.59,30.64,29.85,1,2.961
Wheat,Wheat (Durum),HYV,19.83,13.62,28.18,493.1,57.11,8.92,139,6.83,90.05,56.06,32.67,1.93,Black,63.85,Rainfed,Rabi,Soybean,14.74,72.55,50.09,28.23,1,5.563
Soybean,Soybean (Oil Grade),Hybrid,25.44,18.15,35.9,911.37,68.33,7.44,102,6.31,20.83,53.58,42.27,3.89,Alluvial,79.58,Rainfed,Kharif,Soybean,18.29,15.88,51.96,33.94,1,2.429
Soybean,Soybean (Oil Grade),HYV,26.65,20.75,34.67,943.28,67.32,8.12,112,6.12,25.96,68.17,36.5,3.05,Alluvial,61.12,Sprinkler,Kharif,Cotton,2.33,24.06,65.24,41.9,1,3.392
Maize,Maize (Sweet Corn),Traditional,23.56,16.13,33.16,548.85,73.92,8.89,100,5.99,109.3,56.66,48.55,2.55,Desert,55.44,Drip,Zaid,Soybean,6.92,89.0,47.54,42.69,1,5.497
Soybean,Soybean (Oil Grade),Traditional,26.69,19.99,35.99,947.15,68.02,6.62,111,6.89,20.61,53.73,42.66,2.68,Alluvial,65.79,Rainfed,Kharif,Soybean,11.49,23.49,40.32,29.55,0,3.453
Millet,Millet (Pearl/Bajra),Traditional,32.16,26.0,42.79,425.0,42.15,8.47,73,7.2,41.4,23.06,27.57,2.16,Red,51.97,Rainfed,Kharif,Sugarcane,18.47,44.78,20.46,19.13,0,1.489
Millet,Millet (Foxtail),Traditional,27.12,21.97,34.8,456.17,47.39,7.98,71,6.88,30.97,24.13,15.73,2.1,Red,54.36,Rainfed,Kharif,Millet,9.24,23.82,14.97,12.55,1,1.736
Rice,Rice (Non-Basmati),HYV,28.9,23.49,37.82,1157.93,74.0,6.16,111,6.83,103.23,56.86,45.71,4.37,Laterite,72.86,Flood,Kharif,Cotton,6.7,94.69,37.9,50.54,1,5.168
Millet,Millet (Finger/Ragi),Traditional,31.66,24.84,38.81,423.45,69.6,7.92,130,6.34,30.94,27.39,22.57,2.34,Red,40.49,Flood,Kharif,Pulses,15.28,25.87,18.54,14.39,1,1.451
Rice,Rice (Non-Basmati),Traditional,31.08,24.84,38.26,1260.71,85.27,8.88,131,6.33,119.09,51.64,57.34,4.86,Loamy,81.88,Sprinkler,Kharif,Wheat,2.69,79.22,36.79,37.17,1,7.216
Maize,Maize (Popcorn),Hybrid,26.3,21.08,36.87,672.52,59.48,6.33,91,6.38,92.14,58.33,45.72,2.67,Red,56.86,Drip,Kharif,Maize,14.21,103.26,56.95,54.87,1,5.335
Soybean,Soybean (Oil Grade),Hybrid,27.6,22.15,35.63,794.22,73.63,6.75,111,7.11,22.74,69.08,40.43,3.08,Clayey,76.87,Sprinkler,Kharif,Cotton,1.24,32.23,76.84,39.86,0,4.48
Rice,Rice (Basmati),Traditional,26.44,20.73,37.09,1020.16,71.42,6.02,140,6.1,79.92,32.89,31.49,2.72,Loamy,83.4,Sprinkler,Kharif,Soybean,2.84,60.12,28.66,29.51,1,3.443
Rice,Rice (Basmati),Traditional,25.9,19.5,37.74,1376.49,82.17,6.1,136,6.15,68.73,39.62,38.34,3.47,Red,79.06,Flood,Kharif,Fallow,19.99,48.17,29.01,29.63,0,4.703
Maize,Maize (Sweet Corn),Hybrid,25.28,20.04,36.99,714.03,63.56,8.01,97,6.05,119.7,57.62,53.03,4.09,Black,61.13,Sprinkler,Zaid,Pulses,11.0,94.97,55.57,53.64,1,9.75
Wheat,Wheat (Sharbati),HYV,18.4,10.56,27.22,486.79,56.17,7.33,133,6.08,83.71,40.99,33.78,3.59,Alluvial,57.68,Drip,Rabi,Pulses,15.81,80.76,42.95,37.95,1,4.697
Maize,Maize (Popcorn),HYV,25.75,20.69,33.2,561.99,55.58,6.49,99,6.76,91.85,51.42,46.27,4.0,Loamy,66.86,Drip,Rabi,Fallow,16.85,88.75,44.58,42.4,1,6.841
Maize,Maize (Popcorn),Traditional,23.47,17.88,33.22,692.83,69.06,6.9,92,6.75,89.56,58.42,40.23,4.25,Alluvial,67.85,Drip,Rabi,Wheat,17.09,53.49,26.1,24.18,1,4.966
Millet,Millet (Pearl/Bajra),Hybrid,29.77,23.55,38.36,574.97,52.6,9.74,86,6.63,52.69,25.68,23.97,1.61,Sandy,43.13,Sprinkler,Zaid,Sugarcane,15.32,65.91,25.39,26.51,1,1.719
Millet,Millet (Finger/Ragi),Traditional,26.31,20.36,37.55,625.09,52.07,8.22,114,6.33,48.52,24.13,18.28,3.43,Black,50.61,Sprinkler,Kharif,Soybean,14.3,30.15,20.97,15.89,1,3.672
Millet,Millet (Pearl/Bajra),Hybrid,31.18,23.74,38.75,250.36,56.42,8.63,70,7.13,40.63,25.36,20.57,2.42,Loamy,44.83,Rainfed,Kharif,Rice,16.36,49.66,26.58,27.82,1,1.026
Maize,Maize (Sweet Corn),Traditional,24.08,17.51,35.45,513.33,73.95,7.41,80,6.83,101.17,65.63,54.66,2.13,Black,73.51,Rainfed,Rabi,Cotton,13.94,64.66,34.71,29.94,1,4.152
Rice,Rice (Basmati),Traditional,29.51,23.17,39.26,1472.23,73.18,7.56,131,6.18,62.58,35.37,39.37,2.93,Desert,81.74,Flood,Kharif,Cotton,13.42,51.21,26.45,28.2,1,4.123
Soybean,Soybean (Oil Grade),Traditional,27.33,20.16,38.61,893.34,78.19,7.65,106,7.08,27.45,59.3,35.86,2.99,Alluvial,61.18,Sprinkler,Kharif,Maize,16.44,18.58,54.5,35.47,1,3.403
Wheat,Wheat (Sharbati),Traditional,18.98,11.08,28.06,552.8,56.19,7.93,120,7.34,96.82,43.94,38.94,3.43,Loamy,51.04,Drip,Rabi,Wheat,5.7,78.72,37.97,26.89,1,4.866
Wheat,Wheat (Common),Traditional,18.07,12.76,28.93,493.78,66.65,7.68,126,6.3,97.09,49.11,38.31,3.34,Loamy,49.65,Drip,Rabi,Fallow,13.71,89.02,43.26,39.36,1,3.636
Wheat,Wheat (Sharbati),Traditional,18.88,11.19,29.25,435.32,59.63,7.07,122,6.7,90.46,41.78,31.16,3.43,Black,61.21,Flood,Rabi,Pulses,3.5,70.95,32.17,28.19,0,4.375
Millet,Millet (Sorghum/Jowar),HYV,30.67,24.04,39.76,648.11,61.6,7.76,111,6.52,79.55,39.26,32.79,3.35,Black,51.76,Flood,Rabi,Fallow,8.94,73.26,36.85,32.16,1,3.574
Rice,Rice (Sona Masuri),Hybrid,29.36,24.09,37.39,1080.2,71.63,6.62,120,6.88,78.17,39.43,37.52,2.0,Sandy,62.76,Flood,Kharif,Millet,6.66,90.49,46.48,38.62,1,5.193
Millet,Millet (Pearl/Bajra),Traditional,29.4,24.1,40.66,558.43,49.48,10.37,65,6.04,53.51,22.25,24.54,1.95,Loamy,54.05,Drip,Kharif,Wheat,2.9,38.82,17.13,17.84,1,1.908
Millet,Millet (Finger/Ragi),Hybrid,27.5,21.64,35.05,517.53,53.87,8.16,106,6.99,45.72,27.38,16.5,3.47,Black,61.14,Rainfed,Kharif,Fallow,14.43,46.15,21.07,21.72,1,2.099
Maize,Maize (Feed Corn),HYV,23.17,18.03,31.67,739.7,67.16,6.18,111,5.62,137.82,67.19,67.36,2.65,Loamy,63.32,Sprinkler,Kharif,Pulses,10.52,139.19,62.82,57.03,1,6.975
Maize,Maize (Feed Corn),HYV,26.99,21.38,34.09,721.97,67.88,8.63,113,6.71,130.44,75.21,69.82,3.14,Loamy,73.55,Flood,Kharif,Rice,16.22,120.05,75.08,59.07,1,9.066
Soybean,Soybean (Food Grade),HYV,27.41,19.43,36.62,713.49,76.69,6.01,110,6.98,27.94,45.98,34.24,2.09,Alluvial,55.56,Rainfed,Kharif,Fallow,6.28,26.96,58.42,37.31,0,1.695
Soybean,Soybean (Oil Grade),HYV,26.31,19.84,36.18,897.79,76.25,8.16,116,7.45,26.74,66.23,40.94,3.59,Alluvial,78.62,Rainfed,Zaid,Wheat,10.15,28.3,60.59,40.49,1,2.759
Millet,Millet (Sorghum/Jowar),Hybrid,28.19,21.05,35.92,528.72,68.53,9.96,111,7.97,63.95,33.72,32.65,2.61,Clayey,51.17,Rainfed,Rabi,Cotton,5.67,67.35,33.69,37.31,1,1.485
Wheat,Wheat (Common),Hybrid,17.63,11.63,27.01,447.47,50.25,8.41,119,6.01,83.73,49.09,38.99,2.63,Black,49.12,Flood,Rabi,Sugarcane,9.55,75.81,37.41,26.48,0,4.761
Maize,Maize (Popcorn),HYV,26.55,20.86,33.82,723.82,60.31,7.65,105,6.28,94.35,47.99,42.38,2.45,Loamy,53.47,Sprinkler,Rabi,Fallow,0.93,100.0,56.84,41.26,1,4.963
Rice,Rice (Basmati),Hybrid,25.86,20.05,34.29,1135.45,82.83,6.1,140,6.93,72.03,35.46,35.9,4.8,Alluvial,60.21,Sprinkler,Kharif,Pulses,14.19,66.0,43.49,41.96,1,4.416
Maize,Maize (Sweet Corn),Hybrid,23.84,18.45,31.29,788.07,74.93,8.69,88,6.77,116.69,56.0,51.72,4.87,Loamy,57.0,Drip,Kharif,Rice,14.55,124.85,76.93,60.19,1,9.709
Soybean,Soybean (Oil Grade),HYV,27.28,21.83,37.85,758.69,70.67,7.0,98,6.79,29.04,68.88,35.3,2.92,Black,63.14,Flood,Kharif,Millet,11.68,24.33,59.13,41.1,1,3.878
Wheat,Wheat (Sharbati),Traditional,18.1,12.93,28.92,506.56,61.78,7.87,124,6.46,82.43,45.34,39.45,2.83,Loamy,52.88,Drip,Rabi,Wheat,15.95,72.81,37.05,27.32,1,4.645
Rice,Rice (Sona Masuri),Traditional,26.59,20.76,37.02,1031.09,79.94,8.7,123,5.58,86.67,37.4,44.12,2.78,Red,61.74,Drip,Kharif,Maize,9.27,54.96,27.09,27.08,1,5.46
Maize,Maize (Popcorn),Hybrid,23.93,15.98,32.17,704.63,60.88,8.73,95,6.62,80.57,53.98,45.18,2.95,Loamy,51.29,Sprinkler,Kharif,Millet,16.35,94.08,45.49,53.57,1,6.323
Millet,Millet (Foxtail),Hybrid,27.11,21.6,37.21,339.41,51.09,7.32,84,7.46,39.82,23.74,17.95,1.5,Red,35.27,Rainfed,Rabi,Sugarcane,15.5,46.77,22.41,22.71,1,1.351
Millet,Millet (Foxtail),Hybrid,26.34,21.27,34.82,407.22,57.0,8.71,76,5.53,32.41,15.59,18.78,2.01,Loamy,47.6,Rainfed,Rabi,Rice,19.89,29.41,18.23,17.92,0,2.301
Millet,Millet (Sorghum/Jowar),Traditional,30.67,23.76,42.02,555.45,60.9,8.08,95,6.05,79.83,38.3,31.78,3.47,Desert,40.4,Rainfed,Kharif,Soybean,4.99,60.46,29.06,22.78,1,3.475
Maize,Maize (Feed Corn),Traditional,24.21,17.71,31.6,762.62,70.38,6.37,110,7.02,127.0,70.21,57.13,3.96,Alluvial,69.18,Sprinkler,Kharif,Soybean,1.48,116.16,57.5,47.68,1,5.395
Rice,Rice (Basmati),Hybrid,29.13,23.22,38.12,1158.46,77.01,6.86,145,6.28,62.96,30.99,35.8,3.88,Clayey,69.13,Rainfed,Kharif,Soybean,11.51,67.2,40.33,41.88,1,3.172
Millet,Millet (Sorghum/Jowar),Traditional,28.12,22.52,38.84,590.35,50.3,8.49,124,7.61,68.65,36.17,29.91,3.02,Red,54.22,Sprinkler,Rabi,Cotton,5.2,57.0,31.65,24.09,0,1.861
Maize,Maize (Popcorn),Traditional,26.61,20.45,38.55,616.38,64.31,6.01,92,6.71,99.15,59.94,43.96,2.27,Alluvial,51.89,Drip,Kharif,Wheat,2.17,70.19,32.21,32.9,0,4.372
Rice,Rice (Sona Masuri),Traditional,28.2,21.0,39.83,1300.01,76.63,6.45,132,6.91,72.01,44.45,42.96,3.94,Loamy,62.25,Flood,Kharif,Maize,18.31,61.35,29.81,31.96,1,4.305
Wheat,Wheat (Common),HYV,17.58,10.92,24.77,553.76,69.11,7.92,119,6.53,84.84,40.99,33.26,2.19,Alluvial,57.3,Sprinkler,Rabi,Fallow,16.44,83.73,41.47,36.31,1,5.09
Millet,Millet (Foxtail),Hybrid,27.6,20.32,35.12,440.72,57.47,7.92,85,6.4,31.93,20.93,18.49,2.95,Sandy,51.59,Rainfed,Rabi,Maize,5.35,50.14,22.55,19.81,1,2.068
Millet,Millet (Finger/Ragi),Traditional,29.22,22.98,40.25,650.29,59.28,7.48,111,5.76,35.65,22.96,22.52,2.86,Desert,41.24,Drip,Kharif,Sugarcane,13.81,30.15,15.37,12.45,1,3.064
Wheat,Wheat (Common),Traditional,21.18,15.84,31.63,457.13,65.47,7.03,119,6.32,84.71,41.33,37.28,2.93,Loamy,41.75,Sprinkler,Kharif,Maize,15.74,56.54,27.64,22.03,0,4.216
Wheat,Wheat (Sharbati),Hybrid,21.5,15.99,32.18,429.23,56.51,8.88,120,6.54,89.4,43.91,36.65,3.78,Black,56.69,Drip,Rabi,Fallow,8.74,103.1,50.21,37.09,1,5.374
Wheat,Wheat (Durum),Hybrid,22.53,17.33,32.16,523.25,69.28,9.38,139,7.05,89.45,58.15,34.1,2.79,Black,62.38,Sprinkler,Kharif,Cotton,16.49,90.93,59.74,43.77,1,6.081
Millet,Millet (Finger/Ragi),HYV,28.45,22.15,39.83,405.23,61.25,9.53,126,5.41,46.02,22.9,20.95,2.54,Sandy,54.64,Flood,Kharif,Maize,5.23,39.31,20.9,17.19,1,3.487
Wheat,Wheat (Durum),HYV,21.7,13.97,30.52,567.93,63.76,9.49,127,7.06,86.55,43.59,36.18,3.14,Black,57.09,Drip,Rabi,Fallow,14.92,96.52,41.59,33.74,1,6.648
Millet,Millet (Finger/Ragi),Hybrid,28.44,23.05,40.21,403.7,54.91,9.42,128,5.77,45.75,24.95,15.35,2.62,Red,50.94,Drip,Kharif,Cotton,13.97,42.29,32.3,20.02,1,3.291
Wheat,Wheat (Durum),HYV,19.01,11.35,27.46,516.25,54.36,7.76,129,6.96,87.13,47.53,38.46,3.28,Black,61.76,Sprinkler,Rabi,Millet,1.19,80.8,41.59,32.76,1,4.893
Soybean,Soybean (Food Grade),Traditional,27.72,22.64,35.27,814.59,76.2,7.8,104,6.37,24.61,41.49,37.1,2.98,Red,69.95,Rainfed,Kharif,Fallow,8.25,17.57,40.16,29.34,0,2.064
Millet,Millet (Sorghum/Jowar),Traditional,30.01,23.14,37.29,578.88,59.92,7.3,103,7.74,75.69,36.19,25.86,2.02,Loamy,53.32,Drip,Rabi,Fallow,3.5,56.04,33.22,29.41,1,3.612
Rice,Rice (Non-Basmati),HYV,31.79,25.95,43.34,1305.29,77.72,8.1,131,6.36,98.15,57.59,57.92,2.72,Loamy,69.98,Flood,Kharif,Wheat,15.68,118.68,52.23,54.57,1,5.996
Wheat,Wheat (Common),Traditional,21.42,13.43,29.62,548.62,56.11,9.3,113,7.23,94.66,49.74,30.45,2.45,Loamy,44.76,Sprinkler,Rabi,Fallow,10.03,77.47,38.44,27.12,0,4.457
Rice,Rice (Basmati),Hybrid,26.07,20.89,34.7,1071.84,80.65,7.6,134,7.36,79.98,39.87,38.82,3.18,Loamy,77.16,Flood,Kharif,Rice,8.85,76.21,44.51,45.61,1,4.583
Soybean,Soybean (Food Grade),Traditional,24.08,16.16,31.69,813.16,72.29,6.74,96,7.33,23.96,54.32,39.71,3.46,Alluvial,60.8,Sprinkler,Kharif,Pulses,13.75,29.89,53.08,40.01,1,2.502
Wheat,Wheat (Sharbati),HYV,21.41,13.77,31.31,487.37,59.78,7.48,124,6.41,96.54,42.99,35.22,3.54,Loamy,49.84,Drip,Rabi,Maize,1.92,99.06,40.77,37.97,1,5.676
Rice,Rice (Basmati),HYV,25.92,19.13,34.97,1063.19,70.42,7.87,131,7.26,69.65,37.77,36.73,4.17,Alluvial,72.31,Rainfed,Kharif,Millet,11.5,61.8,36.01,33.41,1,3.297
Millet,Millet (Foxtail),Traditional,29.77,22.46,37.44,347.44,57.72,8.02,70,6.12,30.55,17.18,15.85,1.7,Loamy,35.92,Rainfed,Rabi,Wheat,2.03,28.0,18.78,15.94,1,1.052
Wheat,Wheat (Common),Hybrid,19.34,12.1,27.54,412.77,51.1,7.72,115,6.23,91.59,49.66,30.97,2.18,Black,51.22,Flood,Rabi,Rice,18.0,99.88,54.65,43.54,0,5.915
Rice,Rice (Basmati),HYV,26.35,18.94,36.43,1376.89,76.71,6.93,139,6.48,76.78,32.98,36.6,2.41,Red,77.17,Flood,Zaid,Maize,9.38,74.41,36.87,30.96,0,3.05
Rice,Rice (Non-Basmati),Traditional,30.78,23.85,41.69,1316.04,81.9,7.05,116,6.6,104.22,54.11,53.6,2.88,Black,73.26,Flood,Kharif,Pulses,2.22,71.03,33.04,43.82,0,4.191
Soybean,Soybean (Oil Grade),Traditional,26.33,20.95,35.98,754.21,76.33,7.11,100,6.48,22.65,60.97,35.95,4.21,Red,79.65,Rainfed,Kharif,Maize,14.53,23.43,49.26,31.59,0,3.4
Millet,Millet (Sorghum/Jowar),HYV,29.41,21.59,37.39,693.41,59.73,9.28,96,7.63,65.37,39.36,30.16,3.31,Red,59.33,Rainfed,Kharif,Pulses,7.42,68.66,36.01,33.61,1,1.572
Maize,Maize (Popcorn),HYV,26.83,20.93,36.18,605.6,67.02,8.01,104,6.01,96.29,40.61,46.65,2.45,Red,60.13,Flood,Kharif,Wheat,7.22,85.75,52.31,43.8,0,5.258
Rice,Rice (Non-Basmati),HYV,30.58,23.04,42.12,1556.31,72.29,7.37,126,7.38,97.44,59.71,41.14,4.15,Loamy,79.53,Flood,Zaid,Cotton,10.62,81.98,57.63,46.86,1,6.018
Rice,Rice (Sona Masuri),HYV,28.53,20.88,35.75,1084.93,80.4,8.48,138,6.12,89.58,38.6,42.57,2.76,Black,62.65,Drip,Kharif,Wheat,4.79,92.54,51.56,44.68,1,5.868
Wheat,Wheat (Common),HYV,18.82,13.81,30.04,567.06,63.24,9.7,114,6.33,81.37,45.92,34.96,3.53,Black,54.44,Sprinkler,Rabi,Fallow,9.19,60.92,33.01,23.32,1,7.8
Millet,Millet (Finger/Ragi),Traditional,31.72,26.02,41.52,563.76,52.49,9.09,119,6.6,35.51,29.22,19.39,2.73,Black,48.77,Drip,Kharif,Fallow,12.69,35.82,23.51,16.62,1,3.669
Wheat,Wheat (Common),Hybrid,18.89,12.59,27.93,400.84,55.42,8.5,113,6.85,87.7,46.65,36.66,2.12,Loamy,43.11,Sprinkler,Rabi,Pulses,2.02,102.53,53.83,42.95,1,6.066
Millet,Millet (Sorghum/Jowar),Traditional,31.52,24.2,40.3,409.9,52.58,8.52,127,6.84,70.5,31.73,34.55,2.59,Red,41.62,Rainfed,Kharif,Wheat,15.2,54.93,31.75,27.14,0,1.297
Millet,Millet (Pearl/Bajra),Traditional,34.15,26.27,42.81,438.61,59.84,9.35,68,6.9,41.51,25.1,28.27,1.08,Clayey,41.02,Sprinkler,Kharif,Wheat,11.15,41.5,20.43,17.72,0,1.662
Rice,Rice (Non-Basmati),Traditional,27.94,20.12,35.32,1580.62,74.91,6.03,121,5.6,99.67,49.37,41.55,2.79,Loamy,88.83,Flood,Kharif,Rice,14.81,81.26,34.93,39.02,1,4.209
Maize,Maize (Feed Corn),Hybrid,24.99,19.15,32.1,700.59,63.16,6.41,91,6.16,143.1,65.3,63.28,3.6,Loamy,75.11,Sprinkler,Kharif,Soybean,10.99,151.71,77.14,64.18,0,8.05
Wheat,Wheat (Common),Traditional,19.25,13.93,26.59,541.21,68.26,9.92,126,6.49,96.9,42.25,33.64,3.79,Loamy,57.21,Drip,Rabi,Sugarcane,15.63,67.42,36.61,29.6,1,6.304
Millet,Millet (Foxtail),HYV,27.05,19.16,38.97,367.05,49.31,9.24,61,6.48,32.89,22.12,16.28,2.89,Red,53.56,Rainfed,Kharif,Fallow,15.68,33.88,24.75,15.98,0,1.163
Rice,Rice (Sona Masuri),Traditional,29.04,23.83,36.37,1386.1,72.28,6.88,123,5.69,76.61,38.16,43.02,3.05,Alluvial,75.29,Flood,Kharif,Soybean,4.88,49.0,27.36,28.39,1,4.94
Millet,Millet (Foxtail),Hybrid,31.56,24.67,42.67,356.59,55.28,7.85,68,6.25,32.23,22.72,17.3,1.25,Sandy,54.71,Flood,Kharif,Maize,10.46,35.41,22.98,17.32,0,1.593
Wheat,Wheat (Durum),Traditional,19.66,12.58,29.4,584.99,57.2,7.58,131,6.99,88.82,52.83,37.38,1.81,Black,51.43,Sprinkler,Rabi,Millet,14.48,72.15,43.31,25.66,0,4.028
Soybean,Soybean (Oil Grade),Traditional,27.72,21.45,38.51,713.51,66.17,8.25,120,6.96,29.66,61.37,36.07,4.45,Red,61.05,Rainfed,Kharif,Millet,1.0,19.75,55.69,33.73,0,2.007
Wheat,Wheat (Common),Traditional,19.75,13.72,30.82,468.76,62.88,7.5,123,6.49,86.3,44.23,37.45,3.68,Loamy,49.72,Sprinkler,Rabi,Sugarcane,8.87,70.07,32.82,27.95,0,5.428
Millet,Millet (Sorghum/Jowar),Hybrid,32.13,25.85,41.09,537.78,59.72,8.15,104,6.96,79.82,36.31,33.56,2.48,Black,54.65,Flood,Rabi,Cotton,1.07,81.71,40.69,32.81,1,3.124
Wheat,Wheat (Durum),Traditional,22.53,17.25,31.89,580.47,62.17,7.79,125,7.06,91.7,53.69,32.56,3.58,Clayey,56.24,Rainfed,Rabi,Maize,4.49,76.94,45.9,29.26,1,2.87
Millet,Millet (Sorghum/Jowar),Traditional,29.04,22.65,37.42,476.58,51.62,8.27,111,6.05,67.97,30.82,31.55,2.11,Black,41.61,Sprinkler,Rabi,Sugarcane,8.95,51.38,27.15,27.73,1,2.466
Maize,Maize (Feed Corn),Hybrid,27.23,21.63,36.11,705.29,72.63,6.49,95,6.82,135.09,74.13,56.29,4.56,Red,58.37,Sprinkler,Kharif,Sugarcane,0.55,149.25,68.2,66.6,0,11.7
Wheat,Wheat (Sharbati),HYV,21.54,15.96,30.2,591.15,51.6,8.75,128,7.37,81.18,47.77,37.62,3.3,Alluvial,43.03,Drip,Rabi,Fallow,13.82,89.45,45.67,38.95,1,4.151
Millet,Millet (Pearl/Bajra),Hybrid,32.53,24.86,44.37,406.28,48.62,8.28,88,7.02,54.28,22.12,24.69,2.38,Alluvial,50.12,Sprinkler,Kharif,Sugarcane,19.01,49.63,31.64,29.7,0,2.863
Millet,Millet (Finger/Ragi),Traditional,28.77,23.33,36.93,688.98,53.35,9.88,112,6.0,35.49,20.46,15.37,2.02,Red,55.5,Sprinkler,Kharif,Pulses,13.12,38.2,21.77,16.87,1,2.328
Millet,Millet (Sorghum/Jowar),Hybrid,28.05,20.66,37.65,609.59,58.6,8.21,103,7.29,70.68,32.73,28.65,2.18,Black,63.83,Sprinkler,Rabi,Sugarcane,6.54,50.95,23.87,20.84,1,4.661
Wheat,Wheat (Common),Hybrid,21.5,16.27,29.16,452.17,64.07,7.55,118,6.57,92.23,49.76,37.84,2.9,Black,41.48,Flood,Rabi,Wheat,1.71,102.53,52.04,38.35,1,6.903
Millet,Millet (Pearl/Bajra),Traditional,32.23,25.78,43.41,399.85,50.19,9.74,67,7.62,57.86,20.81,26.53,2.05,Red,36.47,Sprinkler,Kharif,Cotton,2.61,37.39,16.87,21.82,1,1.418
Rice,Rice (Basmati),Hybrid,28.95,23.3,36.28,1265.91,70.93,8.3,150,6.68,70.26,37.13,32.74,2.36,Alluvial,73.9,Rainfed,Kharif,Pulses,11.38,73.7,33.65,37.33,0,3.371
Maize,Maize (Feed Corn),Traditional,27.76,21.28,39.54,614.65,68.69,6.0,114,6.0,129.88,62.42,51.48,3.35,Red,78.8,Flood,Zaid,Rice,6.13,133.21,58.3,59.21,0,3.702
Wheat,Wheat (Common),Hybrid,21.56,14.97,30.38,591.07,65.83,8.41,118,7.47,99.77,43.98,39.88,3.67,Black,42.47,Sprinkler,Rabi,Millet,2.4,93.97,54.63,34.15,1,5.471
Millet,Millet (Pearl/Bajra),HYV,28.87,23.6,38.41,371.94,54.33,9.71,74,7.21,50.33,24.94,23.03,1.15,Red,37.52,Sprinkler,Kharif,Wheat,5.42,35.48,14.07,16.06,1,1.926
Rice,Rice (Non-Basmati),Hybrid,27.3,19.52,35.84,1299.2,83.99,6.88,110,6.05,82.61,41.0,42.31,2.21,Black,84.01,Sprinkler,Rabi,Sugarcane,3.33,125.68,59.28,60.9,1,5.296
Rice,Rice (Sona Masuri),Hybrid,27.75,21.84,39.09,1164.02,71.86,6.03,134,6.26,75.96,36.59,43.3,4.43,Red,68.73,Sprinkler,Kharif,Pulses,13.14,62.18,29.02,29.16,0,5.663
Wheat,Wheat (Durum),HYV,22.71,16.72,31.55,466.71,62.83,8.66,127,6.11,84.69,57.69,32.92,1.84,Black,45.57,Flood,Rabi,Maize,11.78,82.16,51.83,30.62,1,3.911
Wheat,Wheat (Common),HYV,18.97,12.83,26.75,550.71,61.99,7.26,118,6.65,96.42,42.39,37.21,3.82,Black,51.39,Sprinkler,Rabi,Rice,15.47,68.08,41.49,26.91,0,5.314
Wheat,Wheat (Sharbati),Hybrid,19.47,13.19,29.06,545.52,63.38,7.36,129,7.42,84.25,42.25,31.93,2.97,Loamy,59.91,Drip,Rabi,Fallow,11.33,101.5,53.3,38.43,0,5.699
Soybean,Soybean (Food Grade),Traditional,27.58,20.76,36.03,839.35,73.41,6.43,103,6.57,25.26,59.73,37.26,3.84,Loamy,59.54,Rainfed,Kharif,Soybean,2.45,17.7,35.71,23.74,1,3.271
Rice,Rice (Basmati),Traditional,27.88,22.68,35.36,1499.45,74.9,8.24,139,6.01,69.32,35.71,33.04,2.95,Desert,84.03,Sprinkler,Kharif,Soybean,5.02,57.98,30.1,24.31,1,3.83
Rice,Rice (Basmati),Hybrid,29.91,23.2,38.2,1218.5,78.9,6.22,147,7.47,63.8,37.93,39.08,4.83,Loamy,84.0,Flood,Kharif,Pulses,15.58,76.08,41.59,43.56,1,6.38
Millet,Millet (Finger/Ragi),Hybrid,25.03,18.1,34.4,474.13,68.97,7.64,111,6.09,47.49,23.43,15.11,3.12,Black,62.04,Sprinkler,Kharif,Cotton,2.42,35.4,25.72,23.97,0,1.86
Wheat,Wheat (Common),HYV,21.09,14.6,33.03,448.52,52.77,8.12,126,7.28,84.95,46.0,35.89,2.23,Alluvial,47.06,Drip,Rabi,Maize,18.81,93.87,47.56,37.03,1,4.583
Maize,Maize (Feed Corn),Hybrid,28.47,23.28,37.24,563.96,66.43,6.84,91,6.57,139.74,77.46,54.63,4.48,Red,61.55,Flood,Kharif,Soybean,11.21,163.07,71.46,75.95,0,9.044
Maize,Maize (Feed Corn),Traditional,28.83,23.48,39.69,659.38,79.87,8.61,106,6.28,134.8,60.94,50.57,2.84,Red,75.15,Sprinkler,Kharif,Pulses,3.95,88.18,41.58,41.19,0,7.722
Rice,Rice (Non-Basmati),Hybrid,28.87,22.65,40.24,1116.08,87.92,7.96,125,7.19,112.5,49.53,57.05,2.74,Black,65.44,Flood,Rabi,Cotton,12.87,95.07,60.13,53.49,1,5.059
Rice,Rice (Sona Masuri),Traditional,30.25,23.42,41.42,1197.49,77.79,7.85,128,6.19,89.38,35.32,38.35,3.22,Desert,60.04,Flood,Zaid,Sugarcane,13.32,68.51,28.71,28.64,0,2.788
Millet,Millet (Pearl/Bajra),HYV,30.08,23.22,40.81,519.85,40.16,10.3,87,6.1,54.77,29.92,29.78,1.62,Black,54.03,Sprinkler,Kharif,Maize,2.52,57.69,25.73,21.75,1,1.016
Wheat,Wheat (Durum),HYV,22.93,16.46,33.86,612.5,57.95,8.62,129,6.33,88.87,48.63,37.73,3.86,Loamy,50.07,Flood,Zaid,Sugarcane,17.64,88.06,52.74,34.65,0,3.276
Rice,Rice (Basmati),Traditional,28.27,22.69,36.75,1309.81,78.99,7.52,146,6.42,79.27,30.1,37.16,4.12,Black,75.57,Sprinkler,Kharif,Rice,2.24,54.19,26.79,23.48,0,2.751
Maize,Maize (Sweet Corn),Hybrid,22.17,15.2,29.94,515.1,74.65,6.73,99,6.74,111.45,50.63,59.88,2.34,Desert,54.52,Flood,Kharif,Cotton,11.71,125.82,66.66,57.04,1,4.923
Wheat,Wheat (Sharbati),HYV,21.84,14.51,29.4,484.35,62.32,8.99,117,7.31,84.21,48.25,37.18,3.33,Alluvial,49.86,Sprinkler,Rabi,Millet,6.83,85.62,40.2,32.69,1,4.525
Maize,Maize (Feed Corn),Hybrid,24.2,16.85,31.79,678.95,64.23,7.65,94,6.76,136.58,66.48,68.08,2.81,Loamy,58.98,Sprinkler,Rabi,Maize,1.72,159.85,87.91,63.59,0,5.891
Wheat,Wheat (Common),HYV,19.84,13.16,28.64,520.49,62.32,8.58,117,6.88,88.86,45.78,34.69,1.85,Loamy,62.24,Flood,Rabi,Fallow,12.64,90.42,48.62,38.47,1,4.533
Rice,Rice (Non-Basmati),Hybrid,26.91,21.16,35.87,1179.58,85.96,7.07,131,7.31,105.26,47.96,42.41,2.88,Clayey,89.46,Flood,Kharif,Millet,16.07,104.69,64.12,51.58,0,4.627
Millet,Millet (Finger/Ragi),Traditional,27.95,20.56,36.79,511.25,65.25,8.62,108,6.66,38.21,22.5,19.1,3.15,Laterite,54.05,Flood,Kharif,Maize,12.8,31.98,20.66,14.8,1,1.824
Millet,Millet (Sorghum/Jowar),HYV,31.15,23.25,41.21,589.44,67.62,7.54,121,7.12,66.79,37.28,26.4,2.98,Alluvial,49.37,Sprinkler,Kharif,Millet,19.88,70.83,39.37,29.83,1,4.212
Rice,Rice (Sona Masuri),HYV,28.41,21.85,38.44,1388.04,84.74,7.58,132,5.93,73.03,41.39,39.88,2.25,Loamy,76.94,Flood,Kharif,Cotton,1.83,91.54,49.38,46.16,0,4.592
Soybean,Soybean (Food Grade),HYV,28.88,21.15,38.18,727.68,76.05,6.4,93,6.18,23.0,50.87,36.88,2.55,Loamy,67.51,Sprinkler,Zaid,Sugarcane,15.92,25.66,45.54,33.67,0,2.652
Wheat,Wheat (Sharbati),Traditional,21.67,15.28,29.48,591.51,57.73,8.56,123,7.25,85.75,40.14,34.97,3.85,Black,46.83,Sprinkler,Kharif,Sugarcane,18.11,65.82,33.04,27.99,1,3.786
Wheat,Wheat (Common),HYV,19.1,13.03,29.58,502.55,56.75,7.17,130,6.66,91.86,48.87,39.82,3.95,Loamy,56.74,Sprinkler,Rabi,Pulses,10.43,86.31,43.88,32.75,1,4.83
Wheat,Wheat (Durum),Traditional,19.41,13.23,29.79,626.08,52.54,9.21,132,7.3,94.59,43.05,30.21,2.47,Black,61.88,Flood,Rabi,Millet,9.89,60.94,40.62,26.62,1,3.053
Millet,Millet (Pearl/Bajra),HYV,28.08,22.57,39.78,453.96,40.35,8.65,81,6.34,43.14,29.59,29.93,2.25,Red,51.67,Drip,Kharif,Millet,17.89,56.19,27.11,29.35,1,3.189
Millet,Millet (Foxtail),Hybrid,29.87,23.52,40.15,507.66,62.86,8.17,84,7.08,33.38,20.92,17.28,1.69,Sandy,44.13,Sprinkler,Rabi,Cotton,3.84,40.78,21.31,19.36,1,3.226
Millet,Millet (Pearl/Bajra),HYV,29.84,23.75,38.4,506.83,45.38,10.25,67,6.64,58.26,23.86,24.7,2.51,Desert,31.35,Rainfed,Kharif,Rice,10.39,54.79,24.82,20.9,1,2.056
Rice,Rice (Sona Masuri),HYV,29.19,22.71,36.77,1034.94,81.72,6.47,140,6.75,82.24,41.05,39.79,3.42,Desert,75.04,Drip,Kharif,Maize,11.21,73.57,38.31,44.51,1,3.901
Wheat,Wheat (Durum),HYV,18.79,11.79,28.48,611.04,56.39,7.99,134,6.98,94.18,42.77,32.54,1.89,Alluvial,63.69,Drip,Rabi,Sugarcane,11.54,88.43,42.55,31.82,0,3.662
Soybean,Soybean (Oil Grade),Traditional,27.91,22.66,37.95,947.52,69.25,6.6,110,6.56,24.57,60.06,41.91,2.81,Clayey,65.77,Drip,Kharif,Rice,17.29,19.77,43.76,35.0,1,3.037
Rice,Rice (Basmati),HYV,25.38,19.68,36.53,1474.13,74.57,6.79,131,7.39,68.39,30.51,30.39,3.72,Loamy,69.82,Rainfed,Kharif,Millet,19.49,74.19,32.71,39.04,1,3.365
Rice,Rice (Basmati),HYV,29.03,23.63,39.6,1217.72,74.42,6.15,145,6.53,65.03,36.95,37.69,2.73,Black,61.24,Flood,Kharif,Wheat,5.31,62.75,36.12,31.67,1,4.005
Wheat,Wheat (Durum),Traditional,22.89,16.75,31.37,467.99,54.46,7.85,134,7.18,96.84,57.18,39.21,2.09,Alluvial,56.46,Flood,Rabi,Cotton,7.48,75.19,46.75,27.96,1,4.547
Rice,Rice (Sona Masuri),Traditional,29.38,23.6,38.96,1144.68,82.27,6.21,122,5.76,82.63,35.9,44.71,3.58,Red,84.65,Flood,Rabi,Millet,19.15,64.0,34.57,31.3,0,4.589
Soybean,Soybean (Food Grade),Traditional,29.8,23.4,41.36,854.09,61.9,6.69,103,6.99,20.8,56.47,38.87,3.98,Red,58.63,Sprinkler,Rabi,Sugarcane,10.54,26.76,40.5,29.71,0,2.319
Rice,Rice (Basmati),Hybrid,26.9,19.4,38.11,1186.62,79.48,6.29,144,6.07,71.62,34.26,35.48,3.56,Alluvial,68.76,Flood,Kharif,Sugarcane,13.42,69.49,35.84,39.66,1,6.369
Soybean,Soybean (Food Grade),HYV,27.08,20.44,38.71,862.24,61.92,6.64,100,6.35,26.0,40.64,34.51,2.24,Black,74.54,Flood,Kharif,Rice,18.27,25.39,50.13,33.59,1,2.908
Rice,Rice (Non-Basmati),Traditional,30.84,25.09,39.7,1472.46,79.79,6.46,117,6.35,115.97,50.39,50.12,2.19,Alluvial,88.05,Flood,Kharif,Wheat,13.76,81.15,49.87,38.48,1,5.648
Millet,Millet (Sorghum/Jowar),HYV,32.96,26.61,41.8,655.41,54.95,9.41,114,6.58,74.23,37.0,34.9,2.12,Loamy,52.94,Sprinkler,Rabi,Fallow,2.72,68.77,35.29,29.1,1,3.666
Wheat,Wheat (Common),HYV,19.02,12.3,30.96,592.91,60.18,7.29,129,6.02,94.71,48.08,32.04,2.98,Sandy,46.48,Flood,Zaid,Rice,18.71,80.39,46.71,33.88,1,4.722
Rice,Rice (Non-Basmati),HYV,28.13,22.8,39.88,1344.22,80.06,7.86,132,6.7,114.19,47.63,54.8,3.88,Clayey,74.39,Drip,Kharif,Wheat,14.39,90.1,51.53,59.28,1,5.097
Wheat,Wheat (Sharbati),HYV,21.97,16.3,33.32,415.62,52.73,9.62,124,6.26,84.6,45.31,30.53,3.89,Alluvial,49.05,Drip,Rabi,Wheat,19.7,60.8,30.16,23.65,1,5.496
Wheat,Wheat (Durum),Traditional,21.21,14.47,31.84,618.06,67.26,7.53,134,7.24,83.53,42.78,36.49,3.77,Alluvial,47.86,Sprinkler,Rabi,Cotton,6.5,77.02,43.95,28.87,1,3.192
Wheat,Wheat (Sharbati),Traditional,20.24,12.33,28.36,455.62,58.64,9.34,121,7.02,86.23,43.52,39.45,3.22,Alluvial,59.54,Sprinkler,Rabi,Millet,15.31,77.67,38.96,27.63,1,3.637
Soybean,Soybean (Food Grade),Traditional,25.31,19.99,33.81,788.46,71.41,7.82,93,6.4,20.98,45.16,30.81,2.83,Red,61.89,Rainfed,Kharif,Fallow,7.51,23.51,35.54,26.59,1,2.697
Millet,Millet (Finger/Ragi),HYV,30.51,23.04,40.45,484.25,58.05,8.85,110,6.04,36.53,29.89,20.71,2.93,Loamy,42.67,Flood,Kharif,Maize,1.52,49.02,28.55,22.71,0,2.707
Wheat,Wheat (Common),Hybrid,19.02,12.7,29.28,514.81,60.42,9.51,126,6.73,89.78,48.69,35.97,3.57,Black,67.36,Sprinkler,Rabi,Rice,14.84,72.06,37.27,30.64,0,6.431
Millet,Millet (Foxtail),HYV,26.77,19.27,38.34,316.52,62.43,9.06,64,7.21,33.36,19.21,16.31,2.24,Clayey,44.35,Sprinkler,Rabi,Sugarcane,0.91,34.11,15.69,19.49,1,0.966
Wheat,Wheat (Durum),HYV,22.23,15.59,32.24,637.5,61.18,7.02,120,6.07,81.86,45.87,38.11,2.3,Loamy,49.64,Drip,Rabi,Millet,11.03,75.36,39.93,31.44,1,6.591
Maize,Maize (Feed Corn),Traditional,23.24,16.8,33.08,551.81,73.05,7.56,101,6.05,126.03,67.66,69.42,4.36,Red,64.61,Sprinkler,Kharif,Sugarcane,2.06,96.37,63.33,48.73,0,5.473
Rice,Rice (Basmati),HYV,29.3,22.17,38.71,1260.16,84.63,8.9,135,6.35,61.2,35.18,31.24,4.89,Loamy,67.25,Sprinkler,Kharif,Wheat,8.11,65.78,35.86,35.91,1,6.155
Wheat,Wheat (Durum),Traditional,20.11,14.5,28.86,627.02,65.71,8.12,127,6.41,88.72,58.58,32.96,3.49,Loamy,48.95,Drip,Rabi,Millet,12.28,71.5,43.57,30.62,1,4.324
Millet,Millet (Finger/Ragi),HYV,26.19,19.84,35.03,617.15,69.86,9.39,116,5.74,49.07,20.41,19.52,3.04,Loamy,52.68,Rainfed,Kharif,Pulses,4.75,40.66,21.93,17.31,1,2.498
Rice,Rice (Non-Basmati),Traditional,31.67,24.9,40.39,1412.83,88.21,6.82,129,6.16,96.91,53.39,40.34,4.46,Clayey,86.99,Flood,Kharif,Sugarcane,4.17,77.81,47.51,34.25,1,5.261
Wheat,Wheat (Durum),Hybrid,21.04,14.18,30.54,548.75,68.48,8.6,132,6.99,84.63,45.76,30.32,1.54,Black,57.84,Drip,Rabi,Sugarcane,16.71,84.09,55.66,28.65,1,5.588
Millet,Millet (Foxtail),HYV,26.46,19.79,37.11,450.24,58.25,7.78,78,7.48,38.0,19.35,15.6,1.88,Sandy,47.05,Sprinkler,Kharif,Fallow,4.95,36.14,17.2,15.24,1,2.723
Rice,Rice (Sona Masuri),Hybrid,26.67,20.24,35.26,1391.18,84.67,6.96,140,6.4,79.59,37.13,41.6,2.84,Red,76.34,Sprinkler,Kharif,Sugarcane,7.99,76.25,38.07,33.57,1,6.461
Wheat,Wheat (Durum),Hybrid,20.08,13.69,27.8,573.87,54.47,7.37,135,6.66,88.2,52.52,30.81,3.39,Alluvial,64.21,Flood,Rabi,Rice,16.41,108.09,53.86,42.92,1,6.04
Millet,Millet (Foxtail),Hybrid,26.15,18.7,38.07,422.18,48.43,9.55,67,7.16,32.99,20.0,15.59,1.31,Black,55.18,Rainfed,Rabi,Sugarcane,4.06,38.94,23.61,19.42,1,2.476
Millet,Millet (Pearl/Bajra),HYV,31.71,26.61,40.47,297.85,44.36,10.72,82,6.07,58.28,28.51,25.16,1.97,Sandy,39.67,Sprinkler,Kharif,Rice,7.91,41.03,20.03,22.89,1,2.81
Millet,Millet (Pearl/Bajra),HYV,29.19,23.53,40.96,350.36,58.64,9.43,81,7.08,51.78,26.14,23.1,2.95,Black,54.4,Rainfed,Kharif,Wheat,15.89,38.45,23.79,24.85,1,1.572
Millet,Millet (Foxtail),Traditional,29.23,22.67,38.01,304.15,57.58,9.12,79,6.78,34.0,18.56,15.06,2.77,Sandy,54.91,Sprinkler,Kharif,Fallow,9.05,25.28,12.45,11.27,1,2.45
Millet,Millet (Foxtail),Traditional,28.05,20.43,39.26,473.45,48.23,7.61,85,6.85,37.14,21.36,18.63,1.27,Sandy,48.47,Sprinkler,Rabi,Millet,16.86,25.49,15.76,13.61,1,1.978
Millet,Millet (Foxtail),Traditional,26.5,19.38,35.72,434.16,51.0,8.17,75,5.67,35.23,21.1,17.86,1.32,Loamy,51.65,Sprinkler,Kharif,Millet,1.86,28.51,14.84,13.81,0,1.105
Millet,Millet (Finger/Ragi),HYV,31.8,24.29,42.36,665.87,60.02,7.87,124,6.64,46.63,26.86,18.65,3.16,Black,40.14,Sprinkler,Kharif,Millet,11.39,35.72,18.55,14.05,1,3.284
Maize,Maize (Popcorn),Hybrid,24.74,18.13,34.62,623.08,67.95,7.52,101,6.7,87.44,55.56,40.05,4.28,Alluvial,61.92,Drip,Zaid,Soybean,14.46,101.7,64.34,47.97,1,5.218
Maize,Maize (Feed Corn),Hybrid,27.74,22.28,34.78,828.86,69.69,8.96,116,6.67,132.43,68.93,69.79,2.02,Alluvial,58.89,Flood,Kharif,Fallow,12.54,147.9,75.24,71.61,1,7.012
Wheat,Wheat (Durum),Hybrid,21.09,13.92,29.13,641.04,50.16,9.1,120,6.97,80.57,58.98,38.61,3.88,Black,63.28,Drip,Rabi,Millet,11.24,130.09,66.96,52.86,1,5.621
Rice,Rice (Non-Basmati),HYV,30.13,24.16,39.86,1173.64,79.05,8.64,115,5.61,113.9,52.59,49.77,4.67,Loamy,86.13,Sprinkler,Kharif,Rice,2.21,103.78,45.82,45.33,1,5.868
Millet,Millet (Foxtail),Traditional,27.83,21.66,38.43,493.8,63.18,7.26,63,5.78,32.01,17.04,18.66,2.33,Loamy,39.43,Sprinkler,Rabi,Soybean,0.75,25.69,19.7,13.57,1,1.023
Wheat,Wheat (Common),Hybrid,21.3,16.06,32.89,428.57,60.64,7.3,111,6.45,88.4,45.45,34.59,1.56,Black,65.9,Sprinkler,Rabi,Wheat,3.53,101.74,51.64,37.36,1,6.233
Rice,Rice (Non-Basmati),Traditional,26.8,19.34,35.71,1363.79,70.59,6.17,125,6.81,98.65,59.29,57.58,3.93,Loamy,74.3,Sprinkler,Kharif,Rice,16.21,94.88,41.62,45.01,0,6.384
Maize,Maize (Popcorn),Hybrid,24.98,18.04,33.16,691.05,56.37,8.79,104,6.91,93.14,52.48,40.15,2.21,Laterite,57.85,Drip,Kharif,Maize,12.45,73.18,33.28,31.17,0,4.401
Rice,Rice (Sona Masuri),HYV,29.96,22.65,40.44,1328.28,72.62,7.96,137,6.51,77.32,43.43,44.78,2.51,Loamy,74.43,Drip,Kharif,Cotton,6.17,70.23,39.15,35.64,0,5.491
Millet,Millet (Foxtail),Hybrid,27.72,21.05,37.55,549.92,61.51,7.69,75,6.15,38.36,16.14,17.04,1.98,Clayey,44.88,Sprinkler,Kharif,Wheat,7.02,25.59,16.63,12.49,1,2.482
Maize,Maize (Popcorn),Traditional,25.12,19.83,36.09,665.74,63.23,8.41,88,6.08,90.09,43.08,40.6,2.58,Loamy,57.34,Drip,Rabi,Soybean,11.18,75.29,43.88,34.33,1,4.642
Millet,Millet (Pearl/Bajra),Traditional,34.7,26.75,44.93,355.03,43.91,9.64,74,7.01,53.15,24.39,21.5,2.61,Red,43.53,Sprinkler,Kharif,Pulses,1.18,37.62,17.22,14.32,1,1.154
Soybean,Soybean (Oil Grade),Hybrid,28.6,23.18,36.05,809.06,71.89,7.06,115,6.7,25.57,61.57,35.19,4.05,Red,61.13,Sprinkler,Kharif,Fallow,18.39,22.99,58.57,38.21,1,4.064
Wheat,Wheat (Durum),Traditional,22.35,15.11,31.08,603.0,62.55,7.01,135,6.18,97.22,53.09,39.53,1.91,Sandy,56.52,Drip,Rabi,Maize,13.08,78.89,41.42,26.4,1,2.758
Rice,Rice (Non-Basmati),HYV,31.8,26.33,39.73,1563.41,84.11,6.46,136,6.1,82.69,45.05,43.96,3.63,Clayey,80.04,Flood,Rabi,Cotton,9.07,137.97,74.14,76.5,1,4.427
Wheat,Wheat (Sharbati),Traditional,21.41,14.64,30.36,435.94,63.99,9.26,124,6.77,93.74,47.42,37.05,2.19,Alluvial,49.67,Rainfed,Rabi,Wheat,9.6,67.11,39.87,30.59,0,4.094
Millet,Millet (Pearl/Bajra),Traditional,33.02,26.15,44.36,271.83,50.61,8.6,86,7.17,55.2,21.08,20.55,2.77,Black,33.26,Rainfed,Kharif,Wheat,3.81,30.72,16.2,14.08,1,1.651
Millet,Millet (Foxtail),Traditional,26.56,18.93,34.43,431.72,57.21,9.81,79,6.4,36.77,19.81,18.81,2.99,Desert,56.51,Sprinkler,Rabi,Wheat,8.11,27.61,12.91,15.06,1,2.428
Wheat,Wheat (Common),Hybrid,19.55,13.56,27.73,423.95,55.9,8.38,125,6.64,87.83,48.5,30.01,3.63,Black,45.44,Flood,Zaid,Sugarcane,10.56,109.32,53.32,39.42,1,4.642
Soybean,Soybean (Food Grade),HYV,27.33,22.23,38.07,633.77,78.83,7.65,103,7.1,28.0,41.94,37.69,2.4,Red,72.11,Sprinkler,Kharif,Sugarcane,0.81,22.63,50.31,39.19,1,3.923
Maize,Maize (Feed Corn),Hybrid,27.72,21.69,38.23,777.78,72.85,7.75,100,7.39,140.5,70.82,69.66,3.0,Alluvial,61.96,Flood,Kharif,Maize,14.31,154.2,74.24,65.73,1,6.808
Wheat,Wheat (Sharbati),Traditional,20.33,14.94,29.58,559.16,64.56,7.53,126,6.86,94.59,48.51,31.27,2.56,Black,49.94,Sprinkler,Rabi,Fallow,10.85,76.03,37.89,30.18,1,4.205
Rice,Rice (Sona Masuri),Traditional,30.82,25.43,40.85,1399.76,72.08,7.27,126,6.59,85.54,41.72,43.03,2.31,Red,80.92,Flood,Kharif,Cotton,8.41,65.62,30.91,29.37,1,4.657
Wheat,Wheat (Sharbati),Traditional,20.71,15.7,29.84,437.67,61.57,9.02,129,6.68,84.98,44.21,30.22,3.03,Black,58.02,Sprinkler,Zaid,Sugarcane,12.97,75.32,34.45,25.5,1,3.111
Wheat,Wheat (Common),Traditional,21.64,13.89,30.08,402.75,58.78,9.58,127,6.91,83.13,41.08,39.55,2.55,Sandy,59.44,Rainfed,Rabi,Cotton,7.32,77.19,39.98,31.64,1,3.439
Millet,Millet (Foxtail),Hybrid,26.56,21.46,34.28,528.8,59.6,7.28,62,6.81,39.3,22.13,16.88,1.13,Sandy,35.41,Rainfed,Zaid,Wheat,17.64,39.38,25.48,17.36,0,0.969
Wheat,Wheat (Durum),Traditional,19.16,12.16,28.65,607.61,56.25,8.52,123,7.4,90.44,43.47,32.73,1.71,Alluvial,45.7,Flood,Rabi,Cotton,6.66,99.89,54.72,38.45,1,3.228
Wheat,Wheat (Common),HYV,17.29,10.83,26.4,461.05,68.86,9.78,128,7.04,98.18,47.98,36.22,3.94,Alluvial,52.99,Flood,Rabi,Fallow,8.26,84.06,41.32,38.88,1,4.705
Rice,Rice (Basmati),Traditional,27.35,22.13,38.44,1167.84,78.62,7.54,148,7.19,62.83,31.3,36.43,2.59,Alluvial,62.44,Sprinkler,Kharif,Cotton,4.97,48.28,24.82,25.38,1,3.395
Millet,Millet (Sorghum/Jowar),HYV,28.45,22.57,39.57,465.21,63.4,7.97,114,6.86,65.18,36.63,31.94,3.01,Black,60.56,Sprinkler,Rabi,Soybean,4.55,62.51,34.29,30.57,1,1.892
Millet,Millet (Finger/Ragi),Hybrid,30.14,24.39,37.22,698.29,59.44,7.1,118,7.31,34.74,24.13,20.82,3.01,Red,54.13,Sprinkler,Kharif,Pulses,8.43,54.96,22.61,23.74,1,2.415
Rice,Rice (Non-Basmati),Hybrid,31.41,26.14,39.07,1347.75,72.13,7.04,124,6.17,95.28,51.89,41.4,2.77,Black,69.92,Sprinkler,Kharif,Rice,13.22,121.8,47.61,60.57,1,4.855
Soybean,Soybean (Oil Grade),Traditional,27.47,19.53,35.91,669.92,70.04,6.46,105,6.54,27.67,57.31,38.52,2.1,Red,62.35,Rainfed,Kharif,Pulses,0.7,16.66,44.41,35.08,1,2.806
Wheat,Wheat (Durum),HYV,18.49,12.97,25.8,562.03,62.51,9.75,132,6.66,81.62,45.99,31.27,2.34,Black,50.68,Sprinkler,Rabi,Pulses,10.5,88.94,40.07,39.44,1,6.617
Soybean,Soybean (Oil Grade),Hybrid,28.73,22.72,38.69,728.84,75.82,6.26,104,6.45,27.97,63.8,42.89,2.02,Black,61.39,Sprinkler,Kharif,Sugarcane,14.25,27.15,55.54,45.22,1,3.618
Rice,Rice (Sona Masuri),Traditional,27.07,19.7,36.22,1050.92,71.79,6.49,132,5.51,71.86,37.84,35.92,4.23,Black,81.36,Sprinkler,Kharif,Pulses,17.61,56.03,31.44,33.09,0,5.845
Soybean,Soybean (Food Grade),Hybrid,28.37,21.7,38.18,848.94,71.49,8.83,100,7.22,22.22,59.84,36.35,2.96,Red,74.13,Sprinkler,Kharif,Sugarcane,12.32,26.85,39.27,36.92,1,3.058
Rice,Rice (Basmati),HYV,26.95,21.38,36.01,1467.5,76.46,8.63,134,6.1,75.68,32.86,34.33,4.06,Clayey,68.31,Flood,Kharif,Cotton,14.8,75.71,36.01,39.9,1,6.178
Maize,Maize (Feed Corn),HYV,26.64,19.26,38.1,657.65,72.61,7.49,97,6.35,136.99,60.04,62.49,4.55,Laterite,56.37,Drip,Kharif,Rice,15.53,134.27,64.78,51.03,0,8.198
Soybean,Soybean (Oil Grade),Hybrid,25.0,17.93,35.56,655.65,71.27,6.12,111,7.3,23.87,63.58,41.18,2.42,Alluvial,65.38,Rainfed,Kharif,Rice,4.95,24.64,65.06,42.65,1,2.698
Wheat,Wheat (Sharbati),HYV,21.08,13.81,28.49,495.92,54.53,8.95,128,6.95,94.91,43.98,30.33,2.84,Alluvial,52.77,Drip,Rabi,Soybean,9.73,93.79,48.08,35.22,1,6.004
Maize,Maize (Sweet Corn),Hybrid,22.17,15.71,32.87,788.85,72.66,8.68,90,6.1,102.77,65.97,58.06,2.92,Black,71.92,Sprinkler,Rabi,Rice,4.63,117.44,73.82,63.04,1,6.686
Wheat,Wheat (Sharbati),Traditional,19.11,13.6,26.26,430.37,58.02,9.45,118,6.6,87.07,48.96,35.46,3.25,Alluvial,57.22,Sprinkler,Rabi,Soybean,13.56,74.92,38.25,30.47,1,3.476
Rice,Rice (Sona Masuri),Hybrid,29.5,24.15,38.53,1076.69,75.07,6.08,138,5.83,80.28,41.5,39.58,3.42,Red,70.41,Flood,Kharif,Fallow,7.08,84.31,39.54,39.44,0,6.163
Millet,Millet (Pearl/Bajra),Hybrid,34.71,28.46,42.2,291.82,58.11,9.55,75,6.33,43.35,26.97,23.18,1.45,Sandy,47.19,Sprinkler,Kharif,Wheat,7.18,46.53,21.87,27.12,1,2.776
Maize,Maize (Sweet Corn),HYV,24.11,16.81,32.66,667.89,73.79,8.09,85,6.84,106.61,53.96,54.94,2.18,Black,60.6,Drip,Kharif,Rice,19.67,92.57,49.76,45.92,1,6.501
Maize,Maize (Feed Corn),Hybrid,25.78,20.13,37.59,781.23,75.52,7.87,98,6.58,128.11,65.37,51.56,3.96,Alluvial,77.82,Flood,Zaid,Sugarcane,3.01,139.41,56.88,62.74,1,9.925
Maize,Maize (Feed Corn),Traditional,27.41,19.42,38.58,692.58,62.49,8.9,118,5.71,140.47,69.48,59.59,4.17,Loamy,66.25,Sprinkler,Kharif,Fallow,11.85,86.14,51.74,35.39,1,6.38
Millet,Millet (Foxtail),HYV,27.68,22.12,37.57,451.88,54.18,7.28,78,6.14,32.44,19.87,16.09,1.55,Loamy,58.4,Sprinkler,Kharif,Rice,4.35,34.64,20.32,15.05,1,2.187
Millet,Millet (Foxtail),Hybrid,26.6,20.86,34.28,441.13,58.21,7.37,81,7.5,30.61,24.17,15.94,2.78,Laterite,58.36,Sprinkler,Kharif,Soybean,1.25,40.27,25.5,19.11,1,1.672
Millet,Millet (Pearl/Bajra),HYV,28.82,23.51,37.76,477.2,51.62,10.92,74,6.75,41.94,20.79,28.26,1.59,Black,38.82,Rainfed,Kharif,Fallow,17.08,42.06,24.2,20.08,1,2.077
Millet,Millet (Pearl/Bajra),Traditional,29.38,21.8,39.54,510.69,49.77,10.07,72,7.58,42.06,21.93,25.23,2.42,Loamy,52.0,Sprinkler,Zaid,Pulses,6.77,46.62,19.8,21.86,0,1.625
Wheat,Wheat (Sharbati),HYV,20.9,15.72,31.83,433.93,55.36,7.96,122,7.06,92.92,46.24,32.95,2.09,Black,42.46,Sprinkler,Rabi,Cotton,18.43,89.26,49.33,35.5,1,5.142
Soybean,Soybean (Oil Grade),Hybrid,29.08,22.67,36.3,669.46,78.63,7.89,107,6.78,21.12,56.16,37.58,3.83,Alluvial,60.83,Rainfed,Kharif,Maize,13.16,20.38,48.52,31.66,1,4.926
Wheat,Wheat (Durum),Traditional,22.05,14.26,30.98,560.97,51.97,9.9,128,6.05,99.16,51.91,31.08,2.98,Black,50.81,Drip,Rabi,Cotton,11.25,65.67,45.27,25.05,0,4.242
Rice,Rice (Non-Basmati),Hybrid,30.01,24.93,38.89,1447.94,75.05,8.87,133,7.01,101.76,57.54,50.87,2.71,Loamy,86.28,Sprinkler,Kharif,Maize,12.4,117.87,49.1,46.38,1,8.208
Soybean,Soybean (Oil Grade),Hybrid,26.19,18.95,36.65,748.88,74.5,8.48,96,6.42,20.81,56.61,40.91,4.11,Black,64.79,Sprinkler,Kharif,Fallow,12.16,27.86,73.8,39.69,1,4.678
Rice,Rice (Sona Masuri),Traditional,27.17,20.84,38.51,1150.49,75.3,7.34,135,5.85,81.76,44.62,36.04,2.3,Loamy,77.54,Rainfed,Kharif,Fallow,2.85,56.84,35.77,28.11,0,4.001
Maize,Maize (Sweet Corn),Hybrid,25.88,19.88,34.2,777.89,73.49,7.43,86,6.59,113.11,60.56,46.25,4.67,Desert,64.05,Drip,Kharif,Millet,12.81,111.82,60.81,49.95,1,8.433
Rice,Rice (Basmati),Hybrid,26.1,18.81,35.81,1074.8,75.71,7.24,139,7.06,63.35,37.81,35.84,4.86,Clayey,61.06,Rainfed,Kharif,Rice,10.52,86.52,42.1,40.67,1,5.137
Maize,Maize (Popcorn),Traditional,25.43,17.86,36.45,678.67,58.89,6.51,99,6.83,93.09,54.8,48.37,2.56,Sandy,55.87,Flood,Zaid,Wheat,12.57,66.24,47.14,39.7,0,4.293
Rice,Rice (Basmati),HYV,27.93,21.41,37.99,1009.06,83.08,8.8,133,7.38,75.8,30.23,36.51,4.31,Clayey,69.36,Flood,Zaid,Sugarcane,2.89,63.73,38.37,33.32,1,3.19
Wheat,Wheat (Sharbati),Hybrid,17.64,10.79,26.24,424.72,55.9,8.28,134,6.13,94.87,47.2,31.45,2.47,Desert,40.41,Drip,Rabi,Soybean,12.34,103.66,57.47,45.71,1,5.046
Rice,Rice (Sona Masuri),HYV,29.57,24.49,39.47,1336.16,75.7,6.13,128,6.74,78.04,43.29,42.24,4.3,Red,68.15,Sprinkler,Kharif,Fallow,1.04,72.95,38.41,35.2,1,7.617
Maize,Maize (Feed Corn),Hybrid,26.7,18.94,38.01,744.54,68.72,6.49,109,6.2,149.38,78.05,53.02,4.57,Red,70.46,Flood,Kharif,Maize,11.22,159.39,75.73,68.1,1,6.275
Wheat,Wheat (Common),Traditional,17.68,11.59,25.97,523.87,57.35,9.05,124,7.23,80.6,43.5,33.36,2.05,Loamy,63.94,Sprinkler,Rabi,Wheat,12.51,70.72,33.51,30.07,1,3.53
Rice,Rice (Non-Basmati),Hybrid,30.31,22.84,38.43,1268.07,74.47,7.36,133,5.81,110.54,41.41,49.67,4.23,Black,69.81,Flood,Kharif,Sugarcane,8.39,150.31,72.14,58.58,1,7.244
Wheat,Wheat (Sharbati),HYV,18.94,12.93,27.52,530.93,52.68,9.96,130,6.19,82.76,46.48,33.83,3.32,Loamy,58.06,Drip,Rabi,Sugarcane,14.93,99.8,45.66,32.59,1,5.978
Rice,Rice (Non-Basmati),Traditional,31.92,24.55,43.89,1584.15,79.79,8.09,135,6.64,80.31,53.06,53.19,3.96,Black,69.09,Flood,Kharif,Pulses,17.49,66.58,26.74,25.87,1,4.523
Wheat,Wheat (Common),Hybrid,19.12,12.93,27.87,534.32,60.38,8.61,128,7.15,82.04,47.28,32.57,3.9,Alluvial,40.58,Flood,Rabi,Rice,15.05,88.64,46.85,39.0,1,7.8
Millet,Millet (Sorghum/Jowar),Hybrid,31.78,24.32,43.28,497.62,54.31,7.57,91,7.98,64.27,33.48,26.93,3.4,Laterite,57.01,Rainfed,Kharif,Pulses,2.12,63.01,33.21,26.77,1,1.58
Wheat,Wheat (Sharbati),Hybrid,21.28,14.51,28.57,430.65,56.69,8.18,126,7.31,97.3,43.75,36.36,2.99,Clayey,62.22,Rainfed,Rabi,Sugarcane,10.89,109.04,48.82,41.73,1,4.95
Soybean,Soybean (Oil Grade),HYV,28.49,23.24,36.59,891.91,70.39,7.44,112,6.48,28.73,65.93,40.17,2.25,Black,77.08,Sprinkler,Kharif,Maize,16.62,28.06,65.5,37.58,0,2.601
Soybean,Soybean (Food Grade),Hybrid,28.96,22.25,35.96,789.38,77.28,7.51,96,7.31,28.92,54.73,32.61,2.18,Clayey,56.99,Rainfed,Kharif,Wheat,13.86,31.53,63.32,48.72,0,1.414
Millet,Millet (Pearl/Bajra),Hybrid,31.71,24.02,42.14,262.42,55.75,8.57,72,6.6,54.3,20.91,24.53,1.79,Sandy,38.36,Rainfed,Kharif,Wheat,7.59,56.11,23.2,30.04,1,1.816
Millet,Millet (Sorghum/Jowar),Traditional,32.05,24.05,42.99,499.16,59.3,8.36,93,7.8,71.39,34.54,33.65,2.94,Red,44.36,Sprinkler,Kharif,Soybean,0.6,55.32,24.13,20.2,1,2.184
Soybean,Soybean (Oil Grade),HYV,26.71,20.04,35.51,776.45,65.67,7.73,103,6.82,22.07,52.99,35.64,3.22,Black,76.72,Rainfed,Kharif,Wheat,5.68,21.81,63.7,36.64,0,3.444
Wheat,Wheat (Sharbati),Hybrid,17.01,11.63,24.74,543.98,54.28,7.28,122,6.12,89.44,47.17,37.74,3.44,Black,62.82,Sprinkler,Rabi,Pulses,9.16,94.54,47.61,37.19,1,5.718
Wheat,Wheat (Durum),Traditional,19.26,11.59,30.31,482.01,66.53,9.92,138,6.14,95.7,57.05,37.41,2.85,Black,64.32,Sprinkler,Rabi,Rice,16.73,72.31,36.96,24.46,1,3.406
Maize,Maize (Popcorn),Traditional,22.45,17.36,32.41,748.97,68.63,7.38,93,6.32,98.86,46.26,41.97,3.3,Loamy,59.02,Sprinkler,Kharif,Wheat,6.15,72.62,39.37,34.79,1,4.528
Millet,Millet (Foxtail),HYV,31.56,26.17,40.78,304.68,53.81,8.31,74,7.44,38.73,19.11,15.82,2.57,Loamy,47.68,Sprinkler,Kharif,Rice,2.01,28.5,18.01,16.37,1,1.641
Soybean,Soybean (Oil Grade),Traditional,29.24,22.21,40.26,895.6,65.94,6.79,100,7.27,20.71,58.17,43.97,3.68,Black,69.65,Sprinkler,Rabi,Wheat,3.4,21.91,40.85,33.93,1,2.044
Rice,Rice (Sona Masuri),HYV,28.28,20.86,39.2,1165.82,77.51,8.1,126,6.84,85.4,37.49,44.81,2.45,Red,82.85,Sprinkler,Kharif,Soybean,15.23,81.63,41.41,41.62,1,5.556
Rice,Rice (Basmati),Traditional,26.86,19.58,35.55,1476.03,81.07,7.79,140,6.08,66.28,34.99,32.17,4.62,Loamy,62.18,Sprinkler,Kharif,Soybean,4.21,52.79,27.45,26.5,0,5.127
Maize,Maize (Sweet Corn),HYV,26.79,21.12,34.48,563.61,61.17,6.71,87,6.82,117.06,60.98,58.4,3.05,Black,54.47,Drip,Rabi,Sugarcane,7.33,116.0,57.57,52.27,1,6.525
Wheat,Wheat (Durum),Hybrid,22.18,14.59,29.37,648.7,60.05,9.62,124,7.27,96.39,46.11,35.97,2.46,Alluvial,45.26,Flood,Rabi,Sugarcane,18.85,107.67,47.6,35.36,1,4.877
Millet,Millet (Finger/Ragi),HYV,27.9,22.51,35.5,447.93,58.57,9.75,112,7.32,47.84,22.47,23.62,2.73,Loamy,64.05,Rainfed,Kharif,Maize,18.9,35.65,29.76,15.6,0,2.918
Wheat,Wheat (Sharbati),HYV,19.43,11.9,27.18,490.36,59.55,9.84,127,6.65,83.76,40.49,36.19,3.41,Alluvial,55.15,Drip,Rabi,Rice,7.97,80.07,36.83,33.49,1,6.5
Soybean,Soybean (Oil Grade),Hybrid,29.24,21.5,39.27,890.66,73.9,7.57,106,6.82,22.29,63.62,42.12,3.78,Clayey,74.89,Sprinkler,Kharif,Rice,14.41,30.13,68.1,40.79,1,3.892
Maize,Maize (Popcorn),Traditional,23.09,17.22,31.9,637.36,63.34,6.6,101,6.56,83.25,40.29,45.44,2.28,Loamy,61.23,Sprinkler,Kharif,Soybean,17.41,66.4,38.25,34.27,1,5.052
Millet,Millet (Foxtail),HYV,30.36,24.85,40.09,302.56,58.64,9.91,70,5.63,32.1,18.88,19.89,2.62,Sandy,36.75,Sprinkler,Kharif,Maize,6.87,36.2,20.91,17.23,1,1.239
Soybean,Soybean (Food Grade),HYV,26.39,18.87,36.43,803.77,63.08,8.42,106,6.24,28.01,49.44,36.94,2.52,Red,52.07,Sprinkler,Kharif,Pulses,13.03,20.1,49.69,27.52,1,1.672
Soybean,Soybean (Food Grade),HYV,28.35,22.71,36.87,669.24,74.76,6.04,107,6.56,22.86,55.67,33.22,3.14,Alluvial,60.2,Sprinkler,Zaid,Pulses,5.61,16.48,39.22,25.64,1,2.417
Wheat,Wheat (Common),Hybrid,17.93,11.07,25.26,510.5,52.83,8.73,110,6.59,98.22,41.3,32.86,1.67,Alluvial,51.43,Sprinkler,Rabi,Millet,5.06,101.28,50.51,37.54,1,7.8
Rice,Rice (Basmati),Traditional,28.96,22.58,39.62,1073.99,82.79,8.13,148,6.2,71.86,35.99,33.53,3.38,Loamy,60.95,Flood,Kharif,Fallow,17.6,55.4,31.85,27.87,0,3.444
Maize,Maize (Feed Corn),HYV,27.63,20.69,35.25,756.38,71.5,6.5,95,7.16,126.98,72.72,57.56,2.18,Clayey,76.53,Flood,Kharif,Cotton,8.79,114.54,52.38,50.03,1,7.682
Maize,Maize (Popcorn),Traditional,26.85,20.64,34.02,701.9,67.79,7.66,101,6.37,92.66,50.24,44.8,4.05,Alluvial,53.59,Flood,Rabi,Soybean,1.51,75.56,37.11,37.26,1,6.229
Maize,Maize (Sweet Corn),Traditional,27.2,21.97,38.47,700.14,64.75,8.56,97,6.38,102.52,68.1,47.49,3.75,Loamy,55.18,Flood,Kharif,Millet,0.94,92.39,42.82,40.04,1,8.522
Maize,Maize (Sweet Corn),HYV,23.09,15.83,30.13,672.55,72.77,7.29,93,6.08,108.19,59.57,55.99,3.74,Black,58.5,Sprinkler,Rabi,Sugarcane,4.5,91.25,58.38,37.8,1,8.651
Rice,Rice (Non-Basmati),Hybrid,26.21,20.94,34.97,1103.09,79.88,7.08,120,6.8,95.93,41.67,45.81,3.63,Alluvial,71.89,Sprinkler,Rabi,Wheat,14.25,95.88,53.34,44.62,1,5.741
Rice,Rice (Basmati),Traditional,28.71,21.06,37.1,1096.98,83.2,7.97,139,7.11,76.3,36.15,36.88,3.13,Loamy,73.47,Drip,Rabi,Fallow,19.18,65.5,34.38,40.32,1,2.976
Millet,Millet (Pearl/Bajra),Hybrid,33.44,27.73,43.89,385.66,45.23,10.79,66,7.25,43.56,23.09,23.63,2.53,Sandy,35.65,Rainfed,Kharif,Millet,3.92,52.15,20.49,23.04,0,1.267
Wheat,Wheat (Durum),Traditional,18.55,11.98,30.0,471.86,55.39,9.05,134,6.99,82.18,59.07,32.94,2.24,Black,46.15,Sprinkler,Rabi,Rice,7.22,73.57,40.21,30.06,1,3.389
Maize,Maize (Popcorn),HYV,24.7,16.81,32.92,539.96,64.09,8.57,101,6.21,95.74,51.85,47.33,3.69,Loamy,52.55,Drip,Rabi,Soybean,5.24,93.93,49.92,45.38,1,5.114
Millet,Millet (Sorghum/Jowar),Hybrid,27.24,20.31,36.14,622.16,55.18,9.12,107,6.16,69.78,32.99,31.78,2.72,Black,51.34,Drip,Rabi,Fallow,19.24,76.73,43.38,36.28,1,4.33
Millet,Millet (Foxtail),Traditional,31.17,24.67,40.75,529.83,45.34,7.92,75,6.08,39.37,21.78,19.58,1.93,Loamy,47.9,Sprinkler,Kharif,Pulses,19.09,25.16,14.06,12.61,1,1.013
Rice,Rice (Non-Basmati),HYV,30.95,23.45,42.1,1178.92,70.51,8.95,112,6.63,119.72,55.41,50.35,3.17,Black,79.82,Flood,Rabi,Fallow,1.89,90.36,53.15,42.89,1,3.835
Rice,Rice (Basmati),Hybrid,25.61,19.31,34.6,1469.03,72.3,6.03,136,6.5,68.98,35.71,34.36,3.24,Clayey,78.32,Sprinkler,Kharif,Fallow,6.62,78.57,46.59,46.31,1,4.912
Millet,Millet (Finger/Ragi),Hybrid,27.0,21.62,34.58,577.61,52.01,7.58,123,7.21,43.66,26.3,24.23,1.7,Loamy,49.8,Sprinkler,Kharif,Pulses,11.59,33.05,30.84,24.09,1,1.825
Rice,Rice (Non-Basmati),Hybrid,29.06,23.82,39.15,1104.55,85.52,7.95,110,7.05,101.4,55.95,51.92,2.94,Black,79.03,Rainfed,Kharif,Maize,2.45,76.27,44.19,48.82,1,6.653
Rice,Rice (Non-Basmati),Traditional,26.45,18.58,35.63,1411.63,83.33,7.64,127,6.09,100.06,57.33,55.89,4.89,Alluvial,66.8,Sprinkler,Kharif,Rice,13.37,95.31,38.0,33.71,1,8.692
Maize,Maize (Popcorn),Traditional,25.44,18.66,33.84,520.66,65.98,6.93,101,6.5,93.78,59.0,48.86,2.56,Black,66.33,Drip,Rabi,Soybean,18.55,65.4,40.93,34.83,0,3.959
Wheat,Wheat (Durum),HYV,21.45,13.54,28.91,591.38,51.64,7.0,129,6.93,93.52,48.77,30.46,3.09,Black,47.15,Drip,Rabi,Wheat,2.65,82.76,44.92,35.73,0,5.09
Rice,Rice (Non-Basmati),Traditional,28.1,21.77,35.42,1497.85,74.82,7.38,113,7.29,107.67,42.43,41.3,4.92,Clayey,82.03,Sprinkler,Kharif,Cotton,4.94,91.41,43.55,46.14,1,4.379
Maize,Maize (Feed Corn),Hybrid,23.6,16.53,33.64,645.61,72.76,6.29,110,5.63,129.87,79.41,57.97,4.66,Alluvial,58.77,Sprinkler,Kharif,Millet,6.24,151.43,75.56,62.11,1,6.962
Wheat,Wheat (Durum),Traditional,19.96,14.3,29.43,606.38,63.2,8.31,138,6.47,89.19,52.88,35.07,3.09,Alluvial,67.17,Drip,Zaid,Soybean,0.84,66.89,39.6,27.15,1,4.973
Maize,Maize (Popcorn),Hybrid,23.49,15.63,31.97,600.26,61.33,6.07,98,6.29,87.62,51.92,41.06,2.83,Alluvial,67.61,Sprinkler,Kharif,Sugarcane,2.31,99.34,57.81,48.28,1,6.537
Millet,Millet (Pearl/Bajra),Traditional,28.82,21.42,40.32,273.12,41.95,8.18,73,7.86,41.0,27.57,22.85,2.56,Loamy,30.37,Flood,Kharif,Maize,14.53,39.39,21.37,18.91,0,1.752
Rice,Rice (Non-Basmati),Hybrid,30.88,24.12,41.68,1190.94,73.39,8.59,129,6.4,85.11,56.05,51.31,4.7,Red,77.39,Sprinkler,Zaid,Pulses,7.11,89.43,50.13,55.67,1,6.741
Wheat,Wheat (Sharbati),Hybrid,19.2,11.66,30.32,464.91,62.57,8.04,118,6.29,85.28,44.48,33.15,2.26,Alluvial,52.06,Drip,Rabi,Sugarcane,10.53,98.23,46.13,37.73,0,4.316
Rice,Rice (Basmati),Traditional,25.89,18.22,35.1,1071.42,81.46,8.37,132,7.29,69.54,39.95,36.79,2.22,Alluvial,84.82,Sprinkler,Kharif,Sugarcane,3.9,43.21,26.62,23.56,0,3.643
Millet,Millet (Finger/Ragi),Traditional,31.58,25.88,43.25,405.48,69.57,7.82,129,6.05,42.54,27.48,22.47,2.78,Loamy,42.81,Rainfed,Kharif,Rice,18.95,34.19,21.87,13.44,1,2.651
Rice,Rice (Basmati),Hybrid,27.56,21.6,35.4,1131.44,70.54,8.11,143,6.38,73.38,37.47,39.16,4.87,Sandy,60.26,Flood,Kharif,Pulses,16.83,75.57,35.21,34.18,1,3.885
Millet,Millet (Foxtail),HYV,26.56,21.51,35.77,400.89,45.33,9.49,83,7.34,36.09,16.1,18.96,1.45,Loamy,46.97,Rainfed,Kharif,Millet,2.84,26.4,15.64,15.5,1,1.144
Maize,Maize (Feed Corn),HYV,26.23,20.24,37.51,600.82,67.29,7.46,97,6.52,124.83,63.42,66.69,4.11,Black,59.71,Flood,Kharif,Sugarcane,3.25,126.93,71.12,58.76,1,9.8
Wheat,Wheat (Common),HYV,19.72,12.37,31.05,451.04,59.88,8.58,119,6.74,88.82,47.78,34.13,2.3,Black,42.69,Flood,Rabi,Fallow,1.28,89.1,45.21,34.87,1,3.711
Maize,Maize (Feed Corn),HYV,25.85,18.92,37.11,648.0,77.39,7.89,104,7.42,120.53,67.6,52.08,3.15,Loamy,56.43,Flood,Kharif,Rice,16.84,146.14,70.77,53.92,1,7.071
Millet,Millet (Pearl/Bajra),Traditional,32.7,27.67,43.19,494.05,42.76,9.34,70,6.84,43.77,25.16,24.02,2.33,Alluvial,45.07,Rainfed,Kharif,Pulses,15.37,37.19,18.54,16.53,1,1.595
Millet,Millet (Finger/Ragi),Traditional,25.1,17.86,34.1,669.65,52.07,7.07,128,6.41,41.63,24.53,22.91,2.66,Black,45.73,Sprinkler,Kharif,Rice,9.12,19.43,13.53,10.11,1,1.981
Soybean,Soybean (Food Grade),Hybrid,27.92,22.91,36.18,816.18,67.78,7.09,95,7.14,27.41,41.21,37.24,3.89,Loamy,61.84,Rainfed,Kharif,Pulses,3.13,27.31,61.0,42.37,1,3.09
Wheat,Wheat (Durum),HYV,22.72,16.48,32.56,627.05,56.43,9.02,134,6.12,93.99,50.77,31.04,2.91,Red,49.81,Sprinkler,Rabi,Maize,15.99,89.71,51.87,37.9,0,3.635
Wheat,Wheat (Sharbati),Traditional,17.51,12.22,27.03,467.18,52.33,8.74,132,6.6,99.03,44.93,34.85,3.59,Black,49.77,Flood,Rabi,Maize,6.69,67.56,35.19,27.57,1,2.917
Millet,Millet (Finger/Ragi),Hybrid,26.69,19.31,34.88,535.28,58.44,7.21,113,5.9,31.23,24.17,20.69,1.74,Black,62.74,Flood,Kharif,Rice,9.47,48.25,29.89,24.58,1,2.139
Millet,Millet (Foxtail),Traditional,29.9,23.61,39.23,369.35,50.95,9.83,79,6.6,33.1,18.53,17.64,1.79,Red,38.73,Rainfed,Kharif,Pulses,11.17,27.44,18.03,15.01,1,1.565
Millet,Millet (Finger/Ragi),Traditional,29.52,21.76,39.16,618.0,55.43,8.84,121,5.81,30.49,20.81,22.92,1.83,Clayey,48.67,Sprinkler,Rabi,Pulses,6.06,33.36,17.3,12.61,1,1.817
Rice,Rice (Non-Basmati),Hybrid,31.5,25.11,39.02,1328.91,77.52,7.73,124,7.48,115.69,48.32,55.7,4.74,Alluvial,82.82,Drip,Zaid,Millet,1.15,121.35,58.11,64.32,1,6.026
Wheat,Wheat (Sharbati),HYV,21.38,14.36,28.96,553.13,59.44,9.96,133,6.46,98.78,47.1,30.04,2.57,Alluvial,40.44,Drip,Kharif,Millet,7.63,90.76,49.55,39.48,0,2.933
Soybean,Soybean (Oil Grade),Traditional,28.08,21.19,38.73,732.14,69.49,6.73,97,6.25,28.35,68.21,43.94,2.18,Desert,74.56,Sprinkler,Kharif,Cotton,7.77,19.93,47.67,31.46,1,1.666
Soybean,Soybean (Oil Grade),HYV,25.92,20.76,33.93,875.69,72.71,8.9,99,6.06,23.88,57.46,41.04,2.98,Laterite,56.16,Sprinkler,Kharif,Pulses,17.6,33.7,69.58,45.36,1,2.46
Millet,Millet (Foxtail),Traditional,27.64,21.48,37.04,501.83,60.07,8.42,80,6.72,33.12,15.81,19.63,2.2,Black,57.57,Flood,Kharif,Wheat,18.82,24.73,15.29,15.27,0,0.836
Soybean,Soybean (Oil Grade),Hybrid,27.75,20.17,39.15,661.15,72.3,8.48,102,7.34,24.58,58.71,39.2,2.36,Red,68.97,Rainfed,Kharif,Rice,12.51,25.78,57.49,46.79,1,4.144
Millet,Millet (Finger/Ragi),Traditional,28.15,21.45,37.59,604.1,59.52,9.59,130,5.03,42.02,20.68,15.65,2.96,Red,44.63,Sprinkler,Kharif,Pulses,5.79,32.27,16.2,16.78,1,2.108
Wheat,Wheat (Common),Traditional,17.62,10.35,24.93,518.78,63.57,9.34,126,6.02,85.28,49.52,39.1,1.79,Laterite,67.25,Flood,Rabi,Wheat,8.18,77.83,38.51,25.68,1,3.332
Millet,Millet (Finger/Ragi),Hybrid,25.41,19.74,34.74,687.54,62.34,7.15,108,6.2,43.89,23.46,18.6,3.38,Red,62.98,Sprinkler,Rabi,Rice,13.65,54.22,22.89,25.95,1,2.008
Maize,Maize (Popcorn),Hybrid,22.66,15.11,32.08,660.12,65.04,6.82,91,6.8,90.32,58.05,41.61,3.04,Loamy,50.89,Sprinkler,Kharif,Soybean,1.45,98.65,58.13,45.53,1,6.341
Soybean,Soybean (Food Grade),Traditional,27.51,21.95,35.34,855.83,65.03,6.51,106,6.51,20.23,47.08,33.07,2.26,Black,50.86,Rainfed,Kharif,Pulses,15.26,15.65,37.12,26.02,1,2.92
Rice,Rice (Basmati),Hybrid,28.64,21.31,36.24,1000.02,80.68,7.07,148,6.22,61.84,38.15,38.94,4.47,Clayey,82.47,Sprinkler,Kharif,Soybean,8.08,94.81,44.28,45.43,1,5.0
Millet,Millet (Foxtail),HYV,30.5,24.83,40.72,454.11,61.18,9.09,80,7.05,31.81,18.38,15.34,2.93,Loamy,40.67,Flood,Rabi,Sugarcane,7.11,39.78,23.34,16.81,0,1.52
Millet,Millet (Foxtail),Hybrid,26.15,19.64,34.18,548.27,57.95,7.29,78,6.68,35.67,20.5,17.19,2.86,Black,59.67,Rainfed,Zaid,Wheat,9.71,42.44,26.82,21.75,0,1.414
Millet,Millet (Foxtail),Traditional,27.98,21.75,36.14,542.34,64.82,7.83,64,6.81,36.23,15.25,18.05,1.47,Laterite,54.32,Rainfed,Zaid,Soybean,18.22,27.21,17.76,12.53,1,1.151
Soybean,Soybean (Food Grade),Hybrid,29.63,23.66,39.29,891.1,66.77,6.84,105,7.4,26.18,59.3,36.6,3.87,Alluvial,71.39,Rainfed,Kharif,Cotton,7.07,24.84,62.85,42.36,1,1.994
Millet,Millet (Finger/Ragi),HYV,29.46,21.55,38.94,638.22,52.11,8.06,112,5.28,46.76,21.98,16.26,3.2,Laterite,55.55,Flood,Kharif,Maize,17.5,38.97,31.38,24.77,1,2.527
Maize,Maize (Popcorn),HYV,23.04,15.39,33.2,546.26,64.64,8.63,105,5.86,82.2,52.26,48.41,3.36,Alluvial,53.74,Drip,Kharif,Maize,7.36,72.31,46.35,40.65,1,5.408
Soybean,Soybean (Oil Grade),HYV,28.05,22.68,35.6,741.99,71.18,8.97,96,6.6,24.2,63.27,43.18,3.67,Black,65.19,Rainfed,Kharif,Cotton,0.87,22.04,54.09,41.9,1,3.281
Millet,Millet (Pearl/Bajra),Traditional,31.53,26.17,38.59,566.78,48.83,8.69,68,6.22,52.92,25.63,24.78,2.08,Alluvial,30.75,Sprinkler,Kharif,Millet,3.81,38.07,16.35,22.13,1,2.422
Millet,Millet (Foxtail),HYV,27.2,19.84,34.36,367.24,50.16,9.55,80,5.59,30.48,21.95,18.64,2.97,Black,45.69,Sprinkler,Rabi,Pulses,5.18,37.24,21.47,19.7,1,1.414
Millet,Millet (Pearl/Bajra),HYV,32.75,26.46,44.51,506.5,44.63,10.99,70,6.08,40.36,26.62,26.11,1.05,Black,31.77,Rainfed,Kharif,Cotton,8.79,58.76,28.84,26.59,1,1.38
Wheat,Wheat (Common),Traditional,21.25,14.27,28.29,570.98,50.39,9.66,123,7.28,98.45,45.77,39.72,3.89,Loamy,43.3,Sprinkler,Rabi,Sugarcane,13.18,66.0,35.89,30.66,1,6.616
Soybean,Soybean (Food Grade),Traditional,27.58,20.81,35.24,720.32,78.22,6.17,97,6.75,20.27,49.62,33.89,3.27,Black,55.08,Sprinkler,Kharif,Pulses,9.55,17.39,36.52,30.32,1,2.169
Millet,Millet (Foxtail),HYV,31.17,24.26,39.9,487.24,48.93,7.02,69,7.25,31.39,21.69,19.51,2.91,Loamy,36.46,Sprinkler,Kharif,Millet,4.59,35.95,19.65,16.38,1,2.08
Rice,Rice (Non-Basmati),Hybrid,30.7,25.31,41.01,1326.25,88.0,8.09,118,6.48,82.58,49.72,48.53,4.14,Loamy,81.14,Sprinkler,Kharif,Fallow,6.6,93.38,42.83,51.8,0,9.1
Soybean,Soybean (Oil Grade),HYV,27.88,20.89,35.09,843.17,75.4,8.49,113,6.02,26.7,51.11,44.95,2.01,Clayey,68.91,Flood,Kharif,Fallow,12.3,21.93,47.17,36.37,0,3.345
Wheat,Wheat (Durum),HYV,22.58,16.68,30.13,586.3,54.33,8.43,122,6.94,91.26,52.81,37.13,3.32,Black,63.44,Flood,Kharif,Wheat,1.7,94.84,53.73,34.39,1,4.687
Rice,Rice (Sona Masuri),Traditional,30.0,22.22,38.58,1008.61,82.17,6.67,125,6.73,74.32,38.12,39.39,2.68,Loamy,71.53,Sprinkler,Kharif,Sugarcane,13.17,66.05,28.89,31.23,0,5.176
Soybean,Soybean (Food Grade),Traditional,24.25,18.25,32.17,630.77,78.72,8.06,106,7.07,28.45,56.84,35.76,3.35,Red,58.67,Flood,Kharif,Maize,14.7,19.35,32.01,25.6,1,2.868
Millet,Millet (Pearl/Bajra),HYV,32.08,26.16,39.97,307.17,43.39,8.68,84,6.81,40.0,23.04,29.96,2.47,Black,42.6,Rainfed,Kharif,Wheat,11.19,46.78,28.61,24.31,1,1.85
Maize,Maize (Sweet Corn),Traditional,25.09,17.11,33.75,542.36,69.65,8.76,84,6.75,102.29,69.32,47.89,4.77,Alluvial,63.49,Sprinkler,Rabi,Cotton,19.06,87.26,52.44,33.4,1,7.887
Millet,Millet (Sorghum/Jowar),Hybrid,31.48,25.96,40.19,527.28,69.78,9.34,101,6.68,69.46,38.89,34.15,3.18,Laterite,57.81,Rainfed,Rabi,Soybean,13.03,73.49,43.61,34.68,0,3.235
Wheat,Wheat (Durum),Hybrid,21.86,15.41,31.39,501.44,58.65,8.29,137,6.52,82.14,48.37,39.86,3.13,Loamy,55.99,Sprinkler,Rabi,Soybean,8.53,91.38,54.72,41.41,0,7.15
Rice,Rice (Non-Basmati),HYV,30.89,23.11,41.4,1222.58,80.11,6.1,111,6.61,106.67,58.6,53.75,2.96,Red,69.97,Rainfed,Kharif,Fallow,11.22,90.29,45.4,48.23,1,4.712
Millet,Millet (Finger/Ragi),Hybrid,28.85,22.91,36.66,478.37,67.53,7.62,119,5.19,46.74,22.18,22.62,2.47,Black,46.17,Sprinkler,Kharif,Soybean,5.84,52.09,32.61,19.09,1,1.979
Maize,Maize (Popcorn),Traditional,22.12,16.87,30.06,649.98,69.15,7.97,104,6.94,98.2,52.01,44.22,3.41,Loamy,66.04,Drip,Kharif,Fallow,17.59,74.05,47.47,38.63,1,6.691
Soybean,Soybean (Food Grade),Traditional,26.17,18.36,36.6,870.69,65.39,8.15,110,7.33,22.1,57.05,32.2,3.62,Alluvial,57.36,Rainfed,Kharif,Millet,13.1,22.7,42.89,30.02,1,1.531
Rice,Rice (Non-Basmati),Hybrid,30.24,22.32,41.71,1271.22,89.96,6.01,117,5.6,87.23,52.95,42.73,3.77,Loamy,79.19,Flood,Kharif,Soybean,19.65,76.12,40.55,51.01,1,6.351
Soybean,Soybean (Food Grade),HYV,28.58,22.05,38.08,887.33,75.4,6.64,93,6.88,23.93,43.99,39.15,2.81,Loamy,51.35,Rainfed,Kharif,Soybean,13.45,31.79,53.8,37.96,0,1.401
Wheat,Wheat (Sharbati),Traditional,18.6,11.99,27.79,412.69,56.39,9.54,124,7.27,85.45,44.47,31.53,3.31,Loamy,40.1,Rainfed,Zaid,Sugarcane,12.37,70.02,32.76,26.52,1,2.599
Soybean,Soybean (Food Grade),Hybrid,29.94,23.53,39.9,897.49,70.08,7.84,96,6.77,20.66,56.9,36.46,2.03,Desert,50.22,Rainfed,Kharif,Cotton,15.66,30.71,50.59,39.7,1,2.23
Rice,Rice (Sona Masuri),HYV,26.32,19.75,36.58,1068.57,75.57,8.79,131,6.7,88.54,44.74,43.98,2.79,Black,84.06,Drip,Kharif,Sugarcane,15.48,89.25,40.01,38.98,1,4.03
Soybean,Soybean (Oil Grade),Traditional,25.85,20.52,36.41,771.0,70.37,7.36,113,7.16,29.35,64.59,42.85,4.48,Alluvial,65.51,Sprinkler,Kharif,Maize,4.92,17.91,36.62,30.04,1,4.146
Millet,Millet (Sorghum/Jowar),Hybrid,30.53,23.04,37.61,457.86,53.5,7.22,105,7.86,77.38,38.1,27.17,2.56,Loamy,57.65,Flood,Kharif,Pulses,18.37,68.91,42.03,29.39,0,1.537
Rice,Rice (Sona Masuri),HYV,28.4,21.64,39.77,1123.53,80.51,8.59,124,6.97,89.66,37.23,35.66,2.68,Red,69.94,Flood,Kharif,Soybean,7.96,71.26,38.85,38.66,0,5.753
Soybean,Soybean (Food Grade),HYV,24.95,17.76,32.01,877.98,67.7,6.32,107,6.92,29.58,57.03,30.28,3.12,Alluvial,50.88,Sprinkler,Kharif,Maize,10.96,24.0,45.77,33.63,0,2.187
Maize,Maize (Sweet Corn),Traditional,23.21,15.5,30.84,761.34,65.91,7.92,83,6.52,111.03,58.66,45.5,4.79,Loamy,72.9,Sprinkler,Kharif,Sugarcane,11.42,91.32,48.56,37.27,1,8.145
Soybean,Soybean (Oil Grade),HYV,25.64,18.71,37.47,826.74,67.99,6.29,98,7.15,28.93,67.58,42.49,4.5,Alluvial,55.36,Rainfed,Rabi,Millet,9.57,21.99,52.44,42.08,1,3.314
Millet,Millet (Finger/Ragi),Hybrid,26.58,19.58,35.9,489.53,61.13,9.72,100,7.01,30.46,20.45,21.24,2.42,Black,48.6,Sprinkler,Kharif,Sugarcane,8.73,50.69,28.64,22.39,1,3.641
Rice,Rice (Basmati),HYV,26.53,21.43,38.2,1172.59,71.6,7.48,141,6.86,79.71,32.48,30.8,2.21,Red,76.0,Sprinkler,Kharif,Wheat,7.43,75.11,32.67,34.77,0,2.988
Rice,Rice (Basmati),HYV,27.11,21.42,35.11,1018.89,79.65,6.79,146,6.41,76.02,33.77,39.03,2.21,Desert,61.46,Flood,Kharif,Millet,18.26,78.69,30.48,32.1,1,3.37
Rice,Rice (Basmati),Traditional,27.28,19.75,34.86,1127.68,82.42,7.13,139,6.87,62.38,30.36,30.53,4.5,Alluvial,62.95,Drip,Kharif,Soybean,1.28,48.56,22.66,22.55,1,3.681
Wheat,Wheat (Sharbati),Hybrid,17.04,9.88,25.05,473.65,56.04,7.2,135,7.34,82.89,47.75,39.19,3.8,Loamy,57.67,Sprinkler,Rabi,Rice,6.7,92.89,52.37,41.36,1,4.883
Rice,Rice (Sona Masuri),HYV,27.69,21.35,35.53,1346.14,74.37,6.06,123,5.61,85.24,35.46,36.06,3.1,Clayey,71.9,Flood,Kharif,Millet,14.42,71.23,43.54,43.91,1,4.695
Wheat,Wheat (Sharbati),Traditional,17.04,10.79,25.52,423.02,52.58,8.05,127,6.58,97.75,48.29,30.77,3.97,Alluvial,45.75,Sprinkler,Rabi,Fallow,17.53,75.28,39.71,27.62,0,4.395
Millet,Millet (Finger/Ragi),Hybrid,27.72,20.42,36.18,417.3,67.81,9.84,121,6.31,36.3,20.58,20.89,2.48,Red,42.02,Rainfed,Kharif,Soybean,18.6,40.0,25.44,25.88,0,3.469
Rice,Rice (Basmati),Hybrid,26.95,19.96,35.03,1110.54,80.94,7.5,148,6.91,63.34,37.97,37.2,2.26,Clayey,71.6,Flood,Kharif,Maize,12.58,60.13,29.18,36.01,1,6.5
Wheat,Wheat (Sharbati),Traditional,20.75,12.9,28.12,507.99,57.36,7.93,122,6.29,86.56,47.66,34.77,2.27,Laterite,62.36,Sprinkler,Rabi,Cotton,13.79,74.15,35.75,25.79,0,3.309
Soybean,Soybean (Oil Grade),HYV,29.33,23.14,39.92,946.85,79.01,6.72,106,7.3,20.62,57.23,40.24,3.14,Black,56.56,Rainfed,Kharif,Cotton,1.36,26.2,52.3,44.87,1,2.128
Wheat,Wheat (Durum),HYV,22.55,15.83,31.45,589.12,53.64,9.91,133,7.19,89.93,40.14,35.91,3.5,Loamy,51.26,Flood,Rabi,Wheat,1.66,98.09,59.63,32.1,1,5.987
Soybean,Soybean (Oil Grade),Hybrid,25.25,17.75,34.95,679.23,79.18,7.85,105,7.49,23.13,69.59,41.83,3.16,Red,68.6,Rainfed,Rabi,Sugarcane,9.84,25.18,60.72,40.34,1,3.157
Millet,Millet (Sorghum/Jowar),Hybrid,31.65,24.35,38.65,628.07,60.46,9.45,95,6.1,66.39,34.07,26.86,2.86,Loamy,62.63,Rainfed,Kharif,Rice,6.39,46.83,24.89,23.74,1,4.473
Millet,Millet (Pearl/Bajra),Hybrid,33.0,25.77,42.94,513.06,48.48,9.43,78,6.59,53.0,26.63,28.64,1.64,Sandy,46.05,Rainfed,Kharif,Pulses,18.57,51.06,26.9,29.04,1,1.99
Soybean,Soybean (Food Grade),Hybrid,27.71,21.84,35.59,855.47,77.08,7.51,96,6.0,22.17,50.76,33.2,3.48,Black,57.96,Flood,Kharif,Sugarcane,14.66,23.84,48.84,43.1,1,3.124
Maize,Maize (Feed Corn),Traditional,28.64,21.91,39.84,719.62,73.49,7.7,107,5.97,146.35,69.27,63.08,2.8,Alluvial,79.23,Sprinkler,Kharif,Millet,3.09,110.61,63.86,45.75,1,5.492
Maize,Maize (Feed Corn),Hybrid,24.26,17.68,31.78,562.96,71.0,8.33,109,6.76,123.58,71.32,67.94,2.87,Loamy,71.48,Flood,Kharif,Maize,11.19,129.11,64.06,58.59,1,9.303
Wheat,Wheat (Common),Hybrid,18.84,11.67,28.59,596.08,68.16,9.47,129,6.24,99.72,48.03,32.89,3.35,Loamy,44.07,Flood,Kharif,Soybean,12.15,94.13,47.41,36.72,1,6.963
Millet,Millet (Sorghum/Jowar),Traditional,30.46,23.07,38.87,570.91,65.39,7.73,116,6.96,69.79,38.12,29.21,3.17,Sandy,62.81,Sprinkler,Rabi,Millet,16.21,49.82,28.1,22.26,1,3.421
Wheat,Wheat (Sharbati),HYV,19.69,12.9,31.55,490.24,63.76,9.97,126,6.6,95.07,45.45,31.99,2.26,Alluvial,41.75,Drip,Rabi,Rice,9.64,90.39,49.17,38.35,1,4.522
Millet,Millet (Pearl/Bajra),HYV,34.37,28.39,43.3,585.12,44.66,8.38,76,7.85,55.62,23.48,20.25,1.93,Black,39.18,Rainfed,Kharif,Pulses,6.68,40.29,18.8,14.07,1,1.163
Maize,Maize (Feed Corn),HYV,25.24,17.66,35.18,747.22,66.52,8.94,107,5.62,142.98,69.09,66.54,3.44,Red,56.87,Drip,Kharif,Wheat,11.34,127.23,70.35,59.64,1,8.686
Rice,Rice (Basmati),Traditional,28.97,23.68,37.33,1427.55,75.2,8.92,146,6.69,78.84,38.88,31.02,4.23,Alluvial,80.14,Sprinkler,Kharif,Maize,3.93,60.82,27.18,26.69,0,4.06
Maize,Maize (Sweet Corn),HYV,23.28,16.66,30.97,508.81,61.12,8.86,81,6.5,111.0,68.06,40.13,3.69,Laterite,50.62,Drip,Kharif,Sugarcane,20.0,139.57,68.62,62.54,1,5.804
Rice,Rice (Non-Basmati),Traditional,29.71,24.28,41.43,1566.55,74.51,7.84,125,6.2,88.99,45.57,43.61,4.7,Alluvial,69.23,Sprinkler,Kharif,Millet,4.62,78.31,41.12,41.69,1,5.117
Millet,Millet (Finger/Ragi),HYV,26.45,20.37,33.52,447.84,68.14,8.91,130,5.04,33.12,24.7,15.88,2.02,Alluvial,49.69,Drip,Kharif,Wheat,2.42,37.59,28.12,20.16,1,3.055
Soybean,Soybean (Food Grade),HYV,27.67,20.11,34.78,644.22,60.26,8.41,96,6.15,25.19,59.91,30.91,3.81,Alluvial,59.18,Sprinkler,Kharif,Fallow,19.88,27.27,55.65,38.73,0,3.446
Wheat,Wheat (Durum),HYV,18.42,11.35,27.91,618.2,52.93,8.93,130,6.16,97.29,46.63,32.33,2.72,Black,48.65,Sprinkler,Rabi,Cotton,15.6,125.41,76.23,47.93,0,4.11
Rice,Rice (Sona Masuri),Hybrid,28.95,21.48,39.23,1105.72,70.89,6.01,139,6.32,83.58,35.53,35.6,3.96,Loamy,81.49,Flood,Kharif,Millet,9.77,79.33,43.83,47.85,1,7.268
Millet,Millet (Foxtail),Hybrid,30.48,24.91,41.15,383.74,52.46,8.8,67,6.66,35.04,22.42,19.15,1.87,Sandy,59.78,Sprinkler,Zaid,Wheat,12.15,38.31,19.26,17.88,1,2.14
Maize,Maize (Sweet Corn),HYV,25.91,18.51,37.58,738.88,73.64,7.5,85,6.82,101.39,63.82,41.26,4.37,Black,63.81,Rainfed,Kharif,Sugarcane,15.75,110.9,56.73,59.3,1,6.853
Wheat,Wheat (Durum),Traditional,21.12,13.82,29.6,588.12,51.52,8.08,133,6.25,89.55,58.91,33.3,3.15,Alluvial,59.72,Drip,Rabi,Pulses,19.31,67.58,35.54,24.95,1,5.531
Millet,Millet (Sorghum/Jowar),HYV,32.84,25.68,40.59,536.98,61.76,9.76,112,6.8,72.23,32.63,33.86,1.69,Red,60.31,Rainfed,Rabi,Soybean,1.17,66.33,39.71,25.58,1,3.32
Maize,Maize (Feed Corn),Hybrid,27.89,19.96,39.65,676.85,70.64,6.08,117,5.63,127.97,74.21,58.02,2.98,Black,57.6,Sprinkler,Kharif,Sugarcane,1.69,116.5,70.36,61.5,1,10.513
Maize,Maize (Popcorn),Traditional,24.19,16.3,31.58,551.3,58.88,6.85,98,6.66,91.64,40.09,46.35,3.93,Alluvial,64.66,Drip,Kharif,Sugarcane,3.26,45.25,27.29,23.99,1,4.067
Maize,Maize (Sweet Corn),Hybrid,23.05,15.53,30.99,666.39,71.01,6.15,98,6.01,111.15,67.01,55.88,2.76,Black,72.01,Drip,Kharif,Millet,19.25,129.94,68.78,55.15,1,8.487
Maize,Maize (Sweet Corn),Hybrid,22.94,17.6,31.47,579.61,72.28,8.28,98,6.04,108.98,51.74,43.32,4.73,Red,63.53,Drip,Kharif,Maize,11.05,125.64,69.92,45.85,0,7.041
Millet,Millet (Pearl/Bajra),HYV,31.14,26.02,40.58,302.06,40.19,10.19,75,7.28,47.72,25.76,22.3,1.4,Red,43.51,Sprinkler,Kharif,Pulses,12.36,58.21,25.78,22.28,1,1.935
Millet,Millet (Sorghum/Jowar),Hybrid,32.69,24.78,42.54,570.2,58.48,7.64,128,7.55,75.2,30.95,29.52,2.47,Red,58.18,Sprinkler,Kharif,Fallow,16.2,78.89,41.76,31.71,0,3.599
Maize,Maize (Feed Corn),Hybrid,27.72,20.82,39.35,681.7,70.99,7.87,107,5.79,127.61,67.72,59.75,3.39,Red,74.8,Sprinkler,Kharif,Maize,11.83,136.38,69.68,61.34,1,8.614
Maize,Maize (Feed Corn),Hybrid,25.32,19.23,34.16,741.78,70.76,8.27,118,6.9,138.14,77.36,53.3,2.19,Black,75.32,Drip,Kharif,Millet,13.57,105.68,57.2,53.54,0,10.89
Millet,Millet (Pearl/Bajra),Traditional,33.53,26.98,43.5,521.5,41.8,9.3,70,7.47,52.89,29.29,25.87,1.71,Loamy,48.24,Rainfed,Kharif,Maize,8.16,26.44,11.99,13.41,1,1.561
Maize,Maize (Popcorn),Traditional,26.27,20.89,35.34,748.17,65.47,7.94,101,6.96,85.27,42.42,47.97,3.28,Loamy,61.8,Rainfed,Zaid,Wheat,6.2,78.27,37.81,32.6,1,4.075
Maize,Maize (Feed Corn),HYV,26.05,20.63,35.78,748.96,69.83,7.87,105,7.1,144.22,60.93,54.07,2.58,Black,63.06,Drip,Kharif,Pulses,9.23,120.49,52.76,45.08,1,6.317
Millet,Millet (Sorghum/Jowar),HYV,31.89,26.34,41.94,648.34,50.36,8.84,117,6.55,60.69,33.65,27.61,3.24,Loamy,44.62,Sprinkler,Kharif,Sugarcane,3.33,63.76,36.06,33.32,1,2.696
Millet,Millet (Pearl/Bajra),HYV,33.69,26.7,43.23,490.51,58.62,8.39,79,6.92,45.71,25.31,25.59,1.18,Black,44.26,Rainfed,Kharif,Wheat,13.28,53.28,22.51,24.68,1,2.183
Millet,Millet (Sorghum/Jowar),Hybrid,30.76,23.83,38.2,438.16,69.82,9.52,113,7.93,70.56,38.22,33.14,3.27,Loamy,45.14,Sprinkler,Kharif,Rice,10.44,72.87,38.84,37.38,0,2.847
Soybean,Soybean (Oil Grade),Hybrid,29.57,23.16,41.54,683.53,69.4,6.53,111,7.1,23.65,58.73,40.56,3.97,Red,62.99,Rainfed,Kharif,Fallow,10.21,27.74,61.49,44.72,1,3.209
Rice,Rice (Sona Masuri),Hybrid,26.5,18.97,35.35,1120.91,77.37,7.9,134,5.6,81.82,36.17,42.43,4.01,Red,73.6,Flood,Kharif,Rice,5.43,97.38,40.69,48.64,1,7.8
Millet,Millet (Foxtail),Hybrid,28.86,22.76,40.47,326.65,59.16,8.29,65,5.62,34.04,16.77,18.83,2.77,Red,39.47,Sprinkler,Kharif,Millet,12.85,37.16,23.75,18.74,0,1.779
Rice,Rice (Sona Masuri),Traditional,30.37,24.94,41.75,1161.93,74.14,6.91,132,6.84,72.21,42.97,39.47,2.81,Loamy,78.48,Rainfed,Kharif,Cotton,3.91,76.22,36.86,41.01,0,3.87
Rice,Rice (Non-Basmati),Traditional,31.0,24.97,38.87,1375.91,88.9,7.55,135,7.31,94.92,51.7,40.24,3.0,Loamy,66.56,Sprinkler,Kharif,Pulses,2.85,82.8,32.5,33.71,1,4.895
Wheat,Wheat (Sharbati),Hybrid,19.31,13.18,29.47,530.28,59.91,7.83,120,6.35,99.74,47.02,33.88,3.51,Alluvial,51.66,Sprinkler,Rabi,Fallow,10.85,99.81,52.25,39.18,1,5.949
Millet,Millet (Foxtail),HYV,26.71,20.18,37.62,522.56,60.55,8.74,72,7.34,36.79,21.35,17.96,1.15,Red,43.47,Sprinkler,Kharif,Soybean,5.02,36.48,24.69,18.27,0,1.277
Maize,Maize (Popcorn),HYV,26.98,19.68,36.82,552.21,69.53,6.6,97,6.96,86.94,53.66,45.73,2.97,Alluvial,65.76,Drip,Kharif,Millet,5.2,94.89,52.77,49.18,1,5.924
Maize,Maize (Popcorn),Hybrid,24.93,19.52,33.15,726.84,67.29,8.85,89,6.33,85.18,50.49,48.3,2.62,Sandy,52.81,Drip,Rabi,Millet,3.56,91.36,55.41,47.62,1,4.585
Millet,Millet (Sorghum/Jowar),Hybrid,29.11,22.51,36.38,581.38,64.82,8.16,122,6.25,67.75,39.59,34.16,1.54,Loamy,60.49,Sprinkler,Rabi,Soybean,12.79,76.86,34.35,28.71,0,2.979
Millet,Millet (Foxtail),Traditional,29.15,22.3,38.17,329.07,63.66,7.57,64,6.79,30.53,18.94,19.48,2.6,Loamy,41.11,Sprinkler,Rabi,Soybean,8.25,30.56,15.77,12.39,1,1.484
Millet,Millet (Pearl/Bajra),Hybrid,31.92,25.29,40.77,532.77,48.66,8.71,85,7.89,46.24,27.22,23.12,2.28,Sandy,53.41,Sprinkler,Kharif,Pulses,10.86,51.08,24.49,24.38,0,2.315
Millet,Millet (Finger/Ragi),HYV,27.54,20.81,39.45,523.74,65.81,9.82,103,5.37,34.54,25.6,21.61,2.37,Black,56.33,Sprinkler,Kharif,Wheat,7.55,36.82,20.82,20.67,1,2.534
Soybean,Soybean (Food Grade),HYV,29.81,22.99,39.62,656.4,61.72,8.37,91,6.15,22.13,47.82,34.42,2.11,Loamy,59.62,Rainfed,Kharif,Rice,5.96,28.3,46.27,32.94,1,1.981
Rice,Rice (Non-Basmati),Traditional,31.44,25.65,39.85,1306.48,72.79,7.52,140,5.71,90.14,58.38,53.4,2.04,Loamy,70.12,Sprinkler,Kharif,Millet,11.28,67.93,47.41,33.97,1,6.029
Wheat,Wheat (Durum),Traditional,21.65,14.53,30.04,616.67,61.59,8.34,122,6.39,97.01,54.99,39.92,3.11,Alluvial,52.58,Sprinkler,Zaid,Wheat,2.19,64.2,47.5,25.53,1,3.817
Wheat,Wheat (Common),Traditional,17.19,9.87,24.86,592.39,51.63,9.16,127,6.56,98.82,48.05,38.51,3.83,Black,68.11,Sprinkler,Rabi,Pulses,1.71,67.1,37.75,31.58,1,4.695
Rice,Rice (Basmati),Traditional,29.36,23.02,38.07,1069.12,76.59,7.49,142,7.02,68.42,39.61,35.99,4.42,Alluvial,62.73,Sprinkler,Kharif,Sugarcane,10.32,54.48,28.05,31.77,0,4.398
Wheat,Wheat (Sharbati),Traditional,18.42,10.71,28.72,415.53,55.7,8.43,122,7.44,82.18,48.17,39.76,3.41,Loamy,64.17,Drip,Rabi,Maize,1.82,66.8,32.97,29.55,1,5.841
Millet,Millet (Sorghum/Jowar),Traditional,31.18,25.42,40.96,443.42,50.2,9.97,127,7.26,65.32,37.45,26.02,2.77,Loamy,60.1,Drip,Rabi,Fallow,15.94,49.15,29.24,27.39,1,1.818
Millet,Millet (Foxtail),Traditional,30.84,23.04,38.39,438.51,53.03,8.94,61,7.24,39.19,23.13,15.86,1.94,Sandy,45.88,Rainfed,Kharif,Soybean,14.67,28.69,12.51,14.61,1,1.721
Wheat,Wheat (Durum),HYV,19.96,13.8,30.66,466.75,56.44,9.8,139,6.4,89.53,45.77,37.68,3.63,Black,64.57,Flood,Rabi,Soybean,8.85,82.7,56.54,31.44,1,3.449
Millet,Millet (Finger/Ragi),HYV,28.02,20.96,37.87,596.65,58.8,8.21,120,6.64,38.11,21.39,21.99,2.45,Loamy,58.73,Rainfed,Kharif,Sugarcane,4.63,48.45,28.87,20.64,1,2.355
Rice,Rice (Non-Basmati),Hybrid,29.31,22.15,36.91,1447.44,78.99,8.43,112,5.76,114.86,47.16,52.52,2.48,Black,70.15,Rainfed,Kharif,Soybean,8.55,114.32,60.6,59.7,1,6.096
Millet,Millet (Pearl/Bajra),HYV,30.36,24.21,40.86,465.83,47.12,10.07,86,6.9,57.02,21.18,24.32,1.18,Black,30.97,Rainfed,Zaid,Maize,17.65,58.85,29.77,29.44,1,2.008
Maize,Maize (Popcorn),Hybrid,25.53,20.23,34.41,531.16,68.96,8.07,101,5.97,82.47,50.23,42.62,4.42,Alluvial,57.85,Drip,Rabi,Millet,16.87,77.54,54.27,45.52,1,6.96
Rice,Rice (Basmati),HYV,27.73,21.14,37.69,1030.67,75.43,8.17,137,6.34,66.08,33.04,32.3,2.0,Clayey,78.23,Flood,Kharif,Soybean,15.3,64.91,27.65,27.81,1,3.953
Millet,Millet (Sorghum/Jowar),Traditional,28.07,20.23,37.36,557.77,52.74,8.65,111,6.72,79.13,36.56,32.54,2.93,Black,59.97,Rainfed,Rabi,Soybean,8.28,59.74,26.67,27.23,1,3.198
Millet,Millet (Sorghum/Jowar),Traditional,28.48,22.45,36.33,507.46,55.64,9.5,90,7.64,64.72,33.25,31.66,3.48,Black,52.29,Rainfed,Kharif,Maize,3.73,51.56,24.02,18.39,1,2.618
Soybean,Soybean (Food Grade),Traditional,27.0,19.33,34.62,834.4,65.49,6.79,91,7.46,27.79,41.94,37.88,3.69,Alluvial,59.83,Rainfed,Zaid,Sugarcane,18.37,13.23,23.83,22.39,1,1.94
Millet,Millet (Foxtail),Traditional,29.56,21.94,40.0,427.57,54.73,7.96,85,6.55,36.97,15.96,15.83,1.42,Loamy,41.36,Flood,Rabi,Wheat,2.95,25.61,17.59,15.6,1,1.045
Soybean,Soybean (Food Grade),Hybrid,26.97,19.86,34.55,732.88,64.2,6.32,105,6.37,28.47,49.59,36.71,2.94,Alluvial,52.04,Rainfed,Rabi,Rice,15.63,28.75,56.99,39.62,1,3.152
Millet,Millet (Pearl/Bajra),Traditional,31.28,25.93,42.89,376.58,55.51,8.58,78,6.72,53.71,22.51,24.81,1.27,Black,32.85,Rainfed,Kharif,Millet,18.97,40.28,18.97,23.55,1,2.479
Rice,Rice (Sona Masuri),Traditional,26.61,20.37,36.53,1046.61,79.22,7.19,138,6.32,72.66,35.05,37.81,3.51,Sandy,77.79,Flood,Kharif,Sugarcane,1.17,58.59,33.15,34.51,1,3.578
Wheat,Wheat (Sharbati),HYV,17.79,10.79,26.81,588.24,50.24,8.16,125,6.38,83.33,42.22,35.68,3.18,Alluvial,45.5,Flood,Rabi,Sugarcane,10.52,95.42,41.62,35.85,0,3.435
Millet,Millet (Pearl/Bajra),Hybrid,28.98,23.12,38.92,264.25,46.67,8.43,86,7.45,54.04,25.18,27.69,1.91,Clayey,50.5,Sprinkler,Kharif,Cotton,18.84,47.75,28.27,24.54,1,2.795
Millet,Millet (Pearl/Bajra),Traditional,29.57,24.34,38.71,575.12,50.49,10.2,76,7.25,40.5,24.22,22.45,1.67,Sandy,45.6,Rainfed,Kharif,Soybean,7.96,47.88,21.33,16.8,1,0.826
Maize,Maize (Sweet Corn),Hybrid,23.98,17.8,32.73,620.24,73.28,7.78,96,6.15,119.8,55.61,43.18,4.33,Black,70.98,Drip,Rabi,Soybean,15.26,113.96,69.02,64.32,1,7.906
Maize,Maize (Popcorn),HYV,26.28,21.02,37.67,525.21,55.54,8.59,105,6.99,81.65,56.57,49.64,3.43,Loamy,53.38,Sprinkler,Kharif,Wheat,18.57,96.93,59.66,47.44,1,5.463
Millet,Millet (Sorghum/Jowar),Traditional,27.42,19.82,39.21,423.39,58.09,9.57,99,7.19,70.64,33.06,28.48,2.79,Black,60.89,Sprinkler,Kharif,Rice,1.83,50.41,25.55,24.9,1,3.251
Maize,Maize (Feed Corn),Hybrid,24.96,19.38,33.37,749.07,66.18,8.63,108,5.69,131.6,79.06,59.21,3.64,Black,73.56,Flood,Kharif,Cotton,15.91,138.46,69.42,62.9,1,10.416
Rice,Rice (Sona Masuri),Hybrid,27.81,20.26,38.38,1226.59,70.29,6.71,130,5.86,84.61,36.85,41.06,3.57,Red,78.8,Sprinkler,Kharif,Millet,4.59,94.68,40.45,41.37,1,7.8
Maize,Maize (Popcorn),Hybrid,26.07,20.32,33.27,696.84,57.3,6.85,92,6.38,93.85,40.59,43.36,2.89,Loamy,54.89,Drip,Zaid,Rice,7.63,91.71,45.61,50.09,1,5.474
Maize,Maize (Popcorn),HYV,26.45,18.62,34.79,665.36,63.35,8.46,90,6.0,90.02,45.29,48.78,3.36,Black,59.0,Sprinkler,Rabi,Soybean,2.66,72.6,44.48,34.68,1,5.006
Millet,Millet (Foxtail),Hybrid,31.65,24.51,42.69,438.54,56.52,7.11,63,5.96,36.71,18.47,18.95,2.94,Sandy,52.09,Flood,Rabi,Maize,17.48,43.97,16.92,16.66,1,1.819
Wheat,Wheat (Durum),Hybrid,21.21,14.77,31.44,570.51,58.43,8.69,132,6.16,97.26,58.45,34.82,2.56,Alluvial,58.48,Rainfed,Rabi,Soybean,3.65,108.21,48.17,34.38,1,3.183
Maize,Maize (Sweet Corn),HYV,22.68,17.01,32.62,595.06,61.8,8.13,91,5.85,110.14,53.99,54.55,2.27,Alluvial,73.95,Rainfed,Rabi,Soybean,14.44,114.92,58.01,48.46,1,4.017
Wheat,Wheat (Common),Hybrid,21.97,16.86,30.79,484.95,66.06,7.09,118,6.21,83.01,44.84,31.16,1.81,Loamy,47.69,Sprinkler,Rabi,Millet,2.83,96.51,47.84,34.37,0,7.086
Millet,Millet (Foxtail),HYV,26.39,20.73,33.88,490.79,59.27,7.9,72,7.21,39.92,18.78,16.06,1.33,Loamy,41.53,Sprinkler,Rabi,Wheat,13.21,34.81,18.36,17.98,1,1.343
Wheat,Wheat (Common),Hybrid,18.81,13.15,26.2,567.39,67.41,8.35,116,6.51,95.08,48.43,36.1,2.46,Clayey,58.41,Rainfed,Rabi,Cotton,16.22,73.65,31.77,24.29,0,4.188
Soybean,Soybean (Oil Grade),Hybrid,26.68,20.96,35.02,949.54,77.29,8.22,97,6.06,23.55,69.0,38.29,3.75,Red,65.43,Rainfed,Zaid,Cotton,8.52,22.88,72.6,49.23,1,2.564
Soybean,Soybean (Oil Grade),Traditional,27.21,20.4,37.64,867.32,69.82,8.17,102,7.01,28.62,67.81,36.57,3.19,Alluvial,65.93,Sprinkler,Kharif,Soybean,6.19,17.02,43.04,29.93,0,2.167
Rice,Rice (Non-Basmati),Traditional,27.6,21.77,37.22,1315.38,82.96,7.09,137,6.11,116.2,57.39,44.75,2.24,Loamy,80.68,Rainfed,Kharif,Sugarcane,13.08,90.56,34.47,45.16,0,3.508
Wheat,Wheat (Durum),Traditional,19.53,11.73,28.44,493.96,52.92,8.9,131,7.38,89.75,41.27,32.29,2.95,Loamy,47.2,Flood,Rabi,Sugarcane,8.43,73.76,42.78,24.56,1,4.138
Millet,Millet (Sorghum/Jowar),Hybrid,28.83,23.57,36.99,455.5,59.24,9.94,121,7.89,70.48,35.4,26.05,1.87,Laterite,61.85,Rainfed,Kharif,Soybean,9.65,74.36,34.85,32.35,1,2.648
Soybean,Soybean (Oil Grade),Traditional,27.3,22.22,36.59,873.15,70.66,7.93,100,6.45,25.95,62.61,37.85,3.46,Red,76.61,Rainfed,Kharif,Pulses,1.87,20.76,51.74,30.8,1,2.732
Rice,Rice (Non-Basmati),Hybrid,30.42,23.78,42.18,1191.57,82.12,6.63,134,5.69,87.63,40.14,43.63,2.99,Red,78.46,Flood,Kharif,Millet,8.44,105.93,44.58,45.28,1,8.478
Rice,Rice (Non-Basmati),Hybrid,29.24,22.7,37.03,1286.09,83.46,8.77,112,5.59,80.07,47.01,44.83,2.19,Black,69.49,Flood,Kharif,Pulses,15.29,104.88,47.44,54.38,1,6.957
Soybean,Soybean (Oil Grade),Hybrid,28.62,21.41,36.62,744.04,76.99,7.5,119,6.97,23.8,63.02,38.59,3.28,Red,74.01,Sprinkler,Kharif,Wheat,9.36,27.86,69.72,44.54,1,2.877
Rice,Rice (Basmati),Hybrid,28.66,21.18,36.39,1416.46,78.1,8.53,143,6.16,75.36,35.0,34.34,2.75,Loamy,73.69,Sprinkler,Zaid,Maize,16.66,73.14,35.57,35.32,1,4.953
Wheat,Wheat (Durum),Traditional,21.91,15.94,29.64,501.34,55.13,8.75,127,6.86,91.21,47.98,39.8,1.59,Black,50.4,Rainfed,Rabi,Millet,18.34,79.0,44.08,26.22,1,2.659
Soybean,Soybean (Food Grade),Hybrid,24.88,17.35,32.34,673.61,74.82,8.64,101,6.63,21.66,40.51,33.47,3.72,Black,52.52,Flood,Kharif,Soybean,9.81,27.51,46.59,40.5,1,2.634
Rice,Rice (Sona Masuri),Traditional,29.26,23.32,38.52,1008.04,80.4,8.65,123,6.62,81.93,44.02,37.01,3.9,Loamy,77.12,Rainfed,Zaid,Soybean,1.44,51.82,25.07,24.59,0,3.585
Wheat,Wheat (Sharbati),Hybrid,17.4,11.77,25.6,498.43,58.05,7.44,121,7.24,92.67,42.78,39.1,2.63,Loamy,47.98,Drip,Rabi,Sugarcane,15.83,92.23,54.16,41.9,1,5.694
Rice,Rice (Non-Basmati),Hybrid,27.63,22.5,36.45,1289.95,86.11,7.96,118,6.54,104.32,47.65,59.75,4.12,Clayey,72.28,Flood,Kharif,Maize,4.7,131.94,48.43,55.51,1,7.059
Millet,Millet (Pearl/Bajra),HYV,29.41,22.61,39.95,281.14,45.79,9.52,84,7.21,40.84,27.82,27.9,1.38,Alluvial,31.06,Flood,Kharif,Pulses,12.48,44.96,25.14,28.38,1,1.647
Maize,Maize (Sweet Corn),Hybrid,23.51,16.58,34.92,696.79,71.57,8.51,99,6.28,108.72,61.18,40.98,3.77,Desert,52.21,Drip,Kharif,Pulses,10.84,108.75,64.01,47.37,1,5.956
Rice,Rice (Non-Basmati),Hybrid,31.12,25.46,39.02,1107.8,74.21,7.56,121,6.39,91.4,57.92,57.23,2.49,Alluvial,65.65,Drip,Kharif,Fallow,17.76,90.3,55.75,50.63,1,5.847
Maize,Maize (Sweet Corn),Traditional,26.14,20.35,37.83,569.21,71.99,8.27,99,6.79,112.41,60.58,54.43,2.11,Alluvial,51.54,Drip,Rabi,Pulses,5.61,72.91,35.01,35.6,1,7.717
Millet,Millet (Foxtail),Hybrid,31.03,25.03,39.8,448.18,59.41,7.46,71,6.83,38.45,21.0,18.72,1.63,Red,43.17,Rainfed,Kharif,Maize,9.35,39.62,20.23,19.87,1,1.826
Soybean,Soybean (Food Grade),Traditional,25.47,19.57,36.83,741.76,68.29,7.64,91,7.06,27.43,44.82,33.88,3.84,Black,62.13,Drip,Kharif,Wheat,10.66,22.61,34.29,25.31,0,3.557
Maize,Maize (Sweet Corn),HYV,23.59,17.41,35.42,662.31,66.48,6.59,98,6.56,100.77,51.67,40.11,2.66,Desert,54.57,Drip,Rabi,Pulses,8.99,103.35,61.9,56.44,1,7.816
Rice,Rice (Non-Basmati),HYV,29.47,21.52,38.56,1206.02,80.43,7.95,130,6.35,93.67,53.51,45.92,3.05,Clayey,75.89,Flood,Kharif,Sugarcane,17.66,119.54,54.2,50.41,0,5.627
Rice,Rice (Sona Masuri),HYV,29.08,21.2,37.73,1304.35,77.97,6.66,136,6.59,74.52,39.97,39.58,2.1,Red,80.86,Flood,Kharif,Pulses,15.2,85.95,44.01,37.14,1,6.019
Rice,Rice (Sona Masuri),Traditional,26.61,21.14,36.33,1109.67,73.33,7.73,126,5.53,89.85,39.92,39.76,3.55,Alluvial,60.2,Sprinkler,Kharif,Wheat,14.5,70.07,29.21,35.51,1,5.998
Wheat,Wheat (Durum),Traditional,18.79,13.36,28.58,459.29,57.87,8.2,131,6.45,86.6,40.24,38.06,3.89,Black,52.23,Sprinkler,Rabi,Fallow,9.94,85.97,49.77,35.3,0,3.571
Maize,Maize (Popcorn),Traditional,24.35,16.47,35.22,530.26,69.26,7.73,103,5.91,94.29,58.45,44.52,3.91,Black,64.56,Drip,Zaid,Pulses,19.93,77.16,34.16,37.9,1,3.212
Maize,Maize (Feed Corn),Hybrid,26.95,18.95,37.61,805.6,64.52,6.32,105,5.56,131.24,77.9,55.76,3.87,Red,59.6,Flood,Kharif,Soybean,11.85,138.08,66.75,61.13,1,9.773
Maize,Maize (Popcorn),Hybrid,23.96,17.55,32.64,538.27,69.58,7.34,98,6.03,82.88,43.63,47.56,4.41,Alluvial,54.22,Sprinkler,Kharif,Fallow,3.61,87.3,39.85,39.01,1,6.061
Millet,Millet (Sorghum/Jowar),HYV,28.0,22.04,35.62,550.33,54.74,7.49,101,7.11,68.6,30.76,29.39,2.11,Black,64.46,Sprinkler,Rabi,Cotton,1.92,61.04,39.88,34.62,1,5.026
Millet,Millet (Sorghum/Jowar),HYV,31.99,25.76,43.95,445.18,50.22,8.09,109,7.42,77.25,36.42,30.32,2.99,Loamy,40.62,Sprinkler,Kharif,Fallow,18.37,55.56,31.18,23.78,1,3.805
Maize,Maize (Feed Corn),HYV,24.52,18.98,33.38,574.98,62.93,6.44,98,6.28,138.47,74.58,56.85,3.62,Desert,77.26,Drip,Kharif,Maize,15.84,185.27,84.72,88.94,1,7.827
Maize,Maize (Popcorn),Traditional,25.36,18.89,32.85,538.5,62.99,7.0,92,6.39,81.38,43.51,42.52,4.33,Red,62.82,Sprinkler,Rabi,Pulses,7.46,76.28,46.42,34.71,0,5.357
Maize,Maize (Feed Corn),HYV,26.81,19.75,36.15,681.07,76.04,7.35,97,6.43,134.11,79.04,60.7,4.35,Red,76.68,Flood,Kharif,Soybean,14.39,137.34,73.33,51.24,1,9.636
Millet,Millet (Foxtail),Traditional,30.71,24.49,42.04,368.77,64.72,7.27,63,6.09,30.14,19.77,15.75,1.93,Sandy,47.02,Sprinkler,Rabi,Millet,19.55,26.06,15.39,15.21,1,2.211
Rice,Rice (Basmati),HYV,26.54,21.41,36.71,1124.27,74.56,8.31,148,7.14,67.14,39.9,32.63,2.76,Loamy,79.31,Sprinkler,Kharif,Maize,6.28,65.78,33.1,35.22,1,4.351
Soybean,Soybean (Food Grade),Hybrid,28.92,22.49,40.4,840.0,73.44,7.66,107,6.49,29.22,52.6,31.63,3.62,Alluvial,57.77,Flood,Kharif,Sugarcane,5.01,16.12,40.11,30.72,1,1.886
Wheat,Wheat (Common),Traditional,19.72,14.17,28.06,513.56,63.86,8.52,115,6.8,99.52,48.63,32.47,2.08,Alluvial,53.07,Flood,Rabi,Sugarcane,13.66,79.57,36.37,31.32,0,4.4
Maize,Maize (Popcorn),Hybrid,26.42,20.21,35.69,717.44,57.58,6.11,90,6.51,94.03,50.21,45.34,4.4,Desert,61.29,Drip,Kharif,Rice,4.6,96.62,51.68,48.78,1,5.988
Wheat,Wheat (Durum),Traditional,19.15,11.84,28.09,510.23,54.45,7.56,137,7.02,81.68,46.29,30.05,2.29,Alluvial,53.39,Sprinkler,Rabi,Fallow,14.03,71.02,42.42,25.3,0,4.881
Wheat,Wheat (Common),HYV,17.94,9.98,28.92,557.79,53.07,7.05,121,6.22,95.61,44.16,33.39,1.68,Red,69.88,Drip,Rabi,Maize,18.72,97.49,47.55,36.97,1,4.834
Millet,Millet (Finger/Ragi),Traditional,31.13,23.7,42.93,522.86,63.81,7.48,113,5.26,42.59,22.25,18.17,3.21,Loamy,54.23,Rainfed,Kharif,Sugarcane,18.26,37.74,18.35,12.28,1,1.239
Maize,Maize (Sweet Corn),Traditional,23.75,16.51,32.16,702.7,71.81,8.35,100,6.83,116.68,60.95,52.68,3.65,Loamy,64.03,Drip,Kharif,Soybean,13.46,91.01,50.54,42.18,0,7.729
Wheat,Wheat (Sharbati),Hybrid,19.61,12.47,28.92,405.54,50.95,9.93,129,6.09,92.6,40.18,36.8,2.15,Alluvial,56.4,Sprinkler,Rabi,Fallow,8.52,109.42,59.53,45.33,1,4.32
Maize,Maize (Feed Corn),Traditional,24.57,19.16,34.17,560.73,78.09,8.33,104,7.33,128.32,73.94,56.08,2.2,Loamy,57.07,Sprinkler,Kharif,Maize,15.33,98.9,57.92,45.46,0,4.929
Rice,Rice (Non-Basmati),Traditional,27.39,22.25,35.85,1299.57,82.5,8.39,112,6.64,110.99,57.18,54.02,2.13,Clayey,68.94,Flood,Kharif,Sugarcane,2.15,74.54,41.26,41.64,1,4.2
Rice,Rice (Non-Basmati),Traditional,26.9,19.06,36.44,1563.21,76.74,8.15,132,7.06,86.15,41.9,57.54,2.09,Loamy,89.31,Sprinkler,Kharif,Cotton,5.55,58.24,37.66,39.62,0,5.639
Rice,Rice (Basmati),HYV,27.15,19.2,35.64,1299.85,81.65,8.25,137,7.34,70.71,35.44,36.54,3.16,Loamy,76.18,Drip,Kharif,Maize,2.54,57.7,28.19,28.9,0,5.075
Rice,Rice (Basmati),Traditional,28.47,22.15,40.2,1070.81,79.64,7.15,130,6.31,74.86,36.86,37.59,3.6,Desert,75.97,Flood,Kharif,Maize,0.8,55.1,25.37,30.99,1,2.661
Soybean,Soybean (Food Grade),HYV,24.43,16.61,36.14,803.45,78.38,7.02,102,6.8,22.23,50.07,34.11,2.41,Loamy,55.8,Sprinkler,Zaid,Millet,15.46,29.04,49.43,34.11,1,2.323
Millet,Millet (Foxtail),Traditional,26.96,19.36,36.07,479.27,56.78,8.84,63,6.17,32.69,19.35,17.23,2.8,Red,56.5,Rainfed,Rabi,Pulses,19.26,24.01,14.61,15.11,1,2.222
Soybean,Soybean (Food Grade),Traditional,24.43,17.9,34.63,769.71,75.73,6.84,104,6.34,20.99,52.42,32.03,3.79,Red,53.85,Sprinkler,Rabi,Cotton,19.83,23.5,44.94,26.45,1,2.191
Wheat,Wheat (Common),HYV,20.0,14.65,31.07,468.86,51.6,9.97,120,6.34,81.76,41.5,30.08,2.97,Black,67.12,Flood,Kharif,Pulses,12.36,72.99,35.22,31.88,1,3.49
Millet,Millet (Foxtail),Traditional,29.55,21.68,38.25,330.63,49.12,9.17,69,6.87,31.46,22.07,16.58,1.8,Sandy,51.08,Drip,Rabi,Rice,6.97,25.53,19.41,13.2,1,2.209
Millet,Millet (Sorghum/Jowar),HYV,32.36,26.77,42.56,515.59,56.02,7.32,103,6.85,76.75,37.74,29.36,2.01,Loamy,59.84,Flood,Kharif,Millet,15.77,45.7,26.32,20.43,1,3.229
Wheat,Wheat (Durum),HYV,19.35,12.13,30.38,614.48,55.94,7.82,134,7.39,85.08,58.21,35.91,3.34,Sandy,56.0,Flood,Rabi,Wheat,10.89,92.24,51.95,31.47,1,4.292
Rice,Rice (Basmati),HYV,29.91,24.28,41.04,1260.15,75.6,6.37,146,6.65,61.77,32.21,35.98,4.21,Desert,84.96,Sprinkler,Kharif,Cotton,19.83,90.86,36.83,41.0,1,3.902
Wheat,Wheat (Durum),HYV,22.48,14.71,30.88,560.62,59.7,9.0,124,6.76,81.84,46.69,34.14,2.84,Loamy,69.01,Sprinkler,Rabi,Soybean,17.48,115.21,71.44,39.12,1,5.229
Rice,Rice (Non-Basmati),HYV,31.2,25.18,38.82,1422.85,89.93,6.7,111,5.81,103.56,42.71,53.12,4.41,Alluvial,75.82,Flood,Kharif,Soybean,17.87,106.26,43.31,48.7,0,5.512
Millet,Millet (Pearl/Bajra),Traditional,30.9,24.91,40.14,403.62,56.66,10.5,69,6.5,43.66,22.64,25.52,2.75,Loamy,33.3,Rainfed,Rabi,Pulses,6.89,38.48,16.4,19.26,0,2.078
Rice,Rice (Sona Masuri),HYV,27.49,20.75,35.85,1170.07,73.11,7.9,122,6.84,89.8,40.06,43.08,3.42,Loamy,72.16,Flood,Kharif,Cotton,14.4,87.21,44.45,41.49,0,5.389
Wheat,Wheat (Durum),Traditional,22.85,16.37,33.14,453.07,56.03,9.67,124,7.24,84.61,54.52,35.9,1.63,Loamy,67.49,Drip,Rabi,Soybean,1.34,65.51,40.79,28.67,1,5.142
Millet,Millet (Sorghum/Jowar),Traditional,29.72,23.87,40.14,618.34,61.19,7.81,108,7.25,65.25,34.13,25.85,1.78,Clayey,53.07,Drip,Kharif,Pulses,15.97,53.31,25.58,24.24,1,1.592
Maize,Maize (Feed Corn),Traditional,23.14,16.24,30.58,661.47,60.04,7.09,102,6.83,149.55,67.84,52.53,2.9,Red,74.16,Sprinkler,Kharif,Fallow,16.12,85.07,42.42,47.1,1,6.036
Rice,Rice (Non-Basmati),Traditional,28.23,20.81,37.9,1152.73,85.94,8.86,136,6.56,101.21,58.03,52.72,3.61,Black,83.73,Flood,Kharif,Soybean,1.42,90.66,37.86,44.07,1,7.544
Soybean,Soybean (Food Grade),Hybrid,29.42,23.4,38.25,623.56,74.86,7.02,91,6.62,29.02,53.51,32.5,3.33,Red,53.84,Rainfed,Rabi,Cotton,16.25,18.73,54.54,34.63,1,2.687
Maize,Maize (Sweet Corn),Traditional,24.16,18.95,34.86,625.5,63.52,7.55,100,6.42,108.44,57.48,53.4,2.75,Red,65.7,Sprinkler,Kharif,Wheat,3.31,95.22,41.49,40.58,1,5.467
Soybean,Soybean (Oil Grade),HYV,27.57,21.03,35.67,770.06,65.9,8.34,98,6.09,21.86,61.51,41.96,3.32,Red,55.97,Rainfed,Kharif,Cotton,8.09,20.23,55.94,37.22,1,3.698
Soybean,Soybean (Food Grade),Traditional,25.53,18.32,32.79,663.59,65.56,8.78,93,6.07,26.52,51.21,37.58,2.67,Alluvial,51.25,Rainfed,Kharif,Wheat,14.78,20.21,32.82,23.13,1,2.023
Wheat,Wheat (Durum),HYV,18.31,11.6,28.54,481.95,56.66,7.99,128,6.53,80.19,51.89,36.58,2.12,Loamy,63.42,Sprinkler,Rabi,Wheat,14.06,96.63,50.9,33.05,0,5.297
Wheat,Wheat (Sharbati),Hybrid,20.55,12.97,31.97,410.66,60.88,7.68,129,7.17,80.08,49.27,32.92,2.83,Laterite,55.31,Sprinkler,Rabi,Fallow,13.91,77.54,44.49,29.28,1,4.496
Soybean,Soybean (Food Grade),Hybrid,27.9,22.51,37.84,891.43,73.03,6.59,105,7.38,23.02,53.35,34.43,3.21,Black,60.44,Rainfed,Kharif,Maize,9.78,23.14,46.84,35.11,1,4.112
Millet,Millet (Finger/Ragi),HYV,25.11,19.97,36.95,638.85,51.94,9.24,114,7.18,42.62,23.92,15.73,1.58,Red,47.81,Sprinkler,Kharif,Millet,2.36,43.67,20.75,23.57,1,2.281
Millet,Millet (Pearl/Bajra),HYV,30.81,23.33,39.27,553.19,40.86,10.98,84,6.34,42.33,28.34,28.45,2.1,Black,36.88,Sprinkler,Kharif,Rice,4.44,41.67,25.44,20.59,1,1.104
Soybean,Soybean (Food Grade),Traditional,27.16,19.59,37.3,691.01,74.82,6.92,107,7.28,21.96,50.41,30.38,2.18,Alluvial,65.6,Rainfed,Kharif,Pulses,13.25,16.12,37.91,31.19,1,1.194
Rice,Rice (Sona Masuri),Traditional,28.4,23.22,38.5,1232.56,73.06,8.39,124,5.94,83.92,39.42,43.5,2.48,Loamy,70.44,Flood,Kharif,Soybean,16.32,57.91,35.95,29.44,1,5.533
Millet,Millet (Foxtail),Traditional,27.98,22.63,36.4,499.87,46.45,8.98,76,7.01,35.19,24.34,18.56,1.28,Red,44.99,Sprinkler,Rabi,Wheat,5.67,27.31,14.75,15.2,1,1.294
Millet,Millet (Sorghum/Jowar),Traditional,31.24,25.3,39.33,403.18,63.15,8.76,92,6.55,64.73,31.56,25.94,2.08,Loamy,61.77,Rainfed,Rabi,Maize,3.53,55.97,31.39,25.42,1,2.117
Wheat,Wheat (Sharbati),Hybrid,18.13,11.13,27.74,519.8,50.31,8.17,131,6.69,86.65,46.11,36.47,3.62,Clayey,62.51,Rainfed,Rabi,Millet,2.26,98.7,49.22,39.92,1,3.862
Maize,Maize (Popcorn),Traditional,22.89,15.29,32.5,673.79,56.66,8.09,104,6.38,84.91,54.94,44.83,2.82,Alluvial,58.64,Sprinkler,Rabi,Fallow,3.85,62.99,35.59,32.45,1,4.317
Soybean,Soybean (Food Grade),Hybrid,27.26,19.28,37.55,776.87,62.16,7.11,90,6.57,28.49,43.5,37.8,3.75,Red,56.85,Rainfed,Kharif,Soybean,10.44,25.9,55.7,33.86,1,4.405
Rice,Rice (Basmati),Traditional,28.45,20.8,36.48,1459.1,82.23,8.94,148,6.12,67.47,36.89,36.71,2.48,Clayey,60.19,Flood,Kharif,Millet,2.44,48.69,26.79,25.43,1,3.221
Millet,Millet (Sorghum/Jowar),Traditional,30.68,25.49,40.87,488.47,64.75,8.43,100,6.67,65.99,36.61,25.68,3.41,Laterite,45.83,Rainfed,Rabi,Cotton,13.51,50.39,28.13,22.11,1,2.263
Rice,Rice (Sona Masuri),HYV,26.05,18.47,35.85,1153.26,76.15,7.39,136,6.34,80.05,39.91,40.75,2.72,Alluvial,76.57,Rainfed,Kharif,Fallow,17.03,52.01,30.91,25.83,0,4.429
Maize,Maize (Sweet Corn),HYV,27.37,20.93,37.07,758.05,71.32,7.3,95,6.54,102.79,69.57,50.59,2.31,Loamy,60.35,Drip,Rabi,Rice,10.76,101.91,46.08,43.78,1,6.043
Rice,Rice (Basmati),HYV,26.63,20.08,34.07,1175.31,70.5,6.24,136,6.2,71.35,36.89,38.01,2.6,Clayey,64.19,Flood,Kharif,Cotton,12.52,78.7,39.47,36.25,1,4.209
Millet,Millet (Finger/Ragi),Hybrid,26.93,21.67,34.39,635.28,57.71,8.57,129,5.43,40.65,26.72,24.87,1.67,Loamy,51.59,Rainfed,Zaid,Rice,13.61,44.29,28.39,18.37,1,1.912
Millet,Millet (Sorghum/Jowar),Traditional,30.71,23.84,42.19,570.31,66.82,9.15,90,6.91,71.74,34.83,29.68,2.08,Laterite,42.81,Rainfed,Kharif,Pulses,6.93,58.31,25.41,27.12,1,3.053
Rice,Rice (Non-Basmati),HYV,27.54,22.38,39.37,1526.01,88.26,8.54,114,6.09,107.18,46.31,55.85,2.39,Clayey,84.07,Rainfed,Kharif,Maize,5.04,119.66,59.66,52.7,1,5.236
Maize,Maize (Popcorn),HYV,26.01,19.59,33.97,652.06,59.5,8.96,86,6.66,90.04,47.9,45.26,2.76,Loamy,59.23,Drip,Rabi,Maize,7.39,92.8,47.08,41.91,1,5.997
Maize,Maize (Feed Corn),HYV,23.94,16.84,31.3,572.54,79.23,8.0,92,6.05,129.05,75.65,52.48,2.52,Alluvial,70.36,Drip,Kharif,Soybean,11.22,112.94,62.37,46.25,1,9.603
Maize,Maize (Sweet Corn),Hybrid,25.75,19.97,34.94,716.4,63.39,8.51,100,6.5,107.59,51.07,55.49,3.64,Loamy,67.88,Flood,Kharif,Rice,19.12,117.67,71.84,64.82,0,5.649
Soybean,Soybean (Oil Grade),Hybrid,26.12,20.92,34.2,849.04,76.92,8.5,105,7.04,21.15,69.2,39.07,2.09,Desert,58.39,Sprinkler,Kharif,Pulses,3.1,32.97,71.22,47.52,1,4.02
Wheat,Wheat (Common),HYV,20.34,13.18,31.7,445.55,61.3,8.81,123,6.6,93.44,43.9,33.62,3.64,Loamy,65.64,Sprinkler,Rabi,Fallow,6.98,91.05,41.59,37.7,0,5.064
Maize,Maize (Feed Corn),Hybrid,23.99,18.56,31.48,587.33,65.06,8.1,114,6.0,134.12,73.18,56.91,2.11,Laterite,70.84,Flood,Kharif,Rice,9.39,144.04,81.04,69.19,1,6.536
Wheat,Wheat (Durum),Hybrid,19.33,13.93,28.38,568.07,55.68,9.54,132,6.43,82.81,42.75,30.75,2.29,Alluvial,55.59,Sprinkler,Zaid,Soybean,0.84,76.22,32.0,28.57,1,4.797
Millet,Millet (Pearl/Bajra),HYV,33.07,25.93,43.97,403.14,40.21,10.71,83,6.8,56.61,28.72,26.88,1.88,Sandy,46.12,Sprinkler,Kharif,Rice,0.91,29.92,18.73,16.83,1,1.584
Wheat,Wheat (Sharbati),HYV,18.04,10.42,28.63,415.38,60.7,7.11,116,6.44,93.94,47.22,34.42,2.67,Loamy,58.67,Sprinkler,Rabi,Wheat,17.56,88.29,49.2,34.05,1,4.257
Rice,Rice (Sona Masuri),HYV,28.07,20.89,35.99,1329.12,73.24,8.03,137,6.34,79.69,39.23,40.19,2.4,Loamy,62.72,Flood,Kharif,Rice,11.16,86.39,35.32,41.71,0,4.583
Rice,Rice (Sona Masuri),Traditional,30.84,23.85,42.36,1071.5,77.25,8.73,140,6.87,72.84,37.11,41.05,3.25,Desert,67.46,Flood,Kharif,Wheat,19.57,58.89,33.96,28.94,1,3.6
Millet,Millet (Pearl/Bajra),Traditional,31.7,25.67,40.72,375.08,41.17,8.15,84,6.04,46.58,23.4,20.95,1.02,Sandy,47.98,Drip,Rabi,Wheat,14.72,40.69,21.71,20.58,1,0.932
Soybean,Soybean (Oil Grade),Hybrid,26.92,19.88,37.9,713.24,67.77,8.72,102,6.84,25.93,66.38,37.17,4.37,Alluvial,56.73,Rainfed,Kharif,Soybean,16.89,29.5,57.01,40.24,1,2.307
Millet,Millet (Pearl/Bajra),Traditional,30.26,22.93,41.56,530.07,54.62,9.49,69,6.82,58.78,25.74,28.86,1.51,Red,53.67,Sprinkler,Kharif,Wheat,17.7,32.38,17.71,21.98,1,2.141
Maize,Maize (Sweet Corn),Hybrid,22.26,15.18,30.25,793.57,61.55,7.09,89,6.27,108.51,59.04,54.22,2.24,Black,56.71,Drip,Kharif,Cotton,17.74,168.37,85.56,67.08,0,5.594
Soybean,Soybean (Oil Grade),Hybrid,25.35,18.28,36.04,682.05,72.99,8.87,108,7.4,25.23,64.1,38.09,2.74,Alluvial,70.81,Rainfed,Kharif,Maize,4.96,27.23,64.47,41.71,0,2.348
Millet,Millet (Finger/Ragi),Traditional,30.35,23.71,40.56,639.13,67.11,8.66,104,5.26,30.11,23.27,15.46,2.66,Black,60.88,Sprinkler,Kharif,Rice,14.28,29.15,16.88,12.81,1,2.879
Wheat,Wheat (Durum),HYV,22.46,15.73,33.57,552.81,56.14,7.28,133,6.69,82.22,43.66,30.97,2.11,Alluvial,51.59,Flood,Rabi,Millet,16.96,122.55,60.96,46.63,1,4.404
Maize,Maize (Feed Corn),Traditional,27.52,21.16,34.95,656.32,76.17,8.12,110,5.89,139.55,75.98,61.23,3.84,Black,70.59,Flood,Kharif,Wheat,2.05,135.89,67.33,54.7,1,5.348
Millet,Millet (Foxtail),HYV,29.78,23.57,40.97,314.6,52.51,7.29,61,5.73,39.47,17.12,17.75,2.93,Red,46.19,Sprinkler,Kharif,Rice,9.26,36.99,24.65,16.65,1,1.178
Rice,Rice (Non-Basmati),HYV,31.6,25.14,41.74,1421.09,80.1,6.43,138,6.93,118.91,50.75,49.97,2.56,Alluvial,80.84,Flood,Kharif,Wheat,0.69,111.57,55.53,55.59,1,5.806
Soybean,Soybean (Oil Grade),Traditional,29.6,23.5,41.43,719.16,72.21,8.75,109,7.21,24.69,64.71,37.04,2.05,Red,78.34,Sprinkler,Kharif,Pulses,13.83,15.64,36.7,20.93,1,2.497
Rice,Rice (Basmati),HYV,27.66,20.2,35.17,1395.95,82.17,7.45,136,6.9,63.33,33.8,36.17,4.91,Alluvial,78.19,Drip,Kharif,Maize,10.0,68.16,32.8,31.36,1,6.323
Maize,Maize (Feed Corn),HYV,28.78,20.99,36.01,690.98,67.47,7.96,106,7.02,149.09,62.78,67.27,3.89,Clayey,73.19,Flood,Kharif,Fallow,5.06,143.63,73.98,51.75,1,6.242
Millet,Millet (Finger/Ragi),Traditional,26.75,20.74,35.47,679.39,67.23,8.95,114,5.81,31.67,26.9,20.54,2.29,Loamy,64.42,Rainfed,Kharif,Soybean,3.55,30.61,21.48,18.93,1,2.17
Rice,Rice (Sona Masuri),Hybrid,27.05,19.65,38.78,1092.95,74.76,8.14,137,6.78,77.54,38.45,43.31,2.59,Red,71.53,Sprinkler,Kharif,Maize,17.6,83.92,41.4,39.46,0,4.515
Millet,Millet (Pearl/Bajra),Hybrid,31.74,25.02,42.83,264.9,55.2,8.52,72,6.93,57.47,24.46,21.61,2.23,Red,52.34,Rainfed,Kharif,Rice,9.31,40.21,15.81,16.89,1,2.38
Rice,Rice (Non-Basmati),HYV,31.92,26.02,39.51,1465.72,89.57,6.35,129,6.16,98.48,41.56,47.15,4.09,Clayey,88.83,Flood,Kharif,Rice,6.05,69.69,48.14,39.28,1,4.687
Wheat,Wheat (Common),Traditional,19.25,12.26,26.43,421.84,52.51,8.28,128,6.52,88.7,41.65,31.61,1.92,Black,51.12,Flood,Rabi,Rice,12.68,65.75,33.2,30.95,1,5.76
Wheat,Wheat (Sharbati),HYV,19.99,13.26,27.15,431.24,58.29,8.49,133,6.42,86.67,49.58,32.64,2.86,Black,58.74,Drip,Rabi,Soybean,13.94,84.96,47.95,39.92,1,4.219
Millet,Millet (Pearl/Bajra),Hybrid,32.02,25.95,39.47,442.55,48.75,8.94,76,7.28,56.5,25.28,29.02,1.74,Red,42.02,Sprinkler,Kharif,Pulses,4.2,60.48,31.34,30.76,0,1.722
Rice,Rice (Non-Basmati),Traditional,28.5,21.27,39.78,1255.01,77.86,7.07,120,6.27,82.21,56.2,59.68,4.47,Alluvial,78.87,Sprinkler,Kharif,Wheat,5.59,84.05,56.67,42.34,0,6.629
Rice,Rice (Sona Masuri),Traditional,29.33,22.25,40.15,1105.25,79.6,7.85,133,5.63,82.87,41.06,37.11,4.05,Red,81.86,Sprinkler,Kharif,Rice,19.17,58.6,33.51,28.63,1,6.738
Rice,Rice (Non-Basmati),Hybrid,27.91,21.81,36.79,1589.68,76.08,6.8,121,6.73,116.53,44.64,42.42,2.02,Loamy,77.7,Sprinkler,Zaid,Cotton,0.8,94.59,48.98,54.31,0,4.48
Wheat,Wheat (Sharbati),Traditional,21.57,13.75,30.98,569.66,62.0,8.74,133,6.74,88.31,44.47,34.63,4.0,Loamy,42.91,Sprinkler,Rabi,Pulses,17.97,67.08,35.77,24.32,1,5.412
Millet,Millet (Foxtail),Hybrid,27.6,22.08,39.03,370.99,64.09,8.37,79,6.42,34.71,17.35,19.95,2.34,Red,54.34,Sprinkler,Zaid,Cotton,11.6,34.82,19.26,18.81,1,1.453
Rice,Rice (Basmati),Hybrid,25.27,19.27,36.29,1002.32,75.0,7.19,140,7.38,69.31,34.81,39.18,3.76,Clayey,60.82,Flood,Kharif,Soybean,18.34,67.92,28.17,34.25,1,5.535
Rice,Rice (Non-Basmati),Traditional,31.17,23.79,39.75,1277.61,70.93,6.05,112,6.54,86.1,55.17,53.31,2.89,Alluvial,67.92,Sprinkler,Kharif,Pulses,14.76,61.77,28.11,27.32,1,6.427
Millet,Millet (Sorghum/Jowar),Hybrid,28.13,20.2,35.61,432.15,57.19,8.59,92,6.94,77.46,33.08,28.92,3.32,Black,48.04,Sprinkler,Kharif,Maize,6.57,71.28,35.9,32.0,1,5.2
Wheat,Wheat (Common),Traditional,18.35,10.89,26.78,408.64,61.03,9.51,115,6.94,93.37,48.51,37.33,1.81,Red,58.53,Flood,Rabi,Soybean,9.21,66.81,35.1,26.96,1,4.887
Rice,Rice (Sona Masuri),Hybrid,26.52,18.95,33.95,1085.41,73.46,7.8,132,5.53,78.74,42.94,35.31,4.12,Loamy,69.6,Sprinkler,Kharif,Maize,16.09,97.89,46.21,47.7,1,6.283
Rice,Rice (Basmati),Traditional,26.2,19.6,36.45,1322.3,78.42,8.33,146,6.34,63.92,31.41,36.22,4.34,Alluvial,74.46,Sprinkler,Kharif,Rice,7.23,47.19,26.45,25.21,0,2.616
Millet,Millet (Pearl/Bajra),Hybrid,29.6,24.04,40.31,484.27,44.92,8.17,81,7.74,43.25,28.77,24.85,2.61,Loamy,51.13,Sprinkler,Kharif,Fallow,2.02,38.38,27.23,27.62,0,1.767
Maize,Maize (Feed Corn),Hybrid,23.65,17.99,30.68,681.45,75.4,7.24,103,5.81,121.32,62.77,69.38,2.96,Alluvial,61.68,Drip,Kharif,Pulses,19.92,160.17,81.48,57.34,1,11.7
Maize,Maize (Feed Corn),HYV,24.35,18.58,34.53,780.07,66.99,8.2,99,7.08,122.85,64.03,64.01,2.02,Red,55.12,Sprinkler,Kharif,Cotton,3.52,143.12,65.06,56.72,1,6.066
Millet,Millet (Foxtail),Hybrid,29.71,23.88,40.27,458.85,51.11,9.93,73,6.96,35.27,17.62,16.76,1.93,Loamy,35.28,Sprinkler,Rabi,Fallow,4.92,39.25,19.62,20.45,1,1.958
Wheat,Wheat (Common),HYV,18.23,10.94,25.3,411.27,66.71,8.69,117,7.48,94.8,48.44,34.76,1.74,Loamy,61.8,Flood,Zaid,Cotton,5.43,89.66,43.45,33.29,1,4.186
Wheat,Wheat (Common),Hybrid,19.1,14.07,26.87,586.47,65.91,7.71,127,6.34,84.15,49.42,34.5,3.57,Alluvial,67.5,Flood,Rabi,Millet,16.32,74.96,45.18,28.29,0,6.312
Millet,Millet (Pearl/Bajra),HYV,30.43,25.07,39.58,380.26,51.91,10.03,80,6.19,58.58,23.59,26.66,1.7,Sandy,50.73,Sprinkler,Kharif,Cotton,19.18,46.07,24.46,26.21,1,2.024
Millet,Millet (Foxtail),Hybrid,27.28,19.47,34.85,464.9,53.64,9.91,67,5.98,31.97,21.04,16.19,1.26,Loamy,59.11,Drip,Rabi,Sugarcane,0.77,40.11,17.35,16.71,1,1.903
Rice,Rice (Sona Masuri),Hybrid,27.48,21.01,35.58,1074.05,82.9,8.83,139,6.65,79.07,38.89,41.89,2.67,Loamy,60.51,Flood,Kharif,Sugarcane,14.85,82.07,48.3,40.75,1,6.376
Wheat,Wheat (Durum),HYV,22.86,15.54,31.29,493.85,58.95,9.98,133,6.26,95.67,50.18,31.47,3.8,Black,47.65,Flood,Rabi,Wheat,13.51,73.04,39.84,30.19,0,4.815
Rice,Rice (Sona Masuri),Hybrid,29.74,23.74,40.24,1386.31,71.11,6.79,130,5.74,71.54,44.12,37.33,2.86,Red,67.01,Flood,Kharif,Soybean,5.34,86.13,40.84,47.07,1,7.642
Millet,Millet (Sorghum/Jowar),Hybrid,28.18,21.17,36.15,484.26,63.44,7.87,108,6.32,64.64,34.78,26.19,1.77,Clayey,56.74,Rainfed,Kharif,Soybean,0.62,71.05,43.67,31.66,0,2.908
Rice,Rice (Basmati),Hybrid,28.53,21.93,38.23,1214.8,74.63,7.45,137,6.27,76.0,35.53,33.97,2.4,Clayey,81.63,Sprinkler,Kharif,Soybean,1.88,84.71,43.8,39.91,1,3.353
Soybean,Soybean (Food Grade),HYV,29.6,22.1,37.2,803.02,73.44,6.83,105,7.31,22.48,56.62,37.6,2.15,Alluvial,67.13,Rainfed,Kharif,Fallow,12.15,28.82,43.91,31.87,1,1.979
Soybean,Soybean (Oil Grade),Traditional,29.71,24.17,36.9,797.6,73.84,7.56,112,6.47,21.24,67.26,42.96,2.95,Red,58.03,Sprinkler,Kharif,Cotton,19.29,17.5,43.96,29.41,1,2.388
Millet,Millet (Sorghum/Jowar),Hybrid,32.16,26.93,42.26,424.58,57.41,9.65,115,7.09,65.38,33.13,33.93,2.08,Red,44.98,Drip,Zaid,Millet,9.99,76.89,42.35,37.31,0,1.449
Millet,Millet (Finger/Ragi),Hybrid,29.01,21.87,37.46,514.11,66.96,7.16,118,5.88,35.23,29.18,17.12,2.93,Laterite,57.24,Flood,Kharif,Fallow,19.07,37.51,28.03,20.75,1,3.686
Wheat,Wheat (Common),Hybrid,17.37,11.94,27.5,402.67,61.47,8.92,123,6.53,97.96,42.0,32.22,3.16,Loamy,43.08,Sprinkler,Rabi,Cotton,13.95,71.2,31.62,23.22,1,5.575
Wheat,Wheat (Sharbati),Traditional,21.2,13.25,30.11,427.62,58.5,9.83,117,7.45,85.26,44.2,30.14,3.66,Alluvial,40.52,Sprinkler,Rabi,Maize,16.62,75.34,34.93,26.01,1,4.129
Maize,Maize (Popcorn),HYV,22.86,16.01,34.09,672.12,66.99,7.04,92,5.81,96.56,40.55,46.46,2.52,Loamy,59.87,Drip,Rabi,Maize,1.08,87.83,59.36,44.55,1,5.022
Soybean,Soybean (Oil Grade),HYV,27.08,21.32,36.32,814.11,68.52,8.75,99,6.95,26.84,59.52,44.15,3.0,Alluvial,65.39,Rainfed,Zaid,Sugarcane,18.6,23.17,47.94,35.29,0,2.314
Millet,Millet (Foxtail),HYV,31.21,26.14,41.53,346.58,64.22,7.83,78,6.87,34.18,16.42,15.25,2.16,Red,56.84,Sprinkler,Rabi,Rice,17.59,38.44,19.18,15.53,0,1.182
Millet,Millet (Pearl/Bajra),Traditional,33.98,28.14,45.36,347.73,53.18,8.74,84,7.27,44.77,26.45,28.58,1.78,Black,37.24,Rainfed,Zaid,Wheat,9.23,43.33,18.62,22.89,0,1.103
Millet,Millet (Finger/Ragi),HYV,29.39,21.62,40.17,558.0,52.88,7.41,113,5.01,45.47,25.1,16.66,2.3,Red,48.54,Sprinkler,Zaid,Cotton,5.38,38.98,22.7,19.51,0,1.736
Maize,Maize (Feed Corn),Hybrid,23.04,16.74,33.27,662.91,68.76,8.06,120,6.02,145.24,74.56,69.25,3.19,Alluvial,77.36,Sprinkler,Kharif,Soybean,2.57,134.82,60.77,65.37,1,7.761
Soybean,Soybean (Food Grade),Traditional,29.1,22.44,38.09,841.4,74.64,8.75,110,7.39,25.62,48.48,31.82,2.65,Alluvial,51.04,Drip,Kharif,Maize,6.4,21.34,32.69,29.54,1,2.011
Millet,Millet (Sorghum/Jowar),Traditional,28.06,20.31,35.9,403.1,67.16,7.14,129,6.51,73.03,32.32,28.69,2.93,Red,52.41,Rainfed,Rabi,Millet,8.19,56.14,30.32,22.7,1,3.164
Soybean,Soybean (Oil Grade),Traditional,26.85,21.21,38.7,940.17,72.45,8.94,100,6.1,23.68,62.68,42.74,3.7,Black,63.98,Drip,Kharif,Pulses,9.1,15.64,34.11,23.82,1,4.216
Millet,Millet (Pearl/Bajra),Hybrid,33.4,27.78,43.1,484.48,51.59,10.75,86,6.92,41.56,25.71,26.84,1.15,Loamy,43.33,Sprinkler,Kharif,Pulses,16.12,55.42,24.63,23.55,0,2.536
Rice,Rice (Sona Masuri),Hybrid,29.74,24.68,38.74,1102.96,79.57,7.38,125,6.5,73.44,40.46,38.35,2.19,Alluvial,61.65,Flood,Kharif,Cotton,14.52,77.57,39.63,45.78,1,7.035
Rice,Rice (Sona Masuri),Hybrid,29.65,23.16,40.63,1265.58,80.95,6.92,137,6.4,74.0,43.15,40.23,2.57,Laterite,75.63,Sprinkler,Kharif,Cotton,1.27,89.53,44.08,48.55,1,7.584
Maize,Maize (Sweet Corn),HYV,25.79,19.62,34.01,735.11,65.46,6.04,98,6.5,118.92,65.06,48.99,4.34,Black,61.69,Sprinkler,Kharif,Soybean,16.66,113.44,60.43,51.05,0,8.96
Wheat,Wheat (Sharbati),HYV,18.1,10.93,28.7,554.42,63.38,7.46,128,6.97,99.85,49.73,34.0,2.39,Black,51.6,Drip,Rabi,Pulses,6.35,87.76,46.99,39.19,1,5.341
Rice,Rice (Sona Masuri),Hybrid,27.98,22.6,37.42,1208.77,73.03,8.81,132,6.2,88.26,40.68,40.21,4.02,Alluvial,60.1,Flood,Kharif,Soybean,18.63,96.61,42.31,47.8,1,7.474
Millet,Millet (Finger/Ragi),HYV,25.69,18.78,34.44,649.57,52.49,9.89,101,6.48,41.97,20.22,24.71,2.31,Red,43.55,Rainfed,Kharif,Pulses,1.24,47.58,29.27,18.53,1,3.349
Maize,Maize (Popcorn),Traditional,24.08,17.92,35.58,576.35,55.97,7.06,100,6.9,80.68,56.42,40.24,3.66,Loamy,63.0,Drip,Kharif,Rice,17.69,73.54,33.6,34.41,1,4.172
Soybean,Soybean (Oil Grade),Hybrid,26.95,21.83,34.2,693.09,79.3,6.87,96,7.11,27.52,66.04,44.86,2.01,Alluvial,68.67,Drip,Kharif,Rice,13.71,32.86,55.98,39.51,1,2.64
Millet,Millet (Finger/Ragi),Hybrid,31.41,23.68,39.17,644.92,57.94,8.73,119,6.74,42.13,22.59,18.8,2.23,Black,63.27,Drip,Kharif,Pulses,2.43,50.91,27.89,23.98,0,3.704
Soybean,Soybean (Oil Grade),Hybrid,25.01,19.97,33.36,667.4,74.31,7.34,116,6.9,28.46,57.01,43.47,3.21,Black,73.67,Rainfed,Kharif,Millet,17.12,23.57,64.76,39.69,1,2.73
Soybean,Soybean (Food Grade),Hybrid,24.27,16.81,34.35,804.09,61.8,6.53,99,7.11,24.44,56.63,34.73,3.66,Alluvial,64.03,Rainfed,Kharif,Fallow,14.26,22.83,48.46,40.87,0,3.035
Soybean,Soybean (Oil Grade),Traditional,27.06,19.35,38.55,903.22,72.33,7.71,115,7.11,26.56,51.31,35.63,2.76,Black,79.26,Sprinkler,Kharif,Cotton,1.38,22.37,50.41,29.64,0,1.968
Millet,Millet (Pearl/Bajra),Traditional,31.82,25.88,41.13,452.51,54.12,8.71,88,7.17,51.35,24.46,23.38,1.97,Black,42.94,Sprinkler,Kharif,Maize,1.08,44.7,20.35,18.45,1,2.816
Millet,Millet (Sorghum/Jowar),HYV,27.5,19.78,35.84,595.5,66.53,9.59,104,7.71,68.02,30.92,28.82,1.51,Red,52.98,Sprinkler,Kharif,Rice,16.67,95.73,46.8,36.64,1,3.536
Maize,Maize (Sweet Corn),Traditional,25.55,18.27,33.54,727.77,62.08,8.97,99,6.1,113.62,52.6,40.3,2.05,Loamy,62.32,Sprinkler,Rabi,Fallow,19.33,85.42,47.47,47.34,1,6.793
Wheat,Wheat (Common),Hybrid,21.53,15.93,30.92,427.47,63.55,9.56,115,6.63,88.26,46.59,37.73,3.96,Black,45.21,Sprinkler,Rabi,Fallow,19.71,67.16,31.08,29.64,1,6.542
Maize,Maize (Feed Corn),HYV,24.7,18.03,35.82,715.28,76.76,7.83,100,6.51,141.45,72.1,52.35,4.77,Red,72.72,Rainfed,Kharif,Wheat,6.02,145.76,65.79,60.84,1,8.258
Soybean,Soybean (Oil Grade),HYV,27.56,20.94,38.26,712.63,76.26,6.88,104,6.85,26.12,51.89,35.28,2.13,Red,56.88,Sprinkler,Zaid,Pulses,6.41,27.37,59.0,42.03,1,2.789
Wheat,Wheat (Common),Traditional,20.22,12.5,31.35,596.61,61.56,9.88,125,7.27,98.55,46.02,34.07,1.63,Black,43.8,Flood,Rabi,Rice,17.3,65.09,38.88,26.27,1,2.933
Millet,Millet (Pearl/Bajra),Hybrid,29.42,22.78,38.46,468.3,48.72,10.97,69,6.87,41.91,22.59,21.33,1.38,Black,51.86,Rainfed,Rabi,Cotton,13.66,61.71,32.69,41.54,1,1.878
Soybean,Soybean (Oil Grade),HYV,28.08,22.69,39.24,917.85,76.8,7.85,102,6.55,27.82,63.02,42.76,4.06,Red,78.11,Drip,Kharif,Pulses,15.11,22.16,68.26,38.5,1,4.35
Wheat,Wheat (Common),Hybrid,18.46,12.76,28.54,414.97,60.18,8.16,119,6.12,87.52,42.37,34.38,2.5,Loamy,58.94,Sprinkler,Rabi,Pulses,1.22,93.14,45.9,36.48,1,4.018
Wheat,Wheat (Sharbati),HYV,21.97,16.85,29.95,561.78,62.39,9.46,124,7.04,80.3,41.89,33.65,2.91,Sandy,43.26,Sprinkler,Zaid,Rice,19.59,99.36,40.22,31.05,1,5.018
Maize,Maize (Feed Corn),Hybrid,24.57,17.54,34.81,628.74,66.82,6.15,107,6.11,124.14,76.59,59.67,2.29,Alluvial,66.11,Flood,Kharif,Maize,8.13,135.91,67.92,69.96,1,8.601
Wheat,Wheat (Durum),HYV,18.77,10.78,30.24,536.23,60.61,8.18,120,6.37,99.71,48.56,34.14,2.66,Black,47.9,Drip,Rabi,Fallow,12.35,89.45,41.49,35.44,1,6.955
Soybean,Soybean (Oil Grade),Traditional,29.01,23.54,38.43,871.31,69.47,6.29,106,6.62,24.51,66.55,39.06,3.46,Red,76.97,Rainfed,Kharif,Cotton,12.2,16.46,43.63,28.17,1,3.748
Maize,Maize (Popcorn),Traditional,25.6,19.57,33.64,740.27,66.54,6.07,97,6.91,98.11,41.35,49.58,2.17,Alluvial,60.99,Sprinkler,Kharif,Rice,19.41,76.82,45.61,38.38,1,5.231
Rice,Rice (Sona Masuri),Hybrid,30.72,25.07,40.28,1025.44,83.42,8.94,131,6.01,84.13,43.26,38.46,2.21,Loamy,67.41,Flood,Kharif,Sugarcane,2.24,114.88,52.66,61.43,1,7.002
Soybean,Soybean (Oil Grade),HYV,28.43,22.69,36.62,727.91,75.66,8.49,120,6.64,25.71,66.48,43.97,2.22,Alluvial,75.21,Sprinkler,Kharif,Soybean,6.6,29.33,54.32,43.29,0,2.098
Wheat,Wheat (Common),Traditional,18.07,10.63,27.88,422.28,68.71,9.97,127,6.73,96.92,41.01,36.77,3.48,Alluvial,48.3,Flood,Zaid,Rice,5.25,69.34,39.07,28.26,1,3.3
Rice,Rice (Non-Basmati),Traditional,29.06,22.85,38.08,1213.15,70.35,7.72,131,7.09,103.15,52.94,58.61,3.29,Clayey,73.28,Sprinkler,Kharif,Cotton,3.41,64.41,24.52,28.54,0,6.3
Rice,Rice (Non-Basmati),Traditional,27.98,21.56,35.33,1126.34,75.86,6.89,140,6.31,84.13,50.66,41.96,4.37,Alluvial,79.17,Sprinkler,Kharif,Sugarcane,7.86,66.64,28.86,32.33,1,4.921
Soybean,Soybean (Oil Grade),HYV,28.92,23.25,39.84,660.95,69.73,7.04,97,6.96,27.7,65.23,44.3,2.11,Red,75.21,Rainfed,Kharif,Sugarcane,12.23,21.6,61.69,41.63,1,2.971
Maize,Maize (Feed Corn),Hybrid,27.13,20.5,39.02,778.29,77.33,6.04,119,7.15,143.54,75.95,59.41,2.99,Red,76.24,Flood,Rabi,Cotton,8.0,113.31,64.95,53.58,1,9.365
Rice,Rice (Sona Masuri),Traditional,26.41,20.27,34.29,1259.78,81.37,6.74,135,6.17,75.67,40.23,38.8,2.57,Black,78.92,Sprinkler,Kharif,Rice,15.9,56.89,35.89,34.4,1,4.678
Millet,Millet (Finger/Ragi),Hybrid,26.63,20.62,37.3,489.83,61.52,7.0,115,5.65,32.78,20.51,18.44,3.44,Black,51.81,Rainfed,Kharif,Sugarcane,3.55,58.71,37.87,25.99,0,1.54
Millet,Millet (Sorghum/Jowar),HYV,29.07,22.5,38.42,523.25,62.53,8.65,124,7.64,64.47,34.45,33.82,3.4,Loamy,50.57,Sprinkler,Kharif,Cotton,12.39,63.4,34.54,30.56,1,2.705
Soybean,Soybean (Oil Grade),HYV,28.82,23.38,36.12,750.68,77.48,6.67,98,6.7,26.96,58.29,39.06,3.55,Sandy,76.38,Rainfed,Kharif,Soybean,17.86,26.0,55.94,44.75,1,3.678
Maize,Maize (Feed Corn),Traditional,26.57,19.86,37.24,625.35,66.85,6.38,92,7.29,138.25,77.99,60.15,2.12,Loamy,55.78,Flood,Kharif,Pulses,15.13,104.52,63.76,54.04,1,7.071
Soybean,Soybean (Oil Grade),HYV,26.91,20.63,34.68,836.66,69.28,6.7,109,7.15,20.61,51.07,38.36,3.98,Sandy,66.72,Sprinkler,Zaid,Millet,17.73,24.89,54.92,44.29,1,3.86
Rice,Rice (Sona Masuri),Hybrid,27.66,22.29,38.08,1000.19,74.93,6.65,139,6.51,77.83,39.63,44.22,2.9,Red,75.3,Flood,Kharif,Maize,8.12,83.5,47.43,48.63,0,5.955
Maize,Maize (Popcorn),Traditional,23.67,17.84,31.73,633.91,62.02,6.74,95,6.16,95.13,56.78,48.66,2.37,Alluvial,56.12,Sprinkler,Rabi,Cotton,1.08,75.68,46.14,36.74,1,4.406
Maize,Maize (Feed Corn),Hybrid,23.16,16.81,32.63,743.64,64.79,8.6,107,6.88,130.38,65.34,61.68,4.69,Alluvial,72.93,Sprinkler,Kharif,Pulses,15.23,150.11,67.98,58.88,1,7.341
Rice,Rice (Sona Masuri),Hybrid,30.11,24.84,41.81,1399.96,83.3,8.22,127,5.6,79.15,41.64,37.96,2.78,Loamy,63.11,Flood,Kharif,Sugarcane,0.76,96.12,38.93,40.1,0,5.34
Millet,Millet (Foxtail),HYV,26.16,18.88,36.88,509.06,47.77,9.38,64,7.29,31.09,23.15,16.92,1.17,Alluvial,55.21,Sprinkler,Kharif,Maize,14.44,36.72,18.89,16.13,1,2.181
Wheat,Wheat (Sharbati),Hybrid,19.14,12.76,27.58,574.19,55.48,8.91,116,6.96,94.64,40.78,31.31,2.6,Loamy,51.95,Sprinkler,Rabi,Sugarcane,13.83,142.4,70.16,56.69,1,3.856
Rice,Rice (Basmati),Hybrid,26.24,20.17,37.03,1007.2,71.74,6.14,146,6.47,79.59,31.75,30.17,4.29,Loamy,80.17,Flood,Kharif,Cotton,12.88,79.77,38.53,42.42,1,3.372
Rice,Rice (Sona Masuri),Traditional,30.66,24.04,39.97,1221.2,74.67,8.72,127,6.56,81.78,44.69,37.98,2.71,Red,66.05,Flood,Kharif,Sugarcane,19.74,65.74,33.17,29.75,1,3.834
Millet,Millet (Finger/Ragi),Hybrid,25.61,17.74,34.89,459.83,69.31,8.43,129,5.34,32.9,28.21,18.26,3.47,Loamy,59.95,Rainfed,Kharif,Cotton,11.73,47.33,25.89,21.5,1,1.647
Millet,Millet (Pearl/Bajra),Hybrid,31.74,26.16,43.51,357.57,47.0,9.07,70,7.42,46.29,24.65,22.63,2.02,Loamy,53.68,Drip,Kharif,Fallow,19.61,44.16,27.33,29.29,1,1.542
Soybean,Soybean (Oil Grade),Hybrid,28.19,20.62,38.08,792.02,75.09,8.89,120,7.06,22.69,67.95,39.73,3.51,Red,61.64,Rainfed,Kharif,Soybean,2.23,27.96,67.3,43.37,1,4.902
Rice,Rice (Non-Basmati),HYV,31.09,25.58,41.62,1173.25,85.7,6.74,134,5.65,99.01,48.43,48.89,2.14,Desert,74.04,Flood,Kharif,Cotton,5.12,112.72,44.99,58.65,1,3.912
Maize,Maize (Sweet Corn),Traditional,27.11,20.0,36.32,796.95,65.06,6.3,90,5.87,102.07,61.27,56.7,2.16,Sandy,74.59,Drip,Rabi,Sugarcane,15.29,90.18,55.9,37.36,1,5.157
Millet,Millet (Foxtail),HYV,29.8,22.61,38.45,487.12,49.93,9.39,81,6.92,36.32,21.07,19.02,2.07,Sandy,42.53,Flood,Rabi,Fallow,8.73,39.86,15.98,16.72,0,2.623
Maize,Maize (Sweet Corn),HYV,26.56,20.77,35.11,745.15,68.76,6.9,89,6.83,111.15,54.37,51.59,3.76,Laterite,65.77,Drip,Kharif,Soybean,10.81,116.78,58.42,58.93,1,5.256
Millet,Millet (Finger/Ragi),Hybrid,28.19,23.04,35.68,502.5,58.55,9.17,122,6.06,43.22,24.39,22.63,2.88,Clayey,48.13,Rainfed,Kharif,Pulses,9.33,48.58,26.07,22.85,1,1.572
Millet,Millet (Sorghum/Jowar),Traditional,29.45,21.67,41.11,585.7,51.78,8.29,102,7.83,79.92,34.11,33.84,3.15,Black,54.58,Sprinkler,Kharif,Sugarcane,12.46,39.92,20.01,17.34,1,1.854
Soybean,Soybean (Food Grade),HYV,25.14,17.31,33.72,731.45,64.66,8.15,105,6.98,22.12,48.88,36.64,3.07,Loamy,72.38,Rainfed,Kharif,Cotton,8.19,29.61,54.47,30.92,1,2.566
Maize,Maize (Feed Corn),Hybrid,26.78,19.05,33.96,598.39,63.8,6.18,99,7.13,128.65,66.53,63.01,4.94,Loamy,60.11,Flood,Zaid,Pulses,14.4,188.49,95.66,96.38,1,6.532
Maize,Maize (Sweet Corn),Traditional,27.8,20.63,39.4,734.37,71.82,8.6,91,6.31,117.5,51.34,41.1,3.94,Clayey,72.74,Flood,Kharif,Pulses,19.64,95.21,45.85,41.72,0,6.639
Millet,Millet (Foxtail),Hybrid,31.08,24.46,39.52,440.73,49.73,7.58,61,5.58,34.77,17.28,15.06,1.85,Loamy,52.08,Rainfed,Kharif,Soybean,13.61,35.77,16.53,21.35,1,2.392
Wheat,Wheat (Sharbati),HYV,19.9,13.25,28.91,406.76,54.27,9.86,132,6.3,91.64,42.98,30.87,3.65,Loamy,41.65,Drip,Rabi,Soybean,16.74,81.34,49.22,38.65,1,5.094
Rice,Rice (Non-Basmati),Traditional,31.42,26.36,40.79,1565.58,77.9,7.28,130,5.74,84.76,58.7,45.92,2.73,Black,65.89,Sprinkler,Kharif,Pulses,1.57,72.32,32.2,37.84,0,3.569
Rice,Rice (Non-Basmati),Traditional,30.29,23.19,42.13,1250.1,85.13,7.3,129,5.98,100.62,51.39,44.43,4.27,Clayey,72.74,Sprinkler,Kharif,Soybean,16.22,71.79,46.04,35.18,1,6.899
Millet,Millet (Pearl/Bajra),HYV,33.93,27.24,43.56,384.88,44.95,10.28,66,6.55,47.59,20.42,28.99,1.14,Red,43.24,Sprinkler,Kharif,Cotton,12.57,44.46,28.32,22.35,1,1.671
Maize,Maize (Popcorn),Hybrid,25.31,17.81,33.08,739.33,64.03,6.85,105,5.89,82.34,51.36,44.72,2.66,Black,59.56,Sprinkler,Rabi,Millet,0.56,90.68,52.86,45.6,1,5.911
Maize,Maize (Sweet Corn),Traditional,25.04,17.58,32.75,682.58,70.4,7.24,96,6.13,101.83,58.27,57.55,3.1,Black,67.39,Drip,Rabi,Fallow,13.52,84.04,54.73,39.45,0,8.844
Millet,Millet (Finger/Ragi),HYV,28.06,22.11,39.59,551.92,53.97,7.49,111,6.07,38.87,27.75,17.38,2.42,Loamy,41.99,Sprinkler,Kharif,Pulses,9.63,45.06,23.78,20.56,1,3.286
Maize,Maize (Feed Corn),Hybrid,24.4,18.99,33.71,641.6,64.38,6.11,112,6.31,149.01,73.86,54.85,3.14,Red,67.89,Rainfed,Kharif,Millet,16.09,129.26,72.92,65.24,1,10.044
Millet,Millet (Pearl/Bajra),HYV,28.35,22.34,37.29,408.42,51.17,9.48,68,6.38,54.11,24.12,26.56,2.12,Red,53.45,Sprinkler,Kharif,Soybean,8.6,42.99,25.33,26.55,0,1.944
Rice,Rice (Sona Masuri),Traditional,30.22,25.04,40.2,1286.81,84.67,8.42,124,6.16,74.77,40.48,43.4,3.08,Loamy,63.32,Drip,Kharif,Rice,16.49,47.65,24.55,26.19,1,6.864
Rice,Rice (Sona Masuri),Hybrid,27.86,21.22,39.06,1361.4,84.17,8.64,140,5.54,76.3,36.29,36.55,2.73,Alluvial,61.87,Sprinkler,Kharif,Sugarcane,17.59,82.33,38.7,42.31,1,5.89
Wheat,Wheat (Common),HYV,19.35,12.53,29.8,585.39,66.46,8.49,122,6.74,93.06,42.94,39.24,3.76,Loamy,63.98,Flood,Rabi,Rice,11.31,89.38,46.84,31.09,1,7.027
Soybean,Soybean (Oil Grade),Traditional,29.21,23.49,36.35,914.28,68.63,8.37,97,7.19,25.36,64.89,36.61,3.67,Sandy,75.27,Drip,Rabi,Millet,9.24,14.69,35.3,23.14,1,1.993
Wheat,Wheat (Durum),HYV,19.41,13.68,28.91,464.24,57.69,8.07,123,6.08,88.14,44.75,35.72,3.46,Loamy,57.16,Flood,Rabi,Fallow,1.19,66.0,40.18,25.72,1,6.738
Wheat,Wheat (Durum),Hybrid,22.66,17.03,31.49,515.97,54.72,9.98,139,7.4,90.53,50.1,34.24,3.67,Loamy,68.71,Drip,Rabi,Millet,15.83,99.4,62.21,42.44,0,6.05
Millet,Millet (Finger/Ragi),HYV,31.76,24.48,39.66,567.37,64.37,8.78,121,5.83,39.49,23.63,18.47,2.73,Red,64.83,Flood,Kharif,Sugarcane,14.29,36.3,23.17,15.01,1,2.761
Rice,Rice (Sona Masuri),HYV,27.23,19.91,38.25,1099.74,70.63,6.61,135,5.7,80.66,41.8,35.58,2.18,Loamy,81.74,Sprinkler,Kharif,Wheat,6.55,85.7,35.31,40.86,1,6.065
Wheat,Wheat (Durum),HYV,18.3,12.23,26.3,521.58,57.09,8.06,132,7.15,93.79,46.83,31.46,2.8,Loamy,67.97,Flood,Rabi,Maize,4.89,89.44,58.94,32.03,1,5.072
Maize,Maize (Sweet Corn),HYV,26.96,21.53,36.96,773.27,71.0,7.76,100,5.81,110.26,50.07,51.87,2.09,Loamy,73.5,Rainfed,Kharif,Rice,17.34,75.16,40.38,36.62,1,4.912
Wheat,Wheat (Sharbati),HYV,19.82,13.59,29.09,515.35,54.86,7.55,123,7.15,86.96,40.92,35.97,3.58,Alluvial,64.24,Sprinkler,Rabi,Sugarcane,15.81,82.4,49.19,38.99,1,4.715
Maize,Maize (Popcorn),Hybrid,22.59,15.68,31.48,580.42,57.7,8.66,92,6.93,87.65,50.02,47.27,4.07,Alluvial,54.41,Drip,Rabi,Rice,15.04,97.61,61.54,50.87,1,7.8
Wheat,Wheat (Common),Hybrid,20.0,14.22,27.14,592.46,64.98,7.41,120,7.14,90.56,45.11,36.46,1.82,Black,60.31,Sprinkler,Rabi,Sugarcane,11.28,108.38,47.5,34.0,0,6.501
Millet,Millet (Sorghum/Jowar),HYV,28.61,22.94,36.4,405.89,60.7,8.59,105,7.14,77.76,39.44,28.53,2.05,Loamy,40.95,Rainfed,Rabi,Sugarcane,7.71,69.83,33.5,33.0,0,2.113
Rice,Rice (Non-Basmati),Hybrid,31.39,24.81,42.64,1129.95,74.55,6.78,129,7.19,95.63,51.06,55.53,2.25,Black,86.47,Rainfed,Kharif,Sugarcane,3.29,104.63,45.7,44.27,1,3.829
Millet,Millet (Finger/Ragi),Hybrid,28.92,21.69,40.08,597.6,69.5,9.5,123,7.39,45.56,21.83,19.67,2.58,Loamy,60.71,Sprinkler,Kharif,Cotton,5.97,51.81,30.32,20.99,1,3.125
Maize,Maize (Sweet Corn),Traditional,23.12,15.32,30.54,515.46,72.92,8.52,80,6.97,102.5,59.59,41.07,3.07,Black,51.79,Sprinkler,Zaid,Rice,18.98,64.11,35.31,31.69,1,3.678
Rice,Rice (Basmati),Traditional,27.21,19.67,35.24,1476.05,75.13,8.96,137,6.85,60.42,30.34,34.46,4.45,Alluvial,82.13,Drip,Kharif,Maize,3.11,63.06,29.41,26.91,0,3.437
Rice,Rice (Basmati),Traditional,27.45,19.91,37.98,1245.23,73.87,8.65,139,6.49,75.63,37.59,34.79,2.13,Clayey,67.74,Flood,Rabi,Maize,8.93,60.3,27.57,27.78,1,2.176
Maize,Maize (Popcorn),Traditional,22.1,16.34,31.21,517.44,61.94,7.36,91,6.19,87.15,55.67,46.88,3.62,Loamy,61.09,Rainfed,Rabi,Sugarcane,6.43,78.86,35.53,32.38,0,4.742
Soybean,Soybean (Food Grade),Traditional,24.18,16.27,32.24,735.07,78.98,7.52,107,7.4,29.45,42.95,39.4,3.14,Red,64.24,Sprinkler,Zaid,Cotton,11.49,23.14,38.68,28.18,1,2.184
Millet,Millet (Finger/Ragi),Hybrid,30.16,23.03,38.34,618.75,54.62,9.03,122,5.66,45.89,24.81,20.35,2.62,Black,58.15,Rainfed,Kharif,Pulses,19.68,37.06,31.69,23.17,0,2.806
Millet,Millet (Pearl/Bajra),Traditional,32.92,25.21,40.0,479.18,41.78,8.69,75,7.91,42.63,28.78,22.27,2.11,Sandy,44.37,Flood,Kharif,Sugarcane,2.86,31.84,19.59,18.12,0,1.044
Millet,Millet (Pearl/Bajra),Traditional,28.27,22.2,35.38,345.09,50.27,10.23,68,6.99,46.11,26.39,28.09,1.69,Laterite,50.46,Sprinkler,Zaid,Pulses,9.93,42.25,22.71,18.38,1,0.817
Maize,Maize (Popcorn),Hybrid,22.54,16.72,31.78,699.95,58.5,8.72,102,6.1,96.86,40.63,42.11,3.95,Loamy,51.3,Rainfed,Kharif,Cotton,9.96,89.69,44.77,52.71,1,4.12
Wheat,Wheat (Sharbati),Traditional,21.34,14.6,32.34,594.62,62.07,7.95,134,6.41,93.26,40.11,31.9,2.65,Loamy,61.88,Rainfed,Rabi,Wheat,3.78,75.96,33.3,26.56,0,3.605
Soybean,Soybean (Oil Grade),HYV,29.39,22.24,40.93,901.04,65.42,6.77,120,6.54,22.65,59.4,40.14,2.02,Black,72.54,Sprinkler,Rabi,Millet,19.81,26.12,67.43,44.61,1,2.514
Millet,Millet (Finger/Ragi),HYV,27.39,20.97,38.24,615.65,53.55,7.71,116,6.37,37.65,28.24,21.03,3.07,Black,57.53,Rainfed,Kharif,Soybean,9.99,46.71,36.11,32.0,0,1.859
Wheat,Wheat (Sharbati),Hybrid,18.98,11.76,30.81,524.39,62.17,8.72,126,6.97,82.21,49.86,35.63,2.97,Alluvial,64.18,Sprinkler,Rabi,Soybean,18.03,95.94,48.6,34.22,1,6.5
Maize,Maize (Feed Corn),Hybrid,26.88,19.77,37.24,675.37,78.65,8.74,100,7.03,121.49,71.22,54.69,2.86,Loamy,57.19,Flood,Zaid,Wheat,3.04,145.96,70.37,59.47,0,8.333
Rice,Rice (Basmati),Traditional,25.02,19.53,33.77,1157.86,81.87,8.04,133,6.94,62.92,38.23,32.35,3.96,Loamy,70.13,Sprinkler,Rabi,Fallow,16.21,58.86,25.89,24.67,1,4.435
Soybean,Soybean (Oil Grade),Traditional,29.24,23.44,41.2,926.88,73.32,7.99,120,6.31,25.8,66.32,41.79,2.35,Alluvial,55.05,Rainfed,Kharif,Pulses,13.01,21.28,47.27,34.75,0,2.439
Millet,Millet (Sorghum/Jowar),Hybrid,30.91,25.91,41.27,645.37,64.63,9.19,90,7.61,62.48,38.79,25.23,2.96,Loamy,64.29,Rainfed,Kharif,Maize,7.67,76.77,43.65,37.85,0,2.27
Maize,Maize (Feed Corn),Hybrid,24.47,16.94,33.52,840.72,64.66,7.87,104,7.32,141.65,61.49,52.57,4.86,Red,64.15,Flood,Kharif,Wheat,18.05,133.3,68.1,73.97,1,8.721
Rice,Rice (Basmati),HYV,26.41,20.63,34.65,1453.13,73.74,6.82,139,7.27,65.36,31.56,38.53,2.14,Alluvial,75.49,Flood,Kharif,Cotton,18.05,67.38,30.26,33.46,1,3.34
Soybean,Soybean (Oil Grade),Traditional,27.65,19.99,39.22,840.42,72.87,7.51,105,6.64,24.55,59.08,43.14,2.56,Red,79.32,Drip,Kharif,Maize,14.87,19.77,43.22,34.93,1,2.462
Maize,Maize (Feed Corn),Traditional,24.07,16.5,34.5,677.47,69.87,6.77,119,6.68,130.27,73.39,65.64,4.37,Sandy,55.94,Drip,Kharif,Rice,14.73,98.17,61.59,54.6,1,11.388
Millet,Millet (Foxtail),Hybrid,26.23,18.25,33.23,419.98,53.9,9.41,76,5.9,37.47,16.02,18.66,1.86,Alluvial,51.21,Rainfed,Zaid,Cotton,8.68,42.7,21.55,20.07,1,1.36
Soybean,Soybean (Oil Grade),HYV,27.53,21.76,36.31,939.01,73.82,6.26,120,6.87,25.06,65.34,39.17,3.55,Alluvial,64.61,Rainfed,Kharif,Pulses,6.07,29.88,63.54,37.25,1,3.922
Millet,Millet (Finger/Ragi),HYV,26.82,21.31,37.39,556.2,63.67,8.1,115,5.72,47.28,20.94,17.22,2.14,Loamy,62.58,Sprinkler,Kharif,Cotton,16.08,42.19,31.01,27.12,0,2.376
Maize,Maize (Feed Corn),Hybrid,27.98,20.66,35.18,566.5,62.06,8.47,97,6.42,132.7,78.7,59.83,2.05,Alluvial,79.0,Sprinkler,Kharif,Sugarcane,15.52,116.42,74.08,57.97,1,9.932
Maize,Maize (Popcorn),HYV,23.87,16.15,31.6,527.84,66.03,7.41,88,6.35,80.46,43.42,49.21,4.45,Black,59.85,Sprinkler,Kharif,Wheat,18.79,126.02,60.92,58.33,1,6.766
Soybean,Soybean (Food Grade),Hybrid,26.25,19.3,36.67,629.65,67.14,6.63,110,7.36,22.53,42.66,35.81,2.95,Loamy,67.71,Sprinkler,Kharif,Wheat,1.2,25.61,45.05,35.98,1,3.59
Wheat,Wheat (Sharbati),HYV,21.51,15.59,28.72,599.0,54.69,7.49,124,6.48,84.19,42.54,30.84,2.94,Loamy,50.16,Sprinkler,Rabi,Wheat,16.08,99.7,43.99,34.85,1,4.44
Wheat,Wheat (Durum),Traditional,20.52,14.87,28.85,484.12,51.13,8.86,138,6.25,92.31,59.64,30.74,2.73,Loamy,63.33,Sprinkler,Rabi,Wheat,7.88,65.14,40.35,24.15,1,4.166
Soybean,Soybean (Food Grade),Hybrid,29.57,21.58,39.01,783.11,66.93,6.85,94,6.91,27.71,59.29,36.91,3.84,Alluvial,74.55,Rainfed,Kharif,Fallow,5.67,25.44,60.39,37.23,1,3.258
Maize,Maize (Popcorn),Hybrid,26.12,19.52,34.4,505.08,55.15,8.46,99,6.64,84.93,46.54,48.21,3.24,Loamy,59.16,Drip,Kharif,Sugarcane,11.21,103.44,58.4,50.67,1,7.8
Soybean,Soybean (Oil Grade),Hybrid,29.03,22.85,40.39,869.55,70.5,6.49,112,6.16,20.12,66.86,37.95,2.68,Black,76.16,Sprinkler,Zaid,Millet,4.64,26.55,57.95,43.67,1,3.781
Millet,Millet (Finger/Ragi),Traditional,31.74,25.66,42.89,442.09,69.7,7.63,127,5.12,41.53,21.79,21.45,3.3,Black,47.46,Sprinkler,Kharif,Soybean,6.24,33.66,15.74,14.27,1,2.846
Rice,Rice (Basmati),Traditional,28.09,20.87,36.16,1332.5,77.47,8.23,147,6.14,74.97,39.15,34.34,2.78,Black,70.86,Flood,Kharif,Fallow,13.58,58.46,30.55,24.4,1,2.181
Millet,Millet (Sorghum/Jowar),HYV,29.37,22.52,39.15,417.39,60.54,9.32,120,7.52,63.16,35.01,28.42,3.09,Black,48.28,Rainfed,Rabi,Pulses,18.88,76.23,32.08,33.0,1,2.217
Millet,Millet (Finger/Ragi),HYV,31.21,24.12,39.14,524.66,64.27,9.39,119,6.79,32.1,26.03,19.18,2.4,Loamy,50.85,Sprinkler,Kharif,Sugarcane,3.26,48.23,28.48,23.28,1,3.616
Soybean,Soybean (Food Grade),Traditional,24.42,17.04,32.09,825.14,62.14,7.49,110,6.35,28.66,47.54,38.97,3.71,Loamy,58.74,Rainfed,Kharif,Pulses,6.04,21.59,46.08,28.57,0,2.038
Maize,Maize (Feed Corn),HYV,27.2,21.43,36.25,688.53,60.62,8.98,95,6.63,131.83,61.45,69.39,4.78,Loamy,55.98,Sprinkler,Kharif,Millet,11.03,138.56,66.34,67.55,0,11.545
Maize,Maize (Sweet Corn),HYV,25.0,17.21,36.96,505.91,67.41,8.26,83,6.93,118.75,54.17,55.71,3.74,Alluvial,50.85,Rainfed,Rabi,Sugarcane,14.96,116.91,51.18,46.53,1,7.108
Maize,Maize (Feed Corn),HYV,28.46,22.11,36.57,744.15,62.43,6.12,99,6.76,120.01,78.79,55.35,4.72,Desert,60.42,Flood,Kharif,Rice,19.08,84.09,48.28,46.72,0,8.875
Wheat,Wheat (Common),HYV,20.9,13.67,29.67,506.92,51.05,9.18,122,6.32,93.39,42.11,35.94,3.17,Red,60.8,Sprinkler,Rabi,Sugarcane,11.65,73.54,41.11,31.82,1,5.967
Wheat,Wheat (Common),HYV,21.41,14.56,33.3,444.58,66.52,9.78,116,7.06,82.27,43.38,36.84,2.9,Clayey,60.35,Sprinkler,Rabi,Cotton,9.54,93.16,40.08,36.64,0,4.379
Wheat,Wheat (Common),Hybrid,18.22,11.56,27.49,461.56,58.4,9.2,129,7.1,92.72,47.73,38.69,2.28,Black,59.33,Sprinkler,Rabi,Cotton,13.14,71.08,33.89,29.92,1,6.347
Wheat,Wheat (Common),Traditional,18.3,13.3,26.74,418.03,54.39,8.0,124,6.38,97.15,40.89,39.55,2.76,Alluvial,69.97,Rainfed,Rabi,Pulses,15.07,73.4,34.38,26.86,1,4.232
Millet,Millet (Finger/Ragi),Hybrid,29.34,21.68,39.99,428.98,67.54,9.25,109,6.7,32.12,24.67,17.33,3.11,Black,63.28,Rainfed,Kharif,Pulses,16.72,51.53,25.4,19.22,1,3.172
Millet,Millet (Foxtail),Traditional,26.18,19.14,37.08,461.44,47.16,7.37,67,7.05,39.32,24.68,16.81,1.04,Clayey,43.55,Sprinkler,Rabi,Soybean,13.45,30.59,12.29,15.88,1,2.103
Maize,Maize (Popcorn),HYV,25.19,18.34,35.06,560.8,58.09,8.74,100,6.76,98.04,40.17,40.05,4.38,Alluvial,61.13,Sprinkler,Rabi,Cotton,17.36,89.07,45.37,41.08,1,5.277
Maize,Maize (Popcorn),Traditional,24.57,17.06,34.58,629.55,59.34,6.12,105,6.59,97.0,52.64,43.87,3.93,Loamy,63.69,Sprinkler,Kharif,Soybean,15.56,74.86,33.22,34.3,1,6.358
Rice,Rice (Basmati),Traditional,26.91,21.07,37.52,1430.94,79.81,7.53,148,6.08,68.91,30.49,35.69,3.15,Alluvial,78.93,Rainfed,Kharif,Rice,15.38,62.12,24.16,30.02,1,2.582
Rice,Rice (Basmati),Hybrid,29.0,21.25,39.02,1401.53,81.88,6.58,137,6.48,62.64,33.76,36.72,4.35,Alluvial,73.27,Flood,Kharif,Soybean,18.47,86.18,43.24,35.97,1,6.155
Maize,Maize (Sweet Corn),Hybrid,25.87,18.08,34.51,533.01,71.82,8.44,93,5.88,113.1,59.22,56.52,2.3,Desert,55.82,Sprinkler,Rabi,Soybean,7.96,119.2,59.18,61.63,1,7.714
Millet,Millet (Foxtail),Hybrid,28.09,22.45,36.43,498.9,47.06,8.29,60,5.98,36.0,15.46,18.31,2.88,Sandy,51.38,Rainfed,Kharif,Rice,1.41,33.21,19.71,21.64,1,1.342
Rice,Rice (Non-Basmati),Traditional,28.97,23.04,38.49,1180.89,77.39,6.3,133,6.28,84.04,56.04,58.3,4.27,Black,85.56,Sprinkler,Kharif,Pulses,13.51,76.51,33.44,42.01,1,5.497
Soybean,Soybean (Oil Grade),HYV,28.17,20.56,39.14,680.55,77.51,8.56,113,7.05,21.01,66.58,44.14,2.22,Alluvial,60.64,Rainfed,Kharif,Millet,3.62,27.67,57.55,39.34,1,2.788
Rice,Rice (Non-Basmati),Hybrid,28.61,22.44,39.81,1209.68,84.68,8.27,128,6.61,118.44,43.74,47.03,3.72,Desert,86.7,Drip,Kharif,Cotton,19.74,88.47,44.82,52.76,1,8.399
Rice,Rice (Sona Masuri),Traditional,30.01,23.25,40.32,1155.14,80.19,8.93,139,6.87,71.84,44.43,39.59,4.48,Black,73.49,Sprinkler,Kharif,Wheat,1.2,57.4,34.76,31.54,1,5.374
Rice,Rice (Non-Basmati),Hybrid,30.35,23.8,37.91,1425.8,82.19,7.55,138,5.77,116.72,46.91,48.54,3.09,Black,75.22,Sprinkler,Zaid,Soybean,13.8,94.55,55.71,56.49,1,5.985
Millet,Millet (Finger/Ragi),Traditional,25.76,19.98,37.36,419.22,59.25,7.78,116,6.86,30.34,26.18,17.85,3.05,Black,58.51,Sprinkler,Kharif,Cotton,4.48,32.86,22.62,15.75,1,2.198
Maize,Maize (Sweet Corn),Hybrid,22.74,16.95,33.76,651.4,71.28,8.8,97,6.03,108.98,58.17,52.15,4.83,Alluvial,54.64,Drip,Kharif,Rice,14.53,119.52,56.29,45.96,1,7.027
Maize,Maize (Feed Corn),Hybrid,25.33,20.03,36.16,573.11,65.47,6.76,108,6.99,128.55,77.86,61.22,3.06,Loamy,71.38,Flood,Kharif,Maize,10.75,141.08,81.19,72.84,1,5.746
Rice,Rice (Basmati),Hybrid,28.41,21.13,38.39,1235.79,76.18,7.05,146,7.28,74.92,34.09,39.33,4.97,Alluvial,65.13,Drip,Kharif,Pulses,16.64,84.15,35.05,35.59,1,6.5
Maize,Maize (Feed Corn),Traditional,25.43,19.79,33.33,717.11,64.07,6.6,91,7.01,140.96,72.81,69.3,2.07,Red,65.87,Sprinkler,Kharif,Fallow,11.6,111.12,54.52,45.1,1,7.943
Maize,Maize (Sweet Corn),HYV,25.98,19.63,35.15,792.31,72.18,8.11,94,6.22,111.84,58.92,49.33,2.66,Desert,69.78,Drip,Rabi,Pulses,15.43,104.17,67.37,41.94,1,8.215
Maize,Maize (Popcorn),Traditional,25.78,19.52,33.99,612.18,62.75,7.63,93,6.22,84.56,46.22,49.68,4.0,Loamy,51.4,Sprinkler,Rabi,Maize,18.82,67.98,40.67,31.41,1,7.364
Wheat,Wheat (Common),Hybrid,20.58,13.72,29.95,419.33,62.54,9.58,119,6.13,80.79,40.32,38.42,3.32,Red,46.07,Flood,Rabi,Soybean,7.55,67.14,33.55,26.97,0,6.048
Wheat,Wheat (Durum),Traditional,22.03,15.03,32.83,623.23,50.16,9.66,126,6.4,89.1,58.68,31.1,3.36,Loamy,54.81,Flood,Rabi,Millet,16.31,79.03,33.58,30.39,1,3.727
Wheat,Wheat (Durum),Traditional,20.56,13.85,31.7,598.45,67.12,8.52,139,6.75,86.69,52.91,38.89,1.81,Black,56.26,Drip,Rabi,Cotton,0.56,79.91,33.44,30.49,1,5.545
Millet,Millet (Sorghum/Jowar),HYV,28.86,21.27,38.06,459.3,52.06,9.79,104,7.55,63.97,35.15,28.41,3.15,Red,62.25,Rainfed,Kharif,Cotton,14.87,68.09,32.47,34.26,1,2.806
Maize,Maize (Sweet Corn),Hybrid,24.54,17.47,34.16,688.13,70.0,7.89,89,6.08,100.58,59.0,54.43,4.81,Black,50.34,Drip,Rabi,Maize,16.23,116.11,59.8,57.44,1,9.75
Wheat,Wheat (Sharbati),Traditional,17.11,11.74,27.82,482.14,51.76,9.22,118,6.88,94.83,46.08,39.94,2.87,Black,47.8,Drip,Rabi,Soybean,10.86,71.46,33.22,24.52,1,4.078
Wheat,Wheat (Sharbati),Hybrid,19.83,13.3,29.7,532.48,55.69,7.19,125,7.02,95.28,49.29,37.51,3.38,Loamy,56.39,Drip,Rabi,Millet,6.84,61.63,37.79,23.21,1,5.605
Millet,Millet (Foxtail),Hybrid,27.61,21.15,34.68,417.04,50.39,7.65,61,6.85,38.93,16.46,16.15,2.85,Black,42.03,Rainfed,Kharif,Pulses,18.38,40.41,17.75,21.06,1,1.566
Millet,Millet (Sorghum/Jowar),Hybrid,28.93,21.6,39.62,442.26,53.28,8.52,108,6.81,62.51,31.82,30.09,1.99,Black,43.63,Rainfed,Zaid,Soybean,19.25,72.51,34.92,30.49,1,2.162
Millet,Millet (Foxtail),Hybrid,31.49,24.66,42.15,427.55,53.09,7.15,77,6.94,30.9,17.24,19.83,2.45,Red,57.29,Rainfed,Zaid,Pulses,19.5,39.01,24.53,19.48,1,1.486
Wheat,Wheat (Common),HYV,17.07,11.11,26.67,415.98,59.7,9.77,122,6.7,86.82,46.68,37.74,3.22,Black,53.89,Sprinkler,Zaid,Cotton,3.47,82.19,37.81,30.15,1,4.956
Millet,Millet (Foxtail),Hybrid,30.92,24.84,39.19,520.98,59.06,7.07,74,6.72,30.43,16.29,17.69,1.82,Sandy,45.22,Sprinkler,Kharif,Cotton,1.29,39.03,27.18,19.06,1,2.255
Maize,Maize (Feed Corn),Traditional,26.69,21.12,34.67,684.2,79.29,8.68,103,7.39,140.24,66.03,63.57,4.41,Black,62.92,Flood,Kharif,Millet,13.77,99.9,56.56,49.41,1,5.16
Millet,Millet (Sorghum/Jowar),Traditional,32.16,24.93,40.99,693.86,66.33,9.52,125,6.16,65.54,35.89,29.73,2.95,Sandy,54.73,Drip,Rabi,Maize,10.78,43.68,23.32,21.34,1,2.299
Rice,Rice (Non-Basmati),Traditional,31.42,25.92,40.8,1410.05,81.92,8.58,129,6.22,85.62,46.51,40.61,2.06,Black,74.89,Flood,Kharif,Millet,9.32,88.47,45.37,41.91,1,5.182
Millet,Millet (Finger/Ragi),Hybrid,25.45,20.2,33.15,400.13,56.04,8.23,115,6.85,48.23,28.5,22.73,3.25,Black,46.69,Rainfed,Zaid,Sugarcane,18.25,53.9,28.64,26.27,1,2.222
Millet,Millet (Sorghum/Jowar),HYV,27.03,21.01,36.24,606.89,69.59,8.24,122,6.47,73.3,30.02,33.24,1.82,Red,44.31,Rainfed,Kharif,Pulses,12.92,65.19,30.6,27.87,1,2.949
Maize,Maize (Popcorn),Traditional,25.2,17.47,32.84,532.4,69.29,8.21,103,6.38,92.58,53.87,40.34,3.21,Alluvial,59.94,Drip,Rabi,Soybean,15.83,73.75,35.22,38.66,0,4.948
Soybean,Soybean (Oil Grade),Hybrid,27.24,21.2,38.22,738.41,71.16,7.4,98,7.5,23.73,57.54,43.71,2.29,Black,59.44,Rainfed,Kharif,Fallow,10.56,30.84,67.61,40.16,0,1.991
Millet,Millet (Pearl/Bajra),Hybrid,29.54,22.96,40.82,417.06,46.14,8.31,70,6.23,56.78,23.61,24.04,2.77,Black,47.64,Sprinkler,Kharif,Maize,5.01,33.44,20.39,22.07,1,1.929
Millet,Millet (Sorghum/Jowar),HYV,32.31,26.92,42.41,554.01,58.97,9.75,90,7.6,69.91,30.2,26.53,2.07,Black,62.86,Sprinkler,Zaid,Fallow,10.34,67.95,38.59,34.72,1,3.02
Soybean,Soybean (Oil Grade),HYV,27.39,22.07,34.95,782.98,65.3,8.15,110,6.12,22.03,62.37,44.13,2.54,Red,55.41,Sprinkler,Kharif,Sugarcane,12.61,24.38,58.68,35.1,0,3.236
Millet,Millet (Foxtail),HYV,28.56,23.25,39.39,544.11,60.52,8.89,74,6.19,30.03,19.91,17.62,1.98,Alluvial,37.41,Rainfed,Zaid,Wheat,18.72,38.01,20.21,17.41,0,1.586
Rice,Rice (Basmati),Hybrid,28.84,21.58,38.78,1106.33,71.46,6.19,139,6.08,68.54,34.69,39.29,3.92,Alluvial,67.79,Sprinkler,Kharif,Soybean,7.43,69.48,30.56,31.0,1,5.143
Rice,Rice (Basmati),Hybrid,28.48,21.18,37.68,1358.24,75.8,6.63,150,6.89,73.91,33.44,36.94,4.65,Clayey,71.8,Sprinkler,Kharif,Cotton,17.2,85.28,35.22,33.86,1,6.377
Rice,Rice (Sona Masuri),Traditional,27.84,20.25,38.01,1086.12,75.04,8.54,140,6.94,74.89,37.47,44.44,4.25,Sandy,66.22,Flood,Zaid,Wheat,6.25,68.34,35.72,30.07,1,3.554
Millet,Millet (Finger/Ragi),Hybrid,26.85,19.79,36.42,625.51,59.67,9.65,119,6.09,47.19,24.32,16.17,1.71,Black,40.04,Sprinkler,Kharif,Pulses,12.5,42.06,32.87,31.33,1,2.783
Rice,Rice (Basmati),HYV,27.35,22.21,38.76,1222.2,78.83,6.42,145,6.39,61.4,34.13,34.62,2.77,Clayey,78.19,Flood,Kharif,Millet,11.57,60.3,33.53,31.43,0,2.879
Millet,Millet (Finger/Ragi),Hybrid,28.81,22.04,37.41,544.54,61.54,7.83,115,5.67,38.64,20.53,17.94,3.42,Black,42.99,Sprinkler,Kharif,Pulses,1.22,40.55,24.63,21.35,0,2.741
Millet,Millet (Sorghum/Jowar),HYV,30.91,23.74,40.21,453.78,68.98,8.25,93,6.32,61.51,31.64,32.12,2.1,Red,41.42,Flood,Zaid,Fallow,15.47,47.49,23.77,18.07,1,2.23
Maize,Maize (Sweet Corn),Hybrid,25.91,19.72,34.96,756.0,62.45,8.83,94,5.84,100.17,56.51,40.91,2.36,Loamy,56.36,Sprinkler,Kharif,Soybean,0.53,98.88,58.52,44.15,0,7.147
Millet,Millet (Pearl/Bajra),Hybrid,30.78,25.59,39.54,534.92,44.42,8.98,75,7.8,45.88,22.4,29.27,3.0,Red,44.84,Sprinkler,Kharif,Sugarcane,14.99,62.08,29.58,30.72,1,3.77
Maize,Maize (Feed Corn),Traditional,23.37,16.23,34.05,819.08,71.53,7.21,110,5.52,124.26,74.38,55.17,3.66,Sandy,72.86,Flood,Kharif,Cotton,12.85,116.95,59.89,49.61,1,7.032
Maize,Maize (Popcorn),HYV,25.2,19.05,35.43,732.02,69.82,6.84,90,6.22,86.04,53.69,41.3,2.22,Loamy,65.89,Drip,Rabi,Rice,10.46,89.24,44.8,42.1,1,5.092
Maize,Maize (Popcorn),HYV,26.04,19.45,35.97,691.59,56.81,6.21,85,6.65,93.17,52.11,41.98,4.1,Loamy,61.53,Sprinkler,Kharif,Wheat,16.45,82.13,48.12,47.05,1,6.549
Millet,Millet (Foxtail),Hybrid,30.69,24.71,40.77,402.23,46.71,9.99,81,5.78,38.27,19.74,15.62,2.16,Sandy,53.6,Sprinkler,Rabi,Cotton,2.17,37.59,18.25,21.97,1,2.029
Wheat,Wheat (Sharbati),Hybrid,17.68,12.05,28.61,526.82,51.45,9.88,119,6.83,86.86,40.94,33.58,2.65,Red,41.96,Drip,Rabi,Pulses,4.07,92.8,53.19,39.44,1,4.344
Wheat,Wheat (Common),Traditional,19.07,14.02,29.52,565.89,51.7,8.32,126,7.32,92.88,46.11,33.87,1.57,Alluvial,67.04,Sprinkler,Rabi,Fallow,16.9,68.05,37.52,28.39,1,3.579
Maize,Maize (Popcorn),Hybrid,22.85,15.59,31.74,662.27,69.82,7.43,102,6.33,98.17,42.93,44.9,2.48,Loamy,51.67,Sprinkler,Rabi,Rice,4.31,101.36,44.64,50.46,1,7.67
Millet,Millet (Sorghum/Jowar),HYV,29.78,24.1,41.35,411.09,50.6,9.28,116,7.55,66.55,32.9,26.04,1.54,Black,53.67,Sprinkler,Rabi,Wheat,15.22,78.76,37.24,33.04,1,2.299
Rice,Rice (Non-Basmati),Hybrid,26.53,20.48,38.09,1378.33,75.31,8.87,120,7.37,111.21,52.88,42.34,3.12,Desert,68.47,Flood,Kharif,Sugarcane,10.73,114.12,44.68,50.11,0,6.465
Millet,Millet (Pearl/Bajra),Traditional,29.07,22.85,39.71,496.26,44.78,9.98,84,7.67,41.64,24.16,23.56,2.67,Loamy,35.89,Sprinkler,Kharif,Maize,15.74,61.95,24.54,21.98,1,1.601
Wheat,Wheat (Durum),Traditional,18.99,10.99,30.01,612.19,61.38,9.88,128,7.14,88.62,43.54,39.83,2.73,Loamy,47.73,Flood,Rabi,Maize,7.67,73.0,39.08,28.75,1,3.119
Wheat,Wheat (Common),Traditional,19.27,12.42,30.75,473.24,66.57,7.09,128,6.16,86.43,45.13,36.5,3.88,Loamy,49.21,Sprinkler,Rabi,Wheat,17.79,70.92,32.41,29.49,1,4.744
Rice,Rice (Basmati),Hybrid,26.99,20.37,37.13,1337.15,77.99,8.16,132,7.19,66.09,30.81,34.03,2.52,Loamy,77.37,Flood,Kharif,Cotton,6.62,98.63,48.44,41.97,1,5.64
Millet,Millet (Pearl/Bajra),Traditional,32.85,25.88,42.41,461.0,45.54,8.64,86,7.25,49.35,21.21,22.9,1.82,Black,53.97,Rainfed,Kharif,Maize,12.77,41.74,23.34,23.59,0,0.934
Millet,Millet (Finger/Ragi),Traditional,31.44,23.98,39.65,697.04,57.82,9.44,121,5.76,44.92,21.73,20.96,2.33,Red,48.17,Rainfed,Kharif,Rice,14.76,28.62,19.52,14.0,1,1.291
Millet,Millet (Finger/Ragi),HYV,27.97,21.64,39.33,516.93,56.57,8.4,103,7.28,31.96,29.01,24.34,3.27,Loamy,42.17,Rainfed,Kharif,Soybean,13.3,35.04,25.28,18.11,1,1.805
Wheat,Wheat (Durum),Hybrid,18.75,13.1,27.18,526.97,68.31,8.1,132,7.22,85.24,58.28,36.04,2.85,Red,54.99,Drip,Rabi,Fallow,8.48,91.64,49.53,34.79,1,5.067
Rice,Rice (Non-Basmati),HYV,30.02,22.27,37.81,1581.23,76.39,7.17,114,5.55,117.91,54.42,41.65,4.01,Loamy,81.17,Drip,Kharif,Wheat,6.74,110.01,47.18,51.03,1,9.1
Wheat,Wheat (Common),HYV,18.95,13.8,29.13,534.24,66.28,8.2,119,6.83,82.42,40.17,37.79,2.51,Black,55.75,Flood,Rabi,Fallow,16.8,99.64,49.15,32.8,0,4.959
Maize,Maize (Popcorn),HYV,22.1,15.75,29.51,640.55,59.71,7.44,95,5.94,93.7,45.88,42.3,2.76,Black,59.19,Drip,Rabi,Fallow,6.71,102.81,59.42,53.85,1,6.532
Soybean,Soybean (Food Grade),Traditional,25.96,20.38,37.06,629.36,69.58,8.39,101,6.79,21.48,51.49,34.7,3.82,Loamy,61.64,Rainfed,Kharif,Soybean,16.77,17.65,40.95,30.07,1,2.181
Maize,Maize (Feed Corn),Hybrid,24.48,17.35,31.54,845.85,72.29,6.36,90,5.8,139.95,64.28,58.13,2.02,Alluvial,79.72,Drip,Kharif,Maize,7.27,129.26,64.86,63.45,0,10.294
Millet,Millet (Sorghum/Jowar),Hybrid,30.58,23.91,40.48,453.86,63.77,7.07,123,6.11,65.71,31.58,28.4,2.64,Black,43.47,Sprinkler,Kharif,Cotton,5.13,72.08,43.8,31.79,1,2.936
Millet,Millet (Finger/Ragi),Traditional,27.14,20.09,35.63,502.6,59.99,8.34,107,6.93,37.94,29.95,17.19,1.89,Loamy,53.18,Sprinkler,Zaid,Millet,18.99,35.61,22.89,18.64,1,2.362
Soybean,Soybean (Food Grade),Hybrid,29.24,22.1,36.54,846.08,64.4,7.19,97,6.24,21.33,42.95,36.31,2.78,Red,68.39,Sprinkler,Kharif,Millet,6.11,31.81,49.38,36.44,1,3.043
Millet,Millet (Pearl/Bajra),Hybrid,32.95,27.7,43.37,318.53,53.22,8.84,74,6.31,59.2,27.01,22.55,2.66,Red,53.92,Rainfed,Kharif,Maize,5.45,46.63,29.65,22.87,1,3.334
Millet,Millet (Finger/Ragi),Traditional,27.11,21.0,38.24,538.84,55.46,8.9,127,5.26,36.14,22.57,19.76,2.63,Red,47.52,Sprinkler,Kharif,Sugarcane,11.74,30.73,15.99,12.32,1,2.089
Maize,Maize (Sweet Corn),Traditional,23.86,18.32,31.91,565.07,61.14,8.72,89,6.84,101.51,64.87,44.14,4.71,Black,51.04,Rainfed,Rabi,Cotton,4.04,90.1,40.74,34.21,1,4.889
Millet,Millet (Finger/Ragi),HYV,28.91,22.29,36.6,537.06,59.69,7.42,124,6.75,41.38,23.6,23.14,2.24,Desert,50.77,Drip,Zaid,Wheat,4.36,21.93,20.89,11.94,1,2.804
Wheat,Wheat (Sharbati),Traditional,17.26,10.73,26.06,562.23,61.85,9.07,132,6.95,92.8,43.32,38.8,3.97,Alluvial,47.86,Sprinkler,Rabi,Soybean,8.02,54.43,28.59,24.72,1,3.716
Rice,Rice (Non-Basmati),Traditional,30.76,24.76,40.12,1200.34,70.31,6.87,119,6.5,108.28,54.9,54.56,3.23,Clayey,80.79,Flood,Kharif,Pulses,18.16,73.22,42.02,34.1,1,6.821
Millet,Millet (Pearl/Bajra),Hybrid,34.6,27.43,43.65,551.12,52.62,8.01,74,6.41,58.26,28.08,20.53,2.29,Red,42.89,Sprinkler,Kharif,Wheat,2.3,40.29,19.09,19.96,1,2.317
Millet,Millet (Foxtail),Traditional,29.27,22.8,38.19,508.68,47.76,8.5,81,5.92,32.1,24.5,16.21,1.32,Laterite,55.79,Drip,Kharif,Millet,8.31,25.77,16.95,14.17,1,1.413
Millet,Millet (Pearl/Bajra),Traditional,28.13,21.2,35.54,399.51,58.28,8.36,85,7.64,47.9,21.96,23.75,1.72,Sandy,37.49,Sprinkler,Kharif,Sugarcane,4.82,39.23,18.45,16.13,1,1.122
Millet,Millet (Sorghum/Jowar),Hybrid,30.77,23.99,42.29,692.82,56.41,8.54,99,6.78,62.73,34.2,29.23,2.77,Desert,58.79,Flood,Rabi,Soybean,6.07,72.54,35.29,33.49,1,2.997
Wheat,Wheat (Common),Traditional,18.51,10.71,26.57,583.86,50.57,8.63,124,7.04,85.76,43.98,39.47,2.52,Black,49.46,Drip,Rabi,Maize,16.8,76.28,34.62,24.52,1,6.255
Maize,Maize (Feed Corn),Traditional,26.13,20.55,36.06,732.51,64.13,6.26,99,5.84,135.1,70.52,62.16,3.81,Alluvial,71.87,Sprinkler,Kharif,Rice,11.13,118.42,52.47,51.59,0,5.827
Rice,Rice (Non-Basmati),Hybrid,26.21,18.91,36.57,1124.79,80.88,7.55,112,6.55,116.59,59.47,45.24,2.64,Loamy,67.01,Flood,Kharif,Fallow,1.28,102.45,63.14,60.42,0,4.915
Maize,Maize (Popcorn),HYV,26.03,20.64,37.43,607.52,61.11,8.29,87,6.42,95.78,50.32,40.47,2.54,Alluvial,67.89,Flood,Rabi,Pulses,3.81,80.52,58.15,48.65,1,4.905
Soybean,Soybean (Oil Grade),Hybrid,28.48,22.68,37.66,770.85,74.32,8.21,96,7.41,28.39,56.64,42.58,3.47,Sandy,62.96,Sprinkler,Kharif,Pulses,11.59,28.87,56.87,42.5,1,4.094
Maize,Maize (Sweet Corn),Traditional,26.53,19.48,34.61,712.32,65.33,8.61,100,6.95,110.34,58.93,47.03,4.49,Loamy,58.82,Sprinkler,Kharif,Maize,11.27,93.37,40.32,47.08,1,8.092
Wheat,Wheat (Sharbati),HYV,19.38,14.19,29.23,528.95,57.1,9.73,117,6.86,86.95,45.08,39.59,3.52,Alluvial,59.9,Sprinkler,Zaid,Rice,19.43,71.92,40.53,32.1,0,3.088
Wheat,Wheat (Sharbati),Hybrid,21.98,16.93,31.69,540.26,58.74,9.13,132,6.57,97.13,49.43,36.14,3.12,Clayey,58.77,Drip,Rabi,Sugarcane,6.18,109.3,50.24,40.75,1,6.5
Millet,Millet (Finger/Ragi),Traditional,26.06,20.52,33.71,480.73,53.73,9.32,127,5.28,39.67,27.14,19.43,2.99,Black,54.2,Rainfed,Kharif,Sugarcane,0.62,26.57,13.0,10.29,0,1.819
Rice,Rice (Sona Masuri),HYV,29.03,22.71,38.37,1181.82,83.5,6.26,139,6.75,88.86,39.53,40.0,4.4,Loamy,71.46,Rainfed,Kharif,Fallow,13.95,79.85,40.21,44.62,1,6.144
Rice,Rice (Sona Masuri),Hybrid,28.2,22.13,38.88,1256.7,81.38,8.46,136,6.15,89.69,37.16,42.14,3.34,Red,80.42,Sprinkler,Kharif,Millet,16.3,73.53,39.53,37.32,1,7.8
Maize,Maize (Popcorn),Hybrid,22.75,16.53,30.63,553.91,69.66,7.81,104,6.43,87.66,52.04,40.0,2.59,Loamy,69.78,Sprinkler,Rabi,Cotton,19.23,104.69,47.54,51.83,1,6.901
Maize,Maize (Sweet Corn),HYV,24.6,18.52,32.34,746.61,71.63,7.39,85,6.31,108.65,62.23,47.56,2.72,Alluvial,55.94,Drip,Rabi,Rice,7.67,108.8,58.18,43.25,1,8.655
Maize,Maize (Sweet Corn),Hybrid,25.52,18.94,34.78,650.78,61.48,8.8,94,6.76,104.8,60.32,55.12,4.03,Black,55.11,Sprinkler,Rabi,Rice,5.21,127.6,69.4,60.76,1,9.107
Millet,Millet (Foxtail),Hybrid,31.72,24.87,41.19,406.07,53.42,8.52,71,6.53,31.45,16.86,15.29,2.72,Sandy,48.59,Rainfed,Rabi,Pulses,1.55,40.15,22.35,19.88,1,1.913
Wheat,Wheat (Common),Traditional,21.27,15.3,30.53,405.0,60.55,8.64,123,6.58,91.41,47.41,36.09,1.89,Alluvial,45.15,Flood,Rabi,Pulses,16.2,67.94,38.03,29.12,1,5.297
Rice,Rice (Basmati),Traditional,29.27,21.7,36.76,1045.36,73.94,8.62,138,6.15,60.32,36.16,39.61,4.71,Alluvial,77.42,Flood,Kharif,Wheat,2.97,50.03,27.42,25.29,0,3.763
Millet,Millet (Sorghum/Jowar),Hybrid,32.73,27.15,44.48,461.49,64.18,7.18,107,7.18,64.16,38.17,30.82,2.32,Black,58.37,Rainfed,Kharif,Cotton,4.17,69.92,31.11,27.83,1,1.774
Wheat,Wheat (Durum),HYV,21.04,15.46,31.51,607.08,67.01,7.4,137,7.42,95.44,42.34,35.03,3.81,Red,56.0,Drip,Rabi,Sugarcane,4.31,94.78,52.43,33.87,0,6.135
Rice,Rice (Sona Masuri),HYV,30.53,23.28,38.29,1228.31,71.33,6.73,137,6.3,85.66,35.94,35.12,4.04,Red,77.81,Flood,Zaid,Sugarcane,17.91,55.93,29.55,30.62,1,5.973
Rice,Rice (Non-Basmati),HYV,29.44,23.65,39.78,1280.74,80.9,7.46,136,6.7,89.51,51.68,47.74,2.1,Sandy,75.07,Sprinkler,Kharif,Cotton,3.6,115.7,52.87,50.51,1,7.261
Maize,Maize (Feed Corn),Traditional,23.63,16.61,31.98,573.96,61.96,8.17,105,5.97,148.43,66.37,60.93,4.82,Black,76.27,Flood,Kharif,Wheat,4.38,119.8,60.99,53.36,1,7.513
Rice,Rice (Basmati),Hybrid,26.88,21.86,37.98,1064.22,74.25,6.06,138,7.44,66.84,36.33,39.32,2.31,Loamy,83.43,Flood,Kharif,Cotton,14.32,67.64,42.38,43.89,1,4.169
Soybean,Soybean (Oil Grade),Traditional,29.32,23.44,37.74,744.16,78.12,6.59,99,7.16,26.06,58.62,40.27,3.36,Alluvial,79.63,Rainfed,Kharif,Cotton,13.37,18.35,36.72,29.62,0,1.816
Maize,Maize (Sweet Corn),Hybrid,26.25,18.61,37.08,572.85,73.09,7.01,94,6.6,114.84,51.88,48.25,2.19,Loamy,66.44,Drip,Rabi,Rice,1.4,110.58,72.32,47.38,1,5.824
Soybean,Soybean (Oil Grade),Hybrid,27.56,21.51,35.63,903.16,73.95,7.14,120,6.27,26.53,68.3,35.1,4.02,Black,68.24,Sprinkler,Kharif,Sugarcane,6.03,29.84,74.58,42.98,1,2.635
Wheat,Wheat (Durum),HYV,18.02,10.2,25.09,582.46,56.46,8.41,122,7.3,84.99,54.8,33.07,2.86,Loamy,49.77,Drip,Rabi,Pulses,17.45,81.93,41.94,39.46,1,6.09
Maize,Maize (Feed Corn),Traditional,25.04,19.38,33.78,564.58,79.34,8.22,97,6.74,130.48,64.81,58.98,3.84,Alluvial,62.87,Drip,Kharif,Sugarcane,12.65,99.16,42.88,45.2,1,8.872
Wheat,Wheat (Sharbati),HYV,19.07,13.96,30.24,588.88,56.52,8.51,126,6.57,94.63,41.74,38.36,3.97,Loamy,59.14,Sprinkler,Rabi,Soybean,17.53,94.4,45.49,39.54,0,5.89
Wheat,Wheat (Common),HYV,17.14,12.14,24.51,471.98,53.77,7.8,121,7.44,84.14,44.66,39.91,3.83,Black,50.57,Flood,Rabi,Cotton,6.03,58.44,28.71,26.57,1,5.513
Soybean,Soybean (Oil Grade),Traditional,29.5,24.38,38.39,650.52,69.58,6.13,117,6.34,22.64,51.55,44.19,2.44,Alluvial,58.84,Sprinkler,Kharif,Soybean,10.13,20.53,42.03,34.81,1,2.394
Wheat,Wheat (Durum),HYV,19.55,13.77,27.77,596.91,68.16,9.36,128,6.93,85.91,59.06,35.2,1.96,Black,47.69,Drip,Rabi,Sugarcane,15.48,85.1,41.7,32.89,0,4.739
Maize,Maize (Sweet Corn),Hybrid,27.71,21.8,35.12,701.57,63.95,7.93,95,6.06,100.88,58.78,57.89,3.35,Black,64.3,Drip,Kharif,Fallow,7.33,126.09,69.28,50.88,1,9.75
Rice,Rice (Sona Masuri),Traditional,26.49,19.25,37.98,1104.09,79.43,6.13,137,5.67,88.0,42.02,44.66,2.21,Sandy,82.57,Flood,Kharif,Cotton,10.16,64.61,35.46,29.91,1,3.974
Rice,Rice (Non-Basmati),HYV,26.82,20.95,35.47,1101.65,70.94,6.93,129,7.41,113.79,45.21,52.33,4.77,Loamy,67.4,Flood,Zaid,Millet,1.74,96.37,54.37,44.07,1,5.477
Millet,Millet (Finger/Ragi),Traditional,25.51,19.28,33.42,493.22,66.33,8.56,105,7.0,37.21,26.69,16.44,1.83,Alluvial,43.3,Rainfed,Kharif,Sugarcane,12.6,25.57,19.71,16.73,0,1.484
Wheat,Wheat (Common),Traditional,20.8,13.04,31.73,565.24,52.15,9.51,130,6.53,83.08,40.01,36.43,3.32,Black,51.64,Sprinkler,Rabi,Rice,19.67,79.49,37.8,29.33,1,4.135
Rice,Rice (Non-Basmati),Traditional,30.02,23.54,41.59,1404.34,70.79,6.34,120,6.14,93.36,56.8,52.96,4.13,Alluvial,80.9,Sprinkler,Rabi,Rice,13.42,70.98,47.38,40.55,1,6.07
Millet,Millet (Pearl/Bajra),Hybrid,34.4,27.42,44.1,428.52,53.11,8.69,84,7.88,47.54,23.66,25.56,2.7,Alluvial,38.25,Flood,Kharif,Fallow,6.8,48.66,30.53,29.76,1,3.189
Maize,Maize (Feed Corn),Traditional,23.39,18.19,35.01,773.35,66.84,6.07,95,7.47,129.86,65.01,63.35,4.02,Red,79.2,Flood,Kharif,Rice,6.51,119.83,55.7,45.26,1,5.309
Wheat,Wheat (Sharbati),HYV,17.39,9.89,28.68,496.72,50.31,7.31,126,7.47,96.78,47.98,34.18,3.97,Alluvial,60.62,Sprinkler,Rabi,Pulses,14.02,81.17,46.42,39.61,0,5.415
Millet,Millet (Foxtail),HYV,28.67,21.65,35.86,329.33,48.01,8.73,62,7.42,32.04,18.48,16.66,1.89,Desert,37.83,Rainfed,Kharif,Rice,6.36,32.44,20.23,16.81,1,1.842
Soybean,Soybean (Oil Grade),HYV,27.79,21.45,36.89,867.75,72.12,7.96,100,7.16,23.26,60.06,37.42,4.31,Alluvial,77.78,Rainfed,Kharif,Cotton,17.62,18.22,57.1,35.36,1,2.303
Rice,Rice (Sona Masuri),Hybrid,28.78,21.28,37.83,1246.92,83.5,8.37,135,6.76,85.55,40.36,36.18,3.63,Alluvial,61.64,Flood,Kharif,Wheat,2.74,83.46,43.69,41.09,1,7.611
Wheat,Wheat (Durum),Hybrid,18.9,11.93,28.89,484.08,67.45,9.56,129,6.95,83.69,45.7,39.16,1.96,Loamy,49.34,Sprinkler,Kharif,Maize,15.86,88.53,57.78,41.75,1,4.937
Maize,Maize (Feed Corn),Traditional,25.39,19.25,36.95,750.26,73.39,6.4,100,6.39,127.14,74.49,52.13,3.6,Sandy,62.75,Sprinkler,Kharif,Fallow,6.83,103.46,48.13,42.4,1,6.504
Rice,Rice (Basmati),HYV,29.41,21.94,40.02,1135.77,76.04,6.31,146,6.77,60.94,32.76,37.07,2.19,Alluvial,80.98,Flood,Kharif,Fallow,7.52,66.27,37.89,38.92,1,4.893
Maize,Maize (Feed Corn),HYV,28.51,21.28,38.22,558.54,61.37,7.89,97,6.12,122.5,75.62,57.8,3.33,Alluvial,64.36,Sprinkler,Zaid,Soybean,2.05,123.58,69.61,54.39,1,5.721
Maize,Maize (Popcorn),HYV,26.05,20.29,34.18,652.98,59.09,7.28,101,6.05,81.23,55.33,47.84,3.5,Alluvial,52.97,Sprinkler,Kharif,Cotton,0.53,97.32,59.12,43.08,0,5.896
Rice,Rice (Sona Masuri),HYV,29.8,22.98,39.88,1315.69,84.24,7.13,128,5.83,82.95,44.23,35.05,3.96,Alluvial,76.03,Flood,Kharif,Soybean,10.92,73.38,43.38,43.76,1,4.208
Millet,Millet (Finger/Ragi),Hybrid,31.94,24.81,39.5,412.98,69.82,8.88,113,5.37,45.85,24.14,21.93,2.81,Black,43.77,Sprinkler,Kharif,Fallow,18.96,35.55,23.34,16.78,1,2.094
Maize,Maize (Sweet Corn),HYV,24.67,17.13,35.65,633.36,74.88,8.52,82,6.11,117.36,62.21,44.62,2.89,Black,50.51,Drip,Zaid,Millet,2.38,112.94,62.17,48.84,1,5.352
Millet,Millet (Sorghum/Jowar),HYV,27.0,19.36,35.97,546.71,52.34,9.27,90,6.1,65.15,32.05,28.74,2.44,Red,45.69,Sprinkler,Rabi,Rice,7.26,92.53,43.28,39.83,1,2.705
Maize,Maize (Sweet Corn),Hybrid,26.82,20.8,35.28,695.35,74.63,6.19,94,6.48,113.8,52.7,58.75,2.24,Alluvial,58.0,Drip,Kharif,Soybean,0.58,128.78,76.86,47.81,1,8.285
Maize,Maize (Popcorn),Hybrid,22.36,15.34,30.88,527.33,69.88,6.54,100,6.11,96.23,42.91,49.72,3.0,Sandy,54.51,Rainfed,Kharif,Soybean,16.97,94.57,55.01,52.59,1,4.544
Millet,Millet (Foxtail),Traditional,26.55,19.7,36.83,549.64,64.83,8.33,70,6.32,33.62,21.44,19.19,1.22,Loamy,49.73,Rainfed,Zaid,Millet,10.31,28.78,13.7,14.0,1,1.03
Millet,Millet (Sorghum/Jowar),Traditional,30.67,24.95,41.78,684.57,63.78,8.27,116,7.11,60.56,36.55,32.6,2.08,Loamy,47.44,Sprinkler,Rabi,Sugarcane,17.6,51.44,28.11,25.88,0,3.343
Rice,Rice (Basmati),HYV,29.16,23.56,38.42,1345.92,79.56,8.15,141,7.01,60.09,39.25,31.13,2.28,Alluvial,68.33,Rainfed,Kharif,Rice,18.33,60.15,30.61,34.29,1,2.787
Millet,Millet (Finger/Ragi),HYV,25.2,18.14,36.69,595.44,66.84,7.26,100,7.41,36.68,22.14,19.67,2.73,Alluvial,47.12,Sprinkler,Kharif,Cotton,11.72,30.57,25.33,21.34,1,2.662
Wheat,Wheat (Sharbati),HYV,20.0,13.75,27.89,451.12,62.85,7.17,115,6.51,82.95,40.94,34.24,3.69,Black,53.3,Flood,Zaid,Pulses,6.58,86.28,49.93,36.19,1,4.302
Millet,Millet (Pearl/Bajra),HYV,28.72,22.74,39.02,349.66,55.17,9.56,89,6.36,44.73,28.84,25.24,2.26,Loamy,30.08,Rainfed,Kharif,Cotton,16.58,41.83,26.73,24.23,1,1.058
Rice,Rice (Basmati),Traditional,29.19,23.91,39.88,1479.96,80.18,7.71,144,6.66,71.99,34.76,39.33,2.23,Clayey,72.53,Sprinkler,Kharif,Rice,1.75,53.27,28.29,31.29,1,2.417
Maize,Maize (Sweet Corn),HYV,26.93,19.08,36.53,731.05,63.99,7.15,90,6.9,117.71,57.38,59.01,4.77,Loamy,60.29,Drip,Kharif,Rice,14.57,113.65,64.2,40.32,0,6.092
Rice,Rice (Basmati),Traditional,26.8,18.98,36.47,1297.97,70.47,6.51,135,6.62,67.1,34.07,34.09,3.63,Loamy,73.59,Flood,Kharif,Soybean,6.71,49.73,31.47,26.67,1,3.653
Rice,Rice (Sona Masuri),Hybrid,27.23,20.01,38.14,1158.97,75.76,7.97,140,6.6,70.86,36.91,41.64,2.25,Black,84.3,Flood,Zaid,Pulses,9.69,84.49,39.64,40.52,1,4.982
Maize,Maize (Sweet Corn),Traditional,22.31,14.83,31.98,794.09,74.67,7.74,94,5.85,110.78,67.85,41.04,4.6,Black,65.33,Drip,Kharif,Millet,15.1,68.74,46.47,35.71,1,8.15
Wheat,Wheat (Sharbati),Hybrid,21.06,14.71,30.02,485.98,59.17,7.79,122,6.73,80.71,46.43,38.23,3.45,Alluvial,51.73,Drip,Rabi,Sugarcane,7.23,92.31,42.43,33.24,1,6.5
Wheat,Wheat (Sharbati),Hybrid,17.53,10.21,25.64,558.25,59.27,8.07,133,6.66,84.51,43.87,37.51,3.99,Loamy,53.86,Drip,Rabi,Millet,17.46,62.98,33.36,25.58,1,6.499
Wheat,Wheat (Common),Traditional,20.19,14.93,29.67,562.35,68.57,8.68,120,6.59,92.97,43.38,35.65,2.67,Black,51.23,Sprinkler,Kharif,Maize,2.69,70.29,33.66,30.95,1,4.507
Wheat,Wheat (Sharbati),Traditional,21.32,13.46,30.64,422.79,50.37,8.84,117,6.16,99.67,48.75,38.4,2.81,Alluvial,52.84,Drip,Rabi,Sugarcane,7.7,78.52,34.36,31.58,1,4.347
Rice,Rice (Non-Basmati),HYV,27.31,21.99,38.24,1156.25,84.48,7.16,128,7.01,108.48,44.33,52.13,3.51,Loamy,66.52,Drip,Kharif,Wheat,6.36,92.19,53.03,54.81,1,9.1
Wheat,Wheat (Common),Hybrid,17.75,11.51,25.43,402.33,58.23,8.95,116,6.91,89.13,43.78,33.32,1.52,Alluvial,45.09,Sprinkler,Kharif,Wheat,10.09,88.04,49.05,33.12,0,4.996
Rice,Rice (Basmati),Traditional,25.46,18.44,32.74,1336.43,82.65,7.2,141,7.02,75.44,34.73,36.18,3.37,Clayey,82.35,Sprinkler,Kharif,Millet,15.03,60.42,30.57,24.48,1,4.024
Rice,Rice (Basmati),Traditional,26.93,20.41,38.21,1374.98,82.08,6.41,136,7.34,67.76,32.88,37.25,4.51,Loamy,81.56,Drip,Kharif,Maize,14.94,63.56,28.14,28.91,1,4.266
Millet,Millet (Foxtail),HYV,26.38,20.46,35.18,425.97,47.46,8.61,65,7.4,39.03,15.27,16.52,1.78,Black,35.14,Rainfed,Rabi,Fallow,15.15,33.28,19.69,17.48,1,1.265
Millet,Millet (Foxtail),HYV,30.46,25.05,40.44,451.52,64.62,9.88,79,6.65,31.15,21.02,15.76,2.79,Sandy,51.3,Rainfed,Kharif,Fallow,3.5,32.55,21.59,19.31,0,1.269
Maize,Maize (Popcorn),Hybrid,23.04,17.55,31.93,536.0,57.93,7.64,95,6.02,94.79,50.46,48.96,4.27,Alluvial,55.94,Drip,Kharif,Maize,12.87,108.1,63.63,52.93,0,5.176
Rice,Rice (Non-Basmati),HYV,30.68,25.1,41.15,1401.32,73.69,6.82,127,6.13,89.81,55.04,40.35,2.8,Clayey,74.38,Flood,Kharif,Soybean,4.76,107.9,49.52,56.72,1,6.132
Maize,Maize (Feed Corn),Traditional,23.08,15.99,32.38,588.0,63.52,8.27,115,6.16,141.7,72.14,53.14,2.42,Alluvial,56.78,Flood,Kharif,Fallow,5.33,92.8,48.9,40.19,1,6.195
Maize,Maize (Sweet Corn),Hybrid,27.63,22.19,34.76,774.97,70.48,8.42,83,6.83,106.07,59.7,43.88,3.72,Loamy,54.93,Drip,Kharif,Soybean,16.49,112.49,61.04,57.87,0,6.198
Millet,Millet (Pearl/Bajra),Traditional,29.17,21.55,38.09,266.79,52.24,9.11,85,6.67,49.18,27.7,26.57,1.33,Red,42.97,Drip,Kharif,Fallow,17.86,46.33,21.58,20.87,1,2.162
Maize,Maize (Feed Corn),HYV,24.32,18.69,34.75,660.45,64.75,8.08,104,6.4,132.15,63.37,55.31,3.23,Alluvial,57.54,Sprinkler,Kharif,Soybean,15.81,139.32,81.06,64.7,1,9.8
Rice,Rice (Non-Basmati),Hybrid,27.07,20.08,39.03,1511.73,84.91,6.62,126,6.12,119.48,45.91,57.93,2.91,Loamy,67.4,Sprinkler,Kharif,Sugarcane,16.78,115.49,58.66,49.83,1,6.405
Wheat,Wheat (Durum),HYV,21.27,14.84,31.99,456.02,61.85,8.67,131,6.59,81.72,51.59,33.46,3.63,Loamy,49.55,Sprinkler,Rabi,Millet,13.75,97.18,41.62,31.05,1,5.109
Maize,Maize (Sweet Corn),HYV,24.38,18.24,31.64,604.29,64.39,8.76,95,5.97,106.1,55.95,53.9,2.85,Black,72.46,Sprinkler,Rabi,Wheat,18.48,103.93,60.74,59.99,1,7.503
Maize,Maize (Sweet Corn),HYV,23.4,17.93,33.89,680.64,71.19,7.96,95,6.78,116.97,63.78,54.88,3.77,Loamy,55.67,Sprinkler,Kharif,Fallow,16.38,100.64,63.67,40.51,0,7.628
Maize,Maize (Sweet Corn),Traditional,27.01,20.41,37.12,610.48,72.46,8.09,92,6.19,110.46,60.44,52.98,2.92,Loamy,66.07,Sprinkler,Kharif,Maize,7.15,83.12,51.57,34.94,1,7.781
Millet,Millet (Sorghum/Jowar),HYV,31.24,23.35,41.81,696.36,61.71,9.96,90,6.26,74.71,31.63,25.41,2.44,Red,56.98,Sprinkler,Rabi,Cotton,8.92,70.96,31.38,26.11,1,3.573
Rice,Rice (Sona Masuri),Traditional,26.17,20.15,35.31,1024.72,82.22,7.03,125,6.13,87.1,40.64,42.09,4.22,Desert,84.92,Drip,Kharif,Rice,6.41,44.43,24.28,24.49,1,4.031
Rice,Rice (Non-Basmati),HYV,30.07,24.18,39.88,1457.43,84.56,8.0,133,6.96,109.57,53.19,44.57,3.27,Clayey,86.16,Flood,Kharif,Wheat,3.09,122.91,61.71,77.82,1,4.867
Soybean,Soybean (Food Grade),Traditional,25.27,17.7,37.17,865.42,77.27,7.72,96,6.57,28.3,47.15,33.22,2.48,Clayey,67.2,Rainfed,Kharif,Soybean,17.75,19.33,35.03,28.03,0,1.557
Wheat,Wheat (Common),Hybrid,19.34,12.32,26.51,427.6,67.03,7.94,117,6.25,83.28,43.44,36.15,1.7,Red,44.78,Sprinkler,Rabi,Rice,19.49,101.49,45.51,38.7,1,5.023
Wheat,Wheat (Sharbati),Traditional,21.58,15.2,30.67,550.2,50.68,9.52,135,6.33,88.56,49.65,32.81,3.96,Alluvial,60.48,Sprinkler,Rabi,Sugarcane,11.46,93.82,42.78,37.35,1,5.528
Wheat,Wheat (Durum),HYV,20.11,15.09,30.52,611.59,68.04,8.71,123,6.81,93.67,41.67,39.3,2.8,Black,61.14,Drip,Rabi,Pulses,2.68,94.67,45.86,32.6,0,4.769
Soybean,Soybean (Food Grade),Traditional,29.42,24.12,38.55,871.39,76.21,7.21,107,6.83,29.47,47.4,32.69,3.27,Loamy,60.66,Drip,Kharif,Millet,16.98,22.04,43.63,28.77,1,3.478
Wheat,Wheat (Durum),Traditional,20.87,14.02,30.71,609.61,56.41,9.13,133,6.06,98.1,50.36,36.48,2.13,Alluvial,49.55,Flood,Rabi,Maize,14.83,68.25,43.29,25.09,1,3.052
Maize,Maize (Feed Corn),Traditional,24.77,18.48,33.32,705.5,62.62,7.33,112,5.71,138.91,69.37,61.81,2.85,Black,59.9,Flood,Rabi,Rice,19.17,100.66,58.15,54.39,1,7.086
Wheat,Wheat (Sharbati),Hybrid,19.55,13.11,29.38,471.57,60.51,9.06,124,6.09,82.54,40.39,37.19,2.96,Desert,63.87,Rainfed,Rabi,Cotton,18.6,92.83,51.07,34.36,0,4.882
Maize,Maize (Popcorn),Hybrid,22.8,17.47,31.23,618.3,56.73,8.03,92,6.88,95.74,41.32,47.88,4.25,Alluvial,53.34,Drip,Kharif,Wheat,5.5,78.17,39.64,37.76,1,5.824
Millet,Millet (Foxtail),Traditional,27.99,21.81,39.17,355.08,54.13,7.8,65,6.89,37.96,15.45,18.65,2.07,Red,41.99,Rainfed,Rabi,Wheat,2.39,25.64,13.88,14.4,1,1.05
Soybean,Soybean (Oil Grade),Hybrid,27.68,21.96,38.4,748.28,67.32,6.42,96,6.89,26.34,61.88,35.74,4.38,Black,68.05,Rainfed,Kharif,Rice,19.99,26.3,63.04,40.42,1,4.111
Millet,Millet (Foxtail),HYV,28.94,23.27,40.29,484.31,60.31,8.54,64,5.68,31.37,19.02,15.03,1.88,Alluvial,44.82,Sprinkler,Kharif,Wheat,17.22,31.5,20.95,15.09,1,1.375
Maize,Maize (Feed Corn),HYV,26.66,19.85,35.61,760.53,76.66,7.49,114,6.34,134.23,67.19,53.63,4.3,Desert,77.67,Sprinkler,Kharif,Cotton,3.43,141.3,80.0,62.96,1,11.606
Millet,Millet (Finger/Ragi),Hybrid,25.51,17.97,37.23,609.56,62.07,8.86,112,7.19,43.86,23.54,22.06,3.29,Black,60.55,Sprinkler,Zaid,Wheat,11.84,39.15,25.29,23.09,1,1.728
Maize,Maize (Popcorn),Traditional,22.95,15.37,30.39,542.53,60.72,7.13,93,5.98,90.84,59.23,44.06,2.69,Desert,69.3,Sprinkler,Kharif,Wheat,14.86,70.99,38.79,38.98,1,3.465
Wheat,Wheat (Common),Hybrid,18.8,12.7,27.14,434.68,58.84,9.96,127,7.42,87.6,47.26,34.11,1.81,Clayey,66.54,Sprinkler,Kharif,Sugarcane,10.9,107.23,45.33,39.15,1,4.724
Maize,Maize (Sweet Corn),Traditional,26.48,19.16,33.87,721.69,60.94,7.45,87,6.92,105.13,67.9,50.82,2.28,Red,70.84,Sprinkler,Kharif,Pulses,2.12,89.01,42.82,34.27,1,6.807
Wheat,Wheat (Common),Traditional,17.67,10.17,27.38,422.8,68.39,9.78,110,6.58,92.15,46.28,36.22,3.33,Black,42.01,Flood,Rabi,Cotton,11.23,65.1,29.38,24.62,1,4.353
Soybean,Soybean (Food Grade),Traditional,29.31,23.82,39.07,710.82,76.51,6.14,107,7.05,28.37,58.3,30.32,2.06,Black,53.28,Sprinkler,Kharif,Wheat,3.3,18.06,40.05,24.55,0,2.24
Maize,Maize (Sweet Corn),Hybrid,25.96,19.72,35.63,661.29,63.38,6.39,98,6.84,114.73,65.4,41.8,2.44,Alluvial,66.58,Drip,Rabi,Rice,4.15,119.94,74.39,58.75,1,5.682
Millet,Millet (Sorghum/Jowar),HYV,27.94,20.4,38.78,514.14,61.38,8.06,129,7.32,63.62,38.67,30.97,2.87,Red,55.43,Sprinkler,Kharif,Sugarcane,4.63,79.8,34.75,25.03,1,3.197
Millet,Millet (Pearl/Bajra),Traditional,29.12,22.74,37.37,511.61,52.35,10.03,86,7.91,46.4,20.22,27.6,1.34,Black,43.61,Rainfed,Kharif,Sugarcane,8.82,44.85,21.73,17.74,1,0.754
Millet,Millet (Pearl/Bajra),HYV,29.78,22.94,40.61,565.7,40.67,9.57,67,6.45,45.28,28.23,27.38,2.81,Black,49.62,Rainfed,Kharif,Wheat,12.79,49.06,27.27,28.91,1,1.658
Maize,Maize (Feed Corn),Traditional,26.81,21.47,34.69,645.28,63.61,8.93,111,5.96,127.51,63.09,50.86,4.43,Red,55.14,Sprinkler,Kharif,Cotton,8.2,115.12,59.07,48.59,1,7.476
Wheat,Wheat (Durum),Traditional,21.23,15.87,29.75,596.71,67.6,7.14,126,6.17,93.02,48.6,33.77,2.02,Alluvial,49.41,Flood,Rabi,Millet,19.93,64.32,38.09,30.11,1,4.129
Millet,Millet (Finger/Ragi),Traditional,31.73,24.99,39.04,585.34,69.07,8.3,126,6.21,32.27,23.36,20.01,3.24,Sandy,51.53,Drip,Kharif,Wheat,12.31,25.94,20.47,17.74,1,2.652
Millet,Millet (Finger/Ragi),Traditional,31.46,24.78,39.72,516.73,64.76,8.26,112,5.1,49.0,20.45,21.03,1.61,Red,57.87,Drip,Kharif,Rice,14.93,24.62,20.51,16.11,1,2.377
Soybean,Soybean (Oil Grade),Traditional,28.08,22.1,35.86,650.17,76.22,7.36,118,7.21,20.36,60.48,38.4,4.27,Red,79.44,Sprinkler,Kharif,Cotton,6.29,20.23,43.51,26.12,1,3.117
Wheat,Wheat (Sharbati),Traditional,17.51,12.34,28.56,454.12,59.06,7.43,133,6.04,97.2,45.4,38.91,2.94,Alluvial,47.91,Drip,Rabi,Soybean,18.25,58.3,27.96,27.14,1,3.76
Wheat,Wheat (Common),HYV,19.51,12.6,27.43,572.3,57.26,8.45,127,7.34,98.01,42.24,37.53,1.76,Loamy,40.9,Sprinkler,Rabi,Sugarcane,4.2,68.42,34.99,33.51,1,6.062
Rice,Rice (Sona Masuri),Traditional,27.71,20.68,38.42,1233.88,74.14,7.53,132,5.83,76.86,36.48,40.95,2.6,Red,80.79,Sprinkler,Kharif,Millet,12.29,68.19,31.29,31.81,1,6.338
Millet,Millet (Finger/Ragi),Traditional,30.22,22.92,41.88,578.35,67.06,7.77,106,6.32,36.24,22.45,18.14,3.29,Black,57.44,Rainfed,Rabi,Fallow,19.52,29.4,18.16,12.42,1,2.02
Soybean,Soybean (Oil Grade),Traditional,26.15,18.41,34.33,675.11,65.43,6.06,102,6.5,20.3,64.1,35.65,3.2,Black,59.59,Sprinkler,Kharif,Millet,4.12,19.25,45.97,29.53,1,3.522
Soybean,Soybean (Oil Grade),Traditional,26.21,18.82,35.21,852.99,69.81,6.44,99,6.66,20.84,66.65,37.48,2.28,Alluvial,72.71,Sprinkler,Zaid,Millet,13.59,18.42,42.23,32.25,1,2.576
Millet,Millet (Pearl/Bajra),HYV,28.87,21.35,38.67,342.84,49.12,8.51,70,7.7,44.83,23.24,28.56,1.3,Laterite,35.92,Sprinkler,Kharif,Maize,5.05,42.81,20.03,26.3,1,1.561
Rice,Rice (Basmati),Hybrid,25.57,20.1,34.75,1198.44,81.15,7.74,131,6.26,64.54,35.76,34.23,3.54,Alluvial,64.27,Sprinkler,Kharif,Fallow,9.67,74.23,35.03,29.69,0,5.148
Wheat,Wheat (Common),HYV,18.43,12.36,29.0,481.09,65.19,8.92,122,6.65,94.07,45.35,38.68,3.83,Desert,61.53,Flood,Rabi,Fallow,18.01,92.25,48.95,32.92,0,4.491
Wheat,Wheat (Durum),Traditional,18.28,11.03,28.47,510.48,66.4,9.5,125,6.63,91.02,58.12,33.17,3.49,Black,69.8,Sprinkler,Rabi,Millet,3.3,64.64,30.93,26.32,1,4.34
Rice,Rice (Basmati),HYV,29.43,22.65,38.39,1206.31,80.43,6.01,135,6.25,63.63,33.88,34.02,4.62,Desert,72.75,Flood,Kharif,Pulses,12.27,55.59,32.51,29.74,1,3.012
Millet,Millet (Finger/Ragi),Hybrid,27.26,20.04,34.82,694.45,61.56,9.38,110,5.63,49.71,26.17,15.1,3.29,Red,47.05,Flood,Kharif,Maize,2.95,43.07,28.27,26.14,0,1.641
Wheat,Wheat (Durum),Hybrid,22.28,14.3,32.77,641.17,57.0,8.88,122,6.72,92.65,46.21,36.41,3.18,Black,65.9,Drip,Rabi,Fallow,10.66,96.59,44.76,37.78,1,4.308
Maize,Maize (Sweet Corn),HYV,22.45,14.84,33.1,791.92,61.0,8.08,93,6.66,103.7,56.09,58.99,4.27,Black,72.47,Rainfed,Kharif,Soybean,1.51,72.99,41.18,37.18,1,6.572
Soybean,Soybean (Food Grade),HYV,29.35,24.16,38.21,607.0,68.92,8.03,109,6.22,24.4,43.37,34.27,2.52,Clayey,61.72,Rainfed,Rabi,Sugarcane,7.26,28.59,43.3,38.47,1,1.859
Millet,Millet (Finger/Ragi),Hybrid,31.65,24.03,42.9,421.94,63.48,7.92,109,5.6,30.88,20.08,17.07,2.63,Black,59.54,Sprinkler,Kharif,Rice,8.43,34.22,28.61,19.87,0,1.991
Wheat,Wheat (Common),Hybrid,19.74,14.62,29.85,440.53,57.67,8.24,122,7.07,88.23,49.11,31.52,1.93,Loamy,55.51,Rainfed,Rabi,Soybean,12.9,98.56,53.9,40.15,1,3.955
Wheat,Wheat (Durum),Hybrid,18.8,11.19,28.55,520.54,68.62,9.88,127,6.47,90.96,57.62,34.26,2.8,Black,45.12,Flood,Kharif,Millet,5.86,81.09,37.93,33.2,1,4.887
Rice,Rice (Sona Masuri),HYV,30.59,24.51,41.87,1361.15,77.49,7.34,138,5.87,88.36,39.72,39.08,2.88,Red,70.58,Flood,Kharif,Wheat,14.69,60.85,30.84,27.66,1,5.604
Maize,Maize (Sweet Corn),HYV,27.54,20.25,34.6,697.83,63.14,7.82,89,6.18,108.93,59.8,45.67,2.48,Loamy,60.78,Drip,Rabi,Pulses,14.55,101.85,54.63,55.23,1,8.079
Wheat,Wheat (Durum),HYV,20.17,13.71,28.67,468.96,52.53,7.54,125,6.36,85.11,49.11,35.1,2.27,Black,67.68,Drip,Rabi,Fallow,17.35,88.35,53.52,31.21,1,5.181
Maize,Maize (Popcorn),Traditional,24.23,17.61,34.31,548.95,62.23,6.19,91,6.55,87.2,45.29,40.89,3.48,Alluvial,69.2,Sprinkler,Rabi,Pulses,19.49,65.73,32.74,34.78,1,5.517
Maize,Maize (Popcorn),Traditional,26.33,19.91,34.25,684.3,59.26,8.03,97,6.48,95.72,58.7,45.5,2.38,Alluvial,64.19,Sprinkler,Rabi,Soybean,16.24,79.64,34.84,33.46,1,4.59
Rice,Rice (Basmati),Hybrid,29.9,22.81,40.26,1120.34,81.15,8.25,130,6.78,71.71,30.08,37.61,4.14,Alluvial,69.16,Sprinkler,Kharif,Cotton,12.35,70.18,42.01,34.28,1,5.507
Rice,Rice (Basmati),HYV,28.44,21.27,38.9,1067.22,74.49,7.08,131,6.5,74.66,35.29,37.93,4.97,Sandy,65.02,Flood,Kharif,Millet,16.77,75.07,37.69,36.59,1,5.725
Soybean,Soybean (Oil Grade),HYV,28.95,23.18,38.63,857.35,69.49,7.93,109,6.32,23.27,56.54,44.8,2.37,Desert,78.57,Rainfed,Kharif,Sugarcane,4.95,24.12,48.02,33.08,1,1.726
Maize,Maize (Feed Corn),HYV,28.84,21.02,38.98,642.5,79.39,8.23,116,6.17,127.21,79.21,66.73,3.38,Black,76.0,Flood,Kharif,Soybean,6.69,115.4,56.47,47.51,0,8.094
Maize,Maize (Sweet Corn),HYV,26.19,18.27,35.47,793.93,61.87,8.54,84,6.34,100.63,53.22,40.9,2.19,Loamy,51.68,Sprinkler,Kharif,Rice,16.9,107.41,54.71,42.75,1,4.995
Maize,Maize (Sweet Corn),Traditional,24.21,16.26,33.04,570.33,74.52,8.37,100,5.89,103.84,50.37,55.53,2.83,Alluvial,53.31,Flood,Zaid,Rice,5.89,86.31,50.91,43.65,1,4.325
Maize,Maize (Sweet Corn),HYV,24.76,17.84,32.04,727.41,74.1,6.8,90,5.98,119.92,55.78,55.87,2.08,Alluvial,57.17,Drip,Kharif,Sugarcane,15.48,78.14,48.79,31.76,1,6.549
Soybean,Soybean (Food Grade),HYV,28.08,22.14,35.41,855.04,74.4,7.9,100,7.32,21.79,54.5,33.48,2.13,Loamy,57.01,Rainfed,Rabi,Pulses,6.0,23.44,59.55,37.38,0,2.113
Maize,Maize (Popcorn),HYV,25.23,17.93,32.28,666.02,57.15,8.23,95,6.02,85.23,48.91,46.5,3.36,Alluvial,66.81,Sprinkler,Kharif,Sugarcane,12.24,99.93,51.0,41.56,1,5.893
Rice,Rice (Sona Masuri),HYV,26.09,20.87,33.65,1322.06,74.52,8.99,123,6.28,89.59,41.95,41.01,3.02,Alluvial,82.56,Flood,Kharif,Pulses,16.6,85.78,40.04,40.13,1,5.968
Wheat,Wheat (Sharbati),HYV,19.32,13.99,29.59,433.85,62.96,9.1,119,7.2,97.62,40.45,39.99,2.6,Black,45.29,Flood,Rabi,Wheat,12.66,94.34,41.18,37.04,1,2.951
Millet,Millet (Sorghum/Jowar),Traditional,30.76,25.52,37.91,532.98,62.85,9.54,91,6.23,77.76,34.6,25.34,1.84,Sandy,59.93,Rainfed,Kharif,Maize,4.23,50.32,29.14,21.68,1,1.035
Maize,Maize (Popcorn),HYV,25.77,18.09,37.72,577.21,56.91,8.17,86,6.93,80.36,50.81,40.65,3.98,Alluvial,50.99,Flood,Kharif,Fallow,4.12,62.4,28.41,34.51,0,5.847
Maize,Maize (Sweet Corn),Hybrid,25.51,18.65,33.86,792.49,61.77,6.34,96,6.7,100.73,69.76,59.75,2.48,Alluvial,60.03,Drip,Rabi,Rice,4.28,118.09,71.4,49.43,1,8.183
Wheat,Wheat (Durum),Traditional,20.02,14.85,30.33,602.89,51.46,9.31,139,6.7,98.46,59.83,31.91,3.68,Red,48.66,Sprinkler,Rabi,Sugarcane,5.98,78.33,44.08,30.68,1,6.234
Rice,Rice (Sona Masuri),HYV,26.49,18.86,36.18,1015.0,79.65,7.55,139,6.9,76.45,39.94,36.28,4.32,Loamy,67.97,Sprinkler,Kharif,Rice,13.63,74.49,38.55,44.77,0,5.68
Millet,Millet (Pearl/Bajra),Traditional,31.7,26.21,41.17,519.15,56.93,8.08,65,7.5,55.45,29.44,22.91,1.45,Sandy,44.34,Rainfed,Kharif,Sugarcane,9.56,40.93,21.48,22.93,1,1.206
Soybean,Soybean (Food Grade),HYV,29.39,22.23,36.77,775.46,79.9,6.26,105,6.72,25.3,52.6,34.03,2.03,Black,62.64,Rainfed,Kharif,Wheat,13.6,29.96,41.36,38.53,0,2.592
Millet,Millet (Foxtail),Traditional,31.91,24.49,40.94,422.51,46.81,8.34,77,7.49,31.64,15.15,15.71,2.13,Sandy,57.78,Sprinkler,Rabi,Rice,1.84,28.01,19.18,15.63,1,1.047
Wheat,Wheat (Durum),HYV,22.87,15.99,33.4,467.83,69.03,8.88,131,6.58,81.54,42.67,30.12,4.0,Laterite,64.66,Sprinkler,Rabi,Rice,11.06,87.25,56.04,30.41,1,5.288
Wheat,Wheat (Sharbati),Traditional,20.02,14.77,28.21,470.26,60.78,8.66,130,6.5,98.8,41.8,32.37,2.61,Loamy,46.7,Sprinkler,Rabi,Soybean,3.67,77.15,34.9,31.81,1,3.991
Rice,Rice (Non-Basmati),Traditional,30.68,23.87,39.95,1278.09,88.94,7.81,127,5.53,107.38,40.38,54.14,3.91,Clayey,68.71,Flood,Kharif,Millet,14.73,74.01,34.85,45.75,1,4.493
Wheat,Wheat (Durum),Hybrid,20.34,13.0,28.44,529.31,69.16,7.57,120,6.71,86.75,59.11,34.86,1.56,Black,50.54,Flood,Kharif,Maize,11.64,89.69,52.73,40.27,1,4.768
Maize,Maize (Popcorn),Hybrid,26.82,21.73,36.27,641.51,68.89,7.78,103,6.69,95.82,49.37,41.61,4.14,Alluvial,53.3,Drip,Rabi,Pulses,13.39,62.16,42.67,33.98,1,6.384
Soybean,Soybean (Oil Grade),Hybrid,29.33,21.86,40.65,949.37,73.44,6.19,101,6.83,28.2,66.99,35.01,2.85,Black,70.76,Rainfed,Kharif,Millet,6.32,24.81,63.55,39.88,1,3.233
Wheat,Wheat (Common),Hybrid,21.74,14.92,29.95,566.09,50.25,7.77,118,7.49,90.18,40.51,30.28,3.64,Loamy,55.0,Sprinkler,Rabi,Soybean,6.3,103.67,44.9,40.31,0,5.608
Maize,Maize (Feed Corn),HYV,25.41,20.3,34.79,594.61,67.19,7.76,113,7.49,147.55,67.57,67.51,3.6,Loamy,73.57,Flood,Kharif,Pulses,18.01,120.13,77.13,68.94,1,6.678
Maize,Maize (Feed Corn),Hybrid,28.76,22.91,40.41,768.76,64.68,7.99,115,7.23,131.0,79.09,50.77,2.66,Red,65.31,Sprinkler,Kharif,Millet,3.6,134.76,57.77,57.75,1,11.322
Wheat,Wheat (Sharbati),Traditional,19.78,13.05,27.31,432.94,64.74,9.31,120,6.52,86.23,45.57,33.2,2.5,Loamy,63.45,Drip,Rabi,Cotton,18.02,79.94,39.76,29.02,0,3.436
Rice,Rice (Sona Masuri),HYV,27.33,22.17,36.55,1295.79,82.13,8.95,124,5.94,82.19,43.11,37.34,3.02,Alluvial,70.21,Flood,Kharif,Sugarcane,6.04,85.52,35.32,40.86,1,4.896
Soybean,Soybean (Food Grade),Traditional,29.17,21.38,38.47,612.27,65.2,7.62,93,7.43,22.86,53.84,39.09,2.22,Black,57.13,Sprinkler,Kharif,Soybean,1.82,15.86,40.03,23.7,1,1.576
Soybean,Soybean (Oil Grade),Traditional,27.98,20.41,39.5,943.5,68.4,7.48,119,7.09,27.46,63.09,35.99,3.47,Red,69.67,Rainfed,Kharif,Cotton,2.22,22.59,48.55,31.3,1,3.011
Soybean,Soybean (Food Grade),Traditional,24.94,19.52,34.35,624.62,65.81,7.43,95,6.2,20.41,57.72,37.4,3.51,Red,61.65,Sprinkler,Kharif,Fallow,13.89,19.55,35.96,25.88,1,2.19
Rice,Rice (Sona Masuri),Hybrid,27.19,21.04,35.62,1140.23,70.31,6.12,126,6.52,76.6,43.85,37.66,2.99,Desert,78.28,Sprinkler,Kharif,Maize,7.09,59.95,29.75,28.99,1,5.332
Soybean,Soybean (Food Grade),Traditional,25.2,18.7,34.48,724.12,73.06,8.22,91,6.33,27.81,50.77,33.69,2.46,Loamy,54.81,Sprinkler,Kharif,Cotton,11.17,18.43,39.09,25.59,1,1.494
Maize,Maize (Popcorn),HYV,22.03,16.36,30.52,503.51,65.17,7.26,96,6.05,80.04,43.1,48.42,3.04,Loamy,64.8,Rainfed,Rabi,Rice,13.04,93.16,48.51,49.15,1,4.743
Rice,Rice (Non-Basmati),HYV,29.94,24.47,38.27,1296.59,75.6,6.68,120,6.78,102.62,44.52,58.36,2.57,Black,84.87,Sprinkler,Kharif,Rice,4.47,107.27,45.37,56.3,1,7.142
Wheat,Wheat (Common),HYV,21.43,15.19,32.19,514.75,65.08,7.96,127,7.18,82.09,40.91,39.85,1.79,Laterite,60.55,Flood,Rabi,Wheat,13.47,82.8,34.19,31.78,0,3.924
Rice,Rice (Non-Basmati),Hybrid,28.92,21.33,38.16,1281.78,89.89,7.71,111,5.67,117.87,45.83,44.53,2.39,Alluvial,88.65,Sprinkler,Kharif,Wheat,11.42,123.05,53.09,47.33,1,4.841
Rice,Rice (Sona Masuri),HYV,28.12,21.15,36.49,1020.39,75.6,8.57,122,6.95,80.07,37.76,36.93,3.74,Loamy,73.41,Sprinkler,Kharif,Maize,8.14,72.99,39.17,38.36,1,4.195
Rice,Rice (Non-Basmati),HYV,30.99,24.89,38.49,1436.86,70.16,7.43,137,6.16,112.33,42.61,59.26,3.9,Black,87.17,Rainfed,Kharif,Cotton,11.13,99.37,56.63,57.92,1,4.601
Wheat,Wheat (Sharbati),Traditional,19.05,12.51,30.91,587.03,59.7,8.75,124,6.85,90.68,40.62,36.74,3.03,Black,49.54,Drip,Rabi,Soybean,4.5,78.11,39.31,31.42,0,4.475
Maize,Maize (Popcorn),HYV,25.11,17.22,34.23,667.01,62.83,8.79,98,5.9,90.15,45.27,44.42,3.92,Loamy,57.87,Drip,Rabi,Pulses,10.27,81.29,55.02,48.74,0,6.744
Maize,Maize (Popcorn),Hybrid,24.58,17.2,31.88,580.69,55.55,7.7,88,6.8,86.83,50.81,44.99,2.93,Loamy,66.24,Drip,Kharif,Rice,19.2,93.15,45.31,44.06,1,6.73
Millet,Millet (Finger/Ragi),Traditional,30.73,25.33,38.4,568.22,60.72,7.06,111,5.1,41.52,21.82,16.36,2.53,Red,44.77,Sprinkler,Kharif,Fallow,5.97,32.14,23.18,16.01,1,2.247
Millet,Millet (Sorghum/Jowar),Traditional,31.07,24.37,38.45,605.56,66.13,9.18,118,7.04,61.18,36.17,31.14,1.9,Red,63.62,Rainfed,Rabi,Wheat,10.2,60.22,30.78,22.98,0,1.405
Rice,Rice (Non-Basmati),Hybrid,31.27,23.56,41.05,1442.41,70.22,8.54,122,7.29,102.4,45.84,54.85,3.52,Alluvial,69.05,Sprinkler,Kharif,Cotton,17.38,104.75,46.65,65.79,1,7.233
Wheat,Wheat (Common),HYV,18.0,12.93,25.76,576.62,50.24,9.32,115,6.85,84.17,48.78,34.75,1.93,Alluvial,52.87,Flood,Rabi,Rice,18.75,94.77,45.31,34.29,1,6.038
Rice,Rice (Sona Masuri),Hybrid,26.55,21.39,35.54,1039.97,71.55,7.19,126,6.53,78.37,35.92,41.37,2.89,Alluvial,61.31,Rainfed,Zaid,Pulses,11.69,61.58,31.59,27.2,1,4.681
Millet,Millet (Pearl/Bajra),HYV,34.44,28.86,45.19,321.4,56.58,10.72,74,7.03,57.96,23.57,20.84,2.64,Red,30.4,Sprinkler,Rabi,Pulses,1.76,43.27,26.68,26.42,1,1.349
Millet,Millet (Foxtail),Hybrid,26.22,20.81,36.06,511.56,50.14,8.87,73,7.08,34.01,16.07,19.46,1.98,Loamy,56.93,Drip,Rabi,Pulses,16.38,34.72,27.23,21.39,0,2.795
Millet,Millet (Foxtail),Traditional,30.58,24.26,38.29,463.34,63.11,7.98,79,5.8,39.91,22.04,17.77,1.94,Black,51.34,Rainfed,Kharif,Pulses,15.58,24.3,12.07,13.51,1,1.11
Maize,Maize (Sweet Corn),HYV,22.46,15.15,33.17,617.05,72.45,7.63,99,6.02,105.04,61.07,51.22,4.42,Loamy,58.96,Drip,Kharif,Millet,7.11,108.7,59.67,58.39,0,7.636
Rice,Rice (Non-Basmati),Hybrid,30.51,23.27,39.24,1361.14,77.2,6.05,138,5.53,96.7,53.31,50.13,4.67,Loamy,75.85,Flood,Kharif,Cotton,15.97,103.78,60.5,64.82,0,7.962
Millet,Millet (Finger/Ragi),Traditional,29.35,21.36,36.98,481.35,68.68,9.98,112,5.03,30.4,29.34,17.87,2.64,Clayey,44.76,Sprinkler,Kharif,Fallow,15.36,28.89,22.89,14.57,1,2.614
Maize,Maize (Sweet Corn),Hybrid,24.5,18.28,34.67,769.28,69.75,6.79,89,6.08,111.9,63.81,53.78,2.02,Black,67.55,Drip,Kharif,Pulses,14.39,121.23,73.7,53.94,1,9.75
Rice,Rice (Sona Masuri),Hybrid,29.05,21.6,37.84,1261.38,78.36,6.19,120,6.72,87.19,42.08,37.09,2.68,Red,64.17,Drip,Kharif,Fallow,6.15,96.0,40.82,48.21,1,6.827
Wheat,Wheat (Sharbati),HYV,17.08,9.74,28.82,416.3,63.47,8.39,132,7.26,91.79,43.51,37.33,2.28,Red,56.66,Drip,Rabi,Pulses,12.23,82.75,48.48,32.31,1,4.471
Maize,Maize (Feed Corn),HYV,24.12,17.46,32.14,788.35,67.35,7.27,91,6.42,140.9,75.61,63.92,4.44,Loamy,78.68,Flood,Kharif,Soybean,18.27,127.82,65.67,55.74,1,9.802
Soybean,Soybean (Oil Grade),Traditional,26.67,21.45,34.94,782.19,79.13,7.36,118,6.68,20.79,57.68,36.18,3.52,Alluvial,71.35,Sprinkler,Kharif,Pulses,9.31,17.62,46.18,28.21,1,3.132
Maize,Maize (Popcorn),Traditional,23.25,16.48,32.49,608.36,61.76,8.05,85,6.25,99.86,59.33,41.57,3.72,Loamy,60.24,Sprinkler,Rabi,Maize,6.74,71.76,43.39,33.73,0,5.099
Rice,Rice (Non-Basmati),HYV,26.33,20.75,35.61,1110.5,73.12,8.34,123,7.12,99.26,53.1,43.79,3.6,Loamy,72.95,Flood,Kharif,Pulses,10.86,116.95,47.86,52.67,0,6.067
Millet,Millet (Foxtail),Traditional,29.34,23.31,38.53,357.33,57.73,7.49,63,6.58,39.27,24.09,16.73,1.7,Sandy,42.35,Sprinkler,Kharif,Sugarcane,9.21,24.02,16.02,14.04,1,1.615
Soybean,Soybean (Food Grade),Hybrid,24.46,19.29,33.37,683.73,77.9,6.12,106,6.83,26.83,57.03,35.27,3.06,Alluvial,68.81,Drip,Kharif,Pulses,14.15,30.79,62.18,43.94,1,3.323
Millet,Millet (Sorghum/Jowar),Hybrid,30.7,25.57,40.24,427.97,58.61,8.99,96,7.06,71.52,30.13,29.31,3.11,Black,55.52,Sprinkler,Rabi,Rice,14.4,87.22,43.31,31.58,1,2.899
Maize,Maize (Sweet Corn),Hybrid,24.82,19.7,34.57,760.99,73.52,6.98,96,6.73,105.06,60.57,47.33,3.13,Black,52.35,Sprinkler,Rabi,Fallow,18.38,122.99,72.72,62.35,1,8.352
Millet,Millet (Sorghum/Jowar),Traditional,28.91,21.65,39.02,608.14,60.8,9.71,115,7.5,64.8,36.23,34.26,2.12,Black,64.1,Rainfed,Kharif,Rice,16.96,50.51,30.95,27.08,1,2.575
Soybean,Soybean (Oil Grade),Traditional,28.49,21.54,40.22,718.37,69.94,6.57,110,6.28,22.38,64.49,36.57,4.24,Alluvial,58.2,Rainfed,Kharif,Maize,17.75,20.72,53.92,35.75,1,3.569
Maize,Maize (Sweet Corn),Traditional,24.68,18.63,32.95,514.92,62.68,6.28,97,6.52,107.88,69.62,58.46,3.8,Red,67.53,Drip,Kharif,Wheat,13.48,94.2,46.4,43.18,1,5.768
Millet,Millet (Foxtail),Traditional,29.87,24.72,41.75,370.45,47.84,7.68,65,6.36,36.36,18.1,17.73,2.59,Red,43.46,Sprinkler,Rabi,Sugarcane,11.18,26.16,18.53,13.13,1,1.835
Rice,Rice (Basmati),HYV,29.25,22.24,38.56,1205.88,79.76,7.64,144,6.77,76.13,34.59,30.52,4.36,Loamy,65.03,Sprinkler,Kharif,Pulses,2.96,65.11,39.47,35.6,1,5.449
Millet,Millet (Pearl/Bajra),Traditional,31.92,26.66,39.76,568.07,59.86,10.99,66,7.81,52.77,28.62,20.04,2.88,Desert,30.2,Sprinkler,Rabi,Cotton,17.29,40.24,20.18,18.7,1,1.501
Soybean,Soybean (Oil Grade),HYV,27.16,20.08,35.21,651.82,66.87,7.8,114,6.34,21.73,67.73,41.28,2.51,Red,57.59,Sprinkler,Kharif,Sugarcane,16.12,26.06,50.32,42.42,1,2.935
Maize,Maize (Feed Corn),HYV,23.74,18.52,34.12,806.0,69.6,7.9,104,6.12,145.14,73.64,55.74,2.01,Red,68.28,Sprinkler,Kharif,Pulses,18.13,135.86,70.0,51.72,1,4.958
Soybean,Soybean (Food Grade),Hybrid,28.26,22.16,35.87,728.68,72.68,8.08,93,6.51,21.88,44.73,38.23,3.59,Black,62.68,Rainfed,Kharif,Sugarcane,16.95,26.47,59.4,40.22,1,2.647
Soybean,Soybean (Oil Grade),Traditional,25.52,19.95,34.16,848.23,74.32,8.64,120,7.07,22.17,53.06,38.71,2.26,Alluvial,57.73,Rainfed,Zaid,Wheat,10.89,14.25,35.13,19.75,1,2.414
Millet,Millet (Pearl/Bajra),Hybrid,29.48,22.76,37.8,536.13,53.98,8.7,73,6.77,45.05,22.1,22.21,1.27,Sandy,38.47,Sprinkler,Kharif,Wheat,1.62,50.03,28.51,32.11,1,1.93
Millet,Millet (Sorghum/Jowar),Traditional,30.14,23.53,39.89,648.05,52.44,8.17,128,6.32,72.97,31.49,33.5,1.98,Loamy,55.13,Rainfed,Kharif,Fallow,18.81,58.74,31.95,23.49,1,1.987
Soybean,Soybean (Food Grade),Traditional,27.97,20.8,36.97,754.72,63.5,6.67,110,6.67,22.69,46.92,31.23,2.42,Alluvial,67.83,Flood,Kharif,Maize,2.07,18.66,37.57,29.62,1,2.415
Maize,Maize (Sweet Corn),Hybrid,27.16,21.04,34.55,674.37,64.03,8.73,86,6.88,101.62,67.29,51.86,2.65,Alluvial,57.53,Sprinkler,Rabi,Fallow,16.98,126.85,75.33,62.56,1,7.332
Millet,Millet (Foxtail),Hybrid,30.13,23.92,40.65,450.69,60.83,9.76,81,6.69,39.82,18.5,17.63,3.0,Sandy,36.01,Sprinkler,Rabi,Fallow,11.33,37.28,21.57,20.05,1,2.169
Rice,Rice (Sona Masuri),Hybrid,27.9,21.9,36.35,1138.26,81.8,6.74,128,5.57,84.12,37.91,37.45,2.81,Desert,78.1,Sprinkler,Kharif,Sugarcane,6.27,69.02,38.5,38.92,1,6.516
Rice,Rice (Sona Masuri),Traditional,27.3,19.85,35.63,1004.32,72.32,8.96,139,6.46,87.6,43.03,44.82,4.22,Alluvial,64.89,Sprinkler,Kharif,Wheat,1.71,59.85,32.84,32.71,1,4.169
Maize,Maize (Feed Corn),Traditional,27.6,22.47,36.51,597.64,67.86,8.39,90,7.48,129.6,60.73,53.91,4.63,Black,66.66,Flood,Kharif,Soybean,10.08,115.12,48.94,47.66,0,4.759
Rice,Rice (Sona Masuri),Hybrid,30.06,23.0,39.76,1381.75,81.61,6.35,135,6.11,85.9,35.45,39.11,2.8,Alluvial,63.53,Drip,Kharif,Wheat,7.65,81.88,44.54,48.47,1,4.424
Maize,Maize (Sweet Corn),HYV,27.96,20.65,35.19,633.23,61.75,8.4,92,6.91,111.47,55.9,47.04,3.02,Alluvial,54.51,Drip,Rabi,Millet,5.51,113.79,54.82,49.44,1,6.891
Wheat,Wheat (Common),HYV,18.85,13.52,26.13,517.76,66.04,8.36,123,6.4,95.73,47.67,35.57,1.88,Loamy,68.21,Sprinkler,Rabi,Cotton,9.8,94.47,49.7,34.69,1,7.113
Rice,Rice (Basmati),Hybrid,25.45,18.39,34.92,1193.82,79.49,8.11,139,6.21,65.08,38.76,31.83,2.84,Alluvial,63.24,Flood,Kharif,Maize,13.06,87.05,38.5,37.76,1,3.529
Maize,Maize (Popcorn),Traditional,25.74,20.11,34.22,503.16,56.11,6.93,99,6.89,95.05,44.67,46.07,4.14,Loamy,69.42,Drip,Rabi,Maize,4.36,62.83,39.54,28.42,0,5.543
Millet,Millet (Foxtail),Hybrid,30.49,25.18,41.61,447.21,47.39,8.32,85,6.63,34.26,19.24,15.64,2.87,Sandy,37.7,Rainfed,Kharif,Pulses,1.38,33.32,15.73,14.91,1,2.559
Millet,Millet (Foxtail),Hybrid,27.92,20.4,39.74,381.69,59.6,9.66,73,6.5,31.12,16.52,16.26,2.04,Red,39.02,Sprinkler,Kharif,Fallow,3.44,35.92,18.52,21.85,1,1.228
Millet,Millet (Sorghum/Jowar),Hybrid,28.58,22.98,37.5,479.12,69.06,9.71,105,7.93,72.86,30.16,26.06,2.76,Loamy,64.94,Rainfed,Rabi,Millet,17.32,81.2,35.03,28.63,1,2.868
Wheat,Wheat (Durum),Hybrid,21.42,15.06,29.66,480.35,59.17,9.66,121,6.38,94.43,46.56,31.36,2.7,Laterite,65.71,Rainfed,Rabi,Pulses,9.46,124.08,75.2,41.62,1,3.969
Rice,Rice (Non-Basmati),Traditional,30.81,23.97,38.7,1373.18,86.7,6.91,137,7.2,99.34,56.65,42.1,2.42,Loamy,89.43,Sprinkler,Kharif,Soybean,4.53,66.91,36.02,36.56,1,4.891
Soybean,Soybean (Food Grade),Hybrid,29.04,23.06,39.88,798.3,72.17,6.89,99,6.49,29.3,59.64,30.2,3.84,Black,62.46,Rainfed,Kharif,Sugarcane,15.98,29.14,59.35,41.79,1,3.461
Wheat,Wheat (Durum),Hybrid,19.5,14.48,27.43,492.19,55.83,8.11,131,6.65,98.08,59.91,33.62,1.88,Black,52.86,Sprinkler,Rabi,Pulses,9.94,81.23,50.98,30.61,0,5.969
Rice,Rice (Non-Basmati),HYV,31.13,23.33,42.07,1328.17,74.11,6.62,125,6.07,106.16,50.7,51.93,3.25,Black,72.5,Flood,Kharif,Fallow,14.26,86.74,47.89,55.33,1,6.448
Rice,Rice (Non-Basmati),Traditional,27.23,20.08,38.28,1326.27,80.13,6.1,129,5.73,117.71,45.82,58.46,2.98,Alluvial,84.55,Flood,Kharif,Pulses,11.98,71.97,41.15,32.29,1,4.046
Wheat,Wheat (Durum),HYV,19.31,13.52,30.72,567.07,65.79,8.35,127,6.49,91.23,54.53,32.96,3.22,Alluvial,59.22,Drip,Rabi,Wheat,17.8,95.66,56.32,39.9,1,3.553
Millet,Millet (Finger/Ragi),Hybrid,26.55,21.05,35.35,449.32,54.79,9.96,129,5.91,36.41,24.63,21.41,2.57,Clayey,47.05,Flood,Rabi,Cotton,1.35,46.13,22.17,23.32,1,2.266
Rice,Rice (Basmati),HYV,27.24,20.24,34.97,1224.72,78.82,8.85,149,6.57,72.11,33.57,35.34,4.35,Clayey,77.63,Flood,Kharif,Millet,5.76,78.73,30.39,31.22,1,5.827
Millet,Millet (Sorghum/Jowar),HYV,27.6,20.6,38.16,419.15,64.47,9.47,114,7.99,61.0,33.96,32.2,2.76,Loamy,45.37,Flood,Kharif,Cotton,10.57,67.78,30.27,27.81,1,2.946
Wheat,Wheat (Sharbati),Hybrid,17.06,11.29,24.96,492.34,63.58,7.02,133,7.22,92.48,48.09,31.53,2.39,Loamy,58.51,Drip,Rabi,Cotton,2.71,92.45,46.44,28.08,1,5.515
Millet,Millet (Pearl/Bajra),Traditional,34.99,29.03,42.22,293.74,44.73,8.12,85,6.06,43.33,24.45,29.76,2.35,Black,43.43,Rainfed,Kharif,Rice,1.28,47.66,16.78,18.58,1,1.648
Wheat,Wheat (Durum),Hybrid,20.87,15.41,28.47,555.72,51.43,7.88,128,6.97,82.87,54.46,36.97,2.79,Clayey,51.97,Drip,Rabi,Cotton,5.27,86.6,55.86,35.96,1,4.934
Rice,Rice (Non-Basmati),HYV,29.65,23.14,39.77,1204.14,85.88,8.84,132,6.35,97.32,48.9,59.78,2.58,Black,84.22,Flood,Rabi,Fallow,2.33,95.47,51.42,49.6,1,4.715
Millet,Millet (Foxtail),Hybrid,26.93,19.61,38.79,495.47,52.33,9.27,74,5.79,34.79,20.86,15.78,2.15,Loamy,35.91,Rainfed,Zaid,Pulses,7.7,30.1,15.66,15.97,1,1.735
Millet,Millet (Foxtail),Hybrid,29.4,22.89,40.54,379.03,63.7,7.16,68,7.44,37.69,24.4,19.89,1.64,Laterite,50.4,Sprinkler,Rabi,Maize,19.8,35.29,26.04,19.21,0,1.281
Wheat,Wheat (Durum),HYV,21.92,15.28,32.04,505.88,51.71,9.21,125,6.68,90.27,58.98,39.79,3.15,Black,68.62,Rainfed,Rabi,Rice,9.71,92.0,53.63,35.76,1,3.455
Millet,Millet (Foxtail),Hybrid,30.86,22.91,41.35,377.44,50.62,8.76,66,7.06,30.67,21.7,15.01,1.08,Sandy,59.06,Sprinkler,Rabi,Pulses,8.16,35.48,17.18,18.62,1,1.766
Rice,Rice (Basmati),HYV,25.65,20.47,36.87,1029.53,74.07,6.31,134,6.77,79.81,36.11,33.71,4.32,Clayey,64.26,Flood,Kharif,Pulses,7.05,66.76,37.05,31.88,1,3.387
Maize,Maize (Popcorn),HYV,25.66,20.32,34.2,556.79,56.89,7.92,99,6.01,82.39,46.59,41.99,4.34,Clayey,51.12,Rainfed,Kharif,Soybean,18.49,96.55,43.92,44.62,1,4.923
Millet,Millet (Finger/Ragi),Hybrid,25.47,17.83,36.76,485.55,53.89,8.29,106,6.6,40.12,20.32,18.45,2.33,Red,43.31,Drip,Kharif,Millet,13.24,44.53,26.48,19.41,1,3.399
Millet,Millet (Pearl/Bajra),Traditional,30.87,25.65,40.84,457.33,46.93,10.72,76,7.43,45.18,29.79,21.84,2.79,Clayey,39.13,Sprinkler,Kharif,Millet,3.82,38.17,21.06,20.03,1,1.619
Rice,Rice (Sona Masuri),HYV,29.42,23.69,39.46,1387.98,84.81,7.93,133,6.13,75.32,39.41,43.44,4.32,Alluvial,72.19,Sprinkler,Kharif,Sugarcane,8.15,83.26,38.82,39.14,1,5.415
Wheat,Wheat (Common),Hybrid,21.0,13.42,32.91,423.14,60.53,7.23,130,6.26,81.27,48.93,31.26,3.07,Loamy,58.77,Flood,Rabi,Millet,19.01,90.65,50.27,36.96,1,6.089
Millet,Millet (Sorghum/Jowar),Hybrid,32.31,26.67,39.47,535.48,52.48,8.28,109,6.2,64.55,36.59,33.73,2.02,Loamy,48.31,Sprinkler,Zaid,Sugarcane,7.59,73.8,39.4,33.16,1,3.24
Millet,Millet (Foxtail),HYV,31.38,26.22,38.79,453.38,55.07,7.1,75,6.63,36.46,24.99,19.01,1.85,Desert,39.87,Sprinkler,Kharif,Fallow,12.7,28.49,17.28,13.87,0,1.208
Rice,Rice (Non-Basmati),HYV,29.97,22.86,37.65,1506.47,83.57,8.67,139,5.51,81.4,53.28,50.47,4.46,Clayey,72.51,Rainfed,Zaid,Cotton,2.32,63.99,32.17,34.56,1,5.295
Soybean,Soybean (Food Grade),Hybrid,25.39,19.29,36.23,832.62,62.54,8.4,95,6.79,25.89,52.47,36.09,3.37,Black,68.18,Rainfed,Kharif,Soybean,17.74,23.57,51.13,41.95,1,3.622
Millet,Millet (Finger/Ragi),Hybrid,30.93,22.99,38.02,523.97,58.18,9.25,113,6.9,35.75,22.66,16.71,1.65,Black,60.12,Sprinkler,Kharif,Soybean,4.36,47.92,30.45,21.27,0,2.465
Millet,Millet (Pearl/Bajra),Hybrid,31.44,23.56,40.49,406.83,46.83,9.48,73,7.48,57.52,23.82,25.48,2.73,Red,44.99,Rainfed,Zaid,Rice,14.58,43.79,28.0,26.95,0,2.043
Millet,Millet (Finger/Ragi),Traditional,29.61,23.38,39.78,659.12,53.39,8.3,102,6.73,46.74,21.69,19.83,2.6,Red,54.25,Sprinkler,Kharif,Maize,4.85,21.18,15.0,16.19,1,1.871
Maize,Maize (Popcorn),HYV,23.4,15.7,32.67,632.2,64.07,6.87,104,6.04,90.84,54.53,44.13,4.48,Red,68.7,Drip,Kharif,Wheat,3.64,123.31,69.94,58.06,0,4.998
Maize,Maize (Popcorn),Traditional,25.97,18.4,33.89,508.14,66.53,6.18,85,6.23,82.68,50.62,41.51,3.66,Alluvial,65.94,Flood,Rabi,Cotton,17.55,69.09,46.47,36.69,1,4.014
Rice,Rice (Non-Basmati),HYV,27.42,20.71,39.37,1136.72,78.01,6.13,119,6.48,97.92,59.47,59.81,3.95,Alluvial,68.18,Flood,Kharif,Fallow,11.09,115.08,47.62,51.8,0,5.122
Maize,Maize (Sweet Corn),Hybrid,27.99,21.8,36.23,512.53,64.61,7.75,92,6.29,107.24,69.56,50.01,2.03,Black,67.48,Rainfed,Rabi,Rice,19.7,128.44,73.15,60.79,1,4.879
Soybean,Soybean (Food Grade),HYV,24.81,18.21,32.68,676.07,66.24,6.02,94,6.23,21.73,41.17,37.07,3.86,Alluvial,51.76,Rainfed,Kharif,Maize,5.34,23.74,58.76,32.59,1,3.177
Wheat,Wheat (Common),HYV,21.03,13.26,30.24,477.87,62.0,9.22,124,6.44,95.18,45.1,37.93,3.39,Black,57.61,Flood,Rabi,Fallow,1.89,96.4,47.93,35.04,1,6.168
Rice,Rice (Sona Masuri),Hybrid,30.69,24.41,42.35,1064.58,72.35,8.85,123,5.78,79.76,42.83,43.27,4.16,Clayey,74.24,Sprinkler,Kharif,Millet,8.27,80.9,45.91,42.43,1,6.141
Millet,Millet (Finger/Ragi),HYV,31.9,23.97,43.26,612.44,58.56,7.38,104,6.61,31.62,25.47,16.4,3.39,Red,49.77,Sprinkler,Zaid,Millet,4.15,36.46,21.0,17.06,1,2.549
Millet,Millet (Foxtail),Traditional,26.41,20.97,36.98,466.47,50.8,7.55,64,7.02,36.46,19.25,15.82,2.1,Loamy,40.67,Rainfed,Kharif,Millet,5.38,28.98,12.17,14.6,1,1.188
Rice,Rice (Basmati),Traditional,27.05,20.11,34.13,1140.44,73.12,6.13,135,6.58,70.84,39.68,30.67,3.94,Alluvial,61.85,Flood,Zaid,Maize,4.79,49.1,26.96,27.71,1,3.946
Maize,Maize (Feed Corn),Hybrid,26.72,19.38,36.69,642.67,76.28,6.61,104,5.58,148.32,72.75,62.61,2.8,Laterite,58.48,Flood,Kharif,Cotton,8.86,158.11,81.57,68.44,0,7.918
Millet,Millet (Pearl/Bajra),Hybrid,34.62,27.9,44.57,479.6,52.5,9.89,75,7.37,54.84,20.27,26.24,1.53,Loamy,45.71,Sprinkler,Zaid,Pulses,18.37,56.49,25.86,24.44,1,1.547
Millet,Millet (Finger/Ragi),Hybrid,28.88,21.32,40.79,553.22,50.29,7.98,117,6.09,31.52,23.57,19.06,2.39,Black,51.32,Drip,Kharif,Cotton,3.81,45.32,22.66,19.62,1,2.562
Millet,Millet (Sorghum/Jowar),Traditional,29.63,21.8,41.38,654.99,55.15,9.08,123,7.36,72.22,31.17,32.48,3.04,Loamy,44.28,Rainfed,Zaid,Sugarcane,12.88,45.85,21.08,18.05,1,2.696
Maize,Maize (Feed Corn),Hybrid,26.32,20.73,38.15,605.16,63.33,7.72,93,6.36,120.46,75.75,54.99,2.5,Red,78.16,Rainfed,Kharif,Pulses,14.05,156.93,85.82,75.06,1,9.326
Wheat,Wheat (Durum),Traditional,22.74,16.66,33.42,520.17,56.1,7.61,137,6.06,97.88,45.8,31.39,3.99,Loamy,53.68,Flood,Rabi,Pulses,13.54,73.03,42.18,24.57,0,4.665
Maize,Maize (Sweet Corn),Traditional,25.96,20.69,37.41,512.35,62.15,6.83,80,6.53,117.88,65.29,44.05,2.11,Alluvial,50.25,Rainfed,Rabi,Sugarcane,17.2,79.57,43.48,31.28,1,4.913
Soybean,Soybean (Food Grade),Hybrid,25.82,17.98,36.85,843.46,60.95,6.2,95,6.68,29.36,53.8,33.35,2.53,Loamy,73.33,Sprinkler,Kharif,Fallow,1.71,22.84,45.07,30.91,0,3.775
Soybean,Soybean (Food Grade),Hybrid,28.85,21.29,37.74,643.86,62.18,6.4,93,6.48,20.07,52.23,34.0,2.93,Loamy,71.81,Sprinkler,Kharif,Pulses,15.37,22.73,52.68,38.94,0,3.02
Soybean,Soybean (Oil Grade),HYV,29.41,22.94,40.15,848.08,75.52,7.55,109,7.29,20.98,52.98,36.65,3.9,Red,64.05,Sprinkler,Kharif,Pulses,6.23,23.27,52.11,40.0,1,3.209
Maize,Maize (Popcorn),HYV,22.6,16.06,32.36,558.21,60.01,6.9,100,6.57,82.78,48.54,48.89,2.62,Loamy,61.16,Sprinkler,Rabi,Soybean,4.05,80.87,44.9,40.1,1,5.134
Rice,Rice (Basmati),Traditional,28.04,22.2,35.91,1189.88,82.02,7.18,140,6.85,73.03,32.11,35.56,4.57,Clayey,80.88,Flood,Kharif,Maize,10.73,53.52,24.24,31.69,1,5.033
Maize,Maize (Popcorn),Traditional,23.77,18.11,33.42,590.77,66.39,7.92,97,6.78,82.07,50.66,44.58,3.38,Alluvial,51.01,Drip,Rabi,Maize,14.9,63.51,30.58,30.97,0,5.816
Maize,Maize (Sweet Corn),HYV,27.53,21.7,36.73,553.69,61.74,6.55,89,5.96,115.83,59.54,50.8,3.12,Loamy,55.27,Sprinkler,Rabi,Rice,9.24,103.56,68.78,51.43,1,4.11
Maize,Maize (Feed Corn),Hybrid,27.5,21.99,36.85,792.19,79.34,7.87,100,5.67,133.59,65.8,58.25,4.51,Loamy,79.48,Flood,Kharif,Fallow,5.94,107.14,59.29,48.64,1,10.108
Millet,Millet (Pearl/Bajra),HYV,28.17,21.61,40.0,479.65,53.77,8.34,66,6.25,57.01,20.04,26.28,2.75,Desert,34.19,Drip,Kharif,Sugarcane,8.63,42.2,22.44,24.42,1,2.007
Soybean,Soybean (Oil Grade),Traditional,25.94,18.41,36.96,909.39,72.13,6.03,112,6.38,22.14,57.04,37.02,2.38,Loamy,74.2,Drip,Kharif,Sugarcane,10.25,17.42,47.17,31.39,1,2.557
Wheat,Wheat (Sharbati),Traditional,18.65,11.94,27.6,480.65,52.84,8.24,132,7.26,91.96,40.83,33.87,3.11,Black,46.29,Drip,Kharif,Soybean,9.69,58.29,27.22,20.93,1,3.563
Rice,Rice (Non-Basmati),HYV,29.14,23.74,36.27,1176.4,82.54,6.22,139,5.7,117.36,42.21,52.69,4.02,Black,82.0,Flood,Kharif,Cotton,17.02,110.68,68.65,63.72,1,5.988
Soybean,Soybean (Oil Grade),Traditional,27.34,20.55,36.03,774.99,74.4,7.61,113,7.12,22.13,68.28,44.77,3.34,Red,65.69,Sprinkler,Kharif,Millet,16.46,22.25,51.64,33.01,1,3.003
Rice,Rice (Basmati),HYV,25.34,20.26,33.02,1481.56,78.24,8.9,142,7.4,77.52,32.78,38.51,2.0,Clayey,60.44,Flood,Kharif,Wheat,9.47,61.16,36.95,39.84,1,2.384
Wheat,Wheat (Durum),HYV,22.82,15.46,30.63,504.54,51.58,7.41,122,7.49,95.57,40.54,34.83,2.52,Loamy,64.99,Flood,Rabi,Fallow,15.13,92.44,50.0,34.23,0,4.925
Millet,Millet (Pearl/Bajra),HYV,28.96,23.46,36.16,457.3,51.61,9.44,72,7.46,47.21,28.78,29.22,2.33,Black,39.32,Sprinkler,Kharif,Sugarcane,1.95,55.47,29.86,23.99,1,1.91
Soybean,Soybean (Food Grade),HYV,25.56,18.85,32.82,884.37,78.58,8.19,108,6.2,24.45,42.09,39.81,3.44,Black,54.96,Rainfed,Kharif,Soybean,17.66,28.65,50.81,32.61,0,2.741
Soybean,Soybean (Food Grade),Traditional,28.16,20.22,35.77,774.64,76.97,8.93,105,7.18,25.59,48.64,33.85,2.94,Loamy,69.31,Sprinkler,Kharif,Rice,11.26,20.19,38.77,25.84,0,1.911
Wheat,Wheat (Common),HYV,18.3,11.7,26.69,573.98,68.74,9.55,119,7.48,94.7,43.56,30.94,3.17,Black,61.86,Flood,Rabi,Wheat,0.61,90.57,42.35,36.98,1,4.427
Maize,Maize (Feed Corn),HYV,24.36,18.6,34.28,756.43,69.38,8.83,98,6.33,123.28,69.5,65.52,2.9,Alluvial,75.7,Sprinkler,Kharif,Soybean,3.34,132.93,75.27,61.62,1,11.122
Millet,Millet (Finger/Ragi),Hybrid,31.07,25.5,42.83,682.12,63.06,7.77,130,6.47,36.47,28.25,22.05,1.78,Loamy,54.1,Rainfed,Kharif,Soybean,18.26,42.17,19.46,15.0,0,2.707
Wheat,Wheat (Sharbati),Hybrid,17.84,10.01,25.11,486.71,51.46,7.29,119,7.36,92.31,49.66,34.91,3.57,Alluvial,42.43,Sprinkler,Rabi,Maize,14.55,99.96,54.52,39.9,1,6.094
Rice,Rice (Non-Basmati),Traditional,28.73,23.7,37.71,1393.66,81.4,8.25,140,6.71,96.16,55.48,52.12,3.48,Black,87.82,Sprinkler,Kharif,Sugarcane,9.98,76.07,29.28,32.15,1,6.905
Millet,Millet (Pearl/Bajra),Traditional,33.51,25.51,42.96,296.58,56.66,10.23,73,7.08,57.52,28.02,20.48,1.94,Sandy,50.16,Sprinkler,Kharif,Millet,11.39,33.33,17.9,21.5,1,1.055
Wheat,Wheat (Durum),Traditional,18.35,12.45,26.4,450.68,53.14,8.78,138,7.08,93.42,55.99,38.67,3.55,Alluvial,56.2,Drip,Rabi,Pulses,2.56,66.93,34.22,26.3,1,3.979
Rice,Rice (Basmati),Traditional,28.16,22.69,37.53,1358.2,74.06,6.61,137,6.9,77.23,38.69,37.24,4.24,Loamy,73.95,Sprinkler,Kharif,Rice,5.8,63.03,29.09,26.6,1,3.683
Maize,Maize (Sweet Corn),Hybrid,26.55,21.39,35.7,560.55,74.18,8.17,99,6.94,114.43,69.04,54.09,2.23,Loamy,65.41,Sprinkler,Kharif,Soybean,2.15,111.0,62.04,57.85,1,5.349
Maize,Maize (Feed Corn),Traditional,25.93,20.35,37.6,671.98,62.99,6.07,107,7.08,134.36,61.54,51.42,2.04,Red,62.66,Sprinkler,Kharif,Maize,14.41,104.81,60.43,54.79,1,7.96
Millet,Millet (Finger/Ragi),Traditional,25.25,19.32,35.18,403.81,63.0,7.09,104,5.56,40.26,23.63,16.1,2.61,Black,60.56,Sprinkler,Kharif,Rice,12.82,33.07,19.19,12.55,1,2.163
Millet,Millet (Sorghum/Jowar),HYV,31.8,23.81,42.44,405.58,55.47,9.09,108,6.42,60.89,30.22,27.79,1.68,Red,61.05,Drip,Zaid,Soybean,10.43,66.44,37.5,25.72,1,1.892
Maize,Maize (Feed Corn),Traditional,24.65,18.57,33.81,771.43,70.25,6.45,106,5.72,139.24,73.23,52.95,4.56,Loamy,76.84,Sprinkler,Kharif,Sugarcane,12.47,72.04,41.51,30.75,1,7.181
Wheat,Wheat (Durum),HYV,21.12,14.05,31.21,512.35,57.01,8.72,137,7.43,92.94,41.71,35.4,3.77,Alluvial,45.16,Drip,Rabi,Soybean,7.11,87.31,59.18,32.74,1,5.132
Rice,Rice (Non-Basmati),Hybrid,31.51,23.82,43.11,1553.86,80.54,6.66,130,5.87,117.15,51.83,42.42,2.55,Clayey,88.86,Sprinkler,Zaid,Maize,13.36,109.22,45.09,54.99,0,6.439
Maize,Maize (Popcorn),Hybrid,22.81,14.88,31.14,501.78,68.28,8.74,93,6.93,85.31,52.91,47.42,4.43,Loamy,67.96,Drip,Kharif,Maize,0.66,89.35,44.93,48.42,1,7.8
Rice,Rice (Non-Basmati),Hybrid,31.84,25.93,42.31,1104.46,73.77,8.07,134,5.79,97.82,47.1,49.91,4.61,Loamy,84.4,Flood,Kharif,Maize,17.38,78.91,44.2,48.25,1,9.1
Rice,Rice (Sona Masuri),HYV,30.89,22.91,40.88,1132.62,73.35,6.83,130,6.26,77.91,38.95,42.34,3.24,Alluvial,68.46,Flood,Rabi,Cotton,10.48,88.31,39.71,36.43,1,5.862
Millet,Millet (Foxtail),Hybrid,27.57,19.91,35.18,547.47,54.44,8.14,70,6.11,39.94,19.79,17.68,1.12,Red,47.7,Rainfed,Zaid,Maize,2.1,39.89,20.16,21.38,1,1.095
Wheat,Wheat (Durum),Traditional,19.45,11.9,29.49,520.74,61.88,8.94,120,7.23,83.2,58.88,34.11,3.65,Alluvial,50.51,Drip,Rabi,Soybean,4.46,64.14,32.24,21.44,1,5.879
Soybean,Soybean (Oil Grade),Hybrid,27.26,19.9,36.73,694.64,74.56,7.01,113,7.45,27.77,58.0,36.83,3.69,Black,60.85,Sprinkler,Kharif,Rice,1.0,21.7,53.07,27.37,1,4.163
Maize,Maize (Sweet Corn),Traditional,27.34,19.41,34.78,653.71,63.97,7.41,98,6.54,101.29,64.68,51.6,3.87,Black,58.84,Drip,Rabi,Rice,13.57,71.16,43.35,31.74,1,7.425
Millet,Millet (Pearl/Bajra),HYV,30.33,23.31,41.98,595.48,55.02,8.81,80,7.39,44.35,25.2,24.4,1.9,Loamy,47.54,Rainfed,Kharif,Cotton,8.61,52.73,27.87,22.36,1,1.273
Wheat,Wheat (Sharbati),Hybrid,17.21,11.97,24.69,457.74,58.87,8.94,117,6.02,84.05,44.36,39.01,3.98,Red,58.78,Sprinkler,Rabi,Maize,19.79,92.15,41.72,32.45,1,4.126
Millet,Millet (Foxtail),Hybrid,29.25,24.25,36.9,508.12,60.77,7.05,62,6.37,38.18,16.39,17.8,2.02,Loamy,35.02,Rainfed,Kharif,Millet,16.25,28.5,23.07,18.04,1,0.988
Rice,Rice (Non-Basmati),HYV,26.76,21.6,37.6,1432.97,79.97,7.4,118,6.37,95.72,49.99,50.57,4.08,Alluvial,82.78,Sprinkler,Kharif,Soybean,16.87,108.17,74.04,54.1,1,5.963
Millet,Millet (Pearl/Bajra),HYV,28.58,22.24,36.65,572.32,47.46,8.95,78,7.09,40.33,24.76,28.21,1.6,Laterite,36.64,Rainfed,Zaid,Rice,18.73,47.15,18.03,18.2,1,1.7
Maize,Maize (Feed Corn),Traditional,25.72,18.97,35.31,579.62,75.76,8.82,105,7.12,138.8,79.38,50.03,2.96,Black,62.75,Flood,Kharif,Cotton,16.98,112.67,56.25,48.45,1,4.408
Rice,Rice (Non-Basmati),HYV,27.5,21.1,37.32,1599.94,82.88,8.08,135,6.63,84.23,48.72,41.73,2.92,Alluvial,87.51,Flood,Kharif,Rice,10.14,96.46,58.44,49.99,1,5.529
Rice,Rice (Non-Basmati),Hybrid,29.55,23.5,37.63,1158.23,87.6,7.32,127,6.44,98.38,52.46,45.19,3.75,Alluvial,71.02,Flood,Kharif,Millet,11.13,123.42,67.81,53.34,1,8.505
Wheat,Wheat (Sharbati),HYV,18.77,13.77,26.58,469.5,56.45,8.21,131,6.71,87.51,43.54,32.76,2.82,Alluvial,43.0,Sprinkler,Kharif,Maize,15.86,74.45,39.0,33.4,1,5.681
Millet,Millet (Sorghum/Jowar),HYV,28.88,23.44,38.66,560.81,57.72,9.68,116,6.79,70.95,38.76,33.86,2.79,Black,54.07,Sprinkler,Rabi,Fallow,5.74,61.91,31.62,26.69,0,2.817
Soybean,Soybean (Food Grade),Hybrid,26.67,20.17,33.74,720.57,67.76,6.63,108,7.26,21.58,55.53,31.89,3.07,Laterite,64.64,Sprinkler,Kharif,Sugarcane,8.44,29.34,65.41,41.24,1,2.86
Millet,Millet (Sorghum/Jowar),Hybrid,27.29,20.88,38.66,564.27,59.01,7.45,119,6.28,73.96,33.51,30.55,3.26,Black,44.14,Rainfed,Kharif,Cotton,13.76,79.55,40.41,37.96,0,3.558
Soybean,Soybean (Food Grade),Traditional,29.66,23.02,37.97,636.44,67.85,6.42,97,6.38,26.47,59.49,30.11,2.6,Loamy,59.7,Rainfed,Kharif,Sugarcane,1.07,17.86,38.28,29.51,1,1.572
Rice,Rice (Non-Basmati),Traditional,31.66,26.02,38.95,1368.73,72.85,6.56,137,6.44,95.95,42.74,53.75,4.98,Black,74.89,Sprinkler,Kharif,Fallow,1.05,76.1,32.41,43.64,0,4.492
Millet,Millet (Foxtail),Hybrid,30.4,23.97,37.68,417.48,45.85,9.84,74,5.81,32.27,24.11,16.04,1.27,Red,50.43,Rainfed,Rabi,Millet,9.02,41.7,18.45,20.15,1,2.378
Rice,Rice (Basmati),HYV,26.07,19.91,36.76,1208.82,81.05,6.34,149,6.25,76.08,37.92,31.27,3.2,Clayey,64.25,Sprinkler,Kharif,Sugarcane,14.24,65.57,37.72,33.51,1,3.573
Soybean,Soybean (Oil Grade),Hybrid,25.19,19.64,34.66,690.16,78.12,7.33,116,6.52,25.73,55.21,38.57,4.44,Red,72.18,Rainfed,Kharif,Cotton,2.02,30.84,74.43,45.46,1,3.296
Soybean,Soybean (Food Grade),Hybrid,26.66,19.72,36.33,653.15,69.48,8.83,105,7.03,25.95,49.66,30.9,3.51,Red,67.78,Rainfed,Kharif,Millet,6.94,17.89,37.15,28.23,1,3.301
Rice,Rice (Basmati),Traditional,28.95,22.89,37.97,1196.84,72.88,6.18,143,6.63,74.97,39.61,34.59,2.72,Clayey,83.55,Drip,Kharif,Pulses,10.85,56.68,25.86,28.59,1,2.982
Millet,Millet (Sorghum/Jowar),Traditional,32.37,26.65,42.55,416.08,66.46,8.78,107,7.35,63.6,36.41,34.8,3.13,Loamy,53.67,Rainfed,Kharif,Sugarcane,15.72,59.21,30.0,20.9,0,2.253
Millet,Millet (Pearl/Bajra),HYV,32.92,27.51,44.01,370.05,49.42,10.06,73,7.34,42.29,22.88,28.12,2.86,Alluvial,40.34,Sprinkler,Kharif,Soybean,4.65,56.97,20.06,22.67,1,3.167
Wheat,Wheat (Durum),Traditional,22.22,17.06,33.86,450.27,68.78,8.36,134,7.09,80.33,41.49,31.76,1.78,Loamy,49.79,Sprinkler,Rabi,Rice,9.2,71.12,42.12,29.1,1,3.846
Millet,Millet (Finger/Ragi),Hybrid,30.58,25.0,39.71,636.36,68.31,8.2,115,6.78,33.06,28.4,17.72,2.33,Red,63.46,Rainfed,Kharif,Pulses,16.85,47.59,28.95,17.38,1,2.568
Wheat,Wheat (Durum),HYV,22.33,15.4,30.26,559.94,57.65,7.08,120,7.04,99.34,47.81,35.57,3.25,Alluvial,59.81,Flood,Rabi,Millet,10.37,95.02,53.94,31.53,0,3.843
Wheat,Wheat (Sharbati),Hybrid,21.55,14.25,30.8,495.84,60.29,8.42,133,7.31,95.28,43.9,38.34,2.28,Clayey,56.28,Flood,Rabi,Pulses,13.53,101.79,50.34,37.72,1,4.318
Maize,Maize (Popcorn),Hybrid,24.74,17.93,33.18,638.29,64.13,8.64,103,5.96,92.15,43.98,41.68,2.39,Red,64.2,Drip,Zaid,Wheat,15.74,96.72,56.22,48.1,1,5.746
Millet,Millet (Finger/Ragi),HYV,26.93,21.64,36.19,565.19,61.41,9.75,114,5.65,33.01,22.5,24.43,2.75,Black,40.39,Sprinkler,Kharif,Pulses,3.32,48.81,24.47,21.31,1,2.881
Wheat,Wheat (Sharbati),Traditional,20.43,13.07,28.05,542.94,50.07,9.17,123,6.0,87.16,46.17,32.44,3.1,Black,55.15,Drip,Rabi,Fallow,5.3,74.37,36.78,26.14,1,4.405
Maize,Maize (Popcorn),HYV,24.24,18.29,35.19,676.18,55.33,7.46,103,6.03,95.26,45.34,48.32,2.54,Loamy,60.05,Sprinkler,Rabi,Millet,16.48,98.91,47.11,46.66,0,5.884
Millet,Millet (Pearl/Bajra),Hybrid,33.97,28.55,43.23,373.69,40.57,9.56,81,7.38,41.01,28.7,23.54,1.63,Black,33.04,Sprinkler,Kharif,Cotton,0.54,50.31,25.78,19.06,1,2.339
Maize,Maize (Popcorn),Traditional,23.38,17.61,31.6,592.38,68.52,8.13,93,6.93,99.65,57.96,41.86,3.78,Clayey,57.99,Sprinkler,Rabi,Rice,5.88,77.9,46.86,37.88,1,4.005
Millet,Millet (Sorghum/Jowar),Hybrid,29.38,22.03,39.9,429.39,56.05,9.7,96,7.66,72.72,38.24,32.45,3.02,Loamy,51.88,Sprinkler,Zaid,Soybean,15.85,65.35,28.18,30.17,1,2.348
Rice,Rice (Sona Masuri),Hybrid,29.21,23.81,40.32,1311.43,77.5,6.64,122,6.7,77.54,42.08,43.37,4.41,Alluvial,62.15,Flood,Kharif,Maize,18.24,90.95,39.55,42.6,1,7.761
Millet,Millet (Foxtail),HYV,26.34,19.7,37.73,394.71,48.74,9.04,80,6.11,35.73,21.6,16.95,1.13,Sandy,55.75,Sprinkler,Rabi,Pulses,17.0,33.77,20.28,18.29,1,1.447
Soybean,Soybean (Oil Grade),HYV,26.64,19.79,37.13,721.59,71.73,6.89,108,6.22,21.53,53.92,42.0,2.74,Alluvial,72.0,Rainfed,Kharif,Maize,5.22,29.8,71.88,50.51,1,2.363
Rice,Rice (Basmati),Hybrid,25.86,19.27,34.31,1314.45,71.77,7.96,142,6.39,76.78,30.32,35.2,3.7,Loamy,74.03,Sprinkler,Kharif,Cotton,8.38,74.86,33.4,39.06,0,3.578
Maize,Maize (Feed Corn),HYV,23.2,17.73,32.51,842.21,61.87,7.87,102,6.01,133.6,75.53,58.95,3.57,Red,63.46,Sprinkler,Kharif,Rice,12.24,108.49,66.93,55.45,1,6.246
Wheat,Wheat (Sharbati),Traditional,19.72,14.35,26.93,466.49,61.97,7.47,123,6.65,97.52,44.76,35.12,2.51,Black,56.71,Drip,Rabi,Cotton,16.79,76.06,38.86,28.72,0,4.374
Rice,Rice (Basmati),Traditional,29.68,23.55,40.01,1127.54,71.91,6.18,131,7.31,76.22,39.81,39.27,4.69,Loamy,78.29,Sprinkler,Kharif,Cotton,3.68,50.69,28.65,31.8,1,3.414
Rice,Rice (Basmati),HYV,28.64,21.31,38.92,1088.71,78.18,8.95,142,6.25,62.63,37.26,38.18,2.64,Desert,72.65,Flood,Kharif,Pulses,12.43,61.88,35.77,38.77,1,2.916
Millet,Millet (Finger/Ragi),Hybrid,27.88,22.08,36.33,535.87,66.31,9.51,104,5.4,43.12,22.28,15.26,2.77,Red,44.46,Rainfed,Kharif,Millet,17.52,37.78,22.72,25.6,1,2.091
Rice,Rice (Non-Basmati),HYV,28.38,21.99,36.42,1403.82,85.18,7.29,140,5.8,95.37,42.62,57.41,2.07,Loamy,72.89,Flood,Kharif,Wheat,17.25,85.75,56.5,54.72,1,4.049
Maize,Maize (Popcorn),Traditional,24.86,17.34,34.44,648.37,69.52,6.96,93,5.94,99.8,53.79,40.14,3.81,Alluvial,52.68,Drip,Kharif,Cotton,10.81,64.37,37.63,32.08,1,6.734
Millet,Millet (Finger/Ragi),HYV,27.59,19.66,38.42,645.99,60.51,7.89,130,6.36,32.97,26.62,22.81,2.6,Black,49.92,Sprinkler,Kharif,Maize,18.46,49.18,23.82,19.47,1,2.707
Maize,Maize (Feed Corn),Hybrid,25.79,19.43,33.63,845.01,66.9,6.61,102,6.06,131.19,68.33,50.09,2.69,Loamy,72.85,Sprinkler,Kharif,Wheat,1.77,145.39,86.4,66.68,0,9.246
Millet,Millet (Pearl/Bajra),Hybrid,29.48,22.01,39.09,289.05,44.53,10.9,71,6.01,54.38,28.51,28.8,2.8,Loamy,40.09,Rainfed,Kharif,Soybean,7.96,61.29,37.59,37.19,1,1.313
Wheat,Wheat (Durum),Traditional,18.36,12.66,27.82,532.75,69.58,9.84,132,7.19,92.73,44.86,39.31,2.15,Alluvial,66.76,Rainfed,Rabi,Fallow,19.39,93.6,55.62,32.39,0,3.594
Wheat,Wheat (Sharbati),Hybrid,20.03,12.55,30.83,578.97,62.59,9.06,115,6.94,93.3,42.33,33.52,2.29,Sandy,43.15,Sprinkler,Rabi,Pulses,6.24,83.24,42.93,37.27,1,4.702
Rice,Rice (Basmati),Traditional,26.47,19.89,36.96,1450.13,81.88,8.03,133,6.92,71.62,32.54,37.56,2.25,Clayey,83.11,Flood,Kharif,Rice,13.47,50.15,24.76,30.65,1,3.291
Rice,Rice (Non-Basmati),Hybrid,28.9,22.35,35.9,1407.94,89.95,6.88,119,5.92,81.53,57.45,55.04,2.7,Alluvial,89.62,Sprinkler,Kharif,Cotton,7.03,89.62,49.73,48.69,1,8.371
Soybean,Soybean (Oil Grade),Hybrid,27.15,21.9,34.3,781.46,77.43,7.57,98,7.43,25.22,68.85,38.87,3.61,Alluvial,75.03,Rainfed,Kharif,Fallow,3.63,28.95,72.19,43.59,1,2.698
Maize,Maize (Popcorn),HYV,25.21,17.55,32.74,749.89,62.23,7.47,96,6.27,89.1,43.58,44.86,3.49,Sandy,50.51,Sprinkler,Rabi,Wheat,8.8,81.62,54.11,46.37,1,7.173
Wheat,Wheat (Common),Hybrid,18.84,13.59,29.47,568.77,58.12,8.07,110,6.95,98.11,46.91,37.84,3.21,Black,66.16,Flood,Rabi,Sugarcane,12.68,101.75,52.47,35.95,0,5.657
Soybean,Soybean (Food Grade),HYV,27.94,21.96,37.84,765.54,76.06,8.24,94,6.74,23.59,43.98,38.25,2.09,Clayey,55.76,Sprinkler,Kharif,Rice,5.2,27.59,59.2,34.05,1,2.032
Wheat,Wheat (Sharbati),HYV,18.38,12.83,29.47,537.55,64.9,8.55,125,6.1,93.44,46.05,39.89,2.46,Loamy,49.89,Sprinkler,Rabi,Millet,3.52,88.38,40.82,39.21,0,4.367
Rice,Rice (Basmati),Hybrid,29.73,23.79,41.02,1065.84,80.58,8.23,133,6.94,72.77,33.07,38.6,4.88,Clayey,65.44,Flood,Kharif,Rice,4.19,79.29,38.07,42.12,1,5.235
Wheat,Wheat (Sharbati),HYV,21.59,14.38,28.75,493.74,60.13,7.95,116,7.2,80.94,45.4,38.04,3.59,Sandy,43.01,Drip,Rabi,Fallow,3.59,85.86,45.69,35.21,1,5.405
Rice,Rice (Basmati),Traditional,28.93,22.8,36.43,1316.89,83.2,8.66,136,7.17,67.66,33.3,34.48,3.04,Desert,68.46,Flood,Kharif,Maize,12.03,51.89,30.36,24.4,1,3.729
Wheat,Wheat (Sharbati),HYV,21.91,14.56,31.57,571.88,58.41,8.32,117,7.19,86.1,41.13,35.84,3.27,Alluvial,45.05,Drip,Rabi,Cotton,7.31,95.65,48.61,33.11,1,5.52
Rice,Rice (Sona Masuri),HYV,27.81,19.94,39.28,1173.58,78.6,8.9,123,6.1,71.37,40.98,44.63,2.11,Black,76.49,Flood,Kharif,Sugarcane,2.65,86.15,43.01,42.97,1,4.274
Maize,Maize (Sweet Corn),HYV,22.29,16.01,33.56,786.23,63.74,6.89,80,6.4,108.69,52.42,51.68,2.27,Black,71.65,Sprinkler,Kharif,Sugarcane,7.1,92.44,44.71,36.31,1,5.736
Millet,Millet (Sorghum/Jowar),HYV,29.39,21.56,38.05,632.1,66.43,9.05,114,6.29,62.27,35.6,28.41,3.22,Black,45.61,Sprinkler,Rabi,Maize,19.95,87.3,35.88,31.58,1,2.408
Soybean,Soybean (Food Grade),Traditional,28.91,22.43,37.79,800.32,77.24,6.17,92,6.51,27.82,50.42,31.22,2.15,Alluvial,57.44,Flood,Kharif,Millet,15.43,16.91,39.56,29.27,1,2.619
Rice,Rice (Basmati),Traditional,28.49,23.24,37.58,1279.65,72.81,7.34,133,7.12,64.11,32.93,33.46,4.24,Clayey,81.17,Flood,Kharif,Wheat,13.37,54.93,25.15,30.58,1,4.125
Millet,Millet (Foxtail),Hybrid,31.42,23.95,40.31,439.27,54.86,7.65,67,7.3,39.84,15.32,15.65,1.81,Sandy,35.85,Rainfed,Rabi,Pulses,3.95,33.46,21.87,17.09,0,0.865
Soybean,Soybean (Food Grade),HYV,24.4,18.48,34.68,670.27,64.56,6.6,102,7.25,28.14,54.32,39.12,3.28,Loamy,65.78,Rainfed,Kharif,Wheat,11.68,27.69,45.87,39.38,1,2.433
Wheat,Wheat (Durum),Traditional,18.98,12.06,26.64,479.74,56.56,8.21,140,7.09,95.01,51.83,34.48,2.15,Black,67.74,Rainfed,Rabi,Rice,3.89,67.26,44.3,27.3,1,4.261
Millet,Millet (Sorghum/Jowar),Hybrid,30.46,25.04,38.71,465.48,56.5,7.69,118,7.33,65.95,34.89,34.04,3.33,Black,62.32,Sprinkler,Kharif,Wheat,3.67,60.64,36.25,24.56,0,5.136
Wheat,Wheat (Durum),Traditional,21.25,14.71,31.7,547.04,60.59,9.82,140,7.08,80.34,52.83,37.67,2.34,Red,46.9,Drip,Rabi,Sugarcane,15.47,72.71,38.18,24.59,1,3.225
Soybean,Soybean (Food Grade),Traditional,24.33,17.61,32.02,895.62,76.3,6.4,96,7.22,21.01,57.32,39.43,3.37,Red,69.22,Sprinkler,Kharif,Fallow,1.69,20.15,32.17,29.18,1,1.835
Soybean,Soybean (Oil Grade),Hybrid,25.28,18.78,35.78,766.81,75.93,6.96,107,6.57,29.11,56.34,40.46,2.41,Black,56.06,Sprinkler,Zaid,Sugarcane,6.99,32.3,66.03,43.74,1,4.627
Maize,Maize (Feed Corn),Traditional,27.19,21.08,34.9,559.57,71.4,7.49,92,7.34,121.57,75.13,54.16,3.49,Red,76.29,Sprinkler,Kharif,Millet,18.06,118.3,48.5,48.5,1,5.248
Wheat,Wheat (Common),Traditional,17.64,11.82,25.81,503.73,55.23,8.64,124,6.54,92.14,47.74,30.28,2.15,Alluvial,69.56,Sprinkler,Rabi,Wheat,10.42,74.22,38.31,27.84,1,3.908
Maize,Maize (Popcorn),Traditional,25.54,18.42,36.64,698.35,64.41,6.68,87,6.47,94.89,50.46,41.64,2.95,Red,65.19,Drip,Kharif,Pulses,12.52,90.94,58.86,46.71,1,3.812
Millet,Millet (Sorghum/Jowar),Traditional,29.32,21.75,37.26,649.64,69.92,8.34,90,6.3,69.22,37.47,30.06,2.56,Black,49.5,Drip,Kharif,Soybean,3.36,50.05,27.19,24.66,1,3.059
Millet,Millet (Sorghum/Jowar),HYV,30.66,23.55,41.12,618.16,67.85,7.48,114,7.41,77.37,38.36,25.6,2.09,Clayey,53.94,Rainfed,Kharif,Rice,17.4,65.49,35.18,25.67,1,3.623
Maize,Maize (Popcorn),HYV,23.79,15.9,31.95,700.51,66.11,6.12,105,6.59,99.28,50.9,42.66,4.44,Loamy,52.12,Drip,Kharif,Fallow,19.14,60.46,38.45,32.44,1,7.674
Rice,Rice (Sona Masuri),HYV,26.93,21.04,34.61,1194.19,81.98,8.85,131,5.83,72.46,40.18,40.48,2.84,Alluvial,75.76,Drip,Kharif,Pulses,0.74,72.65,36.57,42.01,0,6.833
Maize,Maize (Sweet Corn),HYV,22.33,14.97,30.05,602.27,70.94,6.63,85,6.05,109.12,51.62,57.73,4.19,Loamy,62.84,Drip,Kharif,Fallow,7.95,76.65,36.95,35.44,1,9.75
Rice,Rice (Sona Masuri),HYV,26.65,20.62,38.12,1053.07,75.24,7.48,136,5.93,88.79,44.14,35.43,3.93,Loamy,64.24,Sprinkler,Kharif,Wheat,3.83,80.35,41.9,41.5,1,4.983
Rice,Rice (Basmati),Traditional,25.59,20.08,34.98,1368.94,72.09,7.32,137,6.32,62.31,38.36,35.02,2.04,Desert,80.07,Flood,Kharif,Millet,15.21,59.21,25.55,27.58,1,3.369
Millet,Millet (Foxtail),HYV,27.75,19.83,37.28,343.55,62.62,7.31,71,6.65,33.93,17.05,18.68,2.05,Red,57.46,Rainfed,Rabi,Pulses,6.28,29.38,18.56,16.35,1,1.233
Rice,Rice (Sona Masuri),Hybrid,30.58,24.3,40.84,1013.33,76.21,8.45,130,5.8,80.63,42.49,37.41,4.31,Loamy,81.66,Flood,Kharif,Cotton,18.71,78.22,42.34,45.33,1,4.769
Maize,Maize (Popcorn),HYV,26.58,21.19,33.83,748.8,70.0,6.58,95,6.37,98.67,59.5,46.08,3.4,Loamy,51.21,Sprinkler,Rabi,Pulses,13.77,89.31,54.03,43.48,1,6.576
Rice,Rice (Basmati),Traditional,26.6,19.43,37.33,1100.18,83.02,8.14,147,7.3,69.46,39.68,31.86,4.61,Clayey,79.41,Flood,Kharif,Soybean,18.28,55.39,24.01,28.79,0,3.145
Wheat,Wheat (Durum),Traditional,18.74,11.87,28.53,535.4,67.11,8.86,137,6.56,83.0,51.83,35.87,3.68,Black,66.4,Flood,Rabi,Soybean,10.88,79.32,38.22,31.02,0,3.368
Rice,Rice (Sona Masuri),Hybrid,27.82,19.88,37.7,1389.36,70.41,8.18,137,6.44,84.56,43.85,41.33,2.05,Red,62.99,Flood,Kharif,Cotton,15.23,89.87,39.93,44.79,1,5.947
Wheat,Wheat (Durum),Traditional,19.21,13.11,29.88,510.41,63.69,8.3,120,6.33,98.13,55.62,30.37,3.86,Black,47.81,Flood,Rabi,Soybean,14.11,64.67,36.2,30.1,1,4.583
Wheat,Wheat (Sharbati),Hybrid,20.59,14.34,27.63,472.83,56.2,8.1,117,6.61,88.57,47.18,32.38,3.4,Loamy,64.97,Drip,Kharif,Wheat,15.85,94.21,44.33,38.48,1,3.987
Millet,Millet (Sorghum/Jowar),Hybrid,32.34,25.83,40.54,536.21,50.83,8.66,112,7.64,60.98,36.7,32.53,3.24,Black,52.08,Drip,Kharif,Cotton,10.51,72.33,40.42,37.82,1,4.266
Rice,Rice (Sona Masuri),HYV,27.41,19.45,39.17,1294.12,84.57,6.32,125,5.61,89.44,35.6,43.57,3.92,Loamy,69.4,Sprinkler,Kharif,Soybean,18.06,71.14,43.65,44.06,0,5.23
Millet,Millet (Sorghum/Jowar),Traditional,30.68,25.31,42.5,631.11,67.29,9.01,99,7.61,74.94,37.67,30.73,2.34,Laterite,44.26,Sprinkler,Rabi,Rice,15.03,49.66,24.87,26.81,1,2.01
Millet,Millet (Pearl/Bajra),Hybrid,30.01,24.57,37.52,332.78,57.4,8.33,66,6.66,59.28,21.95,24.07,1.3,Loamy,35.66,Sprinkler,Kharif,Maize,4.82,57.16,23.18,26.07,1,3.578
Rice,Rice (Sona Masuri),Traditional,28.31,22.31,39.24,1037.59,84.62,6.35,129,6.05,87.31,35.74,38.75,2.84,Laterite,84.83,Sprinkler,Kharif,Fallow,3.77,58.01,29.72,30.15,0,3.999
Millet,Millet (Sorghum/Jowar),Hybrid,30.61,25.16,41.45,507.39,67.68,8.16,116,7.42,63.81,34.7,26.16,3.43,Alluvial,41.1,Rainfed,Zaid,Pulses,5.97,84.14,38.78,36.84,0,2.241
Rice,Rice (Basmati),Traditional,26.64,21.01,36.13,1238.01,83.52,6.1,148,6.02,73.14,33.65,36.11,4.09,Clayey,68.56,Flood,Kharif,Maize,1.16,50.87,25.81,24.2,1,5.02
Maize,Maize (Sweet Corn),HYV,24.6,19.47,33.31,735.59,68.33,7.38,92,6.42,104.25,54.15,52.94,2.28,Loamy,57.65,Drip,Rabi,Fallow,6.59,132.86,71.04,54.84,1,5.842
Wheat,Wheat (Durum),Hybrid,22.98,15.78,32.3,575.96,66.92,9.53,138,7.42,90.4,47.82,37.85,3.3,Black,61.27,Sprinkler,Rabi,Fallow,13.22,91.8,43.05,32.41,1,5.29
Rice,Rice (Basmati),Traditional,28.19,22.33,36.66,1199.8,82.79,7.5,150,6.87,70.98,32.19,34.29,3.96,Loamy,78.18,Rainfed,Kharif,Rice,1.24,53.04,24.92,24.86,1,4.129
Millet,Millet (Finger/Ragi),Traditional,26.27,20.59,36.85,686.83,57.06,7.96,106,5.69,34.5,23.8,15.31,2.99,Red,63.85,Sprinkler,Kharif,Sugarcane,18.23,34.02,17.56,14.05,1,1.579
Maize,Maize (Sweet Corn),Traditional,25.52,17.94,36.69,508.59,64.18,8.14,82,6.35,108.32,69.8,51.88,2.21,Laterite,61.5,Drip,Rabi,Rice,0.57,82.1,42.67,47.41,1,4.079
Millet,Millet (Foxtail),Hybrid,27.49,21.57,37.59,301.9,64.82,8.52,82,5.95,31.8,19.89,18.52,2.46,Red,48.37,Flood,Kharif,Sugarcane,4.07,38.25,20.79,18.54,1,1.801
Maize,Maize (Popcorn),Hybrid,25.48,19.31,32.6,721.14,55.78,6.35,102,6.48,91.58,51.96,43.22,3.88,Alluvial,57.16,Sprinkler,Kharif,Sugarcane,16.43,90.38,58.25,47.07,1,6.345
Wheat,Wheat (Common),HYV,19.95,12.22,28.5,440.14,55.32,7.73,111,7.22,87.36,41.76,33.43,2.87,Loamy,59.93,Sprinkler,Rabi,Wheat,2.1,86.49,41.11,34.38,1,5.594
Millet,Millet (Pearl/Bajra),Traditional,31.78,23.94,43.6,434.13,48.65,8.57,67,6.48,59.92,21.23,23.21,2.81,Sandy,41.89,Sprinkler,Kharif,Rice,4.64,46.15,21.29,23.09,1,1.99
Millet,Millet (Finger/Ragi),HYV,31.22,24.45,39.69,681.07,63.14,7.4,111,6.33,31.18,23.06,22.61,2.14,Desert,49.9,Sprinkler,Kharif,Maize,8.41,48.58,22.9,16.27,1,3.827
Millet,Millet (Finger/Ragi),Traditional,27.95,22.86,37.76,473.32,58.68,7.12,122,6.17,47.98,20.17,20.48,3.11,Red,50.17,Rainfed,Kharif,Wheat,18.07,26.35,17.64,13.45,0,1.628
Millet,Millet (Sorghum/Jowar),HYV,30.51,24.36,42.5,543.31,63.59,8.91,104,6.9,61.12,38.61,32.83,1.63,Sandy,49.99,Sprinkler,Rabi,Millet,4.95,76.15,38.58,25.54,1,3.562
Millet,Millet (Sorghum/Jowar),Traditional,27.63,20.88,35.55,651.92,66.47,8.02,126,7.16,78.36,30.68,31.56,3.45,Red,59.35,Sprinkler,Kharif,Sugarcane,5.12,49.88,24.95,21.75,1,3.334
Maize,Maize (Feed Corn),Traditional,24.04,18.16,32.44,775.06,71.87,8.05,98,6.74,144.64,75.71,52.14,3.03,Loamy,66.46,Sprinkler,Zaid,Cotton,11.44,107.94,51.41,55.33,0,5.842
Wheat,Wheat (Sharbati),HYV,19.34,11.72,28.01,488.98,51.84,8.35,122,6.69,84.61,43.32,34.71,3.79,Alluvial,57.01,Drip,Rabi,Sugarcane,4.22,93.17,44.78,32.26,1,6.5
Soybean,Soybean (Oil Grade),Traditional,25.09,18.21,32.3,910.63,74.42,6.33,101,7.17,21.58,53.67,40.95,2.49,Sandy,79.92,Flood,Kharif,Pulses,2.44,21.8,55.45,31.41,1,3.095
Millet,Millet (Sorghum/Jowar),Traditional,30.17,24.9,41.01,401.34,66.49,7.43,107,6.71,61.46,36.38,27.63,1.99,Black,58.77,Sprinkler,Rabi,Wheat,17.48,60.06,26.44,26.99,1,2.48
Millet,Millet (Pearl/Bajra),Hybrid,31.54,25.34,41.49,440.86,57.74,10.92,76,6.94,49.6,23.82,22.47,2.37,Black,42.58,Sprinkler,Kharif,Pulses,12.94,46.48,26.77,32.13,1,2.136
Soybean,Soybean (Oil Grade),HYV,28.07,20.73,37.12,740.34,68.44,7.78,114,6.1,22.1,61.48,36.22,2.55,Black,78.02,Sprinkler,Kharif,Soybean,12.29,21.7,57.53,39.38,1,4.522
Soybean,Soybean (Oil Grade),Traditional,25.17,17.84,37.14,870.82,65.35,8.3,118,7.29,21.64,66.79,44.43,3.18,Loamy,66.56,Rainfed,Zaid,Fallow,7.93,17.19,44.57,32.05,1,2.65
Wheat,Wheat (Sharbati),Hybrid,19.68,14.07,27.02,451.48,54.76,8.25,135,6.64,94.73,41.33,32.87,2.17,Loamy,55.4,Sprinkler,Rabi,Rice,5.7,107.14,52.56,33.64,1,3.484
Wheat,Wheat (Sharbati),Traditional,18.98,13.51,27.91,562.03,56.79,7.35,122,7.36,88.3,42.4,32.42,2.48,Loamy,40.06,Drip,Rabi,Soybean,6.55,64.89,33.96,29.46,1,3.719
Soybean,Soybean (Food Grade),HYV,27.17,19.7,34.44,806.51,63.73,6.86,90,6.69,20.79,47.44,37.16,2.86,Black,58.37,Rainfed,Kharif,Millet,14.17,20.22,58.52,31.35,1,2.092
Rice,Rice (Basmati),Hybrid,25.17,18.68,32.95,1091.46,75.48,7.3,133,7.46,64.43,38.06,30.58,4.76,Clayey,81.86,Sprinkler,Kharif,Wheat,13.14,67.67,30.95,28.85,1,6.5
Rice,Rice (Non-Basmati),HYV,29.9,24.27,40.38,1254.89,87.46,7.01,134,6.07,116.69,55.62,44.87,4.85,Loamy,73.93,Flood,Rabi,Sugarcane,4.2,70.95,35.99,46.16,0,7.662
Wheat,Wheat (Common),Traditional,21.44,15.38,29.67,525.69,50.87,8.49,130,6.61,99.45,47.19,39.34,3.77,Loamy,43.95,Sprinkler,Rabi,Pulses,11.19,71.46,38.02,28.57,0,6.323
Rice,Rice (Basmati),HYV,27.18,21.18,35.89,1369.51,73.35,7.93,141,6.0,66.0,36.46,39.74,4.54,Alluvial,60.59,Sprinkler,Kharif,Cotton,3.47,66.94,30.63,29.52,0,5.348
Maize,Maize (Feed Corn),Hybrid,23.99,18.55,35.56,604.16,61.88,7.2,104,7.3,143.64,70.63,53.48,3.78,Loamy,63.86,Sprinkler,Kharif,Maize,14.86,151.49,83.56,71.8,1,9.812
Rice,Rice (Non-Basmati),HYV,29.74,24.04,41.34,1387.46,88.4,6.14,128,5.55,90.89,57.24,40.73,3.31,Black,67.94,Flood,Kharif,Rice,19.08,102.34,42.26,47.23,1,5.787
Millet,Millet (Foxtail),Traditional,30.77,23.27,42.49,409.71,63.83,7.36,73,6.05,38.35,15.7,16.56,2.84,Sandy,49.01,Rainfed,Kharif,Wheat,14.1,24.71,14.68,12.02,1,0.988
Soybean,Soybean (Food Grade),Hybrid,27.61,19.63,39.21,784.48,67.98,7.16,97,7.0,28.06,59.73,36.11,3.04,Black,53.79,Rainfed,Rabi,Cotton,14.74,28.59,60.48,35.31,1,2.333
Wheat,Wheat (Durum),Traditional,19.28,12.2,28.3,456.29,58.26,8.65,126,6.03,82.57,52.45,33.21,3.12,Black,57.7,Drip,Rabi,Pulses,8.66,77.29,39.86,24.04,0,3.637
Millet,Millet (Pearl/Bajra),Hybrid,28.51,20.94,38.22,473.28,59.98,10.87,74,6.73,46.64,21.16,21.01,1.56,Sandy,39.21,Drip,Kharif,Wheat,5.29,58.18,23.33,26.64,1,3.527
Millet,Millet (Pearl/Bajra),Hybrid,31.18,25.8,43.0,426.75,52.0,9.45,78,6.81,54.99,29.42,21.4,1.8,Sandy,54.26,Rainfed,Kharif,Soybean,13.69,56.18,30.84,24.73,0,0.998
Millet,Millet (Pearl/Bajra),HYV,28.37,20.59,36.42,528.11,50.96,9.05,69,6.1,49.53,21.64,29.49,1.27,Sandy,35.89,Sprinkler,Kharif,Fallow,17.73,53.31,26.39,29.09,1,2.484
Wheat,Wheat (Common),Traditional,20.56,13.92,30.18,597.96,62.36,9.69,114,6.15,80.17,44.35,37.69,3.56,Alluvial,63.62,Flood,Rabi,Cotton,5.61,75.18,35.09,27.65,1,5.178
Millet,Millet (Foxtail),HYV,26.97,21.3,36.39,325.63,50.81,9.01,81,7.09,39.63,21.49,15.7,2.6,Red,58.8,Rainfed,Kharif,Wheat,2.45,34.25,24.4,19.29,1,1.449
Rice,Rice (Sona Masuri),Hybrid,30.15,22.23,39.43,1038.87,81.48,7.14,122,6.22,88.51,36.71,43.49,3.05,Loamy,63.42,Sprinkler,Kharif,Soybean,10.7,75.64,40.6,36.76,0,6.604
Millet,Millet (Finger/Ragi),Hybrid,27.89,19.91,37.64,422.71,61.49,8.7,115,6.98,47.3,28.66,15.93,2.06,Red,52.02,Drip,Kharif,Maize,9.79,39.58,25.3,25.78,1,2.891
Maize,Maize (Popcorn),HYV,26.2,18.21,37.53,599.38,60.28,8.88,101,6.53,90.29,50.33,42.02,3.82,Loamy,53.42,Drip,Rabi,Pulses,19.63,96.73,44.61,47.11,1,6.449
Millet,Millet (Sorghum/Jowar),Hybrid,31.97,26.72,40.57,527.53,59.17,7.07,91,6.54,78.04,30.07,34.18,2.75,Loamy,44.04,Rainfed,Kharif,Rice,10.96,79.27,39.86,31.38,1,1.944
Wheat,Wheat (Durum),Hybrid,22.87,16.57,31.85,460.06,67.89,7.42,129,6.69,80.74,40.82,36.58,3.88,Loamy,64.43,Sprinkler,Rabi,Maize,16.03,89.59,46.33,35.7,1,7.15
Rice,Rice (Basmati),Traditional,29.54,24.48,38.28,1359.5,81.5,7.25,135,7.07,68.33,37.57,32.27,2.66,Alluvial,64.04,Flood,Kharif,Rice,6.4,57.71,27.91,27.26,1,3.299
Millet,Millet (Sorghum/Jowar),HYV,28.55,21.79,36.74,472.04,56.9,8.98,106,6.54,61.11,38.89,32.91,2.05,Black,47.75,Sprinkler,Kharif,Cotton,8.32,45.85,22.24,23.96,1,3.109
Maize,Maize (Feed Corn),HYV,27.15,21.95,38.6,675.61,63.62,8.34,99,6.17,144.4,63.15,66.44,2.29,Alluvial,62.37,Flood,Kharif,Wheat,19.45,126.09,55.59,48.61,0,8.111
Rice,Rice (Non-Basmati),Traditional,31.47,25.36,38.7,1250.11,80.62,7.22,118,6.99,88.68,41.22,43.12,3.33,Loamy,77.66,Sprinkler,Kharif,Maize,9.28,89.43,32.64,37.32,1,5.382
Millet,Millet (Foxtail),Hybrid,26.52,18.71,34.78,456.47,51.12,8.33,70,6.98,36.37,15.68,18.73,2.81,Sandy,55.12,Flood,Kharif,Sugarcane,7.5,41.99,20.54,22.72,1,2.747
Soybean,Soybean (Oil Grade),Hybrid,29.16,24.07,40.91,888.66,67.92,7.78,116,7.31,24.3,55.38,35.72,2.76,Alluvial,65.83,Sprinkler,Kharif,Rice,13.33,29.46,56.49,42.81,1,2.964
Rice,Rice (Sona Masuri),Traditional,27.12,20.82,39.02,1085.95,82.72,8.48,140,5.74,82.56,40.92,35.27,2.23,Red,63.92,Sprinkler,Kharif,Fallow,12.44,48.82,26.95,29.39,0,3.181
Maize,Maize (Sweet Corn),Traditional,26.62,19.18,35.92,518.85,69.59,6.63,90,6.4,105.66,63.67,46.73,3.09,Black,56.94,Drip,Rabi,Fallow,4.25,88.86,45.7,45.93,1,7.462
Rice,Rice (Basmati),Traditional,26.88,19.63,35.85,1414.58,78.54,6.19,138,6.62,65.47,30.56,38.65,4.44,Desert,84.99,Flood,Rabi,Maize,5.32,63.26,28.85,25.83,1,3.408
Rice,Rice (Basmati),Hybrid,28.59,20.61,39.08,1146.9,80.08,8.11,131,6.47,75.66,34.43,34.85,4.33,Clayey,69.56,Sprinkler,Kharif,Rice,17.83,72.96,36.76,35.14,1,4.392
Millet,Millet (Finger/Ragi),Hybrid,25.3,19.62,34.45,462.36,55.43,8.54,126,6.38,48.94,21.21,16.12,2.05,Loamy,53.66,Rainfed,Kharif,Sugarcane,5.99,42.78,31.6,19.96,1,2.78
Rice,Rice (Non-Basmati),HYV,31.33,24.79,42.03,1249.22,78.96,6.97,127,5.93,117.38,55.93,41.11,5.0,Loamy,82.37,Sprinkler,Kharif,Rice,14.87,83.41,46.28,53.16,0,7.732
Rice,Rice (Basmati),Traditional,25.36,18.31,34.88,1382.57,77.28,6.45,130,6.8,77.2,32.13,36.08,2.25,Black,76.08,Flood,Kharif,Cotton,16.45,55.28,30.03,25.06,0,2.809
Millet,Millet (Sorghum/Jowar),Traditional,29.28,23.56,38.94,573.7,62.9,8.35,129,6.81,64.05,38.24,32.36,3.15,Black,59.34,Rainfed,Kharif,Pulses,5.92,44.88,25.51,17.69,1,1.247
Millet,Millet (Finger/Ragi),Traditional,31.59,26.56,42.86,454.48,53.11,9.73,121,6.37,47.07,26.66,18.54,2.71,Loamy,57.41,Rainfed,Kharif,Cotton,11.85,38.79,22.87,16.07,1,2.105
Maize,Maize (Popcorn),Traditional,22.73,17.08,30.65,676.79,67.71,6.71,93,6.71,97.65,52.72,45.41,3.94,Alluvial,67.1,Rainfed,Rabi,Sugarcane,12.69,70.28,47.8,32.05,0,4.977
Maize,Maize (Sweet Corn),HYV,24.04,17.05,31.62,666.7,67.77,6.1,97,6.42,112.98,50.09,59.76,3.88,Black,74.71,Drip,Rabi,Millet,9.26,108.65,64.51,54.01,1,9.746
Millet,Millet (Finger/Ragi),HYV,26.56,21.01,36.89,597.16,59.84,7.44,107,6.3,40.07,21.33,20.15,2.93,Loamy,52.34,Sprinkler,Kharif,Maize,2.02,42.38,25.57,16.88,0,4.291
Rice,Rice (Non-Basmati),HYV,30.42,25.31,38.72,1447.73,75.11,8.19,127,7.02,101.03,52.49,55.15,4.52,Alluvial,84.05,Drip,Kharif,Rice,7.83,97.42,51.19,52.57,0,6.292
Wheat,Wheat (Common),Hybrid,20.67,13.95,28.02,436.33,53.03,8.77,114,6.17,97.06,41.73,37.21,1.61,Loamy,49.95,Rainfed,Rabi,Sugarcane,15.7,94.43,51.8,40.41,0,3.609
Soybean,Soybean (Food Grade),HYV,29.71,22.87,38.91,893.24,72.02,8.96,103,6.22,21.36,57.72,34.64,3.36,Alluvial,74.37,Drip,Kharif,Rice,13.68,24.29,48.32,30.2,0,3.149
Millet,Millet (Foxtail),Hybrid,31.8,26.56,39.71,374.98,49.57,7.7,60,6.88,37.12,15.88,15.57,2.02,Laterite,53.22,Rainfed,Kharif,Maize,15.45,39.09,27.42,20.59,1,1.275
Millet,Millet (Finger/Ragi),Traditional,27.04,19.62,38.26,526.03,59.09,7.54,110,6.51,42.26,23.6,16.02,3.26,Loamy,63.07,Rainfed,Kharif,Rice,10.26,29.39,23.88,16.97,0,1.394
Millet,Millet (Pearl/Bajra),HYV,28.94,22.63,37.43,418.03,48.76,9.73,66,6.94,45.44,23.8,29.17,2.72,Loamy,33.68,Sprinkler,Kharif,Cotton,17.91,56.37,28.36,25.94,1,3.158
Maize,Maize (Popcorn),Hybrid,26.72,20.86,36.52,748.87,63.81,7.77,100,5.9,91.33,46.97,48.34,2.88,Alluvial,59.36,Drip,Kharif,Cotton,9.74,108.33,48.98,44.58,1,5.101
Millet,Millet (Foxtail),Traditional,29.59,22.94,37.7,536.7,45.97,9.85,82,6.66,35.52,21.65,15.41,2.51,Loamy,42.64,Sprinkler,Kharif,Maize,7.78,26.58,18.31,14.28,0,2.207
Rice,Rice (Non-Basmati),HYV,31.74,25.81,40.39,1194.79,86.14,6.83,131,7.0,108.59,45.61,46.46,2.86,Sandy,68.22,Flood,Kharif,Millet,2.93,102.1,57.5,59.79,0,5.943
Wheat,Wheat (Sharbati),Hybrid,18.8,13.28,27.54,533.91,52.64,9.12,120,6.55,89.32,40.96,36.84,2.21,Loamy,42.25,Drip,Rabi,Wheat,16.21,88.89,46.14,38.36,1,5.725
Rice,Rice (Sona Masuri),Hybrid,29.31,23.19,36.64,1295.22,84.67,6.2,134,5.66,76.19,40.52,44.88,3.98,Alluvial,69.51,Sprinkler,Kharif,Pulses,13.55,81.41,46.07,47.85,1,7.624
Wheat,Wheat (Common),Traditional,19.92,13.06,28.88,587.32,62.8,9.51,121,7.1,84.61,45.97,34.02,1.87,Alluvial,52.4,Drip,Rabi,Cotton,18.88,46.04,22.87,19.61,1,6.139
Maize,Maize (Sweet Corn),Hybrid,24.62,19.43,35.65,539.26,73.4,7.73,95,6.79,102.33,51.34,48.12,2.91,Alluvial,56.52,Drip,Kharif,Cotton,16.11,116.43,69.17,63.44,1,6.791
Maize,Maize (Feed Corn),HYV,27.38,19.41,37.45,775.66,78.28,7.84,93,5.81,121.87,73.63,62.18,2.18,Alluvial,79.37,Flood,Zaid,Soybean,4.66,135.84,62.1,68.57,1,5.209
Millet,Millet (Foxtail),Traditional,31.95,26.24,43.4,367.34,57.86,10.0,64,6.9,34.66,18.1,18.73,2.44,Red,36.06,Rainfed,Kharif,Cotton,13.79,24.8,13.41,10.61,1,1.334
Maize,Maize (Popcorn),HYV,26.17,19.28,34.7,649.86,62.74,8.8,94,6.62,81.01,58.88,44.87,4.42,Loamy,50.52,Sprinkler,Kharif,Millet,1.51,65.84,38.77,28.86,1,4.88
Wheat,Wheat (Durum),HYV,21.34,14.69,32.97,457.54,59.4,7.58,124,7.28,98.23,47.96,38.12,2.2,Loamy,45.16,Rainfed,Rabi,Sugarcane,2.01,89.8,45.29,35.12,0,5.15
Millet,Millet (Sorghum/Jowar),Hybrid,29.87,23.74,41.42,597.63,56.24,9.31,129,7.43,61.82,32.52,31.47,3.43,Alluvial,58.87,Drip,Rabi,Rice,1.05,79.55,49.88,43.12,1,3.362
Soybean,Soybean (Food Grade),Traditional,28.52,20.67,36.52,872.79,76.97,7.51,107,7.05,28.97,51.11,32.18,2.85,Desert,58.3,Flood,Kharif,Wheat,13.44,19.81,38.61,27.4,1,2.507
Millet,Millet (Finger/Ragi),HYV,29.47,21.94,38.28,518.2,55.88,8.69,127,5.06,32.73,24.33,17.78,2.16,Red,44.28,Rainfed,Zaid,Cotton,6.26,31.67,25.83,16.82,0,0.99
Millet,Millet (Pearl/Bajra),Hybrid,30.94,22.98,41.11,358.73,54.0,9.06,87,6.88,54.27,21.07,28.01,1.85,Loamy,54.38,Sprinkler,Kharif,Maize,9.87,53.99,30.74,27.23,1,1.738
Millet,Millet (Foxtail),Hybrid,29.1,22.04,40.15,504.19,53.77,8.14,85,7.04,36.26,16.7,17.48,2.14,Loamy,56.63,Rainfed,Rabi,Soybean,0.81,36.15,24.94,18.41,1,1.313
Maize,Maize (Feed Corn),Hybrid,24.2,18.28,32.34,627.35,70.33,7.01,90,6.29,144.6,66.58,50.91,2.02,Laterite,76.49,Flood,Rabi,Pulses,2.55,132.5,75.49,58.55,1,5.896
Wheat,Wheat (Durum),Traditional,18.46,10.83,28.86,635.41,67.91,8.14,127,6.54,80.28,51.58,31.45,2.03,Alluvial,48.02,Flood,Rabi,Cotton,10.9,66.23,29.63,23.3,1,4.427
Rice,Rice (Non-Basmati),Hybrid,26.88,20.16,38.77,1218.47,77.11,6.77,136,7.23,117.04,40.48,41.03,4.88,Clayey,71.93,Sprinkler,Kharif,Maize,12.76,106.07,62.44,65.58,0,9.1
Rice,Rice (Basmati),HYV,28.92,22.86,37.41,1279.91,70.13,6.25,133,7.1,78.66,36.57,34.39,2.13,Clayey,83.0,Sprinkler,Kharif,Pulses,4.68,72.44,35.06,38.17,1,3.887
Soybean,Soybean (Food Grade),Traditional,27.19,22.05,38.91,825.2,69.05,6.02,93,7.23,22.9,43.74,34.19,3.02,Red,53.49,Sprinkler,Rabi,Pulses,16.04,20.51,35.91,25.22,1,2.061
Soybean,Soybean (Oil Grade),Traditional,25.12,18.9,35.63,693.36,72.12,8.2,101,7.17,25.13,56.59,41.91,4.12,Black,65.89,Rainfed,Kharif,Millet,13.44,17.72,54.01,32.97,0,3.148
Millet,Millet (Finger/Ragi),Hybrid,27.4,21.58,37.13,601.35,58.31,7.92,112,5.58,47.53,27.05,24.9,1.92,Red,47.23,Sprinkler,Kharif,Maize,14.04,46.84,28.57,16.58,0,2.98
Millet,Millet (Pearl/Bajra),HYV,29.17,23.58,36.71,424.54,46.43,10.7,65,6.65,57.52,29.99,27.23,2.8,Red,30.4,Rainfed,Kharif,Maize,5.57,45.61,23.27,22.01,1,2.806
Rice,Rice (Basmati),Hybrid,28.45,22.42,36.52,1406.86,73.26,7.63,134,6.43,79.05,30.5,31.5,3.61,Alluvial,74.39,Flood,Kharif,Sugarcane,5.53,77.15,45.53,42.27,1,6.5
Maize,Maize (Sweet Corn),Hybrid,25.28,17.73,35.39,676.08,70.73,6.92,81,6.28,110.91,68.71,41.68,3.4,Clayey,52.75,Sprinkler,Rabi,Fallow,15.48,145.87,71.38,69.78,0,7.358
Wheat,Wheat (Sharbati),HYV,17.35,11.1,27.07,510.98,61.89,7.13,117,6.47,82.49,48.97,32.78,3.41,Black,56.45,Flood,Rabi,Cotton,11.73,81.94,43.19,34.2,0,4.491
Rice,Rice (Basmati),Hybrid,27.36,21.91,35.68,1473.92,75.51,8.72,145,6.42,77.4,36.05,36.14,3.6,Clayey,62.3,Sprinkler,Kharif,Rice,19.64,63.32,35.41,33.85,0,6.5
Millet,Millet (Finger/Ragi),HYV,31.94,25.68,41.67,609.07,66.22,8.65,129,5.26,41.47,28.34,21.15,1.59,Black,50.93,Sprinkler,Kharif,Millet,7.81,35.39,21.02,17.44,1,2.699
Maize,Maize (Popcorn),Hybrid,24.17,18.61,34.73,521.97,59.06,6.3,97,6.59,95.77,40.34,42.35,3.43,Loamy,60.22,Drip,Kharif,Fallow,17.56,91.61,48.65,53.55,1,7.8
Maize,Maize (Feed Corn),Hybrid,23.64,18.43,32.19,751.72,70.32,6.75,92,5.99,136.71,64.11,58.26,2.52,Red,71.67,Sprinkler,Kharif,Rice,5.87,149.3,80.97,70.85,1,10.749
Wheat,Wheat (Sharbati),HYV,21.32,15.36,30.23,553.22,53.01,8.98,117,6.58,86.28,46.96,34.68,2.49,Black,50.23,Flood,Rabi,Fallow,1.45,94.88,44.65,30.15,1,3.744
Rice,Rice (Sona Masuri),Traditional,29.38,22.97,40.96,1156.72,73.53,7.98,122,6.0,76.87,38.98,37.91,3.78,Red,76.28,Flood,Kharif,Millet,5.73,68.38,31.17,35.56,1,6.972
Millet,Millet (Sorghum/Jowar),Traditional,30.43,23.21,40.66,649.4,63.77,7.06,112,6.87,72.11,38.22,26.52,2.26,Loamy,47.67,Drip,Kharif,Fallow,7.21,61.65,24.44,22.37,0,2.647
Rice,Rice (Non-Basmati),Traditional,31.47,24.46,41.2,1287.17,72.7,8.12,115,6.58,87.13,58.16,52.95,3.43,Black,85.37,Sprinkler,Kharif,Cotton,17.41,61.4,29.96,25.56,1,4.373
Millet,Millet (Foxtail),Traditional,27.67,20.49,38.67,344.53,64.2,8.64,81,6.72,38.71,22.93,15.29,1.74,Red,59.26,Sprinkler,Rabi,Rice,11.88,25.88,18.26,12.33,1,1.509
Soybean,Soybean (Food Grade),Traditional,29.56,22.71,39.95,885.94,70.29,8.63,98,6.68,20.21,56.88,39.43,2.94,Alluvial,51.76,Rainfed,Kharif,Fallow,11.03,18.61,35.79,27.56,1,2.044
Soybean,Soybean (Oil Grade),Hybrid,28.35,23.01,37.22,769.24,75.75,8.67,100,6.43,22.17,57.29,39.24,2.54,Black,78.15,Drip,Kharif,Rice,18.13,22.54,74.0,41.12,1,4.102
Wheat,Wheat (Durum),Traditional,18.67,13.18,28.7,508.44,57.99,8.24,139,6.73,91.69,54.92,33.19,2.07,Black,69.12,Sprinkler,Rabi,Pulses,6.8,76.72,47.2,26.65,1,4.041
Millet,Millet (Foxtail),Traditional,31.2,26.05,40.62,425.55,61.59,8.49,62,7.34,30.54,16.06,16.13,2.86,Red,42.59,Rainfed,Kharif,Cotton,8.43,24.97,15.72,14.03,0,1.678
Millet,Millet (Pearl/Bajra),Hybrid,34.55,27.82,41.97,378.64,56.76,8.28,83,6.88,50.19,26.91,27.67,2.66,Loamy,44.91,Sprinkler,Kharif,Cotton,12.42,54.71,31.3,29.53,1,1.993
Rice,Rice (Basmati),HYV,27.21,21.82,35.66,1434.48,83.57,6.0,147,6.88,69.85,31.92,34.64,2.74,Loamy,82.87,Sprinkler,Kharif,Cotton,18.02,78.6,34.59,31.82,1,3.122
Wheat,Wheat (Common),Hybrid,21.06,14.89,29.25,511.35,55.78,8.19,124,7.49,92.89,42.76,30.9,2.4,Black,40.58,Rainfed,Rabi,Maize,4.83,102.56,54.51,34.64,1,5.501
Millet,Millet (Foxtail),Hybrid,30.98,25.28,40.13,323.53,53.76,9.09,70,5.7,39.25,19.97,18.06,1.04,Sandy,43.16,Sprinkler,Rabi,Rice,11.21,38.81,24.85,18.55,1,1.239
Wheat,Wheat (Common),Hybrid,20.42,15.11,31.73,501.14,60.61,8.75,117,6.72,88.55,42.88,31.28,1.98,Clayey,40.02,Flood,Rabi,Fallow,7.33,84.72,44.52,31.42,1,5.346
Maize,Maize (Sweet Corn),Hybrid,22.74,16.76,30.6,763.52,61.06,8.24,96,5.99,119.75,63.11,42.97,4.22,Red,60.98,Flood,Kharif,Rice,3.01,129.95,75.23,45.32,1,8.402
Wheat,Wheat (Sharbati),HYV,19.87,12.9,29.85,516.51,52.78,7.71,122,6.6,90.83,42.53,34.64,2.29,Laterite,40.96,Sprinkler,Rabi,Rice,9.07,90.22,47.75,30.93,1,3.767
Maize,Maize (Feed Corn),HYV,26.75,20.74,37.88,736.1,76.65,7.04,116,6.04,129.52,64.3,54.91,3.14,Loamy,68.02,Flood,Kharif,Maize,6.1,126.33,66.91,50.79,1,6.607
Wheat,Wheat (Common),Hybrid,19.56,13.86,30.51,401.64,59.26,9.58,114,6.58,95.93,40.19,33.93,2.05,Red,53.31,Sprinkler,Rabi,Wheat,3.0,83.4,40.72,32.11,1,5.149
Wheat,Wheat (Common),Hybrid,20.26,12.85,29.99,471.48,53.49,7.8,121,7.17,82.63,45.16,34.96,1.85,Desert,69.85,Sprinkler,Rabi,Rice,17.76,88.06,46.46,38.6,1,5.976
Maize,Maize (Feed Corn),Traditional,27.1,20.78,34.33,561.97,74.04,8.85,105,7.49,134.89,75.51,67.03,2.1,Alluvial,70.89,Flood,Rabi,Pulses,7.04,143.53,77.71,64.27,1,3.975
Maize,Maize (Feed Corn),HYV,28.18,20.32,35.44,848.98,60.41,6.5,99,7.26,127.03,70.95,65.7,2.06,Black,60.31,Flood,Kharif,Wheat,19.8,125.28,78.26,60.79,0,6.774
Soybean,Soybean (Food Grade),Traditional,26.77,20.62,34.47,798.9,70.69,7.86,105,7.19,21.01,40.95,35.26,2.25,Loamy,74.33,Rainfed,Kharif,Soybean,4.41,19.52,32.27,26.02,1,2.299
Rice,Rice (Basmati),HYV,25.91,19.37,37.13,1039.8,80.6,7.96,146,6.85,77.36,35.83,37.18,3.12,Clayey,62.31,Flood,Kharif,Maize,19.18,77.91,39.67,34.43,1,4.42
Rice,Rice (Non-Basmati),Hybrid,31.42,23.68,42.26,1451.55,72.3,6.25,120,6.74,108.2,41.65,47.11,3.3,Loamy,71.52,Drip,Kharif,Fallow,2.51,128.69,49.44,62.16,1,7.572
Millet,Millet (Pearl/Bajra),Hybrid,31.11,26.04,40.98,464.27,44.8,8.61,79,6.36,44.2,26.23,23.19,1.88,Alluvial,43.25,Sprinkler,Kharif,Cotton,15.21,50.26,31.39,31.87,0,3.123
Wheat,Wheat (Durum),HYV,19.94,14.11,28.31,525.08,54.88,7.01,137,6.83,92.5,57.2,34.84,3.11,Black,46.36,Sprinkler,Zaid,Wheat,12.94,81.81,44.37,31.1,1,4.287
Maize,Maize (Sweet Corn),Traditional,26.12,19.04,33.57,590.14,65.57,8.48,92,6.47,100.15,50.18,41.49,4.16,Red,54.45,Flood,Zaid,Sugarcane,5.27,102.8,47.69,44.34,1,4.944
Millet,Millet (Foxtail),Traditional,26.15,18.25,37.67,378.74,63.16,8.32,82,7.18,37.66,17.62,17.92,2.41,Sandy,43.06,Rainfed,Rabi,Rice,14.73,26.66,19.36,14.38,1,1.07
Millet,Millet (Foxtail),HYV,29.95,24.17,37.67,509.41,54.46,7.2,70,6.1,36.92,20.12,19.67,1.67,Red,52.38,Sprinkler,Kharif,Wheat,16.86,32.12,16.88,19.0,1,1.218
Rice,Rice (Sona Masuri),Traditional,27.86,20.49,37.08,1343.06,70.37,6.25,135,6.55,88.32,38.49,40.61,3.55,Red,84.49,Sprinkler,Kharif,Maize,16.43,57.12,32.74,32.82,1,4.434
Millet,Millet (Sorghum/Jowar),HYV,28.55,22.55,38.25,527.13,66.42,8.73,92,7.42,61.54,39.74,25.71,3.4,Black,64.69,Sprinkler,Rabi,Millet,18.85,67.08,32.79,25.22,1,2.963
Rice,Rice (Sona Masuri),HYV,29.04,21.43,40.12,1105.54,82.44,8.1,138,5.64,83.2,40.46,39.3,2.38,Sandy,70.28,Sprinkler,Kharif,Millet,5.2,85.52,41.49,41.12,1,4.307
Maize,Maize (Sweet Corn),Hybrid,22.95,14.98,34.18,773.79,62.1,6.91,98,6.96,105.95,62.27,40.94,2.5,Loamy,64.6,Sprinkler,Rabi,Fallow,13.36,115.03,64.23,63.0,1,6.184
Rice,Rice (Sona Masuri),HYV,28.0,20.49,37.89,1338.92,82.4,8.72,134,5.72,71.66,44.35,39.75,2.16,Red,68.04,Sprinkler,Kharif,Cotton,7.42,80.21,40.0,43.24,1,5.371
Millet,Millet (Sorghum/Jowar),Hybrid,32.37,25.75,42.65,663.95,52.69,8.65,99,7.02,69.04,34.79,27.16,2.21,Black,52.08,Rainfed,Kharif,Millet,8.45,83.91,34.3,29.1,0,3.807
Millet,Millet (Finger/Ragi),HYV,28.81,23.05,36.85,534.54,62.66,8.95,122,6.72,49.91,26.94,22.07,2.83,Desert,64.48,Sprinkler,Kharif,Wheat,11.6,36.36,23.04,15.94,1,1.99
Rice,Rice (Non-Basmati),HYV,29.31,23.97,37.75,1203.94,77.93,6.33,132,6.72,82.62,47.61,40.07,3.85,Alluvial,75.64,Flood,Kharif,Maize,19.35,90.58,44.2,55.68,1,7.537
Rice,Rice (Non-Basmati),Hybrid,30.04,22.59,41.7,1538.15,76.39,7.76,133,5.58,119.82,52.04,59.58,3.1,Laterite,76.45,Flood,Kharif,Sugarcane,1.69,92.35,45.53,47.38,1,7.133
Millet,Millet (Pearl/Bajra),HYV,29.18,21.85,37.51,465.26,57.99,8.12,81,6.69,43.42,24.14,25.05,1.93,Black,30.85,Drip,Kharif,Fallow,2.07,48.13,24.56,23.69,0,2.577
Millet,Millet (Sorghum/Jowar),HYV,27.23,19.42,35.25,603.03,60.33,8.79,122,6.13,72.95,30.13,26.5,2.11,Red,58.48,Sprinkler,Kharif,Soybean,10.68,77.45,35.97,26.81,1,3.492
Wheat,Wheat (Sharbati),HYV,18.08,10.5,28.06,446.47,58.43,9.03,119,7.09,97.91,48.25,36.08,2.06,Clayey,58.74,Drip,Rabi,Millet,16.35,84.2,42.21,27.37,1,5.019
Rice,Rice (Basmati),Traditional,26.26,19.53,35.06,1411.78,82.31,7.43,142,7.19,63.17,30.52,35.57,2.47,Alluvial,80.86,Drip,Kharif,Pulses,16.26,47.04,22.46,26.74,0,4.835
Soybean,Soybean (Oil Grade),Hybrid,27.45,20.63,35.58,672.07,65.73,6.55,98,6.18,27.19,68.35,39.75,2.75,Black,59.98,Sprinkler,Kharif,Cotton,1.56,26.4,61.75,48.62,1,4.393
Soybean,Soybean (Food Grade),Traditional,27.81,22.77,36.47,889.01,70.88,7.88,102,6.59,22.99,41.11,36.49,3.72,Alluvial,74.51,Sprinkler,Kharif,Maize,16.89,22.69,40.4,29.73,1,3.102
Wheat,Wheat (Sharbati),HYV,20.98,14.68,28.48,417.08,53.57,8.66,122,6.78,85.47,49.84,31.87,2.3,Laterite,46.72,Sprinkler,Kharif,Maize,14.7,95.86,42.74,31.92,1,3.072
Millet,Millet (Sorghum/Jowar),HYV,32.56,25.03,40.87,477.22,50.44,8.47,106,6.5,79.33,35.42,26.52,3.19,Alluvial,51.1,Flood,Zaid,Sugarcane,4.82,76.05,32.48,26.57,0,2.636
Rice,Rice (Sona Masuri),Hybrid,27.57,21.23,36.35,1172.03,71.07,6.34,139,6.56,78.22,42.36,36.31,3.63,Clayey,80.66,Flood,Kharif,Wheat,11.09,98.38,47.48,47.09,1,4.701
Millet,Millet (Finger/Ragi),Hybrid,31.04,24.35,40.49,538.02,55.93,9.69,122,6.95,43.49,23.89,21.97,3.33,Loamy,45.39,Sprinkler,Kharif,Pulses,11.28,40.14,23.61,27.08,1,3.82
Maize,Maize (Sweet Corn),HYV,27.14,21.32,34.54,620.95,73.12,7.45,84,5.84,100.78,58.28,50.46,2.12,Alluvial,52.32,Drip,Kharif,Millet,17.9,116.53,69.76,54.82,1,4.43
Wheat,Wheat (Sharbati),Hybrid,21.32,15.61,28.44,454.83,60.12,9.75,119,6.33,97.62,48.11,37.34,3.38,Loamy,60.18,Rainfed,Rabi,Cotton,6.38,105.98,52.51,36.56,1,4.923
Maize,Maize (Sweet Corn),Traditional,27.92,22.19,37.22,661.12,74.14,6.54,99,6.82,113.09,63.26,56.24,2.12,Alluvial,69.86,Sprinkler,Kharif,Soybean,10.03,108.0,67.27,52.55,0,6.202
Rice,Rice (Non-Basmati),Hybrid,29.53,21.76,40.27,1433.21,81.65,7.46,135,6.23,101.81,50.33,41.9,2.96,Alluvial,65.49,Sprinkler,Kharif,Soybean,15.97,117.36,55.31,51.99,1,6.894
Maize,Maize (Popcorn),Traditional,23.86,16.99,31.55,648.69,58.64,6.2,98,6.99,90.53,47.06,42.14,3.96,Red,68.07,Drip,Rabi,Rice,13.95,68.26,34.78,34.01,1,5.079
Maize,Maize (Feed Corn),HYV,24.28,18.93,36.26,849.12,64.26,8.69,104,6.82,131.95,75.99,61.37,3.25,Clayey,58.61,Drip,Kharif,Rice,4.0,122.4,70.53,57.62,1,11.608
Millet,Millet (Sorghum/Jowar),HYV,29.13,21.36,39.22,568.21,64.61,8.26,130,6.51,69.56,37.74,32.25,3.11,Red,54.68,Drip,Kharif,Cotton,14.65,61.05,33.49,31.82,1,4.99
Rice,Rice (Non-Basmati),Hybrid,26.21,21.16,34.82,1197.89,86.26,8.53,122,7.31,83.89,45.07,53.26,4.02,Desert,72.83,Flood,Kharif,Maize,4.84,107.39,61.53,62.95,1,5.819
Maize,Maize (Feed Corn),Hybrid,27.66,22.12,38.25,598.75,64.53,7.03,96,5.78,149.82,66.64,64.99,4.18,Black,62.75,Sprinkler,Kharif,Pulses,13.03,160.44,85.79,71.7,1,7.945
Wheat,Wheat (Common),Traditional,18.11,12.4,28.45,553.45,61.64,7.19,117,6.62,84.29,43.82,32.66,3.52,Alluvial,40.12,Flood,Rabi,Wheat,17.22,77.56,37.45,27.62,1,4.029
Millet,Millet (Sorghum/Jowar),HYV,29.65,22.52,41.31,631.55,69.6,9.98,105,7.68,77.85,34.53,25.65,1.84,Red,42.9,Rainfed,Kharif,Soybean,17.35,78.34,30.89,27.56,0,1.557
Rice,Rice (Non-Basmati),Hybrid,27.88,21.16,37.38,1344.78,79.12,6.62,110,7.15,115.15,53.64,50.82,4.88,Alluvial,68.0,Rainfed,Kharif,Pulses,3.55,120.72,55.62,53.05,1,7.561
Maize,Maize (Feed Corn),Traditional,27.44,20.36,38.61,836.85,77.08,8.81,93,7.45,121.85,67.41,60.18,2.0,Alluvial,62.37,Sprinkler,Kharif,Soybean,7.48,107.55,51.24,55.0,1,4.934
Soybean,Soybean (Oil Grade),Traditional,25.06,19.07,36.97,703.24,75.76,7.9,114,6.7,21.21,69.41,41.41,4.16,Black,67.58,Sprinkler,Kharif,Rice,4.34,26.31,51.56,37.58,0,2.917
Rice,Rice (Non-Basmati),HYV,26.05,21.05,33.54,1150.78,84.1,6.61,111,6.2,110.49,51.65,42.98,4.51,Black,87.08,Flood,Kharif,Maize,2.36,87.02,50.26,48.51,1,6.518
Maize,Maize (Sweet Corn),Traditional,23.4,16.22,31.27,602.44,61.91,8.44,80,6.47,100.54,59.28,48.0,2.58,Alluvial,63.36,Rainfed,Rabi,Fallow,14.19,85.09,51.03,36.57,1,5.284
Rice,Rice (Basmati),Hybrid,25.73,18.51,35.73,1327.73,70.13,8.78,130,6.52,70.41,36.55,34.18,4.14,Alluvial,81.53,Flood,Kharif,Pulses,12.98,86.04,43.92,34.17,0,6.5
Soybean,Soybean (Oil Grade),Traditional,26.54,19.98,37.13,833.05,76.84,8.23,112,6.59,27.19,62.15,44.04,2.52,Red,67.25,Rainfed,Kharif,Wheat,4.46,19.4,41.42,32.63,1,2.583
Millet,Millet (Foxtail),Traditional,31.76,25.98,41.82,361.95,63.53,7.14,66,6.15,33.66,16.01,16.96,2.47,Sandy,52.1,Sprinkler,Kharif,Sugarcane,15.02,30.16,15.06,13.27,1,1.261
Maize,Maize (Sweet Corn),HYV,26.95,19.02,37.16,707.03,64.87,6.3,100,6.39,104.41,65.2,56.0,3.7,Desert,67.43,Sprinkler,Kharif,Sugarcane,10.49,89.35,49.41,48.11,0,5.7
Maize,Maize (Popcorn),Traditional,24.41,18.25,32.79,626.65,55.72,6.68,97,6.5,97.71,58.35,42.9,4.16,Alluvial,69.35,Drip,Rabi,Sugarcane,14.76,74.07,40.92,32.57,1,5.634
Rice,Rice (Sona Masuri),HYV,30.83,25.77,42.04,1384.5,84.9,7.38,134,5.68,78.51,38.08,38.95,3.75,Laterite,62.19,Flood,Rabi,Millet,1.26,72.26,38.43,41.45,1,4.123
Maize,Maize (Popcorn),Traditional,22.97,16.69,34.11,660.53,65.19,8.82,96,5.92,82.1,54.35,48.6,3.31,Alluvial,67.09,Sprinkler,Kharif,Maize,7.08,78.6,41.2,32.37,1,6.143
Rice,Rice (Non-Basmati),Hybrid,29.46,22.4,37.06,1161.39,81.31,6.81,139,7.44,85.71,42.02,42.24,3.72,Alluvial,84.52,Rainfed,Kharif,Cotton,16.73,69.83,40.75,45.98,1,7.755
Millet,Millet (Sorghum/Jowar),HYV,32.56,27.17,42.92,665.27,58.17,7.46,106,6.83,78.05,32.58,27.67,2.67,Loamy,64.63,Flood,Rabi,Cotton,7.67,72.55,36.83,29.81,1,2.379
Maize,Maize (Popcorn),Traditional,24.15,18.19,33.09,558.4,57.58,8.05,99,6.8,84.95,51.0,47.1,3.63,Alluvial,52.27,Drip,Kharif,Maize,12.86,72.61,34.16,33.88,0,5.002
Rice,Rice (Sona Masuri),HYV,28.24,20.92,37.36,1123.81,84.87,8.81,132,6.32,85.45,38.41,42.49,3.11,Alluvial,69.43,Flood,Kharif,Soybean,7.37,85.05,35.34,42.28,1,3.72
Millet,Millet (Sorghum/Jowar),HYV,28.35,20.52,38.25,639.86,51.94,7.37,130,7.9,72.81,33.92,27.08,3.17,Loamy,42.52,Rainfed,Rabi,Pulses,3.67,67.83,38.18,26.63,1,3.356
Wheat,Wheat (Durum),Traditional,20.18,12.51,27.91,475.51,63.85,7.99,139,6.48,89.98,50.07,33.67,2.74,Laterite,55.68,Flood,Rabi,Rice,15.54,71.68,44.89,29.31,1,3.949
Rice,Rice (Sona Masuri),Traditional,27.36,22.34,35.04,1175.69,72.2,8.7,131,5.66,72.77,38.58,39.21,3.47,Loamy,79.33,Flood,Rabi,Maize,4.31,56.53,24.18,24.58,1,2.863
Wheat,Wheat (Common),HYV,20.84,13.63,32.05,492.49,67.85,9.16,113,7.44,84.44,41.22,39.41,3.58,Black,62.95,Sprinkler,Rabi,Wheat,0.94,82.67,46.17,38.18,0,6.831
Millet,Millet (Finger/Ragi),Traditional,31.84,23.99,39.32,491.73,54.14,7.95,120,6.06,48.87,27.44,23.05,2.75,Desert,41.51,Sprinkler,Kharif,Maize,5.63,36.21,22.47,12.28,1,1.479
Millet,Millet (Pearl/Bajra),Traditional,31.49,25.36,43.15,447.36,54.34,10.67,88,7.71,41.99,23.58,20.28,1.47,Clayey,36.51,Sprinkler,Kharif,Pulses,17.05,34.52,20.15,17.88,1,1.29
Soybean,Soybean (Oil Grade),Traditional,26.78,18.91,37.79,720.97,77.39,8.58,117,6.63,21.61,54.27,41.79,3.09,Desert,68.42,Sprinkler,Kharif,Fallow,14.63,13.63,42.91,25.38,1,3.035
Soybean,Soybean (Oil Grade),Traditional,28.22,22.98,36.78,860.97,65.91,6.86,97,6.89,24.87,55.48,38.7,2.55,Alluvial,68.34,Sprinkler,Kharif,Cotton,12.03,16.85,47.55,32.43,1,2.015
Maize,Maize (Feed Corn),Hybrid,27.68,20.37,34.78,605.16,74.27,7.69,101,7.12,125.45,63.39,55.33,2.16,Black,75.98,Sprinkler,Kharif,Rice,14.85,136.55,80.06,65.85,1,10.581
Wheat,Wheat (Durum),Traditional,21.23,16.11,30.07,502.68,53.0,8.17,138,7.34,99.93,58.88,36.71,2.58,Loamy,46.44,Flood,Rabi,Rice,0.81,56.44,37.79,22.27,1,3.122
Soybean,Soybean (Oil Grade),Hybrid,26.47,18.96,38.04,913.16,75.07,6.21,102,7.43,27.31,68.03,36.39,3.18,Red,62.84,Drip,Kharif,Wheat,12.94,22.9,56.58,42.31,0,5.088
Rice,Rice (Sona Masuri),Traditional,30.16,23.19,39.71,1094.76,83.83,6.16,131,5.54,89.12,35.71,41.1,2.26,Alluvial,67.1,Sprinkler,Kharif,Soybean,15.11,48.89,23.22,20.36,0,3.47
Millet,Millet (Pearl/Bajra),Traditional,28.65,22.97,36.33,530.65,58.47,8.69,82,7.04,50.1,29.85,29.95,2.22,Loamy,39.27,Rainfed,Kharif,Maize,3.64,33.38,21.16,16.84,1,1.663
Wheat,Wheat (Durum),Hybrid,21.68,14.56,33.23,576.41,56.29,9.35,120,6.8,82.28,43.2,38.22,2.39,Loamy,65.53,Drip,Rabi,Wheat,16.76,90.41,59.64,40.6,1,6.803
Soybean,Soybean (Oil Grade),Hybrid,29.17,21.52,36.75,875.7,72.85,8.18,100,6.62,24.09,63.82,35.45,3.49,Laterite,59.7,Sprinkler,Kharif,Rice,10.68,23.62,73.11,48.47,1,5.055
Wheat,Wheat (Durum),Hybrid,20.48,14.03,29.53,555.87,54.64,7.34,135,7.3,85.31,58.83,39.47,2.7,Black,68.96,Flood,Rabi,Maize,9.32,94.81,45.57,41.29,1,6.885
Rice,Rice (Basmati),Hybrid,25.05,19.82,33.93,1410.27,70.11,7.37,138,6.27,77.82,34.6,37.1,4.95,Alluvial,61.25,Flood,Kharif,Rice,0.93,53.4,27.77,26.4,1,5.482
Millet,Millet (Foxtail),HYV,30.5,24.86,37.77,419.96,58.03,7.48,74,7.31,38.33,20.3,17.26,1.25,Sandy,44.27,Rainfed,Rabi,Soybean,10.6,39.49,24.35,15.15,1,1.425
Soybean,Soybean (Food Grade),Traditional,29.2,22.25,38.43,726.65,63.18,6.36,93,6.41,28.28,51.65,33.23,2.32,Red,60.82,Sprinkler,Kharif,Sugarcane,4.0,19.25,37.23,27.07,1,2.059
Maize,Maize (Sweet Corn),HYV,24.49,19.09,36.46,507.13,68.43,7.09,89,6.98,103.11,63.96,51.08,3.43,Loamy,68.05,Sprinkler,Rabi,Soybean,3.07,85.61,48.54,44.5,1,8.364
Millet,Millet (Sorghum/Jowar),Traditional,31.63,23.72,42.82,471.26,51.59,7.28,111,7.72,73.85,33.44,30.14,3.0,Loamy,62.29,Sprinkler,Rabi,Soybean,18.6,63.7,31.74,24.83,0,1.74
Maize,Maize (Sweet Corn),Traditional,23.87,17.01,32.68,525.32,67.87,6.92,86,6.65,106.01,62.35,51.45,2.53,Black,66.31,Drip,Rabi,Rice,15.73,80.88,48.8,38.14,0,6.249
Millet,Millet (Sorghum/Jowar),Hybrid,32.22,24.56,43.3,659.13,63.44,8.23,116,7.62,65.38,31.72,28.95,2.82,Black,54.18,Rainfed,Kharif,Fallow,2.91,72.23,40.06,38.06,1,4.415
Wheat,Wheat (Common),Hybrid,21.75,14.26,29.14,524.56,51.66,9.14,119,7.4,98.68,45.95,37.53,3.65,Alluvial,51.67,Sprinkler,Rabi,Maize,16.19,65.21,36.23,24.96,1,5.955
Soybean,Soybean (Food Grade),Hybrid,29.25,23.8,37.88,726.99,72.38,8.23,91,6.1,21.25,40.01,38.62,3.67,Loamy,65.08,Sprinkler,Kharif,Sugarcane,7.29,29.22,64.4,40.18,0,2.821
Wheat,Wheat (Durum),HYV,20.88,15.34,28.59,580.81,68.95,8.77,137,6.1,86.28,59.68,38.99,2.49,Black,66.91,Drip,Rabi,Wheat,19.79,86.22,57.6,32.55,1,4.125
Maize,Maize (Popcorn),Traditional,26.52,19.31,34.88,704.24,64.19,8.05,104,6.5,91.22,53.23,47.72,3.01,Clayey,53.1,Sprinkler,Rabi,Rice,18.72,70.07,43.99,35.4,1,5.736
Millet,Millet (Sorghum/Jowar),HYV,32.72,25.11,43.98,545.03,62.8,7.17,93,7.8,74.01,31.91,28.51,1.57,Black,56.04,Drip,Kharif,Fallow,9.67,71.13,39.88,30.83,1,4.106
Millet,Millet (Pearl/Bajra),Traditional,31.36,25.28,39.34,398.28,45.67,8.77,70,6.9,49.18,24.97,24.74,2.03,Alluvial,32.04,Rainfed,Kharif,Fallow,9.14,35.43,14.23,20.28,0,1.042
Maize,Maize (Feed Corn),Traditional,28.13,21.01,39.53,685.97,75.32,6.8,90,7.11,122.14,61.79,63.72,3.37,Desert,77.01,Rainfed,Kharif,Millet,5.66,101.88,50.75,50.04,1,5.699
Soybean,Soybean (Oil Grade),Traditional,27.35,21.84,35.73,838.2,74.76,6.36,108,6.41,27.34,50.08,35.22,2.74,Black,59.23,Sprinkler,Kharif,Rice,9.37,18.12,35.97,30.31,1,2.937
Wheat,Wheat (Durum),HYV,20.3,12.49,29.7,500.41,61.86,8.97,122,6.63,88.94,42.25,36.39,2.03,Clayey,46.94,Flood,Rabi,Soybean,11.1,80.01,45.54,36.79,1,4.531
Soybean,Soybean (Food Grade),HYV,24.29,17.92,34.59,772.67,66.25,7.52,103,6.28,28.32,47.89,34.78,2.48,Alluvial,67.79,Rainfed,Kharif,Rice,3.22,20.02,45.85,32.77,1,1.457
Millet,Millet (Foxtail),Hybrid,28.55,22.34,37.77,386.2,46.18,9.63,62,6.21,37.46,19.72,20.0,2.8,Loamy,42.17,Rainfed,Kharif,Wheat,4.02,41.93,26.8,19.79,1,1.495
Soybean,Soybean (Oil Grade),Hybrid,27.77,22.03,37.15,897.54,73.6,7.68,102,7.1,24.91,68.77,39.19,3.1,Black,76.35,Sprinkler,Kharif,Maize,16.25,23.62,71.82,40.85,1,4.177
Maize,Maize (Popcorn),Traditional,25.67,18.08,35.46,516.36,61.59,7.1,87,6.1,87.43,40.49,46.67,3.39,Clayey,52.02,Sprinkler,Rabi,Cotton,11.31,71.95,33.49,39.3,1,5.535
Maize,Maize (Sweet Corn),HYV,26.37,20.06,38.29,667.82,71.3,6.28,85,5.88,102.43,60.12,47.05,3.38,Black,62.4,Flood,Kharif,Maize,15.19,116.09,61.88,50.83,1,7.204
Wheat,Wheat (Common),Traditional,20.11,12.55,28.38,405.49,68.28,9.73,113,7.33,97.06,42.96,31.52,3.65,Black,58.25,Flood,Rabi,Cotton,11.01,70.6,37.67,26.07,1,5.918
Millet,Millet (Pearl/Bajra),HYV,30.31,25.01,42.19,562.91,45.91,8.19,71,6.53,57.71,21.0,21.95,1.65,Sandy,50.32,Rainfed,Kharif,Cotton,17.0,35.39,17.75,21.83,0,1.209
Millet,Millet (Finger/Ragi),HYV,28.48,21.72,36.34,624.58,60.21,7.31,104,6.22,44.98,22.1,18.02,1.63,Sandy,54.34,Sprinkler,Kharif,Sugarcane,11.21,35.13,21.63,18.31,1,4.063
Rice,Rice (Basmati),Traditional,25.6,18.65,35.43,1276.71,70.48,7.41,134,6.6,72.5,37.8,37.84,3.56,Loamy,81.45,Flood,Kharif,Millet,10.05,53.86,27.47,25.05,1,5.157
Wheat,Wheat (Common),HYV,17.8,10.92,27.37,413.79,61.62,7.24,125,7.48,87.38,40.55,31.3,3.47,Alluvial,59.67,Flood,Rabi,Soybean,7.83,83.17,46.4,30.18,1,5.805
Maize,Maize (Popcorn),HYV,26.35,18.67,36.09,639.22,68.6,8.62,101,6.21,95.96,44.67,43.99,4.43,Alluvial,66.55,Sprinkler,Kharif,Sugarcane,11.27,85.98,43.59,46.73,1,5.466
Rice,Rice (Sona Masuri),Hybrid,27.5,19.93,37.03,1382.62,72.04,8.92,133,6.29,83.74,42.88,41.95,2.91,Clayey,73.93,Drip,Kharif,Wheat,11.96,94.62,48.35,46.76,0,7.8
Millet,Millet (Sorghum/Jowar),Hybrid,29.33,23.36,38.29,684.25,51.29,8.89,110,7.04,67.31,33.49,25.67,2.57,Laterite,60.52,Rainfed,Kharif,Fallow,8.01,86.0,40.71,34.34,0,1.736
Millet,Millet (Finger/Ragi),Traditional,29.63,24.15,40.25,464.49,50.35,7.91,100,7.18,46.26,27.9,16.77,2.7,Red,53.18,Rainfed,Kharif,Wheat,12.26,29.27,20.36,14.01,1,1.493
Wheat,Wheat (Sharbati),Hybrid,18.48,10.97,30.44,548.4,50.92,7.16,134,7.02,81.89,48.25,38.75,3.38,Black,64.4,Flood,Rabi,Cotton,7.66,110.27,60.03,41.02,0,4.928
Millet,Millet (Finger/Ragi),Hybrid,30.2,24.11,40.98,691.15,51.82,9.59,100,7.29,31.88,29.76,17.26,2.74,Desert,48.18,Sprinkler,Rabi,Soybean,9.15,38.24,18.97,14.39,0,1.709
Soybean,Soybean (Oil Grade),Traditional,25.32,20.15,33.05,697.92,73.79,8.36,112,6.28,28.85,53.36,40.99,3.3,Red,70.22,Drip,Kharif,Soybean,17.07,18.94,59.62,38.57,1,3.452
Maize,Maize (Popcorn),Traditional,23.38,16.16,32.21,530.93,61.95,8.18,104,5.9,82.51,44.11,42.37,3.61,Alluvial,60.66,Sprinkler,Rabi,Wheat,6.27,75.47,38.52,33.33,1,5.434
Wheat,Wheat (Common),Traditional,18.29,12.78,28.16,520.55,59.81,7.27,121,7.4,85.11,47.64,34.7,2.03,Alluvial,65.59,Sprinkler,Zaid,Sugarcane,17.24,72.11,37.93,25.22,1,4.676
Soybean,Soybean (Oil Grade),Hybrid,27.84,21.24,37.19,774.27,71.28,8.91,106,6.26,29.19,63.81,44.28,3.21,Red,74.21,Sprinkler,Kharif,Pulses,18.21,31.24,72.28,49.16,1,2.783
Rice,Rice (Basmati),Traditional,29.32,22.95,38.7,1193.03,84.5,8.09,147,7.29,69.61,30.69,35.5,3.25,Clayey,81.94,Sprinkler,Kharif,Soybean,8.33,58.41,28.92,25.41,1,5.097
Maize,Maize (Sweet Corn),Traditional,26.36,19.42,35.25,629.12,72.57,7.99,91,6.78,113.96,67.03,50.66,4.97,Loamy,70.93,Drip,Rabi,Fallow,10.83,82.71,52.18,38.15,1,6.154
Rice,Rice (Basmati),Hybrid,25.63,18.07,34.35,1015.43,70.78,6.43,135,6.5,79.57,38.57,37.01,4.18,Alluvial,74.05,Sprinkler,Kharif,Millet,7.99,66.25,40.74,43.67,1,4.623
Rice,Rice (Basmati),HYV,26.21,20.51,33.55,1093.56,78.33,6.87,132,6.54,68.77,39.77,38.08,4.21,Clayey,73.43,Flood,Rabi,Sugarcane,3.7,72.7,31.24,30.71,1,3.417
Maize,Maize (Feed Corn),Traditional,26.97,19.37,37.72,649.04,66.82,7.94,107,6.85,147.93,61.23,51.15,3.21,Black,65.46,Flood,Kharif,Fallow,5.81,80.0,43.5,39.09,1,6.692
Maize,Maize (Popcorn),Hybrid,23.57,17.44,33.52,590.48,62.52,8.23,86,5.88,95.52,52.05,45.82,3.65,Loamy,63.27,Sprinkler,Rabi,Cotton,4.53,99.28,55.05,49.71,0,5.911
Millet,Millet (Pearl/Bajra),Hybrid,28.11,21.71,37.29,562.85,50.21,9.12,81,6.51,49.27,29.61,28.17,1.73,Loamy,45.82,Rainfed,Kharif,Wheat,4.47,59.81,22.65,23.89,1,1.911
Wheat,Wheat (Durum),Hybrid,21.17,16.04,28.88,567.87,59.19,7.68,135,7.12,91.67,47.63,33.27,3.78,Loamy,46.0,Sprinkler,Rabi,Maize,18.53,83.64,45.87,33.01,1,7.15
Wheat,Wheat (Durum),HYV,19.83,12.47,31.4,600.66,64.5,7.58,136,6.06,95.15,44.22,34.87,3.24,Black,63.98,Flood,Rabi,Pulses,13.48,88.87,52.75,35.29,0,3.827
Wheat,Wheat (Sharbati),HYV,20.9,13.83,32.12,508.87,62.34,9.16,134,6.12,81.17,46.28,39.82,2.97,Loamy,50.33,Drip,Zaid,Pulses,17.67,97.71,46.53,35.32,1,3.77
Soybean,Soybean (Food Grade),Traditional,28.18,21.01,37.68,895.95,73.34,6.35,95,7.06,23.36,57.54,34.82,3.23,Alluvial,73.62,Sprinkler,Kharif,Sugarcane,11.06,24.84,47.42,35.95,1,2.239
Soybean,Soybean (Oil Grade),HYV,25.08,18.24,33.77,684.03,73.68,8.17,117,6.99,25.88,60.78,40.02,2.43,Clayey,67.32,Sprinkler,Kharif,Cotton,14.09,20.75,61.31,36.75,1,3.375
Millet,Millet (Sorghum/Jowar),Traditional,32.37,24.92,42.18,554.6,54.23,8.78,116,7.22,64.77,38.63,30.37,1.7,Black,43.7,Rainfed,Rabi,Sugarcane,12.71,59.19,30.28,25.99,1,2.61
Maize,Maize (Popcorn),Hybrid,26.0,20.04,35.03,519.57,63.53,8.45,92,6.46,97.96,48.83,49.96,3.15,Alluvial,62.87,Drip,Rabi,Pulses,6.28,108.04,51.05,51.64,1,5.644
Rice,Rice (Sona Masuri),HYV,28.24,21.24,35.56,1353.61,77.67,8.63,133,6.73,86.93,43.61,41.2,3.86,Loamy,68.97,Flood,Kharif,Cotton,11.57,81.17,40.42,36.23,1,6.095
Millet,Millet (Pearl/Bajra),HYV,28.37,21.35,35.61,286.55,48.45,8.55,73,7.46,44.57,27.48,22.38,2.2,Desert,34.0,Rainfed,Kharif,Sugarcane,7.09,57.47,22.04,24.34,1,2.244
Soybean,Soybean (Food Grade),Hybrid,26.92,19.81,34.6,777.04,78.68,6.92,102,6.92,29.45,50.78,30.74,3.52,Alluvial,58.6,Sprinkler,Kharif,Pulses,15.46,26.1,44.29,38.84,1,4.55
Wheat,Wheat (Common),Traditional,19.01,11.38,28.41,461.59,53.28,9.23,128,7.38,90.37,42.51,33.81,2.44,Alluvial,61.44,Drip,Rabi,Maize,4.23,78.77,41.95,31.4,1,6.548
Rice,Rice (Non-Basmati),Traditional,29.88,23.83,38.25,1388.7,88.67,6.1,121,6.39,88.91,53.07,53.71,4.06,Clayey,65.67,Flood,Kharif,Maize,4.31,64.29,35.2,33.81,1,4.801
Rice,Rice (Basmati),HYV,29.08,24.02,39.76,1104.2,71.99,7.92,143,6.09,62.75,30.01,39.03,2.07,Alluvial,65.24,Sprinkler,Kharif,Sugarcane,6.6,79.53,36.46,39.35,1,5.041
Maize,Maize (Sweet Corn),Hybrid,24.04,17.44,34.71,630.78,65.89,6.03,96,6.04,111.91,63.29,46.92,4.29,Black,70.93,Drip,Kharif,Rice,18.26,123.84,75.65,56.56,1,9.75
Soybean,Soybean (Food Grade),Hybrid,24.19,16.54,32.47,723.3,67.88,6.7,98,6.38,23.09,58.27,36.53,3.85,Alluvial,52.41,Sprinkler,Kharif,Fallow,13.43,25.12,62.58,40.96,0,3.727
Wheat,Wheat (Sharbati),Hybrid,18.49,10.76,30.04,403.79,59.75,7.22,129,7.04,99.49,43.24,30.74,2.86,Alluvial,53.52,Sprinkler,Rabi,Fallow,3.53,108.45,52.2,34.1,1,6.5
Millet,Millet (Pearl/Bajra),HYV,33.4,25.71,42.03,490.78,41.94,9.99,88,6.72,56.79,21.65,26.8,2.25,Black,48.39,Rainfed,Kharif,Soybean,2.65,37.73,17.52,24.57,1,2.581
Rice,Rice (Basmati),Traditional,25.05,18.97,36.68,1114.34,79.52,6.67,137,7.27,74.58,30.95,34.29,2.09,Loamy,72.02,Drip,Kharif,Wheat,19.87,53.95,27.14,30.03,1,4.839
Maize,Maize (Sweet Corn),Hybrid,22.2,16.89,30.67,527.22,62.54,6.16,97,6.84,100.66,57.02,50.99,2.71,Black,51.43,Sprinkler,Rabi,Wheat,3.52,111.39,57.66,49.77,1,5.645
Millet,Millet (Sorghum/Jowar),Traditional,32.38,26.71,40.33,587.94,59.19,8.25,98,7.92,78.03,33.1,26.92,1.86,Black,59.47,Sprinkler,Kharif,Rice,19.6,61.36,28.25,20.14,1,2.837
Millet,Millet (Sorghum/Jowar),Traditional,32.98,27.82,43.12,675.47,63.8,7.59,103,6.99,76.9,39.22,29.91,2.03,Black,51.24,Sprinkler,Rabi,Maize,16.9,49.7,31.47,26.38,1,4.255
Wheat,Wheat (Common),Traditional,19.73,13.85,27.28,533.56,55.61,9.53,112,7.03,88.03,45.67,35.24,3.23,Black,66.87,Sprinkler,Rabi,Maize,12.74,64.29,38.43,27.83,1,5.279
Soybean,Soybean (Food Grade),HYV,27.6,21.19,35.83,832.79,62.94,8.47,92,6.09,21.2,52.63,30.5,3.72,Red,52.02,Drip,Kharif,Millet,5.21,21.97,42.54,30.04,0,2.761
Millet,Millet (Sorghum/Jowar),Hybrid,30.16,24.43,40.25,428.37,62.6,9.0,129,7.34,66.46,30.47,29.25,2.22,Black,57.56,Rainfed,Rabi,Wheat,9.62,70.02,43.42,29.96,0,4.134
Wheat,Wheat (Common),Traditional,20.39,13.16,30.89,492.1,55.49,7.86,117,6.19,94.78,41.83,34.99,2.01,Loamy,49.99,Flood,Rabi,Maize,2.58,64.82,37.28,31.4,1,5.102
Rice,Rice (Basmati),HYV,25.33,17.66,34.65,1160.01,77.15,6.95,131,7.01,73.64,33.15,31.33,3.9,Alluvial,63.21,Flood,Rabi,Maize,14.74,60.51,32.85,34.43,1,4.398
Maize,Maize (Sweet Corn),Hybrid,27.42,20.44,36.0,615.6,71.01,6.86,97,6.89,108.21,61.74,58.57,3.02,Black,68.99,Sprinkler,Kharif,Pulses,9.04,125.54,68.21,56.34,1,6.992
Wheat,Wheat (Durum),HYV,19.9,14.81,30.85,541.36,60.62,7.77,131,6.73,90.84,56.03,38.86,1.9,Alluvial,62.82,Flood,Rabi,Sugarcane,13.08,73.19,44.32,32.33,1,4.365
Wheat,Wheat (Sharbati),Traditional,21.67,15.47,29.97,501.59,64.91,9.71,125,6.75,81.58,47.89,33.73,3.82,Desert,41.36,Sprinkler,Rabi,Pulses,11.62,58.36,32.63,21.42,1,4.81
Soybean,Soybean (Oil Grade),HYV,27.7,21.95,38.77,668.61,70.23,6.2,115,7.09,20.02,66.94,43.88,3.63,Red,76.12,Sprinkler,Kharif,Millet,13.35,24.24,58.19,38.52,1,2.581
Millet,Millet (Sorghum/Jowar),Traditional,30.27,23.72,40.97,498.33,69.87,8.7,119,7.21,62.16,34.53,31.0,1.68,Black,53.06,Sprinkler,Kharif,Wheat,17.5,58.12,28.71,20.38,1,3.072
Wheat,Wheat (Sharbati),Traditional,21.3,14.79,32.64,531.79,60.95,8.91,117,7.19,88.35,48.03,38.74,4.0,Alluvial,41.7,Sprinkler,Rabi,Cotton,11.52,69.82,36.8,24.39,0,4.661
Maize,Maize (Sweet Corn),Hybrid,24.68,16.85,31.78,618.49,65.11,6.67,92,6.42,109.38,60.45,48.65,4.72,Alluvial,72.23,Drip,Kharif,Maize,1.88,113.54,65.22,54.56,1,9.75
Wheat,Wheat (Common),HYV,19.05,13.16,28.86,576.66,53.22,7.65,121,7.15,89.55,40.73,31.25,3.07,Alluvial,56.39,Rainfed,Rabi,Fallow,12.59,76.31,35.8,26.09,1,5.382
Millet,Millet (Sorghum/Jowar),HYV,29.36,24.06,39.76,623.45,52.21,7.38,100,7.66,63.2,30.71,28.11,1.89,Loamy,60.02,Rainfed,Zaid,Rice,15.77,61.95,33.45,26.44,1,1.816
Maize,Maize (Feed Corn),HYV,26.35,20.21,35.66,847.03,63.35,8.19,112,7.04,133.95,76.54,60.31,4.18,Desert,63.48,Sprinkler,Kharif,Sugarcane,5.48,146.27,65.65,63.73,1,6.994
Rice,Rice (Basmati),Hybrid,28.93,23.59,37.74,1484.1,83.84,8.65,140,7.07,73.76,33.19,32.52,4.87,Alluvial,83.08,Sprinkler,Kharif,Soybean,13.4,81.35,38.83,37.31,1,6.5
Soybean,Soybean (Oil Grade),Traditional,28.31,21.64,38.44,762.37,72.37,6.84,99,6.58,27.24,65.58,37.13,2.16,Alluvial,62.36,Sprinkler,Kharif,Fallow,4.81,18.84,46.04,28.36,1,4.382
Maize,Maize (Sweet Corn),Hybrid,23.91,16.17,35.4,664.14,70.27,7.23,90,6.31,118.69,54.74,45.99,4.62,Loamy,69.65,Rainfed,Rabi,Pulses,16.93,154.4,87.54,59.35,1,6.621
Maize,Maize (Sweet Corn),Hybrid,23.42,15.69,33.86,658.59,64.95,8.31,88,6.21,116.52,65.89,58.82,4.98,Black,50.29,Drip,Rabi,Millet,8.29,115.72,67.42,52.2,1,9.75
Rice,Rice (Non-Basmati),Hybrid,30.46,22.81,40.36,1223.42,76.18,8.66,133,7.28,93.04,42.67,49.79,4.24,Black,67.75,Flood,Kharif,Millet,12.24,142.84,58.36,82.73,1,4.843
Rice,Rice (Basmati),Traditional,25.92,20.75,35.86,1420.17,70.26,6.15,135,6.3,79.97,35.41,32.84,4.98,Alluvial,84.16,Sprinkler,Kharif,Soybean,17.92,59.1,26.45,30.07,1,3.133
Wheat,Wheat (Durum),Traditional,21.37,14.19,30.69,495.98,61.14,7.76,127,6.94,85.84,44.31,37.17,3.27,Black,59.93,Flood,Rabi,Pulses,0.9,69.81,41.73,24.18,1,4.212
Rice,Rice (Sona Masuri),HYV,27.82,20.87,37.88,1275.02,70.57,6.88,122,6.14,89.21,37.14,44.97,3.74,Loamy,79.41,Flood,Kharif,Wheat,10.16,73.67,31.12,34.42,1,7.685
Rice,Rice (Sona Masuri),Traditional,29.67,23.31,37.46,1123.89,73.11,7.08,140,6.73,76.52,39.44,42.72,3.56,Red,67.7,Sprinkler,Kharif,Fallow,3.4,64.39,32.78,33.88,1,5.746
Rice,Rice (Basmati),Traditional,29.29,21.42,38.79,1465.77,78.75,7.62,136,7.25,77.02,34.24,30.66,2.0,Clayey,73.08,Sprinkler,Kharif,Millet,17.81,59.93,27.03,27.79,1,4.271
Wheat,Wheat (Common),Traditional,20.04,13.25,28.56,436.82,53.99,7.53,118,6.42,82.21,45.0,38.4,2.59,Loamy,42.1,Flood,Kharif,Millet,8.58,75.95,34.66,26.31,1,4.275
Wheat,Wheat (Sharbati),Hybrid,17.68,11.81,26.26,469.82,56.99,8.5,119,6.57,96.32,42.12,32.13,3.58,Loamy,53.98,Drip,Rabi,Pulses,5.36,90.08,51.52,40.58,1,6.5
Wheat,Wheat (Common),HYV,18.24,12.86,26.09,575.28,59.6,7.33,120,6.76,90.31,45.26,31.12,3.93,Alluvial,42.53,Flood,Rabi,Rice,11.25,94.17,43.74,33.18,1,6.524
Soybean,Soybean (Oil Grade),Traditional,29.37,23.78,36.79,904.8,72.09,7.01,98,7.15,23.12,65.7,40.33,2.25,Red,66.61,Sprinkler,Rabi,Cotton,8.24,19.05,45.44,35.57,1,2.04
Wheat,Wheat (Durum),Hybrid,18.72,11.46,29.94,547.59,69.13,7.36,131,6.49,95.24,49.06,30.21,3.13,Black,51.08,Sprinkler,Kharif,Millet,12.35,104.09,47.04,34.94,0,4.204
Rice,Rice (Sona Masuri),Hybrid,26.48,21.44,35.83,1292.51,76.86,6.15,132,6.52,74.22,42.96,39.79,3.34,Red,73.65,Flood,Kharif,Pulses,7.33,90.82,48.34,47.74,1,4.423
Wheat,Wheat (Common),Hybrid,20.11,14.75,31.25,546.02,58.97,7.88,120,7.45,96.04,46.93,39.48,2.01,Loamy,65.73,Flood,Rabi,Millet,14.04,92.68,52.75,41.95,1,4.027
Soybean,Soybean (Food Grade),HYV,27.8,20.42,37.31,809.67,61.03,6.65,99,7.02,20.51,47.66,31.2,2.03,Black,69.22,Rainfed,Kharif,Rice,2.76,22.74,55.58,30.78,1,2.326
Millet,Millet (Pearl/Bajra),Traditional,33.87,28.05,42.76,327.77,52.57,9.35,66,7.77,57.98,27.34,27.82,1.72,Loamy,43.6,Rainfed,Kharif,Soybean,18.27,36.8,22.41,19.91,0,0.704
Maize,Maize (Sweet Corn),Traditional,22.55,14.65,31.34,654.87,69.48,8.5,82,6.58,118.97,54.38,58.1,2.57,Loamy,72.36,Drip,Rabi,Cotton,3.99,91.51,42.74,39.72,1,6.778
Soybean,Soybean (Food Grade),Traditional,28.14,22.69,38.21,858.5,73.6,6.23,98,7.07,20.93,47.19,37.13,3.67,Red,65.95,Sprinkler,Kharif,Pulses,5.05,17.3,44.51,28.78,1,1.788
Wheat,Wheat (Durum),HYV,20.98,14.57,32.55,583.21,52.66,8.56,134,6.21,88.15,52.64,37.78,3.81,Black,60.89,Sprinkler,Rabi,Maize,1.05,95.26,50.84,35.9,1,4.326
Rice,Rice (Basmati),Traditional,29.82,24.33,38.32,1050.08,74.08,8.45,138,6.51,79.63,36.3,34.16,2.5,Alluvial,84.65,Sprinkler,Kharif,Wheat,5.25,49.01,28.89,31.87,1,4.399
Wheat,Wheat (Common),Hybrid,18.11,10.43,26.13,475.31,53.39,7.85,112,7.0,96.41,47.57,38.1,2.78,Loamy,44.73,Flood,Rabi,Millet,1.98,93.88,50.41,35.81,1,7.023
Millet,Millet (Pearl/Bajra),Traditional,34.84,28.92,46.48,251.09,53.26,9.59,89,7.39,55.46,25.88,27.41,2.38,Loamy,53.07,Flood,Kharif,Pulses,15.83,40.7,18.16,22.02,1,0.759
Millet,Millet (Foxtail),HYV,28.78,22.95,40.55,302.32,62.0,8.7,65,5.61,33.68,18.77,17.96,1.42,Loamy,52.32,Drip,Rabi,Cotton,10.63,41.06,27.63,18.0,1,1.738
Maize,Maize (Sweet Corn),Traditional,23.34,18.09,31.75,589.07,73.03,6.92,100,6.43,115.01,59.97,57.87,2.32,Alluvial,68.85,Drip,Kharif,Soybean,7.83,86.55,55.52,32.49,0,5.779
Wheat,Wheat (Durum),Hybrid,21.84,14.81,32.04,619.0,50.28,9.79,136,7.41,95.87,57.57,32.03,2.3,Loamy,52.88,Sprinkler,Rabi,Maize,2.13,105.73,51.61,38.67,1,4.208
Millet,Millet (Finger/Ragi),Hybrid,26.64,21.62,36.88,689.39,63.17,7.52,128,6.75,32.01,25.64,22.33,2.56,Red,61.21,Flood,Kharif,Fallow,2.56,33.9,31.06,18.86,1,3.29
Millet,Millet (Foxtail),HYV,27.93,20.88,38.66,459.45,55.12,7.99,83,6.94,38.42,22.63,19.67,2.06,Black,53.57,Rainfed,Rabi,Maize,5.67,35.57,24.35,19.49,1,1.53
Rice,Rice (Non-Basmati),HYV,30.28,24.4,40.04,1413.71,79.62,8.48,123,6.52,81.14,41.32,47.67,4.25,Black,87.83,Flood,Zaid,Cotton,14.36,97.35,52.41,40.52,1,4.966
Rice,Rice (Basmati),Traditional,28.01,21.99,37.73,1020.53,81.17,7.34,139,6.09,67.75,35.83,34.64,3.86,Loamy,72.01,Sprinkler,Kharif,Rice,15.1,63.48,29.72,31.66,1,4.432
Millet,Millet (Pearl/Bajra),Traditional,29.23,22.21,40.98,264.38,47.24,8.87,83,7.05,56.72,26.6,24.63,2.82,Clayey,40.41,Sprinkler,Kharif,Wheat,15.23,43.97,18.16,23.98,1,1.452
Wheat,Wheat (Sharbati),Hybrid,21.47,14.3,28.58,469.41,62.95,8.96,119,6.19,87.13,48.79,39.78,2.22,Black,54.65,Flood,Rabi,Soybean,5.12,126.66,63.26,44.08,1,3.389
Maize,Maize (Popcorn),Traditional,26.79,19.0,37.42,544.41,66.76,7.34,102,6.53,84.35,46.25,43.19,2.69,Alluvial,65.44,Sprinkler,Kharif,Sugarcane,16.22,67.13,41.89,38.38,1,4.679
Rice,Rice (Basmati),Hybrid,25.6,19.15,36.03,1389.5,70.3,8.67,140,7.22,75.05,37.53,37.16,4.01,Clayey,71.92,Sprinkler,Kharif,Rice,6.67,81.98,42.19,37.57,1,3.877
Rice,Rice (Basmati),Traditional,26.73,21.21,34.12,1346.65,81.77,8.48,145,7.0,76.63,31.5,30.39,4.64,Alluvial,67.87,Flood,Kharif,Maize,17.95,43.0,26.56,23.91,0,5.315
Millet,Millet (Foxtail),Traditional,28.24,22.44,39.16,353.7,64.28,9.19,70,5.56,32.08,24.31,19.75,2.1,Red,46.26,Drip,Kharif,Cotton,11.25,28.61,17.58,12.93,1,1.923
Rice,Rice (Sona Masuri),HYV,28.4,20.43,38.98,1397.03,76.8,6.42,128,5.71,70.87,35.13,38.25,2.18,Alluvial,80.09,Sprinkler,Kharif,Wheat,18.64,87.66,36.3,43.56,1,6.197
Millet,Millet (Sorghum/Jowar),HYV,31.43,23.9,40.58,651.59,67.74,7.03,116,6.89,65.1,35.23,34.93,2.03,Loamy,52.62,Rainfed,Kharif,Fallow,15.15,71.11,32.61,28.57,1,1.337
Millet,Millet (Sorghum/Jowar),Hybrid,30.12,22.46,37.6,603.01,58.61,9.36,123,6.42,72.28,35.24,30.78,3.21,Black,47.4,Rainfed,Rabi,Rice,7.77,66.57,42.02,31.77,1,3.575
Millet,Millet (Foxtail),Traditional,30.82,25.73,42.4,511.94,55.98,8.61,71,7.18,35.67,23.57,19.9,2.24,Sandy,52.64,Rainfed,Zaid,Maize,3.07,27.68,17.33,14.05,1,1.228
Millet,Millet (Sorghum/Jowar),HYV,28.54,22.82,35.68,669.15,64.12,9.6,108,7.48,79.07,39.98,33.68,1.56,Clayey,64.15,Rainfed,Kharif,Soybean,14.57,76.12,35.78,29.31,1,1.929
Rice,Rice (Basmati),Hybrid,27.77,21.19,38.44,1027.55,83.32,8.11,130,6.69,63.87,32.1,30.23,4.69,Alluvial,65.27,Flood,Kharif,Millet,9.29,70.54,35.93,35.16,1,6.277
Wheat,Wheat (Sharbati),Hybrid,21.05,14.42,32.76,579.35,55.42,8.65,126,7.03,84.91,45.66,37.12,3.54,Alluvial,46.74,Drip,Rabi,Fallow,19.04,97.61,47.91,43.86,1,6.463
Millet,Millet (Sorghum/Jowar),Traditional,29.75,24.51,41.65,545.46,58.84,9.89,104,7.66,61.74,31.7,30.15,3.43,Red,57.94,Sprinkler,Rabi,Millet,13.87,63.2,31.83,27.87,1,3.873
Soybean,Soybean (Oil Grade),Traditional,26.09,18.38,37.06,873.75,65.54,7.46,104,6.9,21.7,54.86,35.16,4.12,Red,75.81,Rainfed,Kharif,Wheat,13.86,19.05,46.71,29.18,1,3.06
Soybean,Soybean (Oil Grade),Traditional,28.63,22.11,38.26,712.67,71.72,7.39,98,6.62,25.98,53.5,42.34,2.61,Black,74.44,Sprinkler,Kharif,Wheat,18.49,18.17,53.03,31.54,1,2.955
Rice,Rice (Basmati),HYV,27.25,19.32,34.77,1273.89,84.68,7.67,147,7.06,68.45,33.47,33.98,2.79,Loamy,65.13,Sprinkler,Kharif,Sugarcane,2.0,65.95,30.92,35.99,1,4.785
Wheat,Wheat (Durum),Hybrid,22.6,17.18,33.28,641.89,52.95,8.31,138,6.87,80.17,53.06,33.06,2.78,Loamy,58.28,Sprinkler,Rabi,Pulses,9.85,106.76,56.36,40.29,1,4.492
Rice,Rice (Basmati),Traditional,25.39,19.82,34.77,1180.74,75.38,7.59,148,7.2,66.82,38.05,33.39,2.17,Alluvial,73.85,Sprinkler,Kharif,Maize,12.29,63.65,30.19,24.85,1,2.773
Soybean,Soybean (Food Grade),Traditional,29.6,22.19,37.18,841.08,67.16,8.74,92,7.1,20.22,41.11,30.01,2.06,Laterite,63.81,Rainfed,Kharif,Millet,14.97,18.11,47.71,26.8,1,1.34
Rice,Rice (Basmati),Traditional,29.85,24.07,38.21,1236.45,84.76,6.81,135,6.11,65.09,33.62,34.72,2.14,Alluvial,63.5,Flood,Kharif,Pulses,9.66,40.22,19.81,21.58,1,4.399
Maize,Maize (Popcorn),Hybrid,24.72,17.45,36.06,733.53,56.35,8.11,92,6.55,96.02,44.07,49.58,3.26,Loamy,54.35,Drip,Kharif,Maize,5.54,63.26,41.06,37.86,1,7.709
Rice,Rice (Non-Basmati),Hybrid,28.38,22.75,37.99,1560.7,82.79,6.52,123,5.93,108.66,44.55,59.75,3.68,Clayey,82.39,Sprinkler,Kharif,Maize,14.79,90.01,48.44,61.42,1,6.267
Soybean,Soybean (Food Grade),HYV,24.73,18.46,32.75,627.16,68.25,7.99,103,6.25,29.93,52.74,34.49,3.91,Desert,62.76,Sprinkler,Kharif,Maize,12.93,25.08,56.46,32.54,1,3.957
Rice,Rice (Non-Basmati),Traditional,28.45,23.12,37.66,1276.94,74.47,7.93,119,6.44,114.32,46.85,45.33,4.95,Loamy,87.78,Sprinkler,Kharif,Wheat,14.36,77.38,43.18,47.99,0,8.507
Millet,Millet (Sorghum/Jowar),Hybrid,30.52,23.2,39.4,498.88,53.13,8.7,130,7.88,71.4,38.44,33.59,1.91,Loamy,53.43,Rainfed,Kharif,Maize,4.87,70.62,33.28,32.57,1,3.429
Millet,Millet (Foxtail),Traditional,27.58,22.17,34.94,452.14,57.33,7.79,72,6.42,32.61,21.02,18.09,1.53,Loamy,51.63,Flood,Rabi,Rice,7.07,24.57,18.6,12.18,1,1.636
Maize,Maize (Sweet Corn),Hybrid,23.75,15.83,31.55,736.79,68.46,8.72,95,6.72,101.47,50.23,55.67,2.41,Black,64.44,Drip,Rabi,Maize,3.14,114.3,55.18,49.81,1,9.609
Millet,Millet (Sorghum/Jowar),Traditional,27.85,21.04,39.43,670.55,63.95,8.94,104,6.84,64.12,35.55,30.4,2.26,Loamy,63.37,Sprinkler,Rabi,Pulses,2.69,61.09,29.36,26.22,1,1.859
Maize,Maize (Feed Corn),HYV,28.07,21.51,37.32,618.34,72.32,7.82,103,6.43,134.29,69.22,66.83,4.43,Red,67.69,Sprinkler,Kharif,Millet,13.47,98.75,51.4,48.84,0,10.063
Rice,Rice (Non-Basmati),HYV,31.09,25.4,42.18,1217.45,83.54,7.29,112,7.09,86.93,58.1,59.05,3.1,Laterite,74.4,Sprinkler,Zaid,Cotton,4.47,88.24,50.91,47.82,1,7.198
Rice,Rice (Non-Basmati),HYV,30.72,23.41,39.47,1285.92,84.48,7.5,122,5.99,98.43,49.57,43.55,4.63,Laterite,78.15,Flood,Kharif,Millet,8.74,87.39,53.63,58.49,1,6.961
Millet,Millet (Foxtail),HYV,28.54,20.57,36.16,432.86,59.39,7.93,66,5.93,36.45,21.64,18.94,2.37,Loamy,49.04,Rainfed,Kharif,Soybean,18.06,27.7,13.92,16.56,1,1.416
Maize,Maize (Sweet Corn),HYV,27.32,20.61,35.66,535.08,72.95,8.76,89,6.69,119.79,51.87,44.25,3.39,Black,68.44,Drip,Kharif,Wheat,10.4,98.44,45.17,40.74,1,8.592
Maize,Maize (Sweet Corn),HYV,25.32,18.86,36.42,545.88,61.28,6.51,98,6.92,115.28,63.72,40.71,3.6,Loamy,66.59,Drip,Zaid,Rice,8.28,116.7,63.32,47.05,1,5.77
Wheat,Wheat (Durum),Hybrid,20.91,14.78,28.6,490.54,65.62,7.48,126,6.97,84.59,59.13,30.33,2.06,Red,45.92,Flood,Rabi,Cotton,18.66,94.25,50.31,41.81,1,4.271
Wheat,Wheat (Durum),Traditional,19.05,12.46,29.73,624.02,53.13,9.96,140,7.01,80.57,41.55,37.22,2.89,Black,48.18,Sprinkler,Rabi,Maize,16.21,65.29,37.63,31.93,1,4.191
Millet,Millet (Foxtail),Traditional,28.34,20.6,38.74,457.57,49.1,9.94,68,6.67,36.65,21.1,18.87,2.25,Sandy,59.51,Sprinkler,Kharif,Maize,11.67,31.94,18.6,15.53,0,1.244
Wheat,Wheat (Common),HYV,18.23,12.7,26.91,495.51,55.12,8.43,126,6.14,87.49,46.22,39.96,2.14,Loamy,44.08,Sprinkler,Rabi,Wheat,7.06,90.07,48.75,38.81,1,4.829
Millet,Millet (Sorghum/Jowar),Hybrid,28.4,21.35,35.99,638.77,54.93,7.0,99,7.66,75.14,32.89,26.62,1.53,Loamy,41.97,Drip,Kharif,Soybean,8.97,73.43,40.43,30.74,0,3.712
Maize,Maize (Sweet Corn),Traditional,27.23,19.87,37.13,717.27,69.94,6.2,81,6.1,109.3,65.65,57.39,2.56,Black,50.09,Drip,Rabi,Cotton,3.36,87.38,47.14,44.08,1,5.995
Rice,Rice (Basmati),Traditional,27.48,21.56,39.12,1294.29,76.12,7.95,141,6.62,64.56,35.84,33.71,3.35,Loamy,73.43,Sprinkler,Zaid,Soybean,10.21,59.31,25.42,26.02,1,4.109
Maize,Maize (Sweet Corn),HYV,24.32,19.19,36.25,646.92,65.26,8.7,92,6.55,102.16,59.3,52.72,3.5,Red,67.43,Sprinkler,Rabi,Soybean,8.06,130.59,80.74,73.36,1,7.272
Wheat,Wheat (Durum),Traditional,20.58,14.7,27.89,477.88,55.81,9.93,128,7.5,87.54,58.49,39.83,2.49,Alluvial,62.91,Flood,Rabi,Fallow,12.46,65.13,46.89,25.06,0,4.11
Millet,Millet (Sorghum/Jowar),Hybrid,29.48,24.29,37.21,434.96,56.91,7.22,108,6.18,70.61,39.2,31.65,1.67,Sandy,41.3,Flood,Rabi,Rice,9.33,72.52,38.72,32.67,1,3.56
Millet,Millet (Foxtail),HYV,27.43,19.44,34.44,416.47,49.59,8.06,73,7.4,31.14,22.08,18.1,1.72,Loamy,48.22,Drip,Rabi,Millet,14.29,30.93,17.08,18.66,1,1.367
Millet,Millet (Finger/Ragi),Traditional,28.11,22.43,38.41,409.79,67.16,7.2,125,5.71,34.84,23.4,20.9,3.17,Red,56.11,Sprinkler,Kharif,Rice,7.65,33.79,22.68,17.91,1,2.75
Millet,Millet (Pearl/Bajra),HYV,33.59,26.96,42.57,502.08,52.29,9.6,87,6.6,51.3,27.27,26.68,1.93,Loamy,30.53,Flood,Zaid,Pulses,15.06,49.11,24.53,24.6,1,1.218
Maize,Maize (Popcorn),Traditional,25.04,17.42,35.4,687.32,58.32,7.46,101,5.84,91.72,41.76,45.65,2.94,Alluvial,55.73,Drip,Rabi,Maize,17.19,74.54,47.02,34.68,0,4.08
Millet,Millet (Foxtail),Traditional,27.12,20.7,37.38,371.54,53.64,7.48,66,5.77,33.37,21.34,17.96,2.71,Red,40.59,Rainfed,Rabi,Wheat,4.21,30.04,12.15,13.85,1,1.531
Millet,Millet (Pearl/Bajra),Hybrid,34.14,28.42,46.05,510.24,54.17,9.75,78,6.01,59.68,26.5,21.33,2.47,Loamy,45.31,Sprinkler,Kharif,Wheat,17.2,52.51,23.85,27.55,1,2.747
Soybean,Soybean (Oil Grade),HYV,29.3,23.36,40.66,662.34,76.54,8.82,119,6.11,21.77,56.13,42.56,3.91,Alluvial,70.57,Sprinkler,Kharif,Cotton,16.23,27.78,66.51,38.81,1,2.865
Maize,Maize (Sweet Corn),Traditional,22.16,14.72,33.1,777.04,61.27,6.37,97,6.72,117.82,66.64,54.36,4.25,Loamy,70.19,Flood,Rabi,Millet,1.44,94.72,42.03,43.96,1,6.985
Rice,Rice (Non-Basmati),Traditional,31.97,26.89,43.47,1101.96,77.28,6.51,126,5.74,82.34,59.05,52.25,2.31,Clayey,86.44,Flood,Kharif,Rice,6.65,59.44,36.82,27.78,1,4.498
Millet,Millet (Finger/Ragi),Traditional,30.26,24.33,40.27,509.74,62.0,8.86,107,5.1,49.37,22.11,18.82,1.76,Black,63.67,Sprinkler,Rabi,Fallow,11.46,27.87,20.62,14.08,1,1.959
Maize,Maize (Sweet Corn),HYV,23.74,16.49,34.91,595.95,72.69,8.2,97,6.64,115.39,61.22,48.86,2.31,Alluvial,50.03,Drip,Zaid,Cotton,9.83,114.65,61.99,40.22,1,7.086
Maize,Maize (Feed Corn),Hybrid,28.41,23.4,37.66,784.6,64.53,7.26,98,7.41,135.45,60.19,59.52,4.37,Alluvial,76.63,Sprinkler,Zaid,Maize,2.02,151.43,72.98,56.11,1,6.352
Wheat,Wheat (Sharbati),Traditional,21.32,15.02,31.61,501.62,52.64,8.13,128,6.64,85.25,43.27,33.3,3.74,Black,41.57,Sprinkler,Rabi,Maize,17.63,65.13,30.26,20.58,0,4.114
Rice,Rice (Basmati),Traditional,27.15,20.49,35.79,1360.22,79.66,7.0,140,7.14,75.47,34.56,36.12,3.12,Sandy,77.55,Rainfed,Kharif,Maize,13.76,49.55,31.61,30.33,1,2.832
Millet,Millet (Sorghum/Jowar),Traditional,28.13,20.13,39.11,665.37,55.27,9.55,108,6.77,71.86,35.18,28.61,1.54,Black,52.57,Rainfed,Kharif,Millet,19.47,60.43,24.18,27.76,0,2.77
Maize,Maize (Sweet Corn),HYV,26.51,21.38,37.55,688.15,64.84,7.22,83,6.48,114.81,57.93,40.63,4.7,Loamy,59.15,Drip,Zaid,Pulses,9.88,150.8,87.68,74.29,1,7.695
Millet,Millet (Sorghum/Jowar),Traditional,28.08,22.7,37.2,634.1,60.82,8.16,126,6.61,66.91,34.92,34.25,2.23,Laterite,50.76,Rainfed,Kharif,Wheat,13.69,48.24,21.95,18.65,1,1.997
Maize,Maize (Feed Corn),HYV,23.63,16.51,34.57,752.51,62.25,6.22,102,6.93,142.06,73.26,52.87,2.62,Desert,64.64,Sprinkler,Kharif,Wheat,13.54,126.65,77.56,56.98,1,8.507
Millet,Millet (Finger/Ragi),Hybrid,29.74,22.01,37.94,548.52,69.38,7.75,113,5.73,36.58,28.08,17.52,1.99,Loamy,61.76,Sprinkler,Kharif,Sugarcane,14.76,24.67,22.48,16.25,1,3.897
Soybean,Soybean (Oil Grade),HYV,29.53,22.33,41.1,827.98,74.97,8.81,115,6.53,20.23,59.95,42.77,3.52,Alluvial,64.84,Sprinkler,Kharif,Soybean,6.38,23.92,57.27,30.79,1,3.109
Millet,Millet (Pearl/Bajra),HYV,30.58,24.57,38.57,378.37,44.78,9.01,80,7.38,49.16,23.51,25.01,2.47,Sandy,50.94,Sprinkler,Kharif,Maize,19.19,40.78,27.52,26.52,1,1.396
Rice,Rice (Basmati),HYV,26.37,19.73,34.09,1066.97,84.16,8.41,133,6.53,75.82,35.1,31.28,4.22,Loamy,69.92,Rainfed,Kharif,Pulses,4.15,75.76,32.28,34.9,0,4.003
Wheat,Wheat (Common),Hybrid,18.78,13.23,27.06,406.99,51.81,8.78,122,6.04,89.11,41.33,35.83,3.8,Alluvial,40.22,Flood,Rabi,Wheat,6.08,94.75,46.75,35.01,1,5.648
Millet,Millet (Foxtail),Hybrid,28.46,21.44,40.22,532.34,59.93,7.58,66,7.23,38.52,17.02,19.52,2.98,Clayey,49.14,Sprinkler,Kharif,Millet,3.54,28.32,13.44,14.24,0,1.566
Rice,Rice (Sona Masuri),Hybrid,27.93,22.04,35.01,1078.39,75.94,6.59,120,6.43,83.66,38.85,43.69,2.41,Alluvial,82.1,Flood,Kharif,Maize,4.53,83.3,48.32,46.79,0,6.284
Maize,Maize (Popcorn),Traditional,26.95,21.7,35.69,719.92,55.39,7.01,101,6.26,95.37,49.51,47.42,4.2,Alluvial,63.14,Drip,Zaid,Millet,12.9,75.32,44.18,42.51,1,4.44
Wheat,Wheat (Sharbati),HYV,19.93,13.59,29.17,457.06,55.76,8.4,119,7.21,99.32,43.27,39.97,2.6,Black,51.28,Sprinkler,Rabi,Rice,9.39,94.8,45.6,34.48,1,4.553
Millet,Millet (Foxtail),HYV,27.42,19.46,35.15,412.35,64.94,9.73,65,6.64,32.52,24.58,17.99,2.64,Red,57.87,Rainfed,Rabi,Soybean,3.18,36.38,18.81,19.85,0,1.618
Wheat,Wheat (Sharbati),Traditional,20.82,13.53,30.46,433.91,54.28,8.73,115,7.41,93.54,47.32,37.31,2.25,Alluvial,41.18,Drip,Rabi,Millet,3.54,66.68,37.32,31.0,0,3.71
Millet,Millet (Pearl/Bajra),Hybrid,30.9,24.65,41.9,370.29,46.87,9.0,68,6.9,48.32,24.35,27.13,1.86,Sandy,48.44,Rainfed,Kharif,Pulses,11.97,65.43,22.82,23.48,1,1.463
Rice,Rice (Basmati),Traditional,25.01,18.1,32.26,1128.8,70.89,7.81,147,6.39,73.31,38.0,36.63,2.28,Alluvial,74.91,Sprinkler,Kharif,Fallow,18.86,53.79,28.75,24.08,1,4.788
Maize,Maize (Feed Corn),Traditional,27.74,21.38,34.76,840.1,64.85,6.45,109,6.57,123.31,62.62,57.52,3.49,Alluvial,60.63,Flood,Kharif,Maize,7.11,100.9,50.11,54.52,1,5.631
Wheat,Wheat (Common),HYV,17.36,11.52,27.81,530.3,61.09,7.0,115,7.07,92.0,43.09,35.57,2.82,Loamy,55.29,Flood,Rabi,Fallow,15.11,75.81,39.87,26.15,0,4.314
Soybean,Soybean (Oil Grade),HYV,25.11,19.46,32.23,832.46,75.38,8.15,104,6.8,26.02,53.36,38.82,2.04,Red,75.27,Sprinkler,Kharif,Wheat,2.84,18.27,46.71,31.52,1,3.892
Millet,Millet (Finger/Ragi),HYV,30.45,24.45,40.96,697.7,64.96,7.79,114,6.73,41.41,25.73,18.5,2.32,Black,43.03,Rainfed,Kharif,Maize,16.07,46.44,22.69,23.94,1,2.285
Wheat,Wheat (Sharbati),HYV,18.54,12.28,28.61,553.78,53.64,7.56,127,7.32,83.11,46.53,39.01,2.21,Black,43.64,Sprinkler,Rabi,Fallow,7.79,67.71,33.64,26.29,1,3.935
Rice,Rice (Non-Basmati),HYV,31.81,24.8,39.58,1166.61,74.09,8.3,127,6.22,96.21,58.11,43.19,2.09,Laterite,87.72,Sprinkler,Kharif,Millet,8.51,69.77,49.97,37.17,1,5.581
Maize,Maize (Feed Corn),Traditional,27.2,21.84,36.35,804.02,60.16,7.44,119,6.8,130.74,74.56,65.33,4.77,Alluvial,57.97,Flood,Kharif,Rice,8.65,108.5,62.63,44.34,1,7.695
Maize,Maize (Feed Corn),HYV,23.41,16.55,30.98,697.58,63.94,6.59,101,6.05,141.25,75.48,60.0,4.59,Red,72.07,Flood,Kharif,Rice,2.97,89.84,43.39,40.93,1,7.812
Maize,Maize (Sweet Corn),HYV,22.66,14.77,31.1,798.27,60.09,7.45,85,6.59,109.32,67.67,40.77,4.53,Black,53.39,Drip,Rabi,Millet,12.06,113.97,64.1,59.03,1,7.834
Wheat,Wheat (Durum),HYV,19.21,11.98,31.07,489.92,65.64,7.13,134,7.4,87.2,47.04,35.55,1.74,Loamy,52.58,Sprinkler,Rabi,Cotton,9.68,74.41,41.58,26.55,0,3.18
Maize,Maize (Sweet Corn),HYV,26.82,19.09,35.08,511.41,63.04,8.27,95,6.21,103.38,50.3,41.21,4.01,Loamy,67.96,Drip,Zaid,Pulses,15.08,104.64,62.75,48.82,1,8.563
Maize,Maize (Sweet Corn),Hybrid,24.96,18.51,34.49,590.58,63.64,7.23,97,6.16,112.6,51.95,45.8,3.49,Loamy,63.38,Sprinkler,Kharif,Rice,16.71,111.28,66.52,63.14,0,8.736
Millet,Millet (Sorghum/Jowar),Traditional,28.0,22.26,39.16,500.15,62.79,8.75,119,7.3,67.72,38.44,31.43,2.4,Red,49.16,Drip,Rabi,Cotton,0.9,46.08,26.15,17.14,0,1.811
Rice,Rice (Non-Basmati),Traditional,30.38,25.27,39.2,1339.58,73.73,6.36,125,7.14,104.03,59.26,52.54,4.35,Laterite,86.94,Rainfed,Zaid,Sugarcane,12.6,86.34,41.35,39.18,1,3.994
Millet,Millet (Sorghum/Jowar),HYV,27.58,19.81,38.02,470.53,58.36,9.51,106,6.6,63.53,30.75,34.41,2.83,Loamy,45.6,Sprinkler,Kharif,Sugarcane,1.14,58.89,31.6,29.58,1,1.496
Maize,Maize (Sweet Corn),HYV,26.03,18.53,34.67,550.77,68.87,6.85,80,6.67,119.91,59.89,50.84,2.32,Alluvial,58.52,Sprinkler,Kharif,Cotton,10.98,106.27,59.02,56.34,1,5.879
Maize,Maize (Feed Corn),Hybrid,25.75,20.26,35.91,781.65,76.67,8.2,115,7.37,123.99,75.55,69.18,4.87,Red,61.41,Drip,Kharif,Wheat,0.85,143.89,74.95,71.01,1,11.7
Soybean,Soybean (Food Grade),Hybrid,28.23,20.83,36.5,801.4,62.75,6.74,110,6.28,27.52,49.67,36.99,2.12,Red,52.83,Sprinkler,Zaid,Millet,10.67,29.44,54.67,35.4,1,2.815
Wheat,Wheat (Sharbati),Traditional,18.46,11.75,25.81,532.47,52.21,7.84,118,7.4,85.32,41.49,39.68,2.05,Black,63.71,Drip,Rabi,Maize,11.02,76.81,38.38,29.49,1,5.035
Millet,Millet (Sorghum/Jowar),Hybrid,30.22,22.72,38.89,440.34,55.57,8.31,99,7.25,63.83,32.44,32.86,2.83,Red,44.65,Rainfed,Kharif,Cotton,18.74,85.98,36.1,31.3,1,2.243
Wheat,Wheat (Durum),Hybrid,22.82,17.73,31.66,457.68,60.08,8.2,131,7.43,90.39,45.71,38.72,3.01,Loamy,58.84,Flood,Rabi,Wheat,1.66,89.24,53.77,41.91,1,5.007
Wheat,Wheat (Sharbati),Traditional,17.28,11.32,26.94,412.12,60.25,8.15,118,6.48,97.23,42.4,36.51,3.67,Alluvial,49.68,Drip,Zaid,Fallow,3.41,66.36,27.63,26.56,0,2.806
Millet,Millet (Sorghum/Jowar),HYV,31.96,26.13,41.75,560.01,67.67,7.21,92,6.18,79.25,34.99,29.21,3.09,Loamy,56.73,Sprinkler,Kharif,Millet,10.27,71.11,35.6,30.67,1,4.413
Millet,Millet (Foxtail),Hybrid,28.39,23.16,40.35,323.54,61.55,8.04,72,5.67,35.58,15.88,15.06,2.48,Loamy,46.46,Sprinkler,Rabi,Maize,1.24,28.36,14.07,13.45,1,1.395
Rice,Rice (Sona Masuri),Traditional,27.51,22.31,34.7,1307.22,75.78,6.4,126,6.65,70.68,43.27,42.74,3.67,Laterite,79.0,Flood,Kharif,Cotton,11.94,58.78,26.66,29.92,1,5.888
Wheat,Wheat (Sharbati),Traditional,19.56,11.81,28.46,519.49,62.69,8.79,130,6.1,83.92,41.73,35.11,3.36,Alluvial,47.91,Drip,Rabi,Millet,2.1,69.84,36.84,31.57,1,4.113
Millet,Millet (Finger/Ragi),Hybrid,30.3,23.29,38.37,548.89,55.12,9.06,123,5.63,42.57,22.64,16.24,2.53,Loamy,52.2,Sprinkler,Kharif,Millet,14.28,48.23,22.71,25.45,0,3.78
Rice,Rice (Basmati),HYV,28.38,21.7,39.33,1369.4,79.38,8.96,140,6.39,73.23,30.32,30.83,2.88,Alluvial,81.95,Sprinkler,Kharif,Soybean,13.73,75.83,34.76,35.37,1,4.817
Rice,Rice (Sona Masuri),HYV,27.15,21.22,38.0,1008.9,77.17,7.22,125,6.44,74.04,40.48,40.55,2.19,Alluvial,71.41,Sprinkler,Kharif,Cotton,0.54,73.36,41.85,40.29,1,6.771
Millet,Millet (Foxtail),Hybrid,27.5,19.92,36.37,480.45,51.66,8.11,80,7.32,39.26,21.52,17.5,1.44,Red,57.85,Rainfed,Kharif,Maize,1.49,36.93,25.84,20.04,0,1.825
Maize,Maize (Sweet Corn),HYV,22.13,15.43,30.73,764.41,67.49,8.41,95,6.72,103.11,67.05,52.41,4.42,Loamy,60.45,Sprinkler,Rabi,Rice,4.33,118.51,66.55,48.42,0,4.795
Soybean,Soybean (Oil Grade),Traditional,28.1,22.17,35.78,718.41,79.63,6.64,106,6.33,23.75,60.07,44.5,3.68,Black,62.98,Sprinkler,Kharif,Maize,0.92,22.27,51.74,32.95,0,3.6
Wheat,Wheat (Common),Traditional,21.7,15.82,33.27,562.61,58.26,7.17,127,6.99,84.99,45.34,36.35,2.07,Loamy,42.81,Flood,Rabi,Wheat,3.8,67.31,34.56,28.51,1,3.712
Rice,Rice (Non-Basmati),Traditional,30.78,24.64,39.22,1242.76,76.97,7.48,111,6.2,100.47,58.68,40.75,3.5,Alluvial,86.36,Drip,Kharif,Pulses,7.94,64.46,35.71,33.87,1,4.802
Maize,Maize (Sweet Corn),Hybrid,26.34,20.92,36.01,731.79,73.24,7.42,90,6.87,100.07,57.58,40.25,3.09,Black,62.29,Sprinkler,Kharif,Millet,5.99,112.78,56.54,62.66,1,9.75
Wheat,Wheat (Common),Hybrid,18.34,10.97,27.14,480.28,55.75,7.36,114,7.34,89.23,45.08,39.08,2.71,Black,59.64,Flood,Rabi,Millet,3.78,76.18,35.25,30.67,1,4.397
Rice,Rice (Sona Masuri),Hybrid,26.89,20.24,36.83,1254.2,76.17,6.15,140,5.73,79.22,40.45,44.51,2.92,Loamy,84.5,Flood,Kharif,Soybean,0.93,91.74,46.86,39.81,1,5.82
Soybean,Soybean (Food Grade),Traditional,26.8,19.44,35.55,873.9,75.18,7.43,94,6.47,20.55,48.11,33.39,3.72,Desert,54.28,Rainfed,Kharif,Wheat,9.19,19.47,28.49,23.44,0,2.41
Soybean,Soybean (Oil Grade),Hybrid,26.16,20.04,34.55,652.2,72.56,6.24,96,6.1,22.71,66.36,42.16,4.19,Red,70.87,Rainfed,Kharif,Wheat,6.24,17.07,47.78,32.09,1,2.793
Millet,Millet (Foxtail),Traditional,30.64,23.43,38.21,416.74,53.08,8.49,73,7.15,35.2,20.62,15.23,1.43,Laterite,46.51,Rainfed,Zaid,Maize,5.84,39.85,21.12,19.81,1,0.692
Millet,Millet (Foxtail),HYV,30.47,24.51,39.71,528.08,47.55,7.19,83,6.98,34.15,15.14,19.25,1.43,Red,39.28,Rainfed,Kharif,Maize,3.28,22.03,15.94,13.63,1,1.122
Rice,Rice (Sona Masuri),Traditional,28.9,21.42,37.47,1020.07,77.24,8.74,125,5.56,79.37,43.43,44.31,3.65,Sandy,80.66,Sprinkler,Kharif,Maize,16.41,56.1,25.97,23.94,0,4.147
Wheat,Wheat (Durum),HYV,19.66,13.71,27.12,626.54,63.85,8.87,138,6.59,96.47,58.6,30.06,1.7,Loamy,61.87,Flood,Rabi,Sugarcane,11.8,89.1,50.44,39.05,1,4.151
Millet,Millet (Pearl/Bajra),Hybrid,28.44,22.29,38.4,568.12,52.6,8.39,69,7.48,46.56,20.4,20.92,1.87,Red,37.95,Drip,Kharif,Wheat,11.06,63.4,30.95,29.44,1,2.503
Millet,Millet (Foxtail),Traditional,31.27,24.79,42.04,511.95,45.88,9.44,70,7.33,32.84,16.03,19.77,2.81,Red,37.14,Rainfed,Kharif,Sugarcane,4.5,24.82,18.37,12.49,0,0.719
Soybean,Soybean (Food Grade),Traditional,29.89,22.89,38.77,690.22,74.96,7.57,109,6.13,27.39,45.34,33.57,2.64,Loamy,58.57,Rainfed,Kharif,Soybean,4.49,19.96,41.37,24.5,1,1.22
Maize,Maize (Popcorn),Traditional,24.17,17.72,34.27,681.8,59.32,8.59,87,6.11,93.99,47.2,45.06,2.83,Alluvial,67.07,Sprinkler,Kharif,Maize,17.12,74.43,35.48,36.18,1,4.912
Soybean,Soybean (Food Grade),HYV,25.57,18.24,36.7,730.44,69.11,6.65,95,6.27,26.46,59.65,33.86,2.24,Alluvial,73.36,Rainfed,Zaid,Soybean,15.82,22.71,43.82,38.47,0,1.988
Soybean,Soybean (Food Grade),HYV,27.96,22.83,36.54,781.91,69.99,6.26,109,6.45,28.5,54.67,30.07,3.11,Desert,50.8,Flood,Kharif,Fallow,9.63,23.76,51.36,37.96,1,1.791
Soybean,Soybean (Oil Grade),Hybrid,26.18,19.8,36.57,877.08,79.84,6.79,116,6.99,21.58,56.69,38.99,3.1,Laterite,74.4,Rainfed,Rabi,Maize,11.88,29.18,60.19,38.86,1,3.346
Maize,Maize (Feed Corn),HYV,27.6,20.22,39.0,649.85,63.05,8.67,107,7.43,125.57,69.3,69.66,3.25,Clayey,67.87,Sprinkler,Kharif,Cotton,18.26,122.25,68.23,59.53,1,7.196
Soybean,Soybean (Oil Grade),Hybrid,29.88,23.44,41.42,706.28,65.69,6.53,108,7.2,26.64,66.1,37.93,3.2,Black,59.43,Sprinkler,Kharif,Sugarcane,10.49,32.36,75.15,47.98,1,2.798
Maize,Maize (Sweet Corn),Traditional,23.98,18.4,34.85,562.88,72.88,7.14,80,6.01,102.78,69.99,46.91,4.41,Loamy,58.53,Sprinkler,Rabi,Cotton,9.67,79.52,39.68,31.31,1,6.269
Soybean,Soybean (Oil Grade),Traditional,26.74,21.18,34.85,845.59,71.53,6.05,108,7.07,20.13,51.86,44.58,2.85,Red,64.78,Sprinkler,Kharif,Rice,12.28,16.87,41.16,30.36,1,3.217
Wheat,Wheat (Sharbati),Hybrid,17.43,10.51,27.34,570.8,50.47,9.61,135,6.49,94.32,44.4,39.21,2.48,Loamy,43.84,Drip,Rabi,Cotton,19.3,106.28,53.14,36.51,1,4.508
Wheat,Wheat (Common),Traditional,19.78,13.75,30.49,537.27,61.58,8.91,129,6.48,90.9,46.53,34.25,2.75,Alluvial,56.3,Flood,Rabi,Millet,5.02,66.58,32.04,26.12,1,3.183
Maize,Maize (Popcorn),Traditional,22.62,14.89,30.79,692.0,64.77,7.4,85,6.67,80.54,55.01,42.83,2.93,Alluvial,61.61,Sprinkler,Zaid,Millet,4.99,65.65,45.56,39.31,1,4.383
Millet,Millet (Finger/Ragi),Hybrid,26.44,18.74,34.55,577.56,53.72,7.41,100,6.38,39.67,22.7,17.29,2.61,Red,56.9,Rainfed,Kharif,Rice,2.48,36.89,25.79,18.12,1,3.317
Wheat,Wheat (Durum),Traditional,18.33,12.17,26.02,462.94,53.44,9.61,133,6.67,86.52,52.37,35.02,2.34,Loamy,62.22,Drip,Rabi,Rice,15.08,75.28,38.95,30.55,0,5.257
Wheat,Wheat (Common),HYV,17.93,11.8,29.14,472.84,58.24,7.96,110,7.0,84.18,47.5,30.39,2.49,Alluvial,67.29,Sprinkler,Rabi,Millet,2.72,83.7,40.94,27.13,0,6.382
Millet,Millet (Foxtail),Traditional,28.09,21.68,36.44,451.64,63.18,9.19,63,5.64,34.57,22.85,18.74,1.96,Laterite,56.43,Sprinkler,Kharif,Sugarcane,1.28,31.84,18.61,13.19,1,1.169
Millet,Millet (Finger/Ragi),HYV,26.24,19.18,35.72,409.58,68.69,9.07,123,7.05,39.31,24.01,20.45,3.37,Red,54.22,Sprinkler,Kharif,Maize,12.13,37.49,23.88,19.5,1,1.847
Rice,Rice (Non-Basmati),HYV,28.79,20.79,37.74,1293.5,80.07,6.57,137,6.87,97.16,57.3,53.89,2.02,Black,80.42,Sprinkler,Kharif,Maize,5.13,86.7,45.31,48.91,1,6.646
Millet,Millet (Sorghum/Jowar),HYV,29.53,21.68,41.12,519.14,62.97,9.36,121,7.06,62.06,35.03,26.28,3.05,Loamy,55.4,Sprinkler,Rabi,Sugarcane,6.27,55.18,27.07,26.55,0,1.976
Rice,Rice (Sona Masuri),Traditional,26.18,20.51,35.43,1279.09,73.3,8.93,138,6.3,70.38,43.85,42.89,2.49,Alluvial,83.33,Rainfed,Kharif,Wheat,17.35,60.88,33.09,33.86,0,3.266
Maize,Maize (Feed Corn),Traditional,28.29,21.79,36.55,787.75,68.87,6.44,102,5.77,129.1,62.07,60.43,3.59,Loamy,63.69,Sprinkler,Kharif,Soybean,15.53,100.96,63.0,54.34,1,9.865
Millet,Millet (Finger/Ragi),HYV,26.2,18.68,37.96,680.59,54.27,7.38,114,6.98,44.63,23.56,18.39,3.3,Black,44.49,Sprinkler,Kharif,Wheat,4.73,43.3,29.93,19.96,1,3.831
Wheat,Wheat (Durum),HYV,20.32,13.17,30.57,511.25,54.16,7.38,131,6.66,93.45,49.07,37.96,3.1,Alluvial,49.74,Rainfed,Zaid,Maize,19.23,84.82,45.58,37.36,1,3.403
Rice,Rice (Basmati),Traditional,27.45,20.29,38.56,1359.23,78.03,7.43,142,7.15,63.74,33.24,34.25,3.52,Loamy,66.06,Drip,Kharif,Millet,6.75,55.27,28.39,28.39,1,4.145
Rice,Rice (Sona Masuri),HYV,26.25,19.7,34.99,1217.15,84.2,6.43,129,5.62,79.25,42.07,40.81,3.24,Loamy,68.85,Flood,Kharif,Pulses,11.72,89.26,35.2,37.0,1,5.165
Soybean,Soybean (Food Grade),Traditional,24.29,19.08,33.22,649.38,75.06,6.71,93,6.39,28.99,56.46,35.4,2.0,Alluvial,58.21,Sprinkler,Kharif,Rice,9.75,19.01,39.15,25.96,1,1.875
Wheat,Wheat (Durum),HYV,20.74,14.7,32.1,528.51,61.16,9.93,135,7.28,81.28,45.79,38.89,2.09,Black,69.9,Flood,Rabi,Pulses,5.21,91.88,58.21,38.07,1,4.248
Millet,Millet (Sorghum/Jowar),Hybrid,30.52,23.61,41.62,628.72,50.34,7.95,103,7.6,60.19,30.18,27.0,1.96,Loamy,44.15,Rainfed,Kharif,Maize,11.32,71.24,36.31,29.24,0,2.164
Millet,Millet (Foxtail),Hybrid,27.49,19.98,36.06,310.24,45.95,9.57,76,6.96,35.44,19.63,15.64,1.4,Loamy,58.52,Sprinkler,Kharif,Sugarcane,5.74,28.74,18.93,12.5,1,1.909
Rice,Rice (Non-Basmati),Traditional,31.99,26.25,43.2,1511.51,74.62,6.3,113,5.7,109.49,49.01,46.47,4.57,Alluvial,79.84,Sprinkler,Kharif,Soybean,15.95,79.5,33.45,34.06,1,7.958
Maize,Maize (Feed Corn),Hybrid,25.98,20.82,33.61,709.89,60.32,8.75,117,6.13,142.35,60.02,61.57,2.84,Red,73.55,Flood,Rabi,Sugarcane,13.73,162.64,67.75,76.43,1,5.764
Millet,Millet (Pearl/Bajra),Hybrid,29.54,23.52,39.01,415.3,59.63,9.79,77,6.57,51.55,25.47,25.08,2.89,Loamy,42.61,Sprinkler,Rabi,Wheat,8.7,44.42,22.42,31.08,0,3.091
Millet,Millet (Finger/Ragi),HYV,27.79,21.92,35.24,458.63,69.65,9.61,128,6.04,40.87,20.56,15.64,3.36,Black,53.78,Rainfed,Kharif,Pulses,16.29,38.82,22.08,23.33,1,2.076
Maize,Maize (Feed Corn),Hybrid,24.88,19.04,36.22,646.4,71.86,7.28,107,6.9,144.8,75.41,62.24,4.07,Alluvial,69.02,Sprinkler,Kharif,Sugarcane,16.48,143.62,87.56,64.94,1,9.391
Maize,Maize (Feed Corn),Hybrid,27.53,21.12,35.57,765.23,64.42,7.89,104,7.14,142.35,68.02,65.77,2.46,Loamy,60.08,Sprinkler,Kharif,Pulses,7.77,153.05,71.15,57.15,1,8.397
Soybean,Soybean (Oil Grade),HYV,29.01,21.42,40.06,770.9,67.0,6.41,100,6.19,20.29,55.65,39.07,2.31,Clayey,71.99,Sprinkler,Kharif,Millet,15.41,24.36,50.52,43.38,1,2.668
Millet,Millet (Foxtail),Hybrid,29.09,23.61,37.51,325.07,61.73,10.0,85,5.6,34.72,15.07,16.38,1.16,Sandy,45.51,Drip,Kharif,Sugarcane,11.72,50.49,32.49,24.73,0,0.975
Millet,Millet (Foxtail),Traditional,28.91,21.97,40.67,456.29,50.69,9.97,73,6.77,37.6,16.72,19.88,2.09,Loamy,53.04,Sprinkler,Kharif,Pulses,2.5,24.97,12.98,15.46,1,1.585
Soybean,Soybean (Oil Grade),HYV,27.36,21.13,38.62,820.31,76.03,7.33,116,6.25,26.1,58.09,42.23,2.85,Sandy,73.78,Sprinkler,Kharif,Fallow,13.53,29.17,50.86,44.54,1,4.235
Rice,Rice (Sona Masuri),HYV,27.16,20.2,35.64,1328.81,70.21,7.21,140,6.61,81.45,42.64,35.7,3.21,Desert,68.09,Sprinkler,Kharif,Rice,1.64,63.67,30.44,31.91,1,5.666
Millet,Millet (Sorghum/Jowar),Hybrid,28.92,21.95,38.34,532.67,59.5,9.7,130,7.63,77.27,34.52,34.5,1.87,Loamy,50.5,Sprinkler,Rabi,Wheat,9.94,85.19,38.12,37.04,1,1.837
Millet,Millet (Foxtail),HYV,30.34,22.76,41.22,506.94,55.38,8.51,67,7.32,34.95,21.46,15.34,1.33,Loamy,41.74,Drip,Kharif,Wheat,0.57,40.24,21.31,22.61,0,2.152
Millet,Millet (Finger/Ragi),Hybrid,27.66,21.79,35.37,670.22,63.58,9.47,121,5.43,30.69,24.46,19.35,3.17,Black,40.74,Rainfed,Kharif,Maize,8.15,42.3,24.34,18.33,1,4.348
Rice,Rice (Basmati),Traditional,26.29,20.34,33.73,1151.61,84.5,8.83,148,6.39,66.94,37.94,36.25,4.81,Loamy,76.99,Flood,Kharif,Wheat,9.27,63.93,26.3,28.31,1,3.548
Rice,Rice (Non-Basmati),HYV,26.61,20.45,38.01,1590.27,77.86,8.66,133,7.13,91.88,44.27,53.34,4.01,Clayey,87.53,Flood,Kharif,Fallow,8.94,100.16,56.25,54.88,1,6.11
Rice,Rice (Non-Basmati),Traditional,29.87,23.2,40.04,1537.0,84.93,7.49,118,6.78,98.23,49.16,40.33,2.52,Clayey,77.21,Flood,Kharif,Soybean,19.19,87.03,37.56,47.92,0,4.207
Millet,Millet (Finger/Ragi),HYV,30.7,23.35,39.36,541.2,65.23,9.56,117,5.14,31.69,22.75,20.63,3.27,Red,42.19,Rainfed,Kharif,Sugarcane,10.2,50.0,27.36,25.49,1,2.665
Maize,Maize (Feed Corn),HYV,26.26,20.74,35.2,813.35,60.37,8.51,105,5.72,148.59,78.53,63.09,2.47,Loamy,69.15,Flood,Kharif,Pulses,5.78,131.24,77.28,52.8,1,4.628
Millet,Millet (Sorghum/Jowar),Traditional,32.26,27.11,43.89,475.16,55.03,9.71,117,6.62,67.14,35.77,33.76,3.03,Loamy,62.1,Sprinkler,Kharif,Pulses,16.48,62.79,28.32,24.42,1,1.995
Rice,Rice (Basmati),Traditional,26.65,19.39,35.3,1069.12,75.99,8.94,148,6.92,68.66,30.71,34.88,4.11,Laterite,72.83,Flood,Rabi,Pulses,10.69,51.01,26.81,31.44,1,3.026
Millet,Millet (Pearl/Bajra),Traditional,32.44,25.29,44.15,348.79,47.16,9.35,78,7.68,45.16,25.4,22.52,1.93,Desert,53.36,Rainfed,Kharif,Fallow,2.78,32.3,22.27,19.0,1,1.503
Millet,Millet (Foxtail),HYV,27.72,21.31,37.04,462.9,45.49,8.45,78,6.78,37.31,21.84,18.75,2.71,Sandy,37.12,Flood,Rabi,Pulses,9.06,33.62,18.82,16.7,1,2.563
Maize,Maize (Feed Corn),Traditional,24.43,17.28,32.83,641.49,61.23,7.65,120,5.97,131.24,60.24,65.96,4.07,Alluvial,61.45,Sprinkler,Kharif,Pulses,19.7,109.44,53.76,53.71,0,7.027
Soybean,Soybean (Food Grade),HYV,26.54,18.93,36.98,610.44,68.59,8.22,102,7.02,24.58,40.11,35.59,2.88,Desert,57.82,Rainfed,Kharif,Millet,12.1,19.4,48.38,28.23,1,2.735
Rice,Rice (Non-Basmati),Hybrid,28.12,21.99,37.35,1495.08,86.04,8.16,122,6.31,91.66,44.69,50.65,2.34,Loamy,78.73,Sprinkler,Zaid,Pulses,7.32,97.39,55.8,62.38,1,6.619
Millet,Millet (Sorghum/Jowar),Traditional,29.61,23.72,37.12,637.61,56.24,8.33,97,6.12,73.93,31.53,26.38,2.04,Red,47.7,Sprinkler,Kharif,Wheat,11.51,49.75,30.19,24.73,1,3.1
Maize,Maize (Sweet Corn),Traditional,24.61,18.91,35.6,544.87,69.46,7.83,94,5.93,105.61,53.2,44.06,4.35,Loamy,61.03,Drip,Rabi,Rice,6.21,89.47,44.96,37.45,1,7.195
Wheat,Wheat (Sharbati),Hybrid,21.16,14.41,28.45,574.35,63.17,9.56,126,6.17,99.8,45.61,32.71,2.64,Laterite,63.76,Drip,Zaid,Millet,3.42,92.75,43.67,32.1,1,4.21
Millet,Millet (Foxtail),Traditional,31.04,25.66,39.45,510.25,60.3,8.15,60,6.51,36.9,21.45,15.9,2.94,Sandy,55.75,Rainfed,Kharif,Pulses,16.24,30.84,18.52,15.03,1,1.015
Rice,Rice (Basmati),Hybrid,28.22,21.99,35.35,1078.08,80.74,7.98,130,6.83,65.08,31.96,35.06,3.79,Clayey,68.48,Flood,Kharif,Maize,5.24,84.26,37.37,40.35,1,4.944
Rice,Rice (Non-Basmati),HYV,28.69,21.02,38.81,1595.1,86.39,6.13,112,7.14,94.52,43.89,47.3,2.64,Loamy,77.99,Flood,Kharif,Fallow,4.95,72.95,43.86,40.52,1,4.98
Millet,Millet (Sorghum/Jowar),HYV,32.43,26.61,39.62,497.23,52.05,8.31,100,7.96,69.95,36.53,27.65,2.7,Black,51.97,Sprinkler,Rabi,Rice,4.5,60.7,36.26,33.62,1,3.413
Millet,Millet (Finger/Ragi),Hybrid,28.39,22.75,40.15,599.09,54.04,8.47,122,5.95,41.2,25.29,20.34,1.95,Black,48.28,Rainfed,Zaid,Rice,18.7,54.87,31.68,17.06,1,1.581
Wheat,Wheat (Durum),Hybrid,21.3,13.55,29.54,636.86,57.77,9.88,125,6.15,90.82,42.65,38.9,2.97,Alluvial,50.87,Sprinkler,Rabi,Soybean,19.39,103.43,63.53,41.75,1,3.986
Wheat,Wheat (Sharbati),HYV,17.94,10.68,25.74,491.79,61.34,9.09,117,6.78,98.3,41.18,31.51,2.45,Clayey,51.43,Sprinkler,Rabi,Wheat,6.79,99.3,43.33,37.44,1,5.044
Maize,Maize (Sweet Corn),HYV,25.18,19.76,36.37,590.65,63.32,8.22,82,5.92,112.14,63.3,52.62,3.7,Loamy,57.31,Drip,Rabi,Rice,2.37,104.15,54.3,52.55,1,9.75
Soybean,Soybean (Oil Grade),Hybrid,28.82,23.41,40.32,760.51,71.6,8.78,111,6.83,20.99,54.8,39.78,3.42,Laterite,76.25,Sprinkler,Rabi,Sugarcane,15.65,31.09,70.35,49.47,1,3.21
Wheat,Wheat (Common),Hybrid,20.95,13.96,31.11,570.65,50.58,9.31,121,6.02,91.18,43.49,30.51,2.54,Loamy,59.32,Flood,Rabi,Soybean,14.73,100.37,54.43,35.04,1,7.671
Soybean,Soybean (Oil Grade),Traditional,28.02,22.94,38.64,747.13,71.47,6.04,100,6.89,23.47,59.61,39.23,3.15,Black,60.94,Rainfed,Kharif,Wheat,9.8,17.99,38.36,28.54,1,3.034
Maize,Maize (Feed Corn),Hybrid,24.32,17.69,35.55,595.7,62.14,7.55,99,6.58,136.71,78.85,69.15,4.28,Black,75.24,Sprinkler,Kharif,Sugarcane,6.27,158.83,76.09,59.12,0,11.7
Soybean,Soybean (Food Grade),HYV,25.64,19.99,34.95,668.06,63.51,7.42,92,7.2,28.7,48.58,33.49,2.03,Red,73.41,Rainfed,Rabi,Soybean,3.74,23.27,43.36,33.36,0,1.497
Wheat,Wheat (Sharbati),Traditional,19.29,13.36,27.7,474.14,55.97,7.21,115,7.21,81.2,48.9,34.19,3.8,Alluvial,41.62,Drip,Rabi,Wheat,6.64,75.02,39.66,31.6,0,4.22
Wheat,Wheat (Durum),HYV,22.81,15.99,33.96,552.9,55.0,9.08,136,7.26,83.97,46.34,35.17,2.93,Loamy,49.85,Drip,Zaid,Cotton,1.89,81.38,45.13,35.29,1,4.406
Soybean,Soybean (Food Grade),Hybrid,24.69,17.57,33.57,731.63,73.61,8.46,108,6.22,26.1,58.9,31.92,2.96,Loamy,51.34,Rainfed,Kharif,Millet,1.58,25.21,52.59,34.65,1,2.042
Rice,Rice (Basmati),HYV,28.36,21.26,37.17,1439.64,80.88,6.34,147,6.46,66.52,30.71,33.5,4.59,Loamy,65.83,Rainfed,Kharif,Pulses,8.17,70.89,39.76,33.69,1,3.821
Rice,Rice (Non-Basmati),Traditional,27.67,21.49,35.33,1353.84,83.85,7.89,114,7.36,98.03,53.4,45.38,3.23,Clayey,82.75,Sprinkler,Kharif,Maize,4.87,82.54,44.77,44.59,1,7.345
Soybean,Soybean (Food Grade),Traditional,26.66,21.56,36.94,689.95,63.61,8.11,104,6.6,28.23,44.17,39.75,3.37,Clayey,64.23,Drip,Kharif,Sugarcane,18.83,14.09,33.32,23.32,1,3.785
Millet,Millet (Foxtail),Hybrid,30.67,24.34,41.11,518.08,51.89,9.3,76,7.21,38.85,18.83,16.26,1.78,Red,42.66,Sprinkler,Kharif,Pulses,9.16,35.85,26.18,18.76,1,2.009
Maize,Maize (Sweet Corn),HYV,25.51,17.83,33.56,573.31,73.95,6.2,88,6.53,115.16,67.3,56.07,2.98,Loamy,70.32,Drip,Rabi,Fallow,8.8,103.73,50.67,52.53,1,7.099
Millet,Millet (Pearl/Bajra),HYV,34.7,27.53,45.9,564.38,50.59,10.42,69,7.27,42.31,26.97,28.75,1.95,Black,47.16,Rainfed,Kharif,Sugarcane,4.92,52.85,21.53,26.01,1,2.127
Rice,Rice (Non-Basmati),HYV,31.58,24.78,41.75,1481.47,73.06,8.92,120,6.02,104.31,51.52,47.94,4.97,Red,87.05,Flood,Kharif,Pulses,2.71,106.65,45.25,44.07,1,4.813
Maize,Maize (Feed Corn),Hybrid,27.56,20.91,37.17,617.05,73.52,6.88,113,6.03,121.97,76.87,67.26,4.17,Black,78.19,Flood,Kharif,Wheat,2.57,150.61,82.8,74.59,1,9.239
Millet,Millet (Finger/Ragi),Hybrid,29.08,23.74,37.77,484.31,55.01,9.92,117,7.34,31.48,26.21,15.77,2.69,Red,55.09,Rainfed,Kharif,Rice,1.53,30.4,22.12,17.32,1,2.227
Wheat,Wheat (Common),Hybrid,19.23,11.54,26.84,454.35,51.41,8.53,122,6.16,82.65,44.04,35.2,3.56,Black,57.57,Sprinkler,Rabi,Rice,10.29,103.96,50.73,33.98,1,5.373
Maize,Maize (Sweet Corn),Traditional,26.59,19.88,37.71,608.05,60.29,6.14,85,6.8,110.26,50.13,42.97,3.38,Alluvial,71.56,Sprinkler,Rabi,Cotton,1.58,90.64,41.91,40.9,1,7.713
Wheat,Wheat (Sharbati),HYV,17.22,11.29,28.07,511.76,50.16,9.37,125,6.66,99.99,41.21,38.15,3.6,Red,51.13,Sprinkler,Rabi,Maize,17.57,80.35,44.4,35.11,0,5.513
Maize,Maize (Feed Corn),Hybrid,26.58,20.38,36.68,689.54,73.15,6.79,97,5.53,138.06,79.62,58.41,2.64,Loamy,55.33,Flood,Kharif,Millet,12.25,152.87,80.31,63.38,1,8.537
Soybean,Soybean (Food Grade),HYV,28.28,23.06,36.15,753.13,70.19,8.36,95,7.28,29.15,40.93,33.05,2.82,Laterite,53.21,Sprinkler,Zaid,Cotton,18.05,26.62,43.58,36.94,1,2.549
Wheat,Wheat (Sharbati),HYV,18.69,11.95,27.06,582.15,56.28,9.97,121,7.02,99.25,44.94,34.07,2.46,Loamy,48.9,Drip,Rabi,Rice,4.7,124.47,61.72,43.66,1,6.106
Millet,Millet (Sorghum/Jowar),Traditional,29.16,21.97,39.11,430.5,59.4,9.63,120,6.28,79.05,32.51,28.47,1.91,Red,58.23,Flood,Rabi,Maize,18.53,50.46,26.89,26.2,1,2.74
Maize,Maize (Feed Corn),HYV,25.21,18.77,35.7,727.44,69.68,6.59,93,6.58,147.34,78.16,56.96,4.62,Alluvial,69.63,Flood,Kharif,Wheat,11.42,129.45,60.03,53.6,0,6.82
Wheat,Wheat (Durum),Traditional,21.5,15.44,29.48,517.69,60.67,9.76,131,6.91,82.17,41.6,31.29,1.74,Loamy,59.41,Sprinkler,Rabi,Cotton,8.81,75.45,46.48,27.99,1,4.271
Millet,Millet (Foxtail),Traditional,30.15,24.74,40.87,317.43,46.87,8.88,76,6.58,33.35,22.14,19.8,1.13,Red,59.93,Rainfed,Rabi,Millet,4.46,31.96,18.14,12.07,1,1.631
Millet,Millet (Sorghum/Jowar),Hybrid,28.02,22.25,37.89,634.6,62.8,8.18,104,6.55,64.03,32.21,29.28,2.58,Red,60.62,Sprinkler,Rabi,Millet,14.23,65.45,36.3,25.11,1,2.524
Rice,Rice (Basmati),Hybrid,27.67,21.12,35.95,1017.44,76.15,6.32,134,6.59,73.91,39.38,35.42,4.31,Alluvial,62.23,Flood,Kharif,Wheat,1.24,72.35,36.78,31.11,1,4.668
Maize,Maize (Sweet Corn),Hybrid,25.42,18.39,34.14,719.04,64.1,8.45,86,6.52,102.09,68.87,42.96,2.18,Alluvial,57.61,Drip,Zaid,Cotton,18.34,115.56,63.4,53.04,1,7.424
Millet,Millet (Finger/Ragi),Traditional,30.65,24.96,41.15,568.06,55.53,9.6,119,6.03,37.16,28.83,19.85,3.03,Loamy,56.13,Rainfed,Kharif,Wheat,9.22,17.46,13.1,10.27,1,1.505
Millet,Millet (Foxtail),HYV,30.71,25.51,39.1,327.65,59.9,7.44,80,6.09,32.15,20.79,19.93,1.06,Desert,41.42,Sprinkler,Zaid,Cotton,14.61,36.37,17.7,16.63,1,2.073
Soybean,Soybean (Food Grade),Hybrid,28.01,20.25,37.24,748.18,64.9,9.0,107,6.68,26.94,47.88,31.94,2.8,Black,55.29,Rainfed,Kharif,Sugarcane,12.06,32.66,56.5,36.82,1,2.726
Millet,Millet (Finger/Ragi),Hybrid,30.27,25.19,37.6,400.31,58.49,7.84,130,6.8,47.72,27.47,24.78,1.81,Loamy,54.11,Drip,Zaid,Cotton,15.97,50.95,31.78,22.57,0,2.101
Rice,Rice (Sona Masuri),Traditional,29.2,23.25,38.45,1152.97,83.7,6.7,139,5.92,83.54,36.44,36.21,2.29,Alluvial,63.46,Flood,Kharif,Maize,13.22,68.95,32.16,28.28,1,4.295
Wheat,Wheat (Sharbati),Hybrid,18.31,12.76,25.72,515.9,53.61,9.98,127,6.44,96.54,49.41,35.48,2.77,Alluvial,55.63,Drip,Zaid,Wheat,7.79,109.46,50.34,41.43,1,4.588
Millet,Millet (Finger/Ragi),Hybrid,27.51,20.26,37.18,475.03,61.27,9.62,119,6.94,39.59,28.94,15.01,2.49,Desert,52.18,Rainfed,Kharif,Fallow,16.53,49.4,23.84,19.71,0,2.01
Millet,Millet (Pearl/Bajra),Hybrid,30.17,22.75,40.16,368.85,56.21,9.11,77,6.68,44.79,24.31,24.73,2.14,Loamy,47.21,Rainfed,Kharif,Wheat,18.45,54.27,29.46,28.13,0,2.62
Wheat,Wheat (Common),HYV,20.04,12.05,31.91,562.37,51.74,8.12,119,7.36,80.11,49.91,30.36,1.8,Alluvial,47.2,Drip,Rabi,Pulses,9.91,83.26,43.42,33.63,1,5.757
Maize,Maize (Sweet Corn),HYV,27.58,21.76,34.88,530.84,62.13,8.02,99,5.97,116.07,61.37,40.68,2.27,Black,71.6,Drip,Kharif,Maize,17.94,112.16,62.27,43.73,0,7.366
Wheat,Wheat (Common),Hybrid,17.55,11.84,27.01,573.02,66.06,8.49,129,6.09,96.97,49.38,37.8,1.95,Laterite,45.17,Rainfed,Rabi,Rice,19.72,94.04,51.06,38.49,1,4.271
Rice,Rice (Sona Masuri),HYV,29.06,21.46,40.15,1114.15,72.05,6.47,134,6.92,73.74,39.18,43.5,2.0,Alluvial,83.13,Sprinkler,Kharif,Wheat,11.99,80.1,43.4,36.49,1,5.082
Wheat,Wheat (Common),HYV,17.88,10.75,27.32,486.85,68.27,9.12,130,7.31,93.25,40.91,34.78,3.57,Clayey,62.01,Sprinkler,Rabi,Fallow,3.65,91.28,45.96,36.52,0,6.207
Wheat,Wheat (Sharbati),Hybrid,17.73,11.82,29.64,422.22,52.41,9.97,127,7.06,83.02,42.41,31.8,3.26,Loamy,49.97,Drip,Rabi,Sugarcane,2.85,82.08,38.43,29.92,1,6.248
Wheat,Wheat (Sharbati),Traditional,20.78,15.51,30.38,537.92,51.09,9.74,135,6.94,97.76,44.04,34.78,3.85,Clayey,53.76,Drip,Rabi,Rice,16.45,71.79,38.78,26.2,1,4.687
Millet,Millet (Finger/Ragi),Hybrid,30.07,24.06,42.0,496.0,51.05,7.81,130,5.71,32.04,24.54,21.27,2.08,Loamy,45.66,Rainfed,Kharif,Sugarcane,12.51,54.68,31.92,25.55,1,1.726
Wheat,Wheat (Durum),HYV,18.82,13.12,29.58,461.5,54.05,7.45,139,6.8,95.75,51.48,39.75,1.75,Alluvial,65.53,Sprinkler,Rabi,Pulses,11.98,71.7,37.63,26.2,1,3.254
Rice,Rice (Basmati),Hybrid,25.63,20.5,34.03,1122.12,78.41,6.07,139,7.08,62.15,38.46,37.36,2.64,Loamy,63.63,Sprinkler,Kharif,Maize,10.05,74.64,36.72,30.93,1,6.5
Rice,Rice (Non-Basmati),Hybrid,28.1,21.31,35.95,1255.69,70.41,8.3,140,7.33,90.34,42.05,48.78,3.84,Black,70.77,Rainfed,Kharif,Soybean,14.98,106.88,44.39,49.19,1,5.367
Maize,Maize (Feed Corn),Hybrid,25.06,20.06,36.47,619.38,67.16,6.06,107,6.12,124.29,66.0,56.68,4.21,Alluvial,58.22,Flood,Kharif,Soybean,10.96,155.16,80.43,75.75,1,9.085
Rice,Rice (Sona Masuri),Traditional,29.67,22.29,41.44,1315.83,82.67,8.85,123,6.6,87.84,36.63,42.26,3.11,Alluvial,78.85,Sprinkler,Kharif,Rice,3.91,57.52,24.18,27.29,1,5.666
Maize,Maize (Sweet Corn),Hybrid,26.67,21.41,33.91,540.89,72.68,6.96,98,6.39,103.73,62.0,52.27,2.33,Black,56.34,Drip,Rabi,Cotton,3.34,110.7,76.82,60.99,1,9.132
Maize,Maize (Feed Corn),Traditional,23.34,17.49,34.67,651.8,75.73,8.11,112,6.72,149.36,72.44,63.82,4.68,Black,77.83,Rainfed,Rabi,Rice,17.19,106.56,52.84,42.13,1,5.043
Maize,Maize (Popcorn),Hybrid,25.95,18.35,37.3,575.87,57.85,6.45,87,5.88,97.41,56.16,40.07,3.47,Alluvial,62.66,Rainfed,Kharif,Wheat,8.27,81.75,46.92,39.29,0,5.945
Maize,Maize (Feed Corn),Hybrid,25.31,19.22,34.13,561.29,64.72,6.36,98,6.14,122.97,60.64,61.72,4.11,Black,64.45,Flood,Kharif,Wheat,4.72,118.46,56.67,47.85,0,6.741
Maize,Maize (Feed Corn),Traditional,26.7,19.2,35.32,825.19,78.48,7.42,113,5.56,147.57,68.02,66.07,3.55,Alluvial,77.33,Sprinkler,Kharif,Pulses,11.32,82.61,41.5,35.56,1,7.994
Millet,Millet (Sorghum/Jowar),Hybrid,31.6,25.96,39.42,531.33,60.7,7.5,126,6.18,66.35,32.61,32.21,1.83,Black,52.35,Sprinkler,Kharif,Soybean,17.19,93.39,45.35,34.21,1,4.467
Wheat,Wheat (Durum),Traditional,20.57,14.93,28.51,640.68,66.35,7.04,130,6.22,86.58,47.4,37.48,3.67,Loamy,63.67,Flood,Rabi,Cotton,6.01,73.3,46.6,24.11,1,5.246
Millet,Millet (Finger/Ragi),Hybrid,26.74,21.72,34.7,517.87,65.09,9.99,112,6.19,40.08,27.61,20.61,2.61,Black,40.88,Rainfed,Rabi,Maize,8.9,44.76,26.04,24.64,1,2.485
Maize,Maize (Popcorn),Traditional,24.19,17.05,36.02,578.54,60.14,6.2,94,6.59,95.19,45.76,46.06,3.88,Loamy,65.42,Drip,Kharif,Millet,8.29,71.47,38.11,35.86,1,5.117
Millet,Millet (Foxtail),Hybrid,30.02,22.52,38.09,414.92,55.81,9.92,77,5.9,30.81,23.84,16.92,2.77,Sandy,53.61,Sprinkler,Rabi,Millet,0.77,38.15,20.77,21.77,0,2.912
Wheat,Wheat (Durum),Traditional,19.43,13.89,26.56,574.65,61.16,8.39,136,7.44,90.24,40.15,33.8,1.52,Black,50.95,Sprinkler,Rabi,Millet,14.06,66.61,33.95,30.72,1,4.132
Wheat,Wheat (Durum),Traditional,20.95,13.49,29.18,496.5,57.73,7.22,136,6.5,90.63,40.66,39.85,3.56,Black,60.86,Flood,Rabi,Maize,13.49,65.28,31.98,23.7,0,4.017
Millet,Millet (Finger/Ragi),Hybrid,30.76,25.74,42.66,575.68,50.18,9.0,130,6.43,41.78,26.52,24.27,2.38,Black,63.96,Sprinkler,Kharif,Sugarcane,2.72,37.81,26.46,26.2,1,2.591
Rice,Rice (Sona Masuri),HYV,26.91,19.29,38.34,1040.36,84.5,7.6,128,5.52,75.71,36.89,36.67,3.82,Red,65.99,Flood,Kharif,Sugarcane,4.28,51.24,26.3,28.03,1,5.411
Maize,Maize (Feed Corn),Traditional,24.46,18.17,33.44,622.49,62.45,8.52,98,5.93,136.23,64.71,52.21,3.22,Red,56.3,Flood,Kharif,Wheat,10.18,106.01,51.39,51.99,1,6.978
Millet,Millet (Foxtail),Hybrid,27.96,22.54,39.81,327.75,58.65,9.66,70,7.35,36.6,16.3,17.6,1.88,Loamy,51.79,Rainfed,Kharif,Pulses,14.67,42.25,19.71,21.96,1,1.764
Millet,Millet (Foxtail),Hybrid,27.99,20.37,35.86,460.7,53.35,7.79,77,7.12,30.88,23.46,19.22,1.46,Clayey,56.83,Sprinkler,Kharif,Fallow,6.13,29.96,13.77,13.37,1,2.809
Rice,Rice (Sona Masuri),Traditional,26.96,20.15,34.94,1072.43,78.29,8.71,139,6.25,71.03,37.21,37.45,2.84,Loamy,61.09,Sprinkler,Kharif,Rice,3.2,63.32,35.5,28.78,0,4.644
Millet,Millet (Finger/Ragi),Traditional,30.09,22.91,39.35,569.21,51.92,9.92,117,6.69,47.3,27.34,19.82,3.21,Laterite,59.56,Sprinkler,Kharif,Rice,6.4,26.73,21.16,18.79,1,1.952
Wheat,Wheat (Common),Hybrid,20.7,13.01,28.53,588.21,62.2,7.37,115,6.33,93.42,42.04,34.9,2.15,Alluvial,49.38,Flood,Rabi,Pulses,4.36,68.84,35.76,28.71,1,7.647
Wheat,Wheat (Common),Traditional,21.78,15.62,29.02,543.78,60.76,9.17,115,7.32,84.29,45.88,35.35,2.01,Loamy,53.43,Drip,Rabi,Sugarcane,7.98,66.26,38.74,29.74,0,3.913
Maize,Maize (Feed Corn),Hybrid,27.14,20.08,37.31,740.53,64.72,8.78,108,6.23,147.47,75.01,64.99,4.41,Red,57.4,Sprinkler,Rabi,Rice,7.51,153.76,84.01,63.4,0,9.071
Wheat,Wheat (Common),HYV,20.0,13.68,31.03,511.9,68.67,8.55,127,6.3,87.82,44.9,37.62,2.92,Black,58.53,Rainfed,Kharif,Cotton,10.74,87.89,46.77,38.35,1,3.342
Wheat,Wheat (Common),Traditional,17.59,11.93,27.86,549.15,63.89,8.32,121,7.12,90.04,43.7,39.69,3.85,Loamy,68.58,Rainfed,Rabi,Maize,15.91,76.96,34.17,30.57,0,4.435
Millet,Millet (Finger/Ragi),Hybrid,31.67,26.24,39.58,655.29,52.05,7.04,129,6.09,38.63,23.35,24.88,3.02,Black,42.3,Rainfed,Kharif,Cotton,14.6,45.03,25.27,22.41,1,1.835
Rice,Rice (Non-Basmati),HYV,29.2,23.9,39.14,1489.2,71.87,6.52,117,6.73,97.39,48.53,50.53,3.08,Loamy,80.65,Flood,Zaid,Millet,11.49,94.27,55.84,55.16,1,4.279
Wheat,Wheat (Common),Traditional,19.44,13.54,28.67,480.35,68.48,8.48,115,6.0,80.52,43.28,37.69,1.76,Black,51.49,Sprinkler,Rabi,Fallow,8.17,71.67,34.2,27.03,1,4.979
Maize,Maize (Popcorn),Traditional,25.15,18.45,32.26,720.64,63.01,7.75,97,6.31,81.67,46.1,42.59,4.39,Alluvial,52.81,Drip,Kharif,Millet,0.83,74.21,44.12,33.43,1,4.712
Wheat,Wheat (Sharbati),Hybrid,17.64,10.51,28.47,577.78,64.01,9.61,124,6.59,80.42,47.92,33.36,2.46,Black,52.64,Sprinkler,Rabi,Pulses,11.2,93.53,47.91,38.33,0,5.119
Maize,Maize (Popcorn),Traditional,23.61,16.5,31.27,688.25,66.71,6.2,85,6.64,81.89,55.87,46.42,3.16,Alluvial,51.9,Rainfed,Kharif,Millet,3.87,71.34,32.45,34.91,1,3.498
Maize,Maize (Popcorn),HYV,23.96,16.22,32.38,509.68,57.48,8.6,94,5.85,96.83,48.44,44.7,4.02,Alluvial,59.08,Drip,Kharif,Soybean,3.7,80.13,56.71,41.21,1,5.513
Soybean,Soybean (Oil Grade),Traditional,28.48,20.52,39.57,944.95,76.87,7.24,112,6.5,25.36,56.53,42.86,2.1,Desert,64.84,Sprinkler,Kharif,Soybean,15.85,17.7,54.58,33.67,1,3.371
Wheat,Wheat (Sharbati),Hybrid,21.16,13.16,30.69,541.11,62.2,8.33,123,6.57,84.86,46.77,30.81,2.25,Loamy,64.26,Sprinkler,Zaid,Wheat,6.76,101.66,53.53,42.8,0,4.213
Millet,Millet (Finger/Ragi),Traditional,25.48,17.51,35.63,424.86,55.72,9.67,126,5.47,41.49,27.43,17.4,1.59,Red,45.97,Drip,Kharif,Wheat,6.76,28.2,21.66,19.16,1,2.203
Millet,Millet (Finger/Ragi),Traditional,25.77,18.68,36.2,546.68,64.49,7.19,125,5.26,33.78,20.68,24.51,2.1,Laterite,64.13,Sprinkler,Kharif,Rice,11.27,42.24,28.0,18.24,1,2.33
Soybean,Soybean (Food Grade),Traditional,25.81,19.56,32.91,706.34,73.88,7.51,106,6.5,25.12,59.81,36.22,2.84,Red,63.84,Rainfed,Kharif,Millet,7.39,20.73,33.38,31.16,0,2.489
Soybean,Soybean (Oil Grade),HYV,28.62,23.42,40.23,783.22,71.22,8.88,98,6.75,27.07,51.01,43.83,4.38,Alluvial,63.13,Rainfed,Zaid,Soybean,18.81,19.48,55.83,36.51,1,2.048
Millet,Millet (Foxtail),HYV,26.96,20.65,36.83,314.29,46.7,9.82,67,5.79,30.22,17.02,18.21,2.63,Sandy,49.5,Rainfed,Kharif,Rice,16.9,34.06,19.68,15.53,1,1.438
Soybean,Soybean (Food Grade),Traditional,26.42,19.93,37.35,796.17,78.07,7.7,107,7.21,22.07,44.14,31.4,2.31,Alluvial,68.47,Sprinkler,Kharif,Soybean,12.4,19.37,43.98,25.89,1,2.991
Wheat,Wheat (Common),HYV,18.12,10.24,30.0,484.92,58.22,8.36,129,6.98,85.26,42.32,32.4,1.57,Red,60.73,Drip,Rabi,Maize,0.73,71.9,36.83,33.13,1,5.539
Millet,Millet (Sorghum/Jowar),Traditional,27.58,21.27,37.17,683.38,57.23,9.01,127,6.5,60.74,36.39,29.93,3.25,Red,57.62,Sprinkler,Kharif,Soybean,15.61,56.79,26.79,24.16,1,1.611
Wheat,Wheat (Sharbati),HYV,20.54,14.41,30.7,485.44,50.73,9.11,126,7.45,96.5,42.67,37.85,2.01,Loamy,46.94,Sprinkler,Rabi,Millet,12.8,86.99,42.58,38.55,1,4.887
Rice,Rice (Sona Masuri),Hybrid,28.1,20.77,38.43,1311.37,76.99,8.75,121,5.96,88.97,44.61,39.15,3.63,Alluvial,80.37,Flood,Rabi,Maize,16.01,78.12,46.86,41.98,1,5.279
Soybean,Soybean (Oil Grade),HYV,26.15,20.2,36.56,816.21,74.28,8.97,96,6.63,22.13,56.37,44.52,2.21,Loamy,67.24,Rainfed,Kharif,Maize,0.71,29.6,65.16,35.07,1,3.348
Rice,Rice (Sona Masuri),HYV,28.63,21.26,36.04,1355.9,78.67,8.85,138,6.47,81.35,40.15,35.24,4.35,Red,76.1,Flood,Kharif,Cotton,18.91,76.36,38.6,38.34,1,6.841
Millet,Millet (Finger/Ragi),Hybrid,31.32,26.27,38.46,534.69,66.57,7.4,106,7.34,48.67,27.26,15.07,2.53,Black,45.24,Rainfed,Kharif,Wheat,14.03,53.46,32.87,24.12,1,2.891
Millet,Millet (Finger/Ragi),Hybrid,31.05,24.49,40.44,696.09,50.81,8.35,124,7.31,46.26,22.14,19.42,3.19,Red,40.43,Sprinkler,Kharif,Fallow,19.24,47.04,28.53,22.99,1,3.881
Wheat,Wheat (Common),Traditional,19.66,12.62,28.13,406.47,50.58,9.83,127,6.32,82.95,40.18,32.31,2.34,Loamy,47.24,Drip,Rabi,Sugarcane,0.93,47.74,27.31,18.54,1,5.446
Maize,Maize (Popcorn),Hybrid,26.14,21.04,36.8,546.07,63.33,8.61,87,6.81,93.28,45.94,45.03,3.89,Alluvial,67.34,Flood,Kharif,Soybean,4.05,95.88,58.67,50.48,1,5.199
Rice,Rice (Basmati),Hybrid,25.75,17.85,34.99,1250.76,73.7,7.41,139,7.36,72.95,32.73,31.77,2.88,Alluvial,62.87,Sprinkler,Rabi,Wheat,17.19,72.49,36.29,34.18,1,5.676
Millet,Millet (Foxtail),Traditional,28.47,21.92,36.0,392.58,63.55,7.4,69,7.19,37.32,16.95,17.04,2.12,Sandy,38.35,Sprinkler,Rabi,Soybean,11.12,29.23,18.26,13.61,1,1.013
Maize,Maize (Feed Corn),Traditional,28.6,21.14,40.54,742.53,60.63,6.46,102,5.76,148.23,65.82,59.88,3.84,Black,70.72,Drip,Kharif,Soybean,3.14,101.62,52.43,34.94,1,7.087
Soybean,Soybean (Food Grade),HYV,24.48,16.55,32.03,815.0,65.26,8.91,91,6.46,23.1,48.7,30.15,2.7,Black,54.68,Drip,Zaid,Millet,2.49,20.43,48.37,37.24,1,1.392
Rice,Rice (Sona Masuri),Hybrid,29.1,22.31,41.04,1251.26,83.93,6.86,122,6.43,82.3,38.92,43.63,3.63,Alluvial,82.25,Sprinkler,Kharif,Wheat,7.03,92.04,43.5,47.54,0,6.604
Maize,Maize (Popcorn),Traditional,24.5,18.62,33.93,739.7,56.16,8.41,96,6.93,96.44,51.36,41.26,2.95,Laterite,67.46,Sprinkler,Rabi,Wheat,2.25,67.18,44.84,38.53,1,3.361
Rice,Rice (Sona Masuri),Traditional,29.18,21.81,37.62,1308.13,76.6,8.01,134,6.92,73.59,41.75,40.77,2.43,Red,61.65,Sprinkler,Kharif,Maize,15.59,61.16,34.06,34.35,1,3.558
Maize,Maize (Sweet Corn),Traditional,23.26,15.61,31.81,509.15,71.81,8.79,99,6.8,101.93,51.12,50.69,3.75,Black,72.96,Sprinkler,Kharif,Sugarcane,9.21,89.5,55.48,34.22,1,6.437
Soybean,Soybean (Oil Grade),Traditional,29.37,23.27,37.91,860.03,73.55,6.37,98,7.07,29.11,55.99,40.98,2.62,Sandy,68.67,Rainfed,Rabi,Cotton,6.55,19.09,55.96,30.01,0,1.382
Maize,Maize (Feed Corn),Traditional,27.85,21.09,38.0,616.32,78.2,7.95,93,5.77,133.68,77.78,52.05,4.21,Red,62.16,Drip,Kharif,Maize,15.73,117.26,51.36,41.12,0,6.514
Rice,Rice (Sona Masuri),Hybrid,26.88,18.97,34.94,1076.37,79.91,6.73,122,6.61,72.62,42.98,37.09,3.23,Alluvial,81.41,Drip,Kharif,Cotton,4.47,97.15,42.97,39.91,1,7.8
Rice,Rice (Sona Masuri),Hybrid,29.68,22.94,37.49,1059.74,77.53,8.19,127,6.29,76.53,36.88,39.82,3.67,Red,74.47,Flood,Kharif,Sugarcane,0.72,98.96,45.03,43.62,1,7.8
Maize,Maize (Popcorn),HYV,25.81,19.43,34.42,740.95,67.98,6.54,93,6.61,99.88,54.12,49.59,3.85,Alluvial,61.73,Flood,Rabi,Millet,3.62,92.83,40.98,49.01,1,6.633
Wheat,Wheat (Sharbati),Hybrid,20.7,13.42,31.03,489.49,56.91,9.52,122,6.83,83.16,40.16,39.93,2.68,Black,46.98,Drip,Rabi,Millet,9.88,89.04,53.24,39.9,1,5.369
Soybean,Soybean (Oil Grade),Hybrid,26.92,20.21,34.53,781.16,78.38,7.9,104,6.65,24.8,64.51,41.43,2.73,Loamy,61.14,Rainfed,Rabi,Wheat,5.94,30.52,56.23,48.61,0,2.346
Millet,Millet (Pearl/Bajra),Hybrid,30.7,24.58,39.9,397.09,50.44,9.59,77,7.95,42.24,29.15,23.8,2.01,Black,51.33,Sprinkler,Kharif,Millet,2.06,56.53,29.94,24.94,1,2.066
Wheat,Wheat (Durum),HYV,22.83,14.84,32.86,606.62,68.67,7.06,124,6.19,92.68,56.09,39.64,1.52,Laterite,55.34,Flood,Rabi,Pulses,1.95,94.74,54.83,38.42,1,2.463
Rice,Rice (Sona Masuri),Traditional,27.32,21.69,38.95,1277.39,80.07,7.4,133,5.93,81.85,39.93,43.42,3.74,Loamy,76.67,Flood,Kharif,Millet,12.73,65.27,31.17,34.39,1,6.696
Maize,Maize (Popcorn),HYV,23.41,18.34,34.67,504.67,63.24,6.67,104,5.88,87.84,47.49,41.26,3.43,Red,58.75,Drip,Rabi,Wheat,3.35,85.99,42.74,41.77,1,4.311
Wheat,Wheat (Common),Traditional,19.46,14.37,29.93,417.09,59.38,9.69,116,7.44,94.57,40.57,30.24,2.7,Alluvial,69.99,Sprinkler,Zaid,Wheat,7.76,60.37,32.84,21.22,1,4.487
Maize,Maize (Sweet Corn),Hybrid,26.98,20.38,37.71,693.68,67.86,6.64,86,6.81,103.59,61.83,48.9,3.44,Black,60.71,Drip,Kharif,Millet,10.92,95.55,60.47,50.09,1,9.75
Rice,Rice (Basmati),Traditional,28.59,21.28,37.9,1357.04,81.04,6.41,137,6.31,63.72,31.26,31.38,4.24,Clayey,71.74,Sprinkler,Kharif,Soybean,12.63,54.8,27.66,28.14,1,4.438
Soybean,Soybean (Food Grade),Hybrid,24.47,18.99,35.03,668.07,70.92,6.45,101,6.84,23.02,58.16,35.24,3.09,Red,59.91,Drip,Kharif,Rice,19.56,29.63,45.33,36.16,1,2.778
Maize,Maize (Sweet Corn),Traditional,24.19,18.11,34.37,575.55,66.06,8.78,82,6.01,118.75,58.98,54.89,3.6,Black,71.63,Drip,Zaid,Fallow,12.0,91.49,40.39,34.87,1,6.002
Millet,Millet (Finger/Ragi),Traditional,31.78,26.13,39.98,517.32,68.96,9.69,109,6.59,46.39,22.51,19.14,2.05,Loamy,58.83,Drip,Rabi,Maize,14.09,30.23,19.93,14.08,1,2.29
Wheat,Wheat (Durum),HYV,21.2,15.07,30.88,641.11,54.05,8.38,131,7.32,90.53,42.88,36.43,2.8,Black,45.7,Flood,Rabi,Cotton,5.42,73.91,38.23,29.06,1,4.411
Millet,Millet (Pearl/Bajra),Traditional,28.9,23.54,39.24,410.57,50.92,10.78,69,6.76,55.56,29.74,21.63,2.79,Desert,38.86,Rainfed,Rabi,Cotton,11.73,40.3,19.37,17.21,1,1.274
Wheat,Wheat (Durum),Traditional,19.72,12.37,27.67,457.31,63.96,7.43,124,6.5,95.42,41.86,37.79,1.58,Red,57.45,Sprinkler,Rabi,Sugarcane,19.06,78.72,44.82,30.11,1,3.205
Soybean,Soybean (Oil Grade),HYV,28.33,21.21,36.05,868.57,71.69,6.63,120,7.22,24.94,63.54,44.16,4.17,Laterite,64.4,Sprinkler,Kharif,Maize,8.33,26.81,59.66,44.17,1,4.3
Maize,Maize (Sweet Corn),HYV,23.42,16.8,35.39,791.56,66.78,6.85,88,6.85,113.38,61.99,45.36,3.22,Loamy,63.94,Sprinkler,Kharif,Sugarcane,18.0,101.1,62.65,45.32,1,7.74
Soybean,Soybean (Oil Grade),Traditional,25.74,19.93,37.38,713.92,74.39,6.78,109,7.45,22.35,51.26,41.98,3.21,Black,77.47,Rainfed,Kharif,Rice,9.81,23.31,48.85,29.37,1,3.145
Rice,Rice (Basmati),Traditional,27.92,20.86,36.91,1239.95,80.29,6.05,147,7.46,71.6,32.54,35.22,3.03,Loamy,73.31,Sprinkler,Zaid,Pulses,19.41,55.1,30.95,25.42,1,4.589
Maize,Maize (Feed Corn),HYV,23.85,17.88,33.64,551.05,76.95,7.11,117,7.08,122.92,76.97,55.17,3.91,Black,59.13,Sprinkler,Kharif,Millet,6.05,136.58,66.86,64.49,0,6.721
Millet,Millet (Pearl/Bajra),Hybrid,34.63,28.92,42.11,470.99,41.29,9.66,81,7.35,46.75,26.78,23.35,2.61,Red,51.8,Drip,Kharif,Millet,10.05,51.12,27.72,24.95,1,3.586
Maize,Maize (Popcorn),Hybrid,24.01,16.66,35.64,610.08,59.52,6.73,91,6.53,98.88,41.73,47.73,2.12,Loamy,58.87,Drip,Kharif,Fallow,6.07,104.37,54.35,53.86,1,7.8
Millet,Millet (Pearl/Bajra),Traditional,33.06,26.88,45.01,299.13,47.49,9.3,71,6.79,44.12,28.74,27.36,2.43,Loamy,53.19,Rainfed,Zaid,Fallow,12.95,40.69,17.66,18.7,0,0.618
Wheat,Wheat (Durum),HYV,22.1,15.31,29.94,484.99,59.85,9.86,128,7.25,81.89,48.89,39.95,3.87,Alluvial,47.06,Rainfed,Rabi,Wheat,16.99,98.11,43.81,36.36,1,3.696
Wheat,Wheat (Durum),Hybrid,21.99,16.7,30.62,605.37,59.2,9.65,132,6.15,87.21,45.91,38.47,2.79,Loamy,61.16,Flood,Rabi,Soybean,10.42,96.59,62.75,34.49,1,5.442
Wheat,Wheat (Durum),HYV,20.22,13.91,30.14,520.77,61.54,9.96,122,6.46,99.44,59.26,37.6,2.8,Loamy,64.52,Flood,Rabi,Rice,6.54,92.98,40.37,31.52,1,6.09
Maize,Maize (Sweet Corn),HYV,27.26,19.62,37.7,699.83,65.17,6.73,88,6.76,109.31,53.56,52.16,3.83,Loamy,57.91,Drip,Rabi,Sugarcane,10.85,106.76,65.22,59.88,1,5.403
Soybean,Soybean (Oil Grade),Hybrid,29.58,24.37,39.53,686.91,72.27,6.99,118,6.59,29.46,66.92,40.86,2.89,Black,60.07,Flood,Kharif,Soybean,4.22,25.44,62.43,38.7,0,2.609
Wheat,Wheat (Sharbati),Traditional,17.64,12.45,26.53,529.55,63.66,9.38,129,6.08,95.52,41.31,33.57,3.95,Black,50.23,Flood,Rabi,Maize,14.02,72.33,37.8,29.2,1,3.489
Maize,Maize (Popcorn),HYV,22.54,16.25,31.67,689.76,56.83,8.84,100,6.44,84.69,42.05,47.72,3.53,Desert,52.08,Drip,Kharif,Cotton,17.29,91.87,47.85,43.44,1,4.662
Soybean,Soybean (Oil Grade),Hybrid,25.37,19.2,36.2,772.25,71.76,6.56,111,6.3,26.39,57.52,43.52,2.43,Alluvial,78.6,Rainfed,Kharif,Pulses,6.39,25.16,60.84,47.38,1,2.712
Maize,Maize (Feed Corn),Hybrid,25.36,18.52,34.7,589.06,61.68,6.49,114,5.94,144.42,67.27,62.09,3.54,Laterite,61.58,Sprinkler,Kharif,Cotton,1.99,143.66,68.52,75.99,1,6.841
Rice,Rice (Non-Basmati),HYV,27.9,20.94,35.3,1221.16,85.47,7.59,134,5.75,116.18,50.52,55.83,2.35,Black,88.19,Rainfed,Kharif,Fallow,1.92,82.83,48.0,51.54,0,5.82
Maize,Maize (Feed Corn),Hybrid,26.95,21.07,36.52,798.49,76.97,6.23,104,5.59,138.47,60.68,53.66,2.24,Loamy,68.36,Flood,Kharif,Soybean,1.07,155.19,85.8,74.17,1,8.486
Millet,Millet (Pearl/Bajra),HYV,29.09,22.93,36.15,540.42,42.16,9.33,74,6.59,48.21,29.16,20.58,1.9,Alluvial,42.64,Rainfed,Kharif,Fallow,6.54,52.6,24.99,22.3,0,1.923
Wheat,Wheat (Durum),Hybrid,21.06,16.05,31.41,581.22,51.65,9.36,136,7.27,91.45,45.94,31.21,1.54,Alluvial,63.3,Flood,Zaid,Maize,19.28,121.78,63.81,46.53,0,3.522
Millet,Millet (Foxtail),Traditional,27.27,19.84,36.67,529.32,57.6,9.48,81,6.68,36.63,24.82,16.16,1.19,Red,39.29,Flood,Kharif,Millet,8.75,24.69,14.86,12.91,1,1.242
Wheat,Wheat (Durum),Hybrid,20.1,12.33,27.48,560.12,61.44,9.29,122,6.15,89.56,41.49,36.29,3.1,Red,51.42,Flood,Rabi,Fallow,8.01,88.89,46.75,29.68,1,4.782
Maize,Maize (Popcorn),Hybrid,23.44,17.08,31.31,724.45,68.44,7.44,97,6.62,84.27,44.57,49.72,2.25,Alluvial,57.58,Rainfed,Kharif,Rice,5.4,134.72,84.73,67.97,1,4.089
Rice,Rice (Sona Masuri),Hybrid,30.84,25.73,41.24,1017.72,81.73,7.14,123,5.58,83.18,38.55,44.26,4.12,Sandy,69.99,Flood,Kharif,Sugarcane,1.23,56.53,27.74,27.55,0,4.236
Wheat,Wheat (Durum),Hybrid,20.61,14.06,28.28,474.96,50.94,9.55,132,6.87,81.85,44.41,37.26,1.57,Sandy,63.14,Sprinkler,Rabi,Rice,2.45,96.31,59.59,43.22,1,6.185
Wheat,Wheat (Sharbati),Traditional,20.32,14.2,30.09,432.54,61.66,9.73,130,7.4,90.0,47.03,31.72,3.9,Loamy,47.09,Drip,Zaid,Wheat,2.86,61.85,27.85,23.41,1,3.855
Maize,Maize (Sweet Corn),Hybrid,27.46,20.21,34.7,535.37,65.19,7.67,83,5.92,119.2,60.59,48.63,2.57,Alluvial,73.77,Drip,Rabi,Millet,2.56,136.83,82.87,53.29,1,7.297
Maize,Maize (Popcorn),HYV,23.6,17.93,34.29,729.57,69.52,8.41,96,6.7,92.05,57.32,47.56,2.58,Sandy,60.49,Sprinkler,Kharif,Fallow,4.29,93.25,46.29,42.93,1,6.263
Millet,Millet (Sorghum/Jowar),Traditional,29.54,21.63,40.15,485.42,66.64,9.08,98,7.23,78.77,31.36,30.6,2.39,Black,64.5,Drip,Rabi,Rice,5.54,68.4,29.05,25.16,0,2.493
Wheat,Wheat (Sharbati),Hybrid,18.33,11.56,25.5,415.48,64.47,9.69,122,6.82,95.34,48.84,38.04,3.14,Loamy,48.7,Drip,Rabi,Fallow,10.14,81.4,38.47,35.62,0,6.5
Maize,Maize (Sweet Corn),HYV,25.94,19.89,36.82,788.27,60.56,8.57,95,6.9,118.94,61.38,49.58,4.28,Loamy,72.95,Sprinkler,Kharif,Cotton,7.34,119.56,50.31,44.79,0,6.178
Wheat,Wheat (Durum),HYV,21.57,16.3,28.71,643.91,58.54,8.18,125,6.33,84.79,56.01,30.66,2.91,Loamy,52.67,Flood,Rabi,Maize,2.43,72.21,49.6,29.51,1,5.544
Rice,Rice (Non-Basmati),Traditional,27.96,21.35,36.02,1505.58,85.47,6.44,117,7.07,97.27,45.04,46.53,2.23,Alluvial,77.43,Flood,Kharif,Soybean,17.06,69.29,46.97,45.9,0,5.263
Wheat,Wheat (Sharbati),Traditional,17.34,9.67,28.09,465.64,58.96,9.15,135,7.25,92.71,45.53,37.32,2.71,Red,49.16,Drip,Rabi,Cotton,15.15,75.08,36.42,30.12,1,4.292
Millet,Millet (Finger/Ragi),HYV,28.79,22.06,36.88,416.4,60.83,8.82,103,5.68,41.19,28.68,17.86,2.44,Red,52.84,Flood,Kharif,Sugarcane,10.09,33.58,24.72,16.83,1,3.68
Maize,Maize (Sweet Corn),Traditional,26.78,20.63,37.25,661.61,65.92,6.37,95,6.43,115.64,62.05,59.2,4.87,Alluvial,72.56,Drip,Rabi,Cotton,0.91,81.51,34.99,39.09,1,6.045
Soybean,Soybean (Food Grade),HYV,29.71,22.33,38.79,859.27,69.62,7.47,100,6.83,21.75,44.82,39.68,3.45,Alluvial,52.66,Rainfed,Kharif,Cotton,18.79,25.27,34.21,28.04,0,1.914
Soybean,Soybean (Oil Grade),Traditional,26.9,21.68,37.24,944.69,66.94,7.11,98,6.16,22.74,58.45,39.29,2.97,Alluvial,76.47,Sprinkler,Kharif,Rice,19.21,18.55,35.59,30.4,1,3.578
Wheat,Wheat (Durum),HYV,22.89,16.89,29.89,567.35,67.34,7.97,135,6.03,84.18,55.79,34.54,1.81,Alluvial,55.21,Flood,Rabi,Soybean,11.38,78.79,44.2,31.64,0,4.217
Soybean,Soybean (Food Grade),Hybrid,27.66,21.77,36.56,677.33,69.86,7.1,92,6.59,29.52,50.84,39.65,2.71,Red,51.69,Rainfed,Kharif,Soybean,5.91,19.29,49.71,31.84,1,1.767
Rice,Rice (Sona Masuri),Traditional,30.83,24.91,39.65,1187.8,74.79,8.45,135,5.52,83.09,41.86,44.61,2.93,Loamy,64.88,Sprinkler,Kharif,Pulses,4.32,67.89,30.5,30.36,1,4.079
Soybean,Soybean (Food Grade),Traditional,26.56,21.1,36.31,704.81,72.4,8.35,93,6.53,23.62,50.22,37.34,3.08,Black,63.73,Sprinkler,Kharif,Maize,14.45,17.39,33.88,24.15,1,2.911
Wheat,Wheat (Sharbati),Traditional,19.98,13.21,27.66,521.93,54.42,8.36,132,6.72,96.19,40.99,31.67,2.31,Loamy,60.42,Drip,Kharif,Maize,3.41,75.71,35.25,27.07,1,3.894
Wheat,Wheat (Durum),HYV,22.27,16.1,33.49,457.41,57.32,7.22,130,6.71,86.32,49.85,35.33,3.62,Black,58.56,Drip,Rabi,Millet,12.82,82.3,50.46,39.59,1,4.988
Wheat,Wheat (Sharbati),Hybrid,20.1,14.96,29.03,482.39,62.82,7.54,116,7.0,81.36,43.15,32.83,2.91,Black,48.97,Drip,Rabi,Soybean,6.83,92.57,44.41,37.89,1,5.194
Millet,Millet (Finger/Ragi),HYV,26.93,21.33,35.84,694.7,61.54,7.47,111,5.2,36.03,21.3,20.9,2.93,Red,57.77,Rainfed,Kharif,Cotton,10.15,27.48,18.61,14.33,1,1.387
Millet,Millet (Pearl/Bajra),Hybrid,34.79,28.4,46.79,261.29,59.36,8.58,86,6.91,51.59,29.07,29.84,1.34,Red,45.22,Flood,Kharif,Rice,9.98,44.22,26.81,32.79,1,1.543
Maize,Maize (Feed Corn),HYV,24.96,19.8,36.61,587.19,77.56,7.46,116,5.96,130.87,68.28,61.73,3.81,Laterite,74.7,Flood,Kharif,Rice,13.43,149.88,61.43,57.44,1,6.605
Wheat,Wheat (Durum),HYV,20.71,14.52,31.4,455.0,60.82,7.34,136,7.28,91.84,53.85,38.51,1.83,Black,68.69,Rainfed,Rabi,Fallow,18.32,75.56,43.59,28.22,1,3.775
Maize,Maize (Popcorn),Hybrid,26.97,21.46,35.05,667.04,58.83,7.29,97,6.18,98.68,43.59,41.75,2.27,Alluvial,58.56,Sprinkler,Kharif,Sugarcane,6.21,77.39,52.27,40.52,1,6.148
Rice,Rice (Non-Basmati),HYV,29.47,24.27,38.64,1167.61,75.45,6.57,112,6.43,89.11,43.99,48.51,4.27,Alluvial,80.13,Flood,Kharif,Millet,9.01,104.56,46.23,59.81,0,6.139
Rice,Rice (Sona Masuri),Hybrid,28.53,21.67,36.72,1282.67,74.92,7.03,128,6.29,83.92,40.09,39.17,4.49,Loamy,63.69,Flood,Kharif,Sugarcane,17.1,80.25,46.81,44.54,1,7.378
Rice,Rice (Sona Masuri),HYV,29.86,23.82,40.31,1000.02,83.98,7.65,127,6.5,81.23,43.57,41.1,4.27,Red,74.56,Sprinkler,Kharif,Rice,11.17,78.44,42.65,36.17,1,6.816
Millet,Millet (Sorghum/Jowar),HYV,27.83,22.59,36.76,433.75,64.21,7.55,111,6.73,72.44,39.26,29.2,2.46,Black,61.63,Rainfed,Kharif,Pulses,19.53,71.94,39.41,33.97,1,2.356
Soybean,Soybean (Food Grade),HYV,29.73,22.14,39.2,778.64,71.25,7.41,107,6.03,27.04,40.77,39.45,3.99,Alluvial,68.62,Rainfed,Kharif,Wheat,8.35,20.54,53.17,39.17,1,1.889
Rice,Rice (Basmati),Traditional,29.31,23.52,39.27,1252.89,70.27,8.8,132,7.09,60.41,32.05,34.87,4.63,Loamy,73.18,Sprinkler,Kharif,Rice,9.37,55.36,24.12,26.27,1,4.727
Soybean,Soybean (Oil Grade),Hybrid,27.17,19.61,39.12,941.85,73.26,7.96,113,7.12,29.66,62.2,42.45,4.05,Alluvial,71.83,Rainfed,Kharif,Millet,10.32,25.65,66.72,47.78,0,3.081
Wheat,Wheat (Sharbati),Traditional,21.15,14.89,28.18,542.12,50.72,7.83,121,6.62,90.57,41.69,32.85,3.01,Black,49.12,Drip,Rabi,Sugarcane,4.32,79.75,36.68,30.06,1,3.573
Rice,Rice (Non-Basmati),Traditional,28.6,21.56,37.85,1266.8,76.07,7.23,137,6.89,87.72,41.05,58.07,4.84,Laterite,83.17,Sprinkler,Kharif,Soybean,6.44,53.86,26.56,29.42,1,7.461
Wheat,Wheat (Common),Traditional,19.27,12.95,28.2,467.65,53.36,8.1,112,7.28,82.17,46.11,36.68,2.5,Loamy,67.34,Sprinkler,Rabi,Maize,18.61,72.85,34.78,27.6,1,5.369
Millet,Millet (Finger/Ragi),HYV,29.32,21.89,37.02,484.9,65.83,8.93,126,7.35,31.74,20.13,18.31,1.87,Red,57.61,Sprinkler,Kharif,Rice,11.71,45.32,21.89,18.8,1,2.193
Millet,Millet (Pearl/Bajra),Hybrid,30.35,24.89,42.29,281.89,54.37,9.06,68,6.04,47.53,22.59,25.57,1.93,Red,32.57,Sprinkler,Kharif,Sugarcane,6.26,49.29,30.85,25.71,1,3.804
Soybean,Soybean (Food Grade),Hybrid,29.16,23.89,40.08,722.48,73.25,8.9,96,7.0,29.82,59.53,38.5,3.3,Sandy,51.96,Flood,Rabi,Wheat,0.66,24.03,38.52,35.52,1,2.514
Millet,Millet (Pearl/Bajra),Traditional,29.84,23.65,40.13,574.19,58.98,9.01,82,6.26,40.82,27.79,25.1,1.64,Loamy,50.66,Sprinkler,Kharif,Cotton,1.62,43.9,22.03,16.84,1,2.496
Rice,Rice (Basmati),Traditional,27.82,21.69,36.51,1449.82,79.11,6.73,142,6.5,78.67,30.08,32.25,3.1,Clayey,72.2,Flood,Kharif,Fallow,2.06,73.28,28.63,31.26,1,4.831
Rice,Rice (Sona Masuri),Traditional,27.44,21.22,36.56,1266.41,83.92,6.21,132,6.87,72.35,36.84,38.12,3.4,Alluvial,63.36,Flood,Kharif,Cotton,1.62,61.87,31.15,28.94,1,3.501
Millet,Millet (Sorghum/Jowar),HYV,32.12,25.82,42.84,604.01,58.14,9.43,129,7.99,61.08,32.69,25.96,2.33,Loamy,57.08,Drip,Kharif,Sugarcane,16.85,65.06,34.56,25.12,1,3.418
Millet,Millet (Finger/Ragi),HYV,30.53,23.42,40.47,529.15,65.73,7.42,128,5.06,44.32,25.89,23.55,1.83,Black,63.3,Sprinkler,Zaid,Sugarcane,3.65,34.62,17.59,16.0,1,2.78
Rice,Rice (Basmati),HYV,28.52,22.4,38.34,1225.34,80.08,7.75,133,6.37,60.04,31.74,31.17,3.35,Clayey,75.31,Sprinkler,Kharif,Millet,14.17,60.31,35.83,32.53,1,6.061
Wheat,Wheat (Sharbati),Traditional,20.08,12.73,30.55,549.19,51.1,8.77,117,7.21,96.89,41.05,39.02,3.8,Black,55.96,Drip,Rabi,Rice,2.71,68.14,39.94,29.76,1,4.863
Millet,Millet (Foxtail),HYV,30.19,23.93,37.41,423.17,52.49,8.57,79,7.49,34.93,15.51,16.79,2.68,Sandy,39.58,Flood,Kharif,Fallow,12.23,29.64,15.15,14.01,1,1.598
Rice,Rice (Basmati),HYV,28.05,20.9,36.41,1206.77,71.83,6.54,141,6.27,70.5,37.09,31.07,3.7,Laterite,66.41,Sprinkler,Kharif,Pulses,10.77,72.76,35.15,35.94,1,4.536
Wheat,Wheat (Durum),Traditional,19.88,13.97,31.0,587.94,66.76,8.15,122,6.77,89.49,45.76,37.09,2.81,Black,46.97,Drip,Rabi,Millet,4.09,55.79,31.12,21.62,1,3.683
Rice,Rice (Non-Basmati),Traditional,31.89,24.05,43.75,1575.88,70.15,8.22,138,7.44,117.74,49.67,59.9,4.02,Clayey,66.72,Sprinkler,Zaid,Soybean,9.23,56.21,29.77,32.78,1,3.788
Millet,Millet (Finger/Ragi),Traditional,29.5,22.46,36.71,430.5,69.96,9.3,106,5.57,33.36,20.85,21.99,2.95,Desert,63.96,Rainfed,Zaid,Millet,9.14,41.04,25.0,16.38,1,1.137
Wheat,Wheat (Durum),Traditional,19.58,13.3,30.41,486.36,54.03,9.0,133,6.51,98.65,41.15,31.19,2.65,Alluvial,63.09,Sprinkler,Rabi,Sugarcane,10.75,73.83,40.47,31.92,1,5.158
Wheat,Wheat (Common),HYV,19.42,13.93,26.62,597.34,64.29,9.04,118,6.65,95.92,48.27,30.61,3.65,Loamy,62.85,Flood,Rabi,Rice,12.56,83.26,40.87,38.2,1,4.454
Rice,Rice (Basmati),HYV,29.72,24.58,40.97,1498.79,83.3,8.43,137,6.02,79.95,32.81,36.68,2.53,Black,74.51,Sprinkler,Kharif,Cotton,16.21,54.43,26.88,24.31,1,3.667
Millet,Millet (Finger/Ragi),Hybrid,27.2,21.71,36.67,457.22,69.67,8.96,113,5.12,39.31,27.08,22.25,2.61,Red,63.03,Drip,Kharif,Millet,11.25,34.69,23.55,18.95,1,4.175
Maize,Maize (Feed Corn),Hybrid,28.32,20.33,36.48,586.43,62.18,7.13,110,6.66,124.08,77.58,51.61,4.78,Desert,57.64,Sprinkler,Kharif,Fallow,5.85,183.76,94.19,79.85,0,10.055
Wheat,Wheat (Common),HYV,18.5,12.69,27.99,518.46,61.35,9.64,118,6.02,86.32,40.05,39.24,2.23,Alluvial,45.42,Sprinkler,Rabi,Wheat,6.69,81.43,40.69,33.0,0,5.68
Rice,Rice (Non-Basmati),Traditional,30.45,22.68,37.59,1100.0,75.12,8.56,116,6.3,114.48,46.62,45.19,4.23,Clayey,73.99,Rainfed,Kharif,Sugarcane,5.67,90.73,33.46,32.9,0,6.853
Maize,Maize (Feed Corn),Traditional,28.79,20.8,35.8,756.03,70.71,7.38,115,6.94,133.96,64.74,64.14,4.61,Black,75.72,Rainfed,Kharif,Rice,16.89,82.91,49.78,44.82,1,7.004
Millet,Millet (Finger/Ragi),Hybrid,31.35,24.75,41.83,685.94,53.95,8.89,113,6.72,35.84,28.57,23.76,2.06,Laterite,54.92,Rainfed,Rabi,Maize,20.0,53.63,31.44,22.25,1,1.406
Rice,Rice (Sona Masuri),Traditional,29.63,24.03,39.61,1008.25,75.98,8.29,133,6.75,89.52,41.07,36.45,2.95,Loamy,60.24,Flood,Kharif,Fallow,9.85,52.66,30.26,27.29,1,5.081
Millet,Millet (Pearl/Bajra),Traditional,32.51,27.48,43.34,355.24,47.17,10.25,83,6.3,47.87,21.74,25.46,2.23,Alluvial,52.85,Sprinkler,Kharif,Cotton,12.16,46.99,21.21,22.22,1,1.06
Millet,Millet (Pearl/Bajra),HYV,31.08,23.5,42.83,467.42,55.3,9.66,68,7.22,51.4,25.0,25.64,1.68,Loamy,50.04,Rainfed,Kharif,Pulses,10.16,57.03,25.11,25.28,1,1.305
Maize,Maize (Feed Corn),Traditional,26.99,21.34,34.84,575.23,62.27,8.11,110,6.15,145.04,61.15,54.97,2.15,Black,64.83,Flood,Kharif,Cotton,2.22,112.56,62.2,46.3,0,5.359
Millet,Millet (Finger/Ragi),Hybrid,29.08,21.63,39.53,527.96,66.05,8.44,118,6.12,39.39,21.49,22.25,1.85,Loamy,41.81,Sprinkler,Kharif,Rice,8.84,52.62,23.95,22.12,1,3.582
Millet,Millet (Sorghum/Jowar),Hybrid,28.65,20.99,37.93,637.44,56.03,9.79,127,7.76,66.7,30.04,27.97,3.12,Loamy,42.4,Rainfed,Kharif,Millet,13.81,71.8,34.7,33.56,1,4.156
Wheat,Wheat (Durum),Hybrid,21.01,13.61,30.27,484.59,53.76,9.7,132,6.85,91.7,44.2,36.29,3.43,Clayey,67.13,Sprinkler,Rabi,Pulses,13.73,97.48,63.28,37.2,1,6.049
Maize,Maize (Sweet Corn),Hybrid,23.04,16.5,30.08,527.11,74.22,7.25,88,6.78,100.05,58.28,53.12,4.56,Black,51.22,Sprinkler,Zaid,Rice,12.84,121.21,58.41,46.38,1,8.375
Millet,Millet (Sorghum/Jowar),Traditional,30.82,25.31,40.87,511.44,60.84,9.74,125,6.95,71.73,38.23,30.9,2.69,Red,64.92,Rainfed,Rabi,Cotton,9.05,53.33,24.94,27.72,1,3.274
Maize,Maize (Feed Corn),HYV,24.34,18.22,31.89,569.75,60.26,6.26,105,7.47,123.22,71.06,65.79,3.98,Alluvial,77.42,Drip,Kharif,Sugarcane,12.52,120.25,74.83,55.31,1,7.448
Wheat,Wheat (Sharbati),Hybrid,18.01,11.45,26.76,434.35,62.66,8.52,131,6.71,93.75,45.62,31.38,2.7,Desert,41.59,Drip,Rabi,Cotton,3.84,97.22,54.66,35.85,0,6.5
Millet,Millet (Foxtail),Hybrid,31.4,25.11,40.57,472.22,54.37,9.33,85,5.6,34.57,17.41,19.03,1.28,Red,59.62,Sprinkler,Kharif,Cotton,18.42,36.55,18.15,20.32,1,1.578
Millet,Millet (Finger/Ragi),Hybrid,30.6,24.81,39.86,456.22,65.63,8.25,125,5.4,48.75,29.89,18.91,3.18,Desert,43.63,Rainfed,Kharif,Maize,17.28,40.13,28.95,26.68,1,1.857
Maize,Maize (Popcorn),Hybrid,25.03,17.06,35.59,539.29,67.94,7.98,92,6.35,90.69,53.42,42.59,3.49,Black,61.93,Drip,Rabi,Rice,9.54,93.78,47.22,44.02,1,5.768
Maize,Maize (Sweet Corn),HYV,22.14,15.91,31.01,763.4,64.09,7.75,81,6.15,106.79,53.25,50.47,3.12,Loamy,56.51,Sprinkler,Rabi,Maize,5.2,112.48,54.16,48.32,0,5.435
Maize,Maize (Popcorn),HYV,22.66,14.74,30.56,563.03,66.46,7.05,90,6.26,95.39,50.19,46.79,3.72,Alluvial,65.51,Sprinkler,Kharif,Sugarcane,6.02,90.88,59.07,41.27,1,7.367
Maize,Maize (Sweet Corn),Traditional,23.07,16.12,32.43,538.92,73.74,7.1,87,6.09,107.97,58.67,54.66,3.82,Black,70.42,Sprinkler,Kharif,Cotton,14.45,87.3,40.55,39.95,1,5.743
Maize,Maize (Sweet Corn),HYV,26.3,20.14,37.84,659.51,67.25,7.01,90,6.02,107.18,65.02,59.55,4.15,Loamy,56.31,Sprinkler,Rabi,Fallow,10.54,100.39,54.39,57.75,1,7.435
Millet,Millet (Sorghum/Jowar),Hybrid,27.1,19.61,35.16,685.05,56.38,9.16,94,7.85,64.02,36.2,25.35,1.62,Black,50.37,Sprinkler,Rabi,Maize,6.16,73.49,34.82,37.35,1,2.567
Millet,Millet (Sorghum/Jowar),Traditional,30.04,24.77,38.76,548.78,59.14,7.19,130,6.98,78.94,33.19,31.79,2.76,Clayey,59.76,Rainfed,Kharif,Sugarcane,16.24,51.88,28.19,26.96,1,2.347
Rice,Rice (Basmati),HYV,26.09,20.73,33.43,1131.66,70.69,7.7,149,6.45,71.97,32.97,33.0,4.23,Sandy,61.2,Rainfed,Kharif,Fallow,19.79,76.76,32.85,34.29,1,4.764
Wheat,Wheat (Common),HYV,18.48,12.23,28.74,479.1,66.56,8.99,121,7.18,86.06,40.63,31.73,1.51,Black,64.97,Sprinkler,Rabi,Pulses,7.79,83.75,40.74,32.82,0,3.749
Wheat,Wheat (Common),Traditional,20.12,12.58,27.17,453.14,68.17,8.16,126,7.31,81.39,40.81,35.98,2.74,Red,48.79,Sprinkler,Rabi,Maize,3.99,51.27,23.12,20.65,0,4.566
Maize,Maize (Feed Corn),HYV,27.57,20.33,34.82,786.92,72.82,7.71,101,6.89,145.52,70.12,65.11,4.93,Black,59.06,Sprinkler,Kharif,Wheat,17.65,128.58,76.96,53.21,1,10.054
Millet,Millet (Pearl/Bajra),Traditional,31.77,24.3,43.04,295.92,42.68,8.55,80,7.44,56.76,24.7,27.32,1.14,Loamy,37.45,Sprinkler,Kharif,Rice,0.58,35.32,20.41,16.32,1,1.69
Wheat,Wheat (Common),Traditional,18.07,10.46,29.98,463.37,64.79,8.6,118,7.28,96.88,43.79,37.34,2.96,Alluvial,40.7,Sprinkler,Rabi,Rice,9.06,60.26,31.28,25.82,1,5.251
Maize,Maize (Popcorn),Traditional,23.68,17.17,32.96,533.26,55.38,7.9,89,6.75,87.03,49.89,43.74,2.2,Alluvial,56.59,Sprinkler,Zaid,Sugarcane,1.85,50.91,28.41,27.86,0,3.027
Millet,Millet (Finger/Ragi),HYV,25.11,19.47,36.14,637.36,50.47,7.6,109,5.87,43.95,29.58,23.98,1.73,Black,61.91,Rainfed,Kharif,Fallow,10.86,26.47,23.22,17.38,1,2.804
Millet,Millet (Foxtail),Traditional,31.38,24.18,40.34,313.08,49.9,9.03,72,7.11,39.12,21.64,15.25,1.93,Clayey,35.53,Sprinkler,Kharif,Pulses,6.09,32.65,17.14,15.92,1,1.189
Wheat,Wheat (Common),Hybrid,19.29,14.24,29.51,535.35,61.04,7.64,118,6.14,85.65,43.45,38.44,3.9,Black,40.52,Sprinkler,Rabi,Soybean,7.48,95.07,52.46,38.51,1,7.8
Millet,Millet (Foxtail),HYV,26.02,20.62,35.59,457.12,57.65,9.16,65,5.65,33.38,23.46,16.95,2.91,Sandy,48.04,Sprinkler,Kharif,Cotton,3.59,30.88,22.39,16.23,1,1.224
Maize,Maize (Feed Corn),Traditional,27.3,19.43,38.61,608.34,61.95,6.05,105,7.48,132.26,70.91,62.01,3.68,Red,57.26,Flood,Kharif,Wheat,2.14,111.86,51.44,51.07,1,6.926
Maize,Maize (Popcorn),HYV,22.98,16.12,32.08,521.15,62.86,8.92,93,6.36,93.92,46.91,47.13,4.17,Alluvial,61.33,Rainfed,Rabi,Sugarcane,4.05,69.44,39.94,29.8,1,5.623
Soybean,Soybean (Oil Grade),Hybrid,28.41,23.4,35.66,758.29,73.36,7.08,118,6.91,24.57,61.66,39.0,2.65,Red,57.35,Rainfed,Zaid,Wheat,5.41,27.89,87.38,44.41,0,2.454
Millet,Millet (Foxtail),HYV,28.51,22.6,39.54,445.16,46.56,8.31,79,7.31,37.69,15.7,15.52,2.75,Clayey,59.94,Rainfed,Kharif,Pulses,8.57,32.89,24.84,19.65,1,1.827
Rice,Rice (Non-Basmati),Traditional,30.4,23.08,41.33,1214.08,73.85,7.77,139,5.55,107.6,45.28,41.33,2.04,Clayey,87.03,Flood,Kharif,Cotton,18.57,74.71,33.03,35.22,0,5.738
Wheat,Wheat (Sharbati),Hybrid,18.15,13.13,27.3,539.55,60.66,8.91,122,7.21,90.94,41.91,32.64,3.28,Black,47.97,Sprinkler,Rabi,Wheat,2.4,93.05,51.47,42.02,1,5.216
Soybean,Soybean (Oil Grade),HYV,25.16,19.07,34.03,896.38,66.49,6.36,110,7.1,23.66,64.57,37.65,2.86,Black,70.41,Rainfed,Kharif,Sugarcane,12.81,29.0,58.27,35.45,1,2.431
Millet,Millet (Sorghum/Jowar),HYV,27.67,21.41,38.42,694.67,56.16,8.91,93,7.22,75.14,39.16,32.04,1.61,Laterite,47.62,Flood,Kharif,Sugarcane,13.74,78.1,32.57,31.52,0,2.136
Rice,Rice (Sona Masuri),Hybrid,28.59,22.49,40.54,1344.75,76.58,9.0,121,6.98,89.34,36.9,44.47,3.73,Sandy,70.22,Flood,Kharif,Sugarcane,10.24,66.56,35.9,35.42,1,5.237
Rice,Rice (Non-Basmati),Traditional,28.41,21.97,40.28,1272.18,82.96,7.18,110,6.88,93.03,55.71,58.01,2.66,Alluvial,80.64,Sprinkler,Kharif,Rice,17.6,75.15,38.95,37.36,1,5.23
Millet,Millet (Finger/Ragi),Hybrid,25.78,19.69,36.66,549.45,69.04,8.16,121,7.08,40.72,26.24,20.63,2.28,Clayey,43.4,Rainfed,Kharif,Sugarcane,7.7,46.83,32.69,23.73,1,2.183
Soybean,Soybean (Oil Grade),HYV,29.78,24.22,37.99,948.28,74.54,6.4,117,7.21,24.05,57.89,42.39,3.6,Red,63.82,Sprinkler,Kharif,Cotton,17.14,28.93,60.86,43.39,1,4.901
Wheat,Wheat (Durum),Traditional,18.84,12.49,30.82,511.02,55.39,7.35,123,6.52,81.68,59.07,36.18,2.34,Loamy,51.89,Sprinkler,Rabi,Fallow,10.32,76.4,34.37,24.6,1,3.3
Millet,Millet (Pearl/Bajra),HYV,30.66,24.34,42.29,568.47,41.38,9.24,82,7.47,45.7,27.52,26.08,1.83,Alluvial,45.88,Rainfed,Kharif,Wheat,6.34,72.3,27.27,37.12,1,1.409
Maize,Maize (Feed Corn),HYV,27.6,20.09,38.78,638.1,70.44,6.11,98,5.98,148.71,71.9,58.66,3.04,Desert,60.05,Sprinkler,Kharif,Fallow,13.82,140.55,65.79,61.31,0,6.475
Wheat,Wheat (Durum),HYV,19.83,14.36,29.46,560.15,64.19,9.63,128,7.02,90.48,42.09,35.65,3.27,Loamy,59.96,Sprinkler,Rabi,Sugarcane,2.49,101.45,62.06,44.4,1,4.507
Millet,Millet (Sorghum/Jowar),Traditional,29.63,24.39,39.72,491.12,65.5,8.87,108,6.26,70.57,39.42,29.84,2.14,Loamy,61.04,Sprinkler,Rabi,Rice,4.8,49.32,26.58,23.16,1,2.386
Soybean,Soybean (Food Grade),HYV,26.35,20.01,35.5,819.93,67.45,8.19,101,7.21,27.59,44.12,39.07,2.73,Loamy,61.04,Sprinkler,Kharif,Sugarcane,16.75,24.23,40.34,33.42,1,2.324
Millet,Millet (Finger/Ragi),Traditional,26.19,18.24,37.77,459.8,54.13,9.2,121,6.34,40.91,27.6,15.82,3.28,Red,44.86,Sprinkler,Kharif,Wheat,3.23,24.06,16.66,19.73,1,3.397
Millet,Millet (Foxtail),Hybrid,30.42,22.88,40.04,479.67,63.32,8.89,60,6.02,30.18,16.74,19.69,1.97,Laterite,46.67,Rainfed,Rabi,Soybean,8.81,34.79,19.19,21.39,1,1.449
Rice,Rice (Basmati),Hybrid,25.03,18.02,36.89,1303.41,71.8,6.96,138,6.37,70.64,34.82,37.03,2.2,Loamy,64.84,Sprinkler,Kharif,Fallow,4.17,74.66,35.38,36.67,1,5.644
Maize,Maize (Sweet Corn),HYV,22.23,15.45,31.0,511.22,60.17,7.75,92,6.71,105.96,61.85,58.39,3.54,Clayey,65.1,Sprinkler,Kharif,Sugarcane,7.4,113.11,55.76,51.31,1,7.085
Soybean,Soybean (Food Grade),Hybrid,24.06,17.18,31.06,839.81,65.88,8.52,97,6.14,21.46,51.34,38.45,3.06,Loamy,56.22,Rainfed,Kharif,Sugarcane,1.52,23.29,51.43,43.86,1,2.266
Wheat,Wheat (Sharbati),Traditional,19.02,11.88,28.16,451.85,56.2,9.64,115,6.5,93.43,46.12,35.6,2.78,Loamy,41.81,Sprinkler,Rabi,Fallow,15.86,64.73,33.8,27.9,1,3.346
Maize,Maize (Feed Corn),HYV,23.5,15.61,32.68,812.73,69.74,7.95,94,6.86,125.48,73.57,68.12,2.3,Desert,63.16,Sprinkler,Kharif,Sugarcane,1.79,145.01,61.39,55.9,1,8.954
Wheat,Wheat (Common),HYV,20.09,12.73,30.73,550.52,53.85,9.74,113,7.22,97.89,46.45,33.93,3.01,Alluvial,45.37,Sprinkler,Rabi,Pulses,14.19,96.81,46.36,31.15,1,6.603
Maize,Maize (Feed Corn),Hybrid,28.5,22.82,39.91,698.37,60.87,7.65,98,7.09,123.96,70.58,61.02,4.66,Red,61.03,Drip,Kharif,Millet,11.15,138.54,85.93,74.04,0,10.556
Millet,Millet (Pearl/Bajra),Hybrid,28.98,22.27,39.22,264.56,53.33,8.6,73,7.43,54.47,20.03,28.49,1.02,Loamy,54.22,Rainfed,Kharif,Pulses,4.21,53.41,24.14,20.55,0,1.9
Millet,Millet (Pearl/Bajra),HYV,33.79,26.76,43.98,310.45,50.92,8.77,84,7.17,56.96,26.83,26.38,1.13,Black,33.57,Rainfed,Kharif,Fallow,0.73,41.66,27.01,22.7,1,1.278
Millet,Millet (Finger/Ragi),Traditional,31.26,25.99,42.14,601.44,52.97,8.25,107,5.42,47.83,21.54,21.84,2.75,Loamy,62.04,Sprinkler,Zaid,Rice,18.97,33.68,20.24,17.03,1,2.741
Maize,Maize (Popcorn),Hybrid,25.69,19.89,34.04,748.34,60.49,6.09,95,6.06,86.9,44.41,49.22,3.5,Loamy,66.4,Sprinkler,Kharif,Sugarcane,1.21,117.14,63.41,51.03,0,7.8
Millet,Millet (Sorghum/Jowar),HYV,28.33,23.18,39.94,664.42,63.69,9.75,119,6.79,67.35,30.75,26.4,1.62,Black,58.41,Rainfed,Kharif,Maize,7.76,67.01,32.75,31.07,1,2.567
Maize,Maize (Popcorn),Hybrid,23.66,16.9,31.15,677.85,59.04,6.45,104,6.96,81.71,44.78,48.28,2.99,Alluvial,59.52,Sprinkler,Kharif,Sugarcane,13.96,89.39,47.27,52.89,0,4.999
Wheat,Wheat (Common),HYV,19.87,14.49,31.05,484.46,64.38,8.29,119,6.26,81.17,44.98,32.9,2.91,Loamy,69.35,Drip,Rabi,Maize,9.55,83.72,48.73,38.33,1,6.649
Wheat,Wheat (Durum),Traditional,22.77,17.21,30.62,610.91,55.03,7.28,127,6.42,93.9,47.9,32.62,1.86,Alluvial,69.3,Sprinkler,Rabi,Soybean,5.92,54.42,27.93,23.39,1,3.374
Millet,Millet (Sorghum/Jowar),Hybrid,30.97,24.89,39.26,427.97,65.62,8.69,94,7.34,64.9,32.12,33.72,2.49,Red,53.3,Rainfed,Rabi,Maize,12.87,76.73,37.58,28.14,0,2.776
Millet,Millet (Foxtail),Traditional,30.65,24.28,38.7,442.87,49.69,9.54,83,6.96,39.71,24.08,15.73,1.42,Loamy,44.01,Sprinkler,Kharif,Maize,19.93,30.46,12.97,12.6,0,2.15
Millet,Millet (Finger/Ragi),HYV,25.46,20.28,34.89,504.74,52.83,7.37,123,5.39,32.27,24.85,24.42,1.77,Black,52.55,Rainfed,Kharif,Sugarcane,13.3,31.48,20.07,22.99,1,2.387
Millet,Millet (Sorghum/Jowar),Traditional,29.3,21.32,37.27,576.29,57.63,7.39,93,6.69,77.13,39.11,25.27,2.69,Loamy,61.35,Rainfed,Kharif,Soybean,13.49,56.14,31.0,26.41,1,1.59
Soybean,Soybean (Oil Grade),Hybrid,27.92,20.9,36.66,761.88,76.45,7.32,106,7.38,26.08,53.97,43.2,3.35,Alluvial,79.59,Drip,Kharif,Cotton,17.14,27.41,57.24,43.28,1,3.543
Wheat,Wheat (Sharbati),HYV,21.29,16.0,31.81,437.4,61.0,8.93,125,6.95,87.93,46.2,32.35,2.55,Loamy,41.63,Rainfed,Rabi,Millet,0.7,94.53,47.18,37.61,1,3.959
Maize,Maize (Popcorn),Hybrid,22.65,15.84,33.1,522.57,59.42,7.92,94,5.89,88.74,56.94,41.21,3.87,Alluvial,61.04,Sprinkler,Zaid,Millet,1.89,102.62,45.29,48.23,1,6.362
Rice,Rice (Sona Masuri),Traditional,28.96,21.8,39.22,1057.75,78.92,6.39,127,5.86,78.39,38.57,42.01,3.52,Red,60.49,Sprinkler,Kharif,Sugarcane,19.93,50.82,28.04,24.58,1,4.158
Millet,Millet (Finger/Ragi),Hybrid,26.08,20.2,36.5,591.62,67.94,8.0,120,7.32,43.54,21.0,21.53,1.7,Red,41.41,Sprinkler,Kharif,Cotton,17.46,54.41,25.36,23.85,1,2.733
Wheat,Wheat (Durum),Hybrid,20.18,14.94,30.76,560.42,58.69,8.56,130,7.49,95.5,50.81,37.71,2.69,Alluvial,52.77,Rainfed,Rabi,Maize,1.86,99.77,46.89,38.38,0,4.222
Soybean,Soybean (Oil Grade),Traditional,25.37,19.51,33.9,939.83,79.98,8.16,108,6.82,21.83,64.85,38.13,2.44,Alluvial,57.37,Sprinkler,Rabi,Rice,3.27,17.91,48.48,31.53,1,1.892
Wheat,Wheat (Common),Traditional,17.56,9.79,26.11,530.95,50.64,8.33,129,7.23,86.61,45.57,32.93,1.7,Loamy,51.99,Flood,Rabi,Maize,5.95,69.6,34.03,25.69,0,2.996
Wheat,Wheat (Durum),Traditional,22.15,15.83,32.91,566.25,57.5,9.53,128,7.35,95.52,54.95,36.5,3.63,Loamy,57.33,Flood,Rabi,Cotton,2.5,75.66,32.82,26.2,1,5.771
Rice,Rice (Sona Masuri),Traditional,30.71,24.25,38.29,1194.16,71.64,8.65,133,5.69,83.07,37.96,42.6,2.6,Red,77.1,Flood,Kharif,Sugarcane,11.56,68.22,32.74,32.39,1,5.445
Rice,Rice (Basmati),Hybrid,26.66,21.2,37.91,1260.8,84.0,8.42,136,6.01,68.56,31.97,39.11,2.52,Clayey,67.15,Sprinkler,Kharif,Sugarcane,1.63,78.21,37.65,39.22,1,5.364
Rice,Rice (Basmati),Traditional,25.49,20.27,34.3,1046.08,78.78,6.68,145,7.18,73.99,36.17,38.63,2.67,Sandy,81.83,Flood,Kharif,Fallow,1.12,50.31,24.93,24.22,1,3.004
Rice,Rice (Basmati),Traditional,27.63,21.66,35.19,1221.38,73.8,8.73,133,6.07,60.11,33.28,36.6,4.19,Clayey,71.33,Flood,Kharif,Maize,16.06,48.17,28.98,27.3,0,3.5
Wheat,Wheat (Durum),HYV,22.16,15.59,32.25,532.55,52.99,9.99,127,7.07,92.42,44.66,38.77,1.68,Loamy,60.14,Sprinkler,Rabi,Cotton,17.82,91.71,44.53,37.54,1,4.55
Rice,Rice (Sona Masuri),Hybrid,28.64,21.81,38.23,1352.18,73.53,6.79,131,6.73,78.24,38.48,44.81,4.32,Loamy,84.3,Flood,Kharif,Soybean,12.67,86.83,45.09,46.46,1,5.129
Rice,Rice (Basmati),Hybrid,27.91,22.7,39.37,1015.39,81.23,8.28,144,6.6,66.05,37.96,33.36,2.01,Loamy,83.99,Flood,Kharif,Millet,6.57,79.71,38.44,35.32,1,4.482
Millet,Millet (Finger/Ragi),Hybrid,29.69,22.49,38.53,664.67,67.49,7.43,110,5.52,47.5,25.57,22.71,2.8,Black,41.75,Rainfed,Kharif,Maize,17.73,48.17,25.22,16.52,1,2.218
Rice,Rice (Non-Basmati),Traditional,28.47,21.42,36.61,1598.98,78.62,8.8,117,7.26,107.54,45.56,48.94,3.29,Alluvial,88.98,Flood,Rabi,Fallow,10.46,66.22,41.53,32.22,1,4.995
Soybean,Soybean (Oil Grade),Hybrid,29.57,23.39,41.16,767.66,71.46,8.25,107,6.74,26.92,53.76,43.46,4.05,Alluvial,77.38,Sprinkler,Kharif,Cotton,18.86,25.16,73.7,48.65,1,5.2
Maize,Maize (Feed Corn),Traditional,23.4,17.35,33.06,650.92,71.56,6.53,104,7.07,122.71,66.53,58.8,4.8,Alluvial,69.65,Flood,Kharif,Sugarcane,2.61,88.11,54.19,42.41,1,6.652
Millet,Millet (Finger/Ragi),HYV,28.22,21.68,37.07,677.19,64.5,9.08,125,6.33,37.87,22.55,20.97,2.4,Loamy,52.66,Sprinkler,Rabi,Millet,15.95,32.93,22.92,19.05,1,1.741
Millet,Millet (Sorghum/Jowar),Traditional,32.35,24.55,40.55,631.17,55.21,8.09,128,6.87,78.33,36.42,27.76,2.17,Loamy,55.84,Rainfed,Rabi,Maize,1.54,73.17,34.34,25.71,0,1.226
Millet,Millet (Foxtail),Hybrid,31.29,23.43,38.78,390.79,62.27,8.04,69,7.08,37.24,17.12,15.41,1.39,Loamy,56.67,Sprinkler,Rabi,Rice,13.58,42.37,23.18,21.04,0,1.018
Wheat,Wheat (Durum),Hybrid,22.48,16.94,31.86,576.37,60.39,8.35,132,7.44,92.14,52.16,39.94,1.73,Alluvial,51.91,Sprinkler,Rabi,Millet,19.56,102.35,45.56,43.71,1,6.001
Maize,Maize (Feed Corn),Traditional,24.55,17.41,34.26,660.1,65.79,6.85,117,6.68,127.36,71.02,61.22,3.76,Red,69.25,Flood,Kharif,Soybean,16.13,117.6,56.07,48.83,1,9.124
Soybean,Soybean (Oil Grade),Hybrid,28.84,23.28,39.24,666.24,71.32,6.27,112,7.34,20.65,69.92,38.1,2.09,Black,58.95,Rainfed,Kharif,Maize,2.04,31.3,66.78,46.76,1,2.482
Wheat,Wheat (Common),Traditional,21.22,13.81,31.87,409.75,51.44,8.91,128,6.77,97.69,44.78,30.07,3.5,Desert,58.53,Sprinkler,Rabi,Millet,14.1,68.13,37.97,30.19,1,4.847
Maize,Maize (Popcorn),HYV,23.31,17.18,32.77,647.1,59.36,8.09,99,6.91,89.57,43.36,47.8,3.28,Alluvial,52.34,Sprinkler,Zaid,Wheat,11.57,88.31,54.48,42.67,1,5.194
Maize,Maize (Feed Corn),HYV,25.05,19.39,34.59,781.27,63.53,6.42,110,7.34,121.95,70.41,67.54,4.86,Sandy,56.8,Flood,Kharif,Cotton,2.22,139.16,74.88,62.96,1,7.188
Soybean,Soybean (Food Grade),Traditional,24.95,19.52,32.73,745.74,75.14,7.89,97,7.25,24.71,49.3,30.56,2.22,Alluvial,61.4,Drip,Kharif,Fallow,13.33,23.44,33.97,25.06,1,2.651
Millet,Millet (Sorghum/Jowar),Hybrid,29.05,23.45,36.7,495.03,58.22,9.18,98,7.13,76.95,39.01,28.99,3.19,Loamy,60.51,Rainfed,Rabi,Cotton,9.2,85.35,42.59,33.38,1,4.731
Maize,Maize (Feed Corn),Hybrid,25.83,20.43,37.51,782.64,66.51,6.78,101,6.55,129.72,63.95,50.74,4.3,Loamy,77.6,Sprinkler,Kharif,Wheat,4.22,161.54,68.61,71.81,1,8.299
Millet,Millet (Pearl/Bajra),Traditional,34.06,28.75,41.21,402.51,42.87,8.21,90,6.92,43.44,28.18,25.03,1.12,Black,30.82,Sprinkler,Kharif,Soybean,14.55,28.92,15.49,11.34,1,1.188
Maize,Maize (Sweet Corn),Hybrid,27.58,21.88,37.47,589.36,69.87,8.1,98,5.84,115.18,68.32,49.62,4.51,Sandy,63.88,Drip,Kharif,Cotton,8.26,127.59,70.14,52.35,0,5.35
Rice,Rice (Basmati),HYV,26.37,19.58,36.75,1221.36,76.69,8.17,140,7.49,62.57,31.04,37.24,3.74,Alluvial,66.85,Sprinkler,Kharif,Rice,4.92,70.38,30.68,38.0,1,5.276
Rice,Rice (Basmati),HYV,26.72,20.87,35.67,1399.17,75.58,7.36,147,6.14,68.82,31.96,31.87,2.28,Desert,68.92,Flood,Kharif,Pulses,10.64,63.32,36.13,33.63,1,2.934
Rice,Rice (Non-Basmati),Hybrid,30.98,23.7,39.67,1418.9,86.56,8.67,112,5.79,88.8,40.22,44.54,3.0,Clayey,65.79,Sprinkler,Kharif,Millet,0.75,122.55,50.83,54.36,1,8.64
Maize,Maize (Sweet Corn),Hybrid,26.36,19.85,33.39,595.77,71.25,6.56,85,6.0,112.19,50.41,44.32,2.51,Black,53.9,Drip,Rabi,Soybean,9.66,125.47,56.76,57.22,0,8.089
Maize,Maize (Feed Corn),HYV,26.83,19.84,37.22,790.91,60.5,7.93,100,6.35,135.34,76.47,62.78,3.61,Black,60.53,Sprinkler,Kharif,Fallow,13.25,132.66,75.65,55.11,1,8.696
Millet,Millet (Finger/Ragi),Traditional,29.93,24.42,37.14,615.9,69.27,8.64,122,7.35,43.7,27.03,16.35,1.81,Clayey,58.99,Rainfed,Kharif,Fallow,7.8,25.84,19.08,14.22,1,1.53
Rice,Rice (Non-Basmati),Hybrid,26.86,19.46,35.69,1480.97,73.84,6.95,140,6.24,104.01,49.65,43.97,2.42,Desert,68.08,Drip,Kharif,Pulses,1.18,97.15,58.15,57.58,1,8.585
Millet,Millet (Sorghum/Jowar),Hybrid,31.9,25.04,39.53,669.74,57.2,7.51,112,7.77,77.11,31.91,29.23,3.01,Red,57.16,Sprinkler,Rabi,Maize,8.44,86.38,34.12,34.08,1,3.677
Millet,Millet (Sorghum/Jowar),HYV,30.93,23.27,40.48,629.16,63.33,7.71,120,6.57,79.66,38.29,33.71,3.45,Black,42.28,Rainfed,Rabi,Pulses,14.84,62.45,31.08,29.87,0,1.515
Wheat,Wheat (Sharbati),HYV,20.29,14.46,27.66,550.78,62.83,8.28,117,7.0,80.52,48.97,35.81,3.84,Black,64.1,Drip,Rabi,Pulses,9.31,90.43,47.34,38.96,1,4.879
Soybean,Soybean (Food Grade),HYV,28.61,22.39,36.31,721.47,66.16,8.31,92,7.37,20.48,45.1,32.67,2.21,Red,64.09,Rainfed,Kharif,Soybean,8.06,20.72,44.95,38.94,1,2.069
Millet,Millet (Sorghum/Jowar),Traditional,32.46,26.88,41.12,514.19,54.95,9.71,98,7.75,60.35,37.3,29.29,1.58,Red,61.27,Sprinkler,Zaid,Pulses,5.21,43.31,17.12,14.63,0,1.339
Maize,Maize (Popcorn),Hybrid,24.92,18.88,33.54,731.12,64.98,7.38,93,6.49,93.71,58.22,45.97,2.58,Loamy,64.55,Drip,Rabi,Sugarcane,10.25,99.34,63.24,44.78,1,4.752
Maize,Maize (Popcorn),Traditional,26.44,20.79,35.6,537.01,64.72,7.72,94,6.81,88.7,54.71,40.15,2.06,Alluvial,50.76,Sprinkler,Rabi,Soybean,2.09,69.06,34.83,32.65,1,4.596
Millet,Millet (Pearl/Bajra),HYV,33.09,27.49,41.01,452.13,41.6,9.44,75,6.82,51.83,26.92,28.21,2.24,Loamy,53.4,Sprinkler,Kharif,Pulses,16.76,57.93,22.59,28.02,0,2.9
Millet,Millet (Foxtail),HYV,28.27,23.1,37.07,475.49,46.95,8.67,66,7.39,35.49,24.95,19.03,2.72,Sandy,52.93,Sprinkler,Zaid,Rice,13.73,29.22,16.33,15.44,1,1.701
Rice,Rice (Sona Masuri),HYV,28.76,23.24,40.66,1073.1,83.67,6.62,139,6.16,88.43,43.88,43.23,2.94,Loamy,60.11,Rainfed,Kharif,Fallow,12.74,77.76,41.79,37.28,1,4.269
Wheat,Wheat (Sharbati),Traditional,18.41,11.22,28.32,492.71,51.75,7.24,116,6.37,96.25,42.66,30.64,3.1,Loamy,46.98,Rainfed,Rabi,Soybean,7.89,71.31,33.38,27.65,1,3.739
Maize,Maize (Popcorn),Hybrid,25.92,20.58,35.34,520.92,68.48,6.93,97,6.72,99.18,59.54,42.15,3.64,Laterite,67.13,Sprinkler,Kharif,Sugarcane,17.65,89.52,43.73,39.07,0,5.362
Wheat,Wheat (Sharbati),Hybrid,21.79,15.05,31.57,565.34,63.93,9.1,119,6.26,90.07,43.65,33.33,2.43,Loamy,62.35,Drip,Zaid,Pulses,2.62,91.69,45.32,36.48,0,4.427
Soybean,Soybean (Oil Grade),Traditional,27.56,20.92,38.14,924.19,78.76,7.91,115,7.35,23.75,65.94,39.54,3.98,Black,72.0,Rainfed,Kharif,Fallow,5.61,18.79,43.63,30.05,0,1.759
Wheat,Wheat (Durum),Hybrid,18.53,13.21,30.35,645.87,58.52,9.37,121,6.18,85.93,46.27,35.96,2.95,Desert,68.09,Rainfed,Kharif,Millet,10.31,99.26,47.8,40.49,1,3.319
Maize,Maize (Sweet Corn),Traditional,27.36,20.81,38.2,634.06,66.9,6.85,81,6.79,111.15,67.14,48.54,3.82,Loamy,50.12,Drip,Kharif,Sugarcane,17.45,93.8,46.57,36.06,1,7.386
Millet,Millet (Foxtail),Traditional,26.64,20.77,33.98,450.64,62.03,7.91,83,6.19,30.38,24.44,18.36,1.38,Sandy,36.22,Rainfed,Zaid,Pulses,17.71,31.83,19.52,12.77,0,0.866
Millet,Millet (Sorghum/Jowar),Hybrid,28.92,21.98,36.38,646.23,51.91,9.5,126,7.05,61.75,30.37,33.96,3.31,Sandy,55.06,Sprinkler,Rabi,Millet,18.65,67.56,38.19,28.04,1,2.22
Rice,Rice (Sona Masuri),HYV,26.67,20.31,36.15,1102.36,80.85,6.81,131,6.02,85.0,44.05,37.12,4.09,Loamy,63.28,Flood,Kharif,Millet,18.14,71.78,30.65,32.55,1,3.961
Millet,Millet (Foxtail),Hybrid,26.06,20.42,35.81,387.28,61.73,9.02,73,6.08,33.87,24.29,16.23,1.33,Loamy,39.13,Sprinkler,Kharif,Sugarcane,1.68,39.32,19.3,20.09,1,2.531
Millet,Millet (Sorghum/Jowar),Traditional,30.14,25.08,42.01,688.74,67.79,7.94,128,7.94,63.92,30.4,28.96,2.58,Red,46.08,Rainfed,Rabi,Pulses,13.94,61.77,28.01,27.65,1,2.352
Rice,Rice (Non-Basmati),Traditional,29.67,23.54,36.68,1323.3,75.53,6.31,116,7.26,81.57,59.76,53.29,4.04,Clayey,65.95,Sprinkler,Kharif,Cotton,11.22,86.85,43.25,41.82,1,5.927
Millet,Millet (Finger/Ragi),HYV,25.29,20.26,33.91,430.46,66.4,8.15,112,5.57,49.23,23.97,23.59,2.3,Loamy,55.75,Rainfed,Rabi,Maize,8.38,41.99,28.25,17.83,1,2.11
Maize,Maize (Feed Corn),Hybrid,26.9,21.17,38.51,629.7,73.3,8.3,116,7.44,121.59,65.66,52.94,3.45,Loamy,69.0,Flood,Rabi,Fallow,11.82,164.92,93.73,76.44,0,9.368
Maize,Maize (Popcorn),HYV,26.42,20.54,34.94,730.28,60.84,6.41,99,6.84,99.82,49.43,48.62,4.26,Loamy,56.2,Rainfed,Kharif,Maize,8.77,81.24,44.62,37.23,1,5.976
Soybean,Soybean (Oil Grade),Traditional,26.9,20.45,38.74,672.13,68.08,8.7,117,6.37,28.85,64.64,41.09,3.06,Red,67.0,Drip,Kharif,Millet,15.05,18.55,44.64,28.34,1,3.474
Rice,Rice (Sona Masuri),Traditional,29.47,24.46,39.21,1160.43,74.55,7.55,136,5.76,73.63,36.1,44.43,3.68,Alluvial,79.75,Rainfed,Zaid,Wheat,12.47,64.75,34.39,34.01,1,3.509
Maize,Maize (Sweet Corn),HYV,22.94,15.26,29.98,771.09,60.44,8.34,97,6.54,112.83,51.01,44.22,4.7,Alluvial,70.59,Drip,Rabi,Soybean,1.84,114.22,67.89,59.86,1,7.139
Millet,Millet (Foxtail),Traditional,28.13,21.6,39.12,328.94,57.82,8.47,75,6.57,34.2,22.57,15.52,1.52,Sandy,49.07,Rainfed,Rabi,Maize,16.92,30.9,12.41,14.55,1,1.165
Maize,Maize (Feed Corn),HYV,24.7,17.08,35.13,661.56,61.76,7.16,100,5.97,121.4,74.07,66.02,2.78,Desert,74.77,Flood,Kharif,Rice,6.72,120.87,77.9,69.45,1,5.847
Wheat,Wheat (Durum),HYV,22.69,16.24,31.86,563.18,68.62,7.93,120,6.74,81.24,50.44,35.62,3.24,Black,69.89,Flood,Rabi,Millet,7.3,99.01,59.6,39.73,1,3.627
Wheat,Wheat (Sharbati),HYV,21.98,14.05,31.94,441.81,53.58,8.56,119,7.16,98.57,42.95,38.17,2.48,Black,50.85,Drip,Rabi,Maize,4.99,84.44,43.04,37.08,0,3.092
Millet,Millet (Finger/Ragi),Traditional,25.26,18.07,32.65,615.71,66.69,7.67,122,5.43,46.08,20.1,15.92,3.18,Sandy,49.52,Rainfed,Kharif,Soybean,10.49,34.87,20.19,17.36,1,1.704
Maize,Maize (Feed Corn),Hybrid,27.34,19.41,39.07,787.6,61.35,6.71,109,6.76,141.72,68.89,64.72,3.4,Red,68.32,Sprinkler,Zaid,Millet,5.87,133.11,71.31,68.84,1,9.228
Soybean,Soybean (Food Grade),HYV,28.21,21.91,36.18,720.59,77.22,6.69,104,6.93,29.71,46.92,31.23,2.84,Black,60.7,Rainfed,Kharif,Pulses,7.62,28.69,52.85,34.73,1,1.537
Millet,Millet (Pearl/Bajra),Hybrid,31.96,25.32,43.72,492.44,41.94,10.82,72,7.26,42.11,21.38,25.95,1.5,Red,50.82,Rainfed,Kharif,Soybean,17.4,49.7,26.34,26.21,0,1.212
Millet,Millet (Sorghum/Jowar),Traditional,27.46,22.45,38.37,482.53,63.9,7.12,125,7.43,74.17,38.51,33.63,1.9,Red,54.47,Flood,Rabi,Maize,12.97,72.5,31.26,35.01,0,1.904
Wheat,Wheat (Durum),Hybrid,18.99,12.26,27.42,523.62,68.63,9.54,135,6.26,89.34,53.56,31.76,3.83,Alluvial,46.93,Rainfed,Rabi,Soybean,16.68,104.72,51.05,38.14,0,5.9
Millet,Millet (Foxtail),Traditional,29.79,22.42,39.28,309.04,51.33,8.83,82,6.52,34.85,21.25,18.51,2.3,Red,57.09,Sprinkler,Rabi,Cotton,14.48,30.9,15.3,13.74,0,1.525
Millet,Millet (Pearl/Bajra),Hybrid,31.44,24.23,42.4,337.79,57.13,10.81,90,6.72,48.78,24.99,24.16,1.14,Loamy,49.69,Sprinkler,Kharif,Rice,4.45,49.92,24.77,23.38,1,2.255
Wheat,Wheat (Sharbati),HYV,20.51,13.76,28.26,442.59,53.46,9.2,120,6.92,80.94,45.94,37.75,3.2,Alluvial,60.66,Flood,Rabi,Rice,16.5,76.06,35.84,29.51,1,4.369
Soybean,Soybean (Food Grade),HYV,27.57,22.07,37.68,794.95,63.46,8.77,98,7.09,26.33,53.35,35.95,2.74,Red,50.69,Rainfed,Kharif,Sugarcane,9.47,27.1,58.87,43.23,1,1.467
Soybean,Soybean (Food Grade),HYV,25.57,19.43,32.88,729.34,66.08,7.91,109,7.04,27.68,57.44,30.27,3.48,Red,66.92,Rainfed,Kharif,Pulses,10.86,20.6,37.64,32.0,1,3.242
Maize,Maize (Feed Corn),Hybrid,25.75,19.41,36.29,631.88,76.72,8.82,111,6.85,141.84,72.62,56.75,3.32,Loamy,72.74,Sprinkler,Kharif,Rice,8.55,133.18,74.03,56.63,0,11.7
Millet,Millet (Sorghum/Jowar),HYV,30.25,23.28,41.45,480.02,69.87,8.1,127,6.94,63.31,40.0,33.26,1.77,Loamy,55.91,Drip,Rabi,Cotton,8.05,67.06,30.45,27.74,1,3.397
Millet,Millet (Foxtail),HYV,26.76,21.39,36.33,360.26,49.83,9.88,77,7.46,35.6,21.54,18.53,1.17,Sandy,51.36,Sprinkler,Kharif,Sugarcane,13.46,33.53,20.18,15.89,1,1.076
Maize,Maize (Popcorn),HYV,26.19,20.22,33.39,714.5,66.13,6.24,100,6.95,81.8,51.74,46.36,4.5,Alluvial,66.65,Drip,Rabi,Maize,17.58,88.86,55.67,48.33,0,5.591
Rice,Rice (Basmati),Traditional,25.75,19.23,36.23,1429.18,74.89,6.66,132,7.21,66.97,30.96,39.41,3.19,Red,72.94,Flood,Kharif,Maize,4.96,64.71,30.0,36.77,1,3.804
Maize,Maize (Sweet Corn),Traditional,24.83,19.69,32.66,530.57,72.67,8.89,92,5.89,111.04,60.08,53.01,4.21,Black,69.93,Drip,Rabi,Pulses,10.89,82.72,44.06,46.49,1,5.488
Rice,Rice (Non-Basmati),Traditional,27.89,21.93,38.39,1156.87,86.58,8.28,127,6.04,95.24,47.09,41.21,3.4,Alluvial,89.87,Sprinkler,Kharif,Pulses,1.64,62.0,31.74,34.64,1,5.806
Wheat,Wheat (Common),HYV,20.51,13.33,31.14,524.14,65.26,7.43,121,7.42,88.54,43.25,36.41,3.21,Alluvial,69.51,Flood,Rabi,Rice,12.4,108.52,53.82,40.97,1,4.097
Millet,Millet (Pearl/Bajra),Traditional,30.93,24.39,38.65,264.17,41.26,10.92,65,7.54,56.53,25.58,20.41,2.18,Sandy,39.98,Drip,Kharif,Fallow,16.12,47.21,23.98,23.46,1,1.354
Soybean,Soybean (Food Grade),HYV,27.65,21.19,35.67,678.19,78.05,6.02,101,6.18,26.04,49.91,33.89,3.06,Loamy,56.51,Sprinkler,Kharif,Soybean,12.74,32.24,53.65,47.47,0,2.536
Soybean,Soybean (Oil Grade),Hybrid,25.87,18.76,34.85,854.61,70.83,8.3,101,6.98,27.96,52.73,42.33,3.94,Black,79.12,Sprinkler,Kharif,Pulses,18.16,30.85,64.87,48.69,1,5.2
Millet,Millet (Foxtail),HYV,27.4,22.08,35.11,548.5,59.44,7.64,85,6.99,31.55,21.43,17.39,1.5,Red,48.19,Rainfed,Rabi,Pulses,5.99,33.54,22.06,18.47,1,0.926
Maize,Maize (Sweet Corn),HYV,26.76,21.0,35.03,584.34,71.2,8.77,87,6.09,109.89,68.11,45.38,3.97,Black,70.64,Sprinkler,Kharif,Millet,4.81,103.38,58.15,52.66,1,7.653
Millet,Millet (Foxtail),Hybrid,30.7,24.57,42.26,469.98,48.28,9.08,69,6.67,35.11,19.88,15.96,2.69,Red,36.43,Rainfed,Kharif,Soybean,0.86,37.99,17.3,20.78,1,2.195
Soybean,Soybean (Food Grade),Traditional,26.4,20.47,37.89,898.41,73.14,6.89,108,7.24,29.19,46.68,32.25,3.03,Black,74.12,Rainfed,Kharif,Millet,1.44,14.58,36.81,21.02,1,2.935
Rice,Rice (Sona Masuri),Traditional,27.06,20.86,34.71,1030.3,79.07,6.57,131,6.71,72.4,39.61,36.22,3.1,Red,61.18,Flood,Kharif,Fallow,8.39,61.32,29.18,34.99,1,4.221
Millet,Millet (Pearl/Bajra),Hybrid,31.06,23.9,41.87,572.62,53.95,10.99,85,6.77,49.88,24.75,29.18,2.01,Loamy,51.13,Rainfed,Kharif,Wheat,6.7,53.08,24.86,26.64,1,1.818
Wheat,Wheat (Sharbati),HYV,21.84,14.05,31.95,546.92,58.91,8.52,122,6.53,95.16,48.84,35.99,2.85,Alluvial,40.97,Sprinkler,Rabi,Fallow,18.47,86.64,40.1,37.57,0,4.84
Wheat,Wheat (Durum),HYV,18.16,12.81,26.73,514.63,68.01,9.05,122,7.42,88.53,47.0,34.48,3.53,Alluvial,67.94,Sprinkler,Rabi,Fallow,9.21,98.56,49.83,38.33,1,4.684
Millet,Millet (Foxtail),HYV,29.0,23.86,40.23,369.84,50.8,8.29,70,5.88,35.44,20.99,19.75,2.35,Clayey,56.67,Rainfed,Kharif,Fallow,17.02,39.94,24.19,17.12,1,1.258
Wheat,Wheat (Common),HYV,18.62,11.78,28.33,441.71,62.51,7.33,124,7.08,90.98,47.46,32.73,1.62,Loamy,41.68,Flood,Rabi,Pulses,5.99,87.12,40.78,33.54,1,6.294
Maize,Maize (Popcorn),Hybrid,26.04,19.64,34.26,682.89,59.42,6.51,91,6.66,96.18,42.29,48.42,4.37,Alluvial,51.8,Sprinkler,Kharif,Pulses,5.22,99.33,55.3,44.4,1,5.353
Wheat,Wheat (Sharbati),Traditional,21.49,14.74,32.93,586.1,58.33,9.06,130,6.39,99.35,47.95,36.77,3.71,Alluvial,40.35,Sprinkler,Rabi,Cotton,13.44,54.68,25.26,21.42,1,4.248
Soybean,Soybean (Food Grade),Traditional,27.02,19.25,37.97,882.71,65.15,7.98,91,6.16,24.97,57.47,33.32,2.33,Loamy,65.07,Sprinkler,Kharif,Wheat,18.67,12.41,27.07,20.64,1,2.95
Millet,Millet (Finger/Ragi),HYV,31.13,23.73,39.58,611.57,54.82,9.01,123,6.87,49.86,20.62,19.07,2.19,Black,48.87,Rainfed,Kharif,Wheat,4.31,42.37,22.7,22.57,1,2.752
Maize,Maize (Sweet Corn),HYV,25.73,19.05,34.87,524.93,71.06,7.02,93,5.94,101.57,59.51,56.74,2.39,Black,62.87,Drip,Rabi,Cotton,17.47,115.03,68.29,58.26,1,7.455
Maize,Maize (Sweet Corn),Hybrid,23.0,17.38,32.89,540.49,73.81,6.7,80,6.72,118.76,52.02,44.79,3.06,Loamy,63.52,Sprinkler,Kharif,Fallow,2.73,131.81,64.41,52.4,0,6.138
Maize,Maize (Sweet Corn),HYV,25.22,20.0,35.77,752.4,63.73,8.09,96,6.39,109.98,57.1,44.21,2.64,Alluvial,59.67,Sprinkler,Kharif,Soybean,17.79,101.08,67.78,47.98,0,5.2
Rice,Rice (Sona Masuri),Hybrid,27.32,21.95,35.16,1133.65,76.21,8.71,129,6.12,88.24,36.64,37.48,3.52,Loamy,62.91,Sprinkler,Kharif,Millet,16.94,82.89,42.37,42.05,1,6.872
Wheat,Wheat (Durum),Traditional,22.76,17.6,30.63,644.19,50.8,8.34,140,7.43,99.2,41.02,31.61,2.71,Loamy,66.99,Sprinkler,Rabi,Cotton,13.67,78.01,38.32,26.47,0,4.072
Millet,Millet (Foxtail),HYV,29.9,24.83,41.21,374.34,62.38,9.94,69,6.63,37.28,19.92,17.83,1.79,Red,47.88,Sprinkler,Kharif,Fallow,16.52,39.8,19.55,19.72,0,2.095
Soybean,Soybean (Food Grade),Hybrid,24.67,17.48,35.38,664.33,78.57,6.64,98,6.86,27.75,50.69,33.87,3.29,Red,53.81,Sprinkler,Kharif,Soybean,1.19,22.65,38.02,35.97,0,4.55
Maize,Maize (Popcorn),Hybrid,26.92,21.25,37.1,551.39,58.51,7.5,102,6.28,86.47,41.83,47.1,2.72,Loamy,64.02,Sprinkler,Rabi,Millet,19.62,61.79,44.04,37.7,0,4.852
Maize,Maize (Popcorn),Hybrid,22.5,17.24,31.84,535.53,59.98,6.51,98,6.64,94.71,43.56,49.25,3.81,Black,51.94,Drip,Kharif,Maize,17.82,105.92,55.17,53.55,0,5.85
Rice,Rice (Basmati),HYV,27.14,21.58,35.55,1133.76,77.79,6.7,145,6.19,71.67,37.35,33.22,2.1,Alluvial,63.18,Sprinkler,Kharif,Cotton,13.61,60.08,39.99,38.02,1,3.861
Soybean,Soybean (Food Grade),HYV,28.96,23.61,40.92,761.15,67.72,7.11,98,6.37,24.37,44.95,36.28,2.98,Laterite,69.41,Sprinkler,Kharif,Pulses,8.9,20.31,33.08,26.97,0,2.234
Rice,Rice (Basmati),Hybrid,29.47,22.83,40.56,1226.16,79.65,7.58,139,6.66,74.5,35.93,36.5,3.44,Loamy,75.39,Sprinkler,Kharif,Sugarcane,1.35,80.37,36.66,38.97,1,3.793
Rice,Rice (Non-Basmati),HYV,30.43,24.22,37.78,1483.75,71.43,8.77,118,6.04,110.22,51.49,40.97,3.22,Clayey,69.6,Flood,Kharif,Soybean,5.51,97.13,48.07,54.25,1,6.663
Wheat,Wheat (Durum),HYV,19.84,14.72,31.38,482.1,63.95,9.62,120,7.39,85.44,51.48,35.55,2.92,Black,62.94,Sprinkler,Rabi,Sugarcane,9.25,99.71,41.1,33.59,1,5.2
Millet,Millet (Foxtail),Traditional,28.7,22.46,39.44,471.95,60.39,8.65,83,5.67,39.23,20.78,16.86,1.37,Alluvial,52.47,Rainfed,Rabi,Soybean,16.03,25.69,14.48,10.32,1,1.023
Soybean,Soybean (Oil Grade),Hybrid,25.42,19.93,36.8,695.54,75.39,7.04,102,6.89,25.04,53.56,38.88,3.28,Alluvial,57.05,Rainfed,Kharif,Wheat,5.74,25.93,67.02,42.66,1,3.344
Soybean,Soybean (Food Grade),HYV,24.11,17.91,35.58,845.97,78.22,7.75,108,7.44,27.37,49.56,31.26,3.18,Clayey,67.3,Sprinkler,Kharif,Soybean,3.79,21.1,44.23,30.5,1,2.99
Wheat,Wheat (Sharbati),Traditional,17.23,12.13,25.09,595.48,51.29,9.22,123,7.33,98.67,49.04,33.97,2.58,Black,63.55,Rainfed,Rabi,Pulses,12.24,67.84,35.13,30.25,1,4.254
Millet,Millet (Finger/Ragi),Traditional,29.58,22.92,40.04,685.4,59.03,9.02,104,7.02,46.58,29.67,17.47,2.0,Alluvial,45.46,Flood,Kharif,Wheat,9.38,23.09,16.82,10.37,1,1.873
Rice,Rice (Basmati),HYV,28.47,22.0,38.03,1133.89,76.82,7.41,140,7.17,71.13,36.46,30.14,2.49,Clayey,84.62,Rainfed,Kharif,Sugarcane,17.57,70.81,38.5,34.8,1,3.646
Rice,Rice (Sona Masuri),HYV,30.36,23.84,38.56,1153.81,71.59,8.71,132,6.4,70.63,40.39,39.58,2.61,Black,68.24,Flood,Kharif,Soybean,5.34,79.86,43.28,38.74,1,4.68
Wheat,Wheat (Sharbati),HYV,18.34,11.63,27.25,484.4,50.83,9.07,128,6.7,88.69,44.68,33.76,2.48,Loamy,51.22,Drip,Rabi,Fallow,1.68,80.6,42.49,32.89,1,5.595
Millet,Millet (Sorghum/Jowar),Hybrid,28.29,22.23,37.89,661.34,60.13,7.24,98,7.37,66.16,30.29,30.98,2.16,Loamy,46.9,Rainfed,Zaid,Rice,0.57,85.47,42.48,36.06,1,2.639
Wheat,Wheat (Common),Traditional,21.51,14.89,30.18,555.34,51.41,8.69,130,6.27,81.25,49.02,30.48,2.79,Alluvial,46.75,Flood,Rabi,Millet,5.4,69.46,36.01,24.4,1,4.02
Rice,Rice (Basmati),Traditional,28.41,20.87,38.88,1466.05,80.76,8.29,140,6.86,77.89,34.75,39.45,2.64,Red,61.85,Flood,Kharif,Wheat,7.56,55.95,28.8,25.45,1,3.117
Wheat,Wheat (Common),Traditional,18.14,12.39,28.79,463.86,55.56,7.07,130,7.02,82.56,48.02,39.19,2.9,Black,68.99,Flood,Rabi,Rice,7.47,74.75,39.12,25.43,1,3.66
Wheat,Wheat (Common),HYV,18.02,10.99,25.97,424.8,68.61,7.49,114,7.01,84.58,48.88,34.81,2.29,Loamy,67.03,Sprinkler,Rabi,Fallow,17.09,99.82,47.48,38.04,1,5.241
Maize,Maize (Popcorn),Traditional,25.22,20.09,36.95,723.24,59.47,6.88,97,6.05,99.4,40.26,45.2,2.87,Loamy,55.56,Drip,Rabi,Fallow,19.6,57.13,27.35,32.65,0,5.612
Maize,Maize (Sweet Corn),Hybrid,23.1,17.31,33.22,684.08,68.32,8.3,89,6.13,103.15,54.02,45.63,4.84,Red,53.43,Drip,Kharif,Wheat,14.24,81.76,43.59,39.15,1,8.023
Maize,Maize (Feed Corn),Hybrid,24.55,19.02,36.0,678.56,70.91,6.73,113,5.85,128.54,71.4,54.99,2.17,Alluvial,74.13,Sprinkler,Kharif,Soybean,6.05,153.26,75.05,56.95,1,7.919
Soybean,Soybean (Food Grade),Traditional,27.45,21.01,35.57,653.96,60.31,8.22,97,7.43,22.31,56.79,37.84,3.52,Red,56.67,Rainfed,Kharif,Maize,1.16,17.58,34.53,24.23,1,2.861
Wheat,Wheat (Durum),HYV,19.65,12.96,27.57,562.68,63.09,7.4,136,6.41,98.06,56.82,37.63,2.54,Black,66.81,Flood,Kharif,Millet,4.97,77.36,48.32,30.54,1,4.185
Maize,Maize (Popcorn),Traditional,25.2,17.22,35.74,718.33,69.14,6.59,105,6.63,93.06,48.46,48.54,4.45,Alluvial,57.97,Drip,Rabi,Pulses,7.24,72.04,35.96,33.34,1,3.923
Rice,Rice (Basmati),Hybrid,29.96,24.47,40.42,1337.15,84.7,8.96,136,6.2,77.74,32.75,32.24,4.57,Alluvial,80.43,Flood,Kharif,Soybean,15.36,69.85,42.62,41.11,0,3.204
Rice,Rice (Sona Masuri),Traditional,30.05,23.93,40.56,1079.02,70.63,6.92,135,5.67,89.85,35.23,40.5,2.77,Alluvial,72.59,Flood,Kharif,Fallow,7.98,57.46,29.72,24.96,1,3.12
Wheat,Wheat (Durum),HYV,22.98,16.12,33.75,488.42,60.6,7.02,120,6.48,89.33,51.51,38.88,3.43,Sandy,52.5,Sprinkler,Rabi,Fallow,12.56,83.24,53.12,34.74,1,6.297
Millet,Millet (Foxtail),Hybrid,27.16,21.11,36.29,318.21,64.59,9.07,69,6.27,37.76,20.18,19.52,1.17,Loamy,45.57,Sprinkler,Rabi,Millet,10.98,43.22,23.61,19.07,1,1.261
Millet,Millet (Sorghum/Jowar),Hybrid,29.23,22.81,38.33,527.5,62.47,9.55,118,7.06,74.86,39.28,26.49,1.78,Loamy,55.16,Rainfed,Rabi,Maize,14.58,87.84,43.57,28.55,1,3.647
Wheat,Wheat (Common),Hybrid,21.26,14.31,28.56,465.13,61.13,7.52,112,7.19,93.88,43.3,33.31,2.37,Laterite,41.13,Sprinkler,Rabi,Wheat,19.31,106.86,46.46,33.3,1,6.912
Maize,Maize (Sweet Corn),Hybrid,24.45,16.47,32.35,555.84,74.65,7.97,80,6.85,105.72,59.84,41.75,4.1,Black,61.07,Rainfed,Kharif,Maize,11.61,126.9,62.69,65.51,1,7.719
Millet,Millet (Sorghum/Jowar),Hybrid,29.51,22.9,39.91,405.04,68.53,8.62,129,6.6,70.64,33.2,34.97,2.79,Loamy,60.91,Rainfed,Kharif,Pulses,16.12,84.36,39.4,37.75,1,1.751
Millet,Millet (Finger/Ragi),Hybrid,30.0,23.89,39.39,593.72,57.48,9.32,105,6.67,48.37,20.74,21.84,1.52,Loamy,52.73,Sprinkler,Zaid,Millet,18.6,43.81,32.76,23.0,0,1.961
Rice,Rice (Sona Masuri),Hybrid,29.38,23.25,39.28,1206.08,77.87,8.49,134,6.31,73.08,43.11,35.69,2.24,Alluvial,68.56,Flood,Kharif,Rice,15.19,85.63,43.72,43.14,1,6.876
Wheat,Wheat (Common),Traditional,20.11,13.18,29.1,596.88,52.65,9.22,117,7.32,94.35,45.62,39.38,3.78,Black,41.57,Flood,Rabi,Pulses,13.43,79.56,34.81,26.42,1,3.804
Wheat,Wheat (Sharbati),HYV,19.34,14.3,27.0,552.63,56.29,9.23,135,7.05,96.8,45.43,39.18,3.48,Loamy,41.8,Drip,Rabi,Sugarcane,0.99,96.2,49.52,38.97,0,3.849
Maize,Maize (Sweet Corn),HYV,26.78,19.26,35.6,790.66,69.62,6.46,96,6.08,111.51,58.42,45.17,4.32,Clayey,65.73,Sprinkler,Rabi,Maize,1.2,116.33,52.88,49.27,1,7.41
Rice,Rice (Basmati),Hybrid,28.52,21.11,36.72,1020.91,79.36,7.69,141,7.48,78.76,38.62,38.89,3.4,Alluvial,76.44,Sprinkler,Kharif,Pulses,18.81,81.17,40.47,35.78,1,5.733
Maize,Maize (Popcorn),Hybrid,22.72,15.28,33.44,643.48,66.62,6.42,100,6.57,85.69,53.81,46.79,2.6,Loamy,52.95,Drip,Rabi,Maize,9.52,107.7,55.4,51.72,1,6.025
Millet,Millet (Pearl/Bajra),Hybrid,31.9,23.91,41.49,358.73,52.28,10.45,66,6.19,55.24,23.61,28.09,2.36,Black,51.96,Sprinkler,Kharif,Pulses,6.31,46.51,25.71,28.71,1,1.584
Maize,Maize (Feed Corn),Hybrid,23.3,16.82,31.09,576.9,61.78,8.11,99,5.69,148.84,69.04,60.71,4.29,Alluvial,61.22,Sprinkler,Kharif,Soybean,8.37,160.04,84.13,63.69,1,11.7
Maize,Maize (Sweet Corn),HYV,23.99,16.95,34.2,602.79,74.54,7.04,92,6.19,109.16,51.88,51.3,2.72,Loamy,69.36,Drip,Rabi,Millet,7.61,110.97,55.84,44.25,1,9.494
Wheat,Wheat (Common),Traditional,18.28,11.63,25.66,522.98,63.44,9.91,121,6.27,80.77,41.0,37.86,3.75,Loamy,48.05,Sprinkler,Rabi,Millet,9.09,47.1,23.91,19.93,1,5.975
Millet,Millet (Finger/Ragi),Hybrid,29.67,22.42,38.89,550.76,62.7,8.85,125,6.05,38.06,27.02,16.86,3.5,Black,53.69,Sprinkler,Kharif,Maize,14.54,45.11,29.67,18.62,0,3.329
Millet,Millet (Foxtail),Traditional,28.81,22.02,38.88,361.34,51.73,7.29,70,6.43,37.89,21.62,18.73,2.94,Black,54.47,Sprinkler,Kharif,Fallow,5.62,25.85,16.09,14.54,1,1.586
Millet,Millet (Finger/Ragi),HYV,25.15,18.72,33.44,566.55,55.4,8.49,125,5.35,48.58,29.08,17.98,2.3,Loamy,49.63,Rainfed,Kharif,Wheat,14.78,42.84,23.72,23.17,0,2.255
Millet,Millet (Finger/Ragi),Traditional,30.08,24.77,40.79,669.29,51.12,8.23,120,6.69,38.91,28.72,17.31,2.29,Loamy,40.03,Rainfed,Kharif,Wheat,9.02,30.99,20.01,19.7,1,2.519
Millet,Millet (Sorghum/Jowar),HYV,27.67,21.02,36.25,628.29,56.73,9.39,111,6.17,74.5,34.84,32.8,2.14,Loamy,64.45,Rainfed,Kharif,Maize,18.14,68.81,32.26,30.8,0,3.55
Soybean,Soybean (Food Grade),HYV,28.33,20.55,35.88,872.88,66.05,8.88,94,7.36,25.73,58.33,38.44,2.83,Red,51.28,Rainfed,Kharif,Rice,11.27,28.86,52.5,36.51,1,1.715
Millet,Millet (Pearl/Bajra),Traditional,33.18,26.11,43.34,508.79,46.39,10.78,70,7.42,49.09,29.31,22.09,2.91,Desert,31.86,Sprinkler,Kharif,Soybean,15.29,36.1,20.13,14.14,1,1.073
Maize,Maize (Feed Corn),Traditional,28.72,23.5,35.91,722.6,74.73,6.65,100,6.91,138.27,79.04,57.67,3.33,Alluvial,61.15,Flood,Kharif,Soybean,3.57,119.8,49.74,47.22,1,5.706
Wheat,Wheat (Common),Traditional,20.69,13.0,29.33,595.5,58.03,8.26,124,6.43,94.92,47.74,39.08,1.87,Alluvial,44.07,Sprinkler,Rabi,Sugarcane,12.63,65.69,36.74,29.24,1,5.765
Millet,Millet (Foxtail),Hybrid,28.99,23.08,40.08,536.69,48.53,9.35,70,5.73,33.04,17.04,16.99,2.36,Black,35.79,Rainfed,Zaid,Fallow,13.51,42.52,25.12,19.6,1,1.306
Maize,Maize (Sweet Corn),Hybrid,26.09,19.58,35.06,651.17,60.73,8.39,88,6.61,108.9,68.21,57.35,2.44,Black,69.62,Sprinkler,Kharif,Wheat,4.2,102.45,51.43,45.96,1,6.345
Wheat,Wheat (Durum),Traditional,20.2,14.34,29.69,482.18,54.94,9.14,138,6.39,95.15,46.85,30.51,2.36,Loamy,60.96,Rainfed,Rabi,Sugarcane,3.03,74.84,35.79,26.59,1,3.695
Rice,Rice (Basmati),Traditional,27.22,20.19,36.77,1430.72,82.99,6.03,131,6.69,79.78,34.83,39.87,4.26,Loamy,66.22,Sprinkler,Kharif,Soybean,10.93,63.26,24.98,24.15,0,3.355
Millet,Millet (Finger/Ragi),HYV,31.33,23.48,42.69,485.35,62.23,9.29,125,6.23,43.09,25.59,21.69,3.46,Alluvial,46.53,Sprinkler,Rabi,Maize,13.96,38.24,25.6,15.55,1,3.997
Millet,Millet (Foxtail),Hybrid,30.98,23.22,38.74,309.13,46.71,7.87,68,6.15,39.84,15.86,18.36,1.92,Red,42.74,Drip,Kharif,Cotton,17.45,40.68,16.71,18.58,1,1.689
Millet,Millet (Foxtail),Hybrid,28.39,23.27,40.23,542.74,57.69,8.55,73,7.04,34.08,23.7,16.59,1.31,Red,54.61,Sprinkler,Rabi,Millet,5.97,28.96,22.74,17.39,1,2.154
Soybean,Soybean (Oil Grade),HYV,29.35,23.24,40.14,663.25,73.87,8.54,98,7.22,25.27,55.41,36.18,3.92,Alluvial,55.8,Flood,Kharif,Sugarcane,5.59,26.99,64.21,39.64,1,3.95
Millet,Millet (Finger/Ragi),Hybrid,25.27,19.36,35.82,662.85,69.37,9.85,112,6.32,44.52,22.99,16.92,1.64,Red,51.92,Rainfed,Kharif,Sugarcane,8.6,45.47,29.45,17.84,1,2.723
Wheat,Wheat (Common),Hybrid,19.37,11.63,27.39,578.98,61.42,8.61,115,6.64,85.89,47.59,33.38,3.96,Red,65.76,Sprinkler,Rabi,Soybean,7.8,72.45,34.16,28.99,1,7.083
Maize,Maize (Popcorn),Hybrid,26.32,18.75,34.42,661.25,66.67,7.68,98,6.14,93.71,51.76,46.25,2.24,Loamy,52.51,Drip,Rabi,Soybean,6.26,89.73,60.47,50.2,0,5.768
Maize,Maize (Popcorn),Traditional,26.27,20.98,34.11,545.87,57.02,8.83,102,6.58,83.7,41.91,49.5,4.18,Loamy,57.96,Sprinkler,Kharif,Sugarcane,16.81,57.16,30.04,27.86,1,5.597
Wheat,Wheat (Sharbati),Hybrid,19.91,12.26,28.65,516.25,58.66,7.56,121,6.97,91.51,44.06,35.39,3.74,Red,61.6,Drip,Rabi,Pulses,6.35,108.08,46.26,38.02,1,6.5
Millet,Millet (Pearl/Bajra),Traditional,30.24,24.74,41.4,365.62,43.9,9.78,70,6.76,53.83,23.38,20.57,2.12,Laterite,49.25,Flood,Kharif,Pulses,9.95,42.46,18.52,22.9,1,0.954
Millet,Millet (Foxtail),Hybrid,31.77,25.98,42.75,380.0,53.07,8.64,79,7.0,37.85,17.71,15.49,1.92,Loamy,47.01,Sprinkler,Rabi,Soybean,16.87,34.39,27.2,20.49,1,2.795
Rice,Rice (Basmati),Traditional,26.39,20.82,35.71,1176.68,78.75,6.23,138,6.39,69.06,30.32,32.8,3.23,Alluvial,75.07,Rainfed,Zaid,Soybean,12.46,61.86,24.36,24.21,1,3.893
Rice,Rice (Basmati),Hybrid,28.98,23.43,39.88,1298.43,76.69,6.3,140,7.3,72.02,37.08,30.21,4.91,Alluvial,80.81,Sprinkler,Kharif,Fallow,6.18,72.43,37.03,38.02,1,4.683
Wheat,Wheat (Sharbati),HYV,19.79,14.61,29.13,407.77,55.31,8.09,132,7.1,97.94,41.41,35.34,2.04,Loamy,60.64,Drip,Rabi,Sugarcane,16.23,89.62,44.9,36.78,1,3.577
Wheat,Wheat (Durum),Hybrid,19.95,12.42,29.51,622.44,63.26,8.53,127,6.35,87.57,59.45,39.37,3.66,Loamy,64.48,Flood,Rabi,Cotton,7.26,101.06,64.22,41.43,1,6.762
Soybean,Soybean (Food Grade),HYV,27.91,20.96,37.12,738.74,69.85,8.88,93,6.25,24.18,41.85,31.56,3.51,Black,59.17,Rainfed,Rabi,Soybean,9.43,25.4,55.86,32.8,1,1.805
Millet,Millet (Foxtail),Traditional,26.88,19.97,34.28,458.72,60.53,8.37,62,6.94,33.64,18.33,18.32,1.2,Sandy,39.51,Sprinkler,Kharif,Cotton,6.62,34.29,17.95,17.83,1,1.989
Maize,Maize (Feed Corn),Traditional,24.68,17.9,34.08,827.04,72.58,7.0,111,7.19,143.15,67.02,55.13,3.57,Red,66.86,Sprinkler,Kharif,Maize,8.33,115.92,50.15,45.17,1,8.165
Rice,Rice (Basmati),HYV,26.5,21.02,36.74,1464.71,72.3,6.54,142,6.98,64.05,38.9,38.59,2.23,Loamy,62.66,Flood,Kharif,Wheat,0.7,62.13,39.23,38.05,1,2.754
Millet,Millet (Foxtail),HYV,27.98,22.29,37.26,427.75,51.77,9.62,68,7.36,32.98,23.99,18.41,2.3,Clayey,42.56,Rainfed,Zaid,Maize,4.8,37.35,15.85,15.56,1,1.218
Maize,Maize (Popcorn),Traditional,26.02,19.29,34.39,610.07,68.97,8.34,86,6.08,94.74,44.99,47.99,3.1,Loamy,69.79,Sprinkler,Rabi,Soybean,2.16,87.59,48.05,45.8,0,5.016
Wheat,Wheat (Common),Hybrid,20.54,13.54,28.8,489.27,65.31,9.66,128,7.48,83.49,42.24,34.61,2.77,Black,52.73,Flood,Rabi,Rice,6.39,96.81,47.46,34.62,1,5.882
Millet,Millet (Pearl/Bajra),Hybrid,30.16,23.69,41.21,471.82,59.11,10.93,85,6.14,44.02,25.13,26.17,2.41,Sandy,34.62,Sprinkler,Kharif,Rice,14.95,54.14,23.7,29.84,0,1.84
Millet,Millet (Finger/Ragi),HYV,25.85,19.76,35.89,505.58,51.46,9.4,104,5.8,41.75,28.7,20.93,2.64,Desert,52.61,Sprinkler,Zaid,Soybean,19.94,48.64,22.93,24.5,1,3.003
Rice,Rice (Sona Masuri),HYV,26.53,20.22,34.19,1395.08,75.0,7.76,137,6.94,73.7,36.58,42.13,2.19,Alluvial,72.07,Flood,Kharif,Soybean,10.04,86.32,35.61,37.47,0,5.365
Wheat,Wheat (Durum),HYV,22.93,17.66,30.53,589.88,65.17,8.41,121,7.49,98.12,53.57,39.43,1.88,Alluvial,68.56,Flood,Rabi,Sugarcane,1.93,93.04,57.64,38.81,0,2.934
Millet,Millet (Foxtail),Traditional,29.06,22.12,37.82,317.1,53.4,8.55,83,7.34,37.23,20.96,15.76,1.03,Red,42.14,Rainfed,Rabi,Soybean,0.57,25.88,15.23,15.8,1,1.47
Wheat,Wheat (Common),Hybrid,18.57,11.56,28.53,529.46,67.58,7.48,121,7.45,95.1,43.0,39.44,3.45,Alluvial,50.93,Sprinkler,Rabi,Soybean,9.43,89.38,48.33,39.76,1,6.643
Wheat,Wheat (Sharbati),HYV,17.33,10.39,26.82,567.74,61.9,8.24,134,6.88,99.27,47.19,34.08,2.47,Alluvial,51.64,Drip,Rabi,Millet,17.82,69.76,37.23,33.97,1,3.531
Millet,Millet (Sorghum/Jowar),Hybrid,31.04,25.48,41.56,562.91,52.36,7.95,129,7.86,69.46,37.14,25.49,2.53,Desert,52.63,Sprinkler,Kharif,Cotton,7.62,69.19,36.69,30.78,1,2.637
Soybean,Soybean (Oil Grade),Traditional,27.64,22.48,38.2,792.26,72.25,8.07,104,6.75,27.88,63.3,42.93,2.91,Red,55.85,Sprinkler,Kharif,Wheat,2.75,18.37,40.13,35.09,1,1.964
Millet,Millet (Pearl/Bajra),Hybrid,30.7,24.23,38.04,505.38,50.86,10.88,80,7.89,57.98,21.27,25.46,2.41,Sandy,50.71,Sprinkler,Kharif,Soybean,3.97,62.56,22.53,31.38,1,1.592
Millet,Millet (Foxtail),Hybrid,29.08,23.97,38.77,381.6,62.55,8.08,80,7.1,32.51,23.13,19.13,2.05,Sandy,43.14,Flood,Kharif,Maize,15.0,33.44,19.96,17.72,1,1.192
Millet,Millet (Sorghum/Jowar),HYV,29.92,22.86,37.13,406.7,53.84,8.1,90,7.05,74.28,35.34,31.56,1.65,Black,56.14,Flood,Rabi,Wheat,4.4,69.09,36.39,26.77,1,3.726
Millet,Millet (Sorghum/Jowar),Traditional,28.52,22.77,39.4,414.79,62.2,8.79,123,7.87,64.35,34.57,26.73,1.76,Red,48.59,Sprinkler,Kharif,Maize,4.49,61.89,24.33,22.64,1,2.555
Millet,Millet (Finger/Ragi),Hybrid,25.91,18.66,35.04,672.74,68.39,8.58,110,6.93,47.52,22.59,21.44,2.21,Red,60.44,Rainfed,Kharif,Millet,3.29,52.44,31.1,24.92,1,2.382
Millet,Millet (Finger/Ragi),Hybrid,28.57,22.08,38.17,655.63,64.28,7.53,104,6.58,46.57,25.42,15.95,2.42,Loamy,63.09,Sprinkler,Kharif,Fallow,13.41,35.85,22.15,18.86,1,2.156
Millet,Millet (Pearl/Bajra),Traditional,31.04,23.95,38.12,326.64,47.98,9.23,72,7.13,52.31,23.06,25.34,2.68,Red,54.56,Flood,Kharif,Fallow,14.59,33.74,22.23,22.25,1,1.461
Millet,Millet (Foxtail),HYV,29.53,21.58,37.82,435.78,56.36,7.43,61,7.49,30.59,24.51,16.92,2.09,Red,35.84,Sprinkler,Kharif,Millet,14.01,39.86,23.83,17.85,1,2.393
Soybean,Soybean (Food Grade),Hybrid,24.29,19.19,32.13,807.94,66.15,7.21,99,7.42,29.52,45.71,30.07,2.63,Desert,64.21,Sprinkler,Kharif,Rice,12.5,25.14,63.45,39.29,1,2.695
Rice,Rice (Non-Basmati),Hybrid,26.94,20.1,38.92,1188.88,80.93,6.36,120,6.57,114.31,41.16,50.53,3.62,Black,86.52,Sprinkler,Rabi,Fallow,19.86,90.1,47.25,51.67,0,7.156
Rice,Rice (Sona Masuri),HYV,28.56,20.75,39.2,1201.87,78.9,8.78,124,6.2,72.07,43.84,39.87,3.1,Alluvial,70.18,Flood,Kharif,Wheat,7.65,81.64,44.33,41.26,1,4.62
Wheat,Wheat (Durum),Traditional,21.72,13.97,32.46,637.22,53.86,8.5,125,7.02,97.57,40.61,38.72,3.24,Black,49.27,Sprinkler,Rabi,Wheat,9.2,67.27,34.42,31.95,0,2.833
Millet,Millet (Finger/Ragi),Traditional,25.19,20.19,34.17,684.76,50.95,9.69,126,5.81,41.38,28.92,23.91,2.82,Black,58.41,Sprinkler,Kharif,Maize,8.43,37.32,23.4,12.17,1,3.387
Wheat,Wheat (Durum),Traditional,18.18,11.91,30.12,624.77,62.66,9.58,128,6.09,85.51,53.17,33.92,3.26,Loamy,63.98,Drip,Rabi,Sugarcane,10.31,68.44,47.68,27.94,1,4.848
Maize,Maize (Popcorn),HYV,22.08,14.85,29.19,676.27,58.01,8.44,92,6.89,94.77,44.2,48.85,2.05,Desert,62.42,Sprinkler,Zaid,Cotton,13.47,87.55,54.54,40.77,0,5.207
Maize,Maize (Popcorn),HYV,22.98,16.34,33.4,688.07,64.31,8.35,88,6.61,87.56,42.4,44.39,2.9,Loamy,51.19,Flood,Kharif,Sugarcane,14.36,89.06,49.86,41.99,1,5.52
Rice,Rice (Non-Basmati),HYV,28.31,22.1,38.35,1476.5,84.69,6.06,114,5.88,107.08,54.26,59.71,3.62,Clayey,71.78,Flood,Kharif,Wheat,3.82,114.61,40.87,48.58,1,8.754
Maize,Maize (Sweet Corn),Traditional,24.56,17.58,32.84,797.83,64.94,6.37,94,6.63,113.48,69.53,52.67,3.95,Laterite,61.33,Drip,Rabi,Cotton,19.14,80.32,48.89,33.1,0,5.381
Millet,Millet (Finger/Ragi),HYV,30.69,23.57,40.46,401.15,51.83,8.06,130,5.03,36.79,22.69,16.46,3.49,Loamy,64.3,Rainfed,Kharif,Sugarcane,13.83,40.26,18.34,15.34,1,1.535
Wheat,Wheat (Common),HYV,18.89,11.35,29.88,593.15,54.44,8.62,127,6.67,98.14,44.12,34.43,2.62,Laterite,58.37,Flood,Rabi,Soybean,11.64,91.7,47.23,34.07,1,4.93
Millet,Millet (Foxtail),Hybrid,26.38,19.46,37.61,357.99,61.45,8.72,78,7.23,34.08,23.29,16.5,1.52,Sandy,56.74,Rainfed,Kharif,Sugarcane,16.54,35.72,14.31,17.67,1,1.289
Soybean,Soybean (Oil Grade),Traditional,25.26,17.82,34.61,940.89,68.9,6.16,115,7.26,23.17,55.3,38.62,2.91,Alluvial,67.52,Drip,Kharif,Sugarcane,7.01,22.66,44.25,29.54,1,2.68
Wheat,Wheat (Durum),Traditional,18.34,12.36,28.61,521.52,51.42,8.0,128,6.88,97.79,49.93,35.9,2.83,Alluvial,52.06,Drip,Rabi,Pulses,1.58,72.42,37.98,27.79,1,3.351
Millet,Millet (Sorghum/Jowar),Hybrid,32.63,27.0,40.25,672.29,61.91,8.08,116,6.67,67.58,38.96,29.3,1.93,Loamy,42.15,Rainfed,Zaid,Millet,1.26,71.04,42.01,37.72,1,1.305
Soybean,Soybean (Oil Grade),HYV,25.66,20.47,33.49,783.28,65.65,6.28,104,7.48,22.88,63.33,36.15,2.88,Desert,61.89,Sprinkler,Kharif,Cotton,5.87,17.88,45.97,27.16,1,3.942
Millet,Millet (Finger/Ragi),Hybrid,26.02,20.09,34.96,536.36,62.89,8.94,114,5.33,45.52,20.45,16.37,1.6,Desert,49.17,Rainfed,Kharif,Fallow,14.98,44.6,19.19,19.08,1,2.111
Rice,Rice (Sona Masuri),HYV,28.75,22.62,36.39,1306.35,83.92,8.85,125,6.26,75.55,38.03,37.24,2.36,Alluvial,64.61,Flood,Kharif,Millet,14.07,71.6,42.09,40.03,1,5.268
Millet,Millet (Foxtail),Traditional,26.69,20.75,36.08,429.99,53.14,7.05,73,6.44,30.8,20.57,19.09,1.21,Sandy,41.99,Flood,Kharif,Cotton,12.23,24.02,19.03,14.26,1,1.129
Wheat,Wheat (Common),Hybrid,21.98,16.69,33.67,512.31,57.14,7.85,117,6.14,90.47,45.07,36.07,2.33,Alluvial,67.78,Flood,Rabi,Rice,19.15,89.44,38.16,34.72,1,5.684
Wheat,Wheat (Sharbati),Hybrid,17.57,11.79,27.86,422.45,63.65,8.43,119,6.43,99.06,46.77,34.7,2.89,Sandy,42.31,Flood,Rabi,Fallow,16.68,107.31,51.43,40.54,0,2.934
Millet,Millet (Foxtail),Hybrid,29.2,23.37,36.95,324.09,48.38,9.82,83,6.79,37.19,16.03,15.75,1.02,Loamy,58.37,Rainfed,Rabi,Fallow,10.63,38.95,22.03,18.92,1,1.124
Millet,Millet (Pearl/Bajra),HYV,30.77,24.82,40.89,598.82,45.87,8.36,79,7.21,51.14,21.07,24.1,2.71,Red,41.95,Rainfed,Rabi,Sugarcane,17.75,47.67,29.19,26.46,1,2.173
Wheat,Wheat (Durum),HYV,21.74,16.04,30.37,592.03,54.77,7.62,131,7.32,81.5,48.92,36.07,3.19,Loamy,69.9,Drip,Rabi,Wheat,2.08,91.97,51.63,31.66,0,5.554
Soybean,Soybean (Food Grade),Traditional,28.31,22.31,36.34,703.74,62.61,7.07,95,6.36,20.46,55.09,30.5,2.2,Alluvial,54.07,Rainfed,Kharif,Fallow,14.63,24.0,40.48,29.95,1,2.964
Rice,Rice (Non-Basmati),Hybrid,29.63,24.12,38.73,1564.12,88.02,6.21,113,6.38,115.6,49.35,56.99,2.98,Laterite,73.49,Drip,Kharif,Pulses,11.7,76.77,44.68,44.31,1,6.769
Millet,Millet (Foxtail),Hybrid,26.06,19.24,36.74,462.04,45.33,8.02,65,6.88,37.84,15.18,17.13,2.85,Sandy,39.62,Drip,Kharif,Wheat,4.62,41.73,21.3,23.96,0,1.361
Maize,Maize (Popcorn),Hybrid,25.7,18.73,36.93,522.98,65.5,6.73,104,6.21,81.29,49.62,44.57,2.45,Loamy,53.71,Drip,Rabi,Cotton,14.04,90.97,59.54,47.14,0,7.024
Maize,Maize (Sweet Corn),HYV,26.99,19.61,36.69,690.11,61.91,7.37,81,5.84,109.1,61.01,45.74,3.39,Desert,65.38,Drip,Kharif,Rice,11.48,116.29,54.13,47.76,1,6.987
Wheat,Wheat (Common),HYV,21.97,16.42,30.86,523.3,56.9,8.42,128,6.76,98.21,40.43,31.2,3.86,Sandy,43.86,Flood,Rabi,Rice,13.31,85.02,47.75,35.49,1,6.061
Soybean,Soybean (Food Grade),HYV,26.71,19.27,34.98,620.49,73.79,8.68,109,6.97,22.8,58.2,35.37,3.25,Alluvial,54.55,Sprinkler,Kharif,Soybean,12.09,19.33,36.56,27.74,1,3.365
Rice,Rice (Sona Masuri),Hybrid,30.48,22.55,41.58,1397.07,75.23,8.69,129,5.68,82.43,39.55,44.22,3.23,Loamy,83.19,Flood,Kharif,Wheat,15.78,89.15,40.23,39.21,1,7.215
Millet,Millet (Sorghum/Jowar),Traditional,27.83,21.52,35.39,642.09,65.91,9.87,112,6.37,77.95,36.17,29.45,2.86,Clayey,46.13,Rainfed,Kharif,Sugarcane,14.53,36.94,22.28,16.16,1,2.307
Soybean,Soybean (Food Grade),HYV,27.42,20.78,38.67,841.55,62.09,7.86,103,6.26,24.49,47.61,32.01,2.47,Alluvial,61.46,Drip,Kharif,Rice,7.18,23.38,68.64,43.66,1,2.608
Wheat,Wheat (Sharbati),HYV,21.93,15.14,30.93,448.02,53.66,7.45,119,6.4,93.98,49.09,31.36,2.95,Black,47.39,Drip,Rabi,Pulses,4.43,97.43,43.17,35.25,1,6.102
Rice,Rice (Sona Masuri),HYV,26.44,19.16,36.07,1122.66,76.09,6.06,128,5.59,79.9,38.16,35.05,2.46,Loamy,65.47,Sprinkler,Kharif,Pulses,5.3,79.57,35.17,38.83,0,3.955
Wheat,Wheat (Sharbati),Hybrid,17.35,10.42,26.78,527.24,59.35,7.43,134,7.29,99.85,47.31,31.46,2.56,Black,43.3,Drip,Rabi,Maize,18.31,97.19,46.67,36.78,1,3.92
Rice,Rice (Basmati),HYV,28.05,21.34,39.01,1493.34,73.76,7.53,130,7.18,69.75,39.45,30.57,4.79,Alluvial,61.26,Flood,Kharif,Cotton,19.07,71.75,38.21,33.92,0,4.707
Wheat,Wheat (Durum),Traditional,20.57,15.02,31.62,544.44,53.06,7.5,138,6.51,99.72,59.17,38.22,2.68,Red,51.6,Sprinkler,Rabi,Cotton,1.31,66.42,47.67,26.57,1,4.807
Rice,Rice (Non-Basmati),Traditional,31.42,25.73,39.88,1525.45,79.17,6.07,128,7.37,95.69,48.78,55.94,2.28,Black,69.56,Drip,Kharif,Cotton,1.18,55.09,32.57,24.28,1,3.613
Wheat,Wheat (Sharbati),Traditional,21.25,16.25,28.93,407.41,52.44,9.12,125,6.37,95.65,42.38,32.81,3.76,Loamy,51.06,Sprinkler,Rabi,Rice,5.2,64.46,34.46,27.9,1,3.118
Wheat,Wheat (Durum),Traditional,21.73,15.04,32.28,480.65,64.58,8.38,140,6.91,92.25,47.62,33.23,1.66,Loamy,56.15,Flood,Rabi,Fallow,9.87,65.44,45.56,26.67,1,3.631
Rice,Rice (Non-Basmati),HYV,30.78,23.29,42.02,1269.28,85.87,6.64,140,6.27,118.6,45.32,46.72,2.99,Black,77.01,Sprinkler,Kharif,Maize,4.11,87.63,50.17,49.0,1,5.105
Soybean,Soybean (Food Grade),HYV,26.51,19.68,37.48,815.36,73.11,8.85,98,6.15,29.45,52.13,35.55,2.21,Loamy,51.93,Rainfed,Kharif,Rice,6.94,28.68,59.23,33.43,1,1.395
Wheat,Wheat (Sharbati),Traditional,19.25,12.63,27.81,534.5,61.48,7.12,116,7.0,94.17,48.57,36.87,3.05,Alluvial,59.6,Flood,Rabi,Cotton,7.44,65.59,34.71,25.02,1,3.927
Soybean,Soybean (Oil Grade),Traditional,25.21,18.28,34.7,783.32,66.13,7.15,120,6.45,26.49,58.98,37.28,3.17,Alluvial,61.46,Rainfed,Kharif,Millet,4.1,18.38,53.43,30.27,1,2.081
Wheat,Wheat (Common),Traditional,21.94,16.29,30.15,448.63,65.83,8.53,130,7.04,89.57,45.82,32.41,2.01,Loamy,61.3,Flood,Rabi,Rice,3.93,67.12,39.87,28.76,1,5.073
Rice,Rice (Basmati),HYV,27.84,21.1,37.29,1322.37,73.45,7.66,142,6.99,62.82,35.71,31.85,2.84,Loamy,65.47,Flood,Zaid,Pulses,7.74,78.78,38.94,33.37,1,3.586
Rice,Rice (Basmati),HYV,26.58,21.41,36.63,1120.4,75.8,6.24,137,6.31,70.88,32.32,38.49,3.19,Laterite,66.14,Rainfed,Kharif,Pulses,14.44,65.65,30.81,38.77,1,3.169
Soybean,Soybean (Food Grade),Hybrid,28.8,20.84,38.71,600.2,67.85,7.39,108,7.26,29.61,49.78,34.09,3.3,Laterite,56.1,Rainfed,Kharif,Sugarcane,8.88,31.06,46.03,38.67,1,2.955
Millet,Millet (Pearl/Bajra),Hybrid,33.75,28.12,42.09,250.81,47.05,10.74,89,7.92,44.28,25.72,23.65,2.23,Black,48.6,Rainfed,Kharif,Maize,12.95,60.03,32.7,29.54,1,2.658
Maize,Maize (Popcorn),Traditional,24.43,16.92,32.63,732.83,64.52,7.52,87,6.38,89.56,43.71,45.78,4.06,Alluvial,67.53,Drip,Kharif,Maize,9.48,65.9,30.73,33.7,0,6.282
Maize,Maize (Sweet Corn),Hybrid,26.05,19.67,37.34,635.45,74.13,6.92,82,6.4,107.21,55.51,55.21,4.64,Alluvial,54.87,Rainfed,Kharif,Fallow,12.84,131.51,62.33,63.22,1,6.076
Millet,Millet (Pearl/Bajra),HYV,34.84,28.61,41.9,530.41,50.26,8.45,81,7.9,51.77,22.51,25.95,1.61,Clayey,34.23,Drip,Rabi,Wheat,9.69,56.86,26.12,20.11,1,0.947
Millet,Millet (Finger/Ragi),Hybrid,25.76,18.32,36.81,686.27,67.32,7.65,109,5.45,38.35,21.18,23.96,2.48,Red,47.13,Rainfed,Kharif,Wheat,7.46,39.63,27.45,16.62,1,2.695
Maize,Maize (Sweet Corn),HYV,27.1,19.21,34.71,643.17,63.46,8.3,83,6.07,119.0,56.9,41.2,4.7,Alluvial,61.21,Flood,Kharif,Soybean,17.74,87.55,44.6,45.1,1,9.75
Millet,Millet (Finger/Ragi),Traditional,25.07,19.66,36.13,441.41,68.11,7.82,119,6.86,47.24,20.87,21.54,2.24,Alluvial,54.69,Sprinkler,Kharif,Sugarcane,9.14,25.68,23.26,19.6,0,2.177
Wheat,Wheat (Sharbati),Traditional,20.26,13.48,31.17,445.12,63.28,8.78,117,7.26,93.99,44.41,32.63,2.85,Laterite,62.86,Sprinkler,Rabi,Rice,3.03,76.48,36.35,29.11,1,3.587
Rice,Rice (Non-Basmati),HYV,31.16,24.68,40.92,1200.95,85.89,7.08,128,5.62,113.78,53.48,56.99,2.42,Desert,65.77,Sprinkler,Zaid,Pulses,3.06,82.47,41.03,41.53,1,6.58
Wheat,Wheat (Common),Traditional,18.63,12.98,30.21,435.6,61.57,7.49,110,6.76,90.33,43.78,30.55,2.02,Alluvial,52.14,Sprinkler,Rabi,Pulses,11.43,71.45,32.91,24.15,1,5.415
Millet,Millet (Foxtail),Hybrid,30.53,23.47,39.52,324.28,55.37,9.35,78,6.6,38.08,17.15,16.65,2.32,Loamy,50.75,Rainfed,Rabi,Sugarcane,1.57,34.75,16.45,14.74,1,1.48
Millet,Millet (Finger/Ragi),Hybrid,25.8,18.7,37.39,673.17,63.06,7.56,115,6.13,35.76,25.75,24.02,2.81,Loamy,44.86,Flood,Kharif,Wheat,2.86,44.28,32.83,25.87,1,1.744
Wheat,Wheat (Sharbati),Traditional,18.6,10.71,29.36,583.36,54.48,7.25,121,7.47,88.31,48.71,37.79,3.66,Black,57.2,Sprinkler,Rabi,Sugarcane,3.58,64.29,33.35,26.48,1,4.609
Soybean,Soybean (Oil Grade),HYV,29.62,22.38,37.21,835.02,67.87,6.12,117,6.4,21.06,56.08,36.24,2.33,Alluvial,72.31,Rainfed,Kharif,Rice,4.62,24.91,62.7,39.74,1,3.146
Wheat,Wheat (Sharbati),Hybrid,17.85,12.48,25.75,569.25,58.34,8.37,117,6.19,80.12,43.11,32.49,2.61,Black,64.34,Drip,Rabi,Rice,14.6,101.46,49.31,36.96,1,5.025
Wheat,Wheat (Durum),Traditional,19.82,13.78,29.8,556.12,63.13,8.72,139,7.19,93.11,46.97,39.19,1.94,Loamy,52.76,Flood,Rabi,Rice,14.24,66.43,42.48,25.14,1,3.439
Rice,Rice (Basmati),Hybrid,28.85,23.43,40.02,1004.07,73.2,7.85,146,7.48,60.61,39.99,36.24,3.68,Clayey,61.49,Flood,Kharif,Rice,5.63,69.62,34.64,38.02,1,4.656
Millet,Millet (Pearl/Bajra),Traditional,33.01,26.92,43.04,428.22,50.42,10.48,70,6.33,40.29,25.42,29.5,2.18,Sandy,40.73,Rainfed,Kharif,Wheat,2.54,42.79,17.89,18.38,1,2.483
Maize,Maize (Sweet Corn),HYV,26.08,18.09,34.49,753.64,69.19,7.1,87,6.61,100.47,67.0,52.24,2.91,Desert,52.83,Rainfed,Rabi,Sugarcane,8.9,104.29,69.6,45.92,0,5.101
Rice,Rice (Non-Basmati),Hybrid,27.04,21.52,37.17,1293.56,71.12,8.76,138,6.69,118.11,45.24,58.18,4.85,Alluvial,71.73,Flood,Kharif,Cotton,13.84,113.2,50.2,65.81,1,5.68
Millet,Millet (Foxtail),Hybrid,28.53,21.53,37.35,545.9,53.11,7.61,61,7.0,31.69,20.89,17.84,1.22,Sandy,51.6,Rainfed,Rabi,Sugarcane,6.88,38.32,27.04,20.1,1,2.157
Rice,Rice (Sona Masuri),Traditional,29.36,23.23,39.52,1311.63,81.42,7.13,138,5.54,75.22,40.49,41.19,2.69,Loamy,80.67,Flood,Kharif,Maize,13.52,58.54,32.64,32.34,0,3.666
Millet,Millet (Pearl/Bajra),Hybrid,30.95,23.51,39.4,300.31,57.41,10.4,66,7.81,53.73,28.88,26.6,2.12,Red,40.42,Rainfed,Kharif,Rice,14.02,38.45,16.8,19.19,1,1.516
Millet,Millet (Finger/Ragi),Hybrid,29.57,24.55,36.99,628.17,53.23,9.31,129,6.63,40.28,26.51,19.53,2.28,Loamy,44.72,Rainfed,Kharif,Rice,11.46,43.46,41.71,22.51,1,2.755
Wheat,Wheat (Common),HYV,21.96,16.41,33.07,424.77,53.59,7.89,123,7.07,94.81,46.8,37.78,2.68,Loamy,41.62,Sprinkler,Rabi,Millet,19.28,96.55,48.1,30.73,1,6.633
Millet,Millet (Pearl/Bajra),Traditional,33.62,26.69,44.34,306.61,57.46,10.35,89,6.48,45.02,21.78,21.95,2.61,Sandy,44.01,Sprinkler,Zaid,Soybean,3.71,43.29,19.98,22.18,0,1.386
Soybean,Soybean (Oil Grade),HYV,25.44,17.78,34.86,740.43,78.75,7.18,107,7.46,23.16,67.61,37.04,4.14,Red,56.61,Rainfed,Kharif,Rice,14.47,26.3,59.41,41.19,1,2.855
Wheat,Wheat (Durum),Traditional,18.02,12.08,29.35,516.72,55.06,8.63,120,7.41,99.27,50.23,34.69,3.75,Loamy,59.9,Sprinkler,Zaid,Pulses,6.12,75.61,41.01,26.0,1,2.821
Millet,Millet (Finger/Ragi),Hybrid,27.64,20.18,38.38,540.12,50.22,8.56,100,6.59,46.16,20.6,17.13,2.36,Loamy,63.96,Sprinkler,Kharif,Millet,14.92,34.32,28.24,24.85,1,4.074
Soybean,Soybean (Food Grade),HYV,28.38,23.18,36.43,854.55,70.85,7.63,108,6.67,21.36,56.88,34.11,2.78,Black,55.58,Sprinkler,Kharif,Millet,4.63,29.36,57.21,39.0,1,3.788
Rice,Rice (Non-Basmati),Traditional,29.44,24.06,38.21,1373.52,80.66,6.11,114,6.11,92.56,49.85,44.01,4.13,Black,78.41,Sprinkler,Kharif,Rice,8.65,66.73,32.74,40.32,1,4.787
Wheat,Wheat (Common),HYV,21.26,13.53,29.82,448.39,59.23,9.24,126,7.18,90.25,41.41,36.72,3.07,Black,58.67,Sprinkler,Rabi,Pulses,17.42,84.78,45.38,33.0,1,7.453
Maize,Maize (Popcorn),Hybrid,22.28,14.68,29.89,657.18,59.7,7.69,91,6.39,81.48,59.5,44.22,3.43,Laterite,60.04,Sprinkler,Rabi,Maize,15.01,104.85,56.83,45.07,1,5.505
Soybean,Soybean (Oil Grade),HYV,28.66,22.17,36.11,881.72,72.74,8.32,119,6.46,22.82,60.04,39.27,2.1,Red,72.26,Sprinkler,Kharif,Sugarcane,16.38,22.83,51.35,35.34,1,3.396
Rice,Rice (Non-Basmati),Traditional,29.23,21.8,37.31,1501.46,77.99,6.57,122,6.74,81.34,47.94,51.68,4.21,Clayey,72.9,Sprinkler,Kharif,Millet,18.83,83.59,36.57,42.46,1,5.833
Maize,Maize (Feed Corn),Hybrid,23.56,17.96,30.95,639.71,77.48,6.48,109,6.79,135.37,63.82,67.85,3.09,Laterite,64.57,Sprinkler,Rabi,Rice,11.29,112.52,54.9,44.76,1,6.47
Millet,Millet (Sorghum/Jowar),Traditional,27.21,20.49,39.04,491.66,62.99,7.58,128,7.17,62.55,34.35,28.05,3.01,Loamy,41.99,Sprinkler,Kharif,Millet,6.07,50.6,24.72,25.63,1,3.537
Millet,Millet (Sorghum/Jowar),Traditional,31.98,24.87,41.97,574.19,59.42,9.7,117,7.94,62.13,35.15,26.91,2.65,Red,54.1,Sprinkler,Kharif,Millet,8.92,62.15,27.22,23.95,0,2.734
Millet,Millet (Pearl/Bajra),Hybrid,32.91,27.16,43.46,550.99,58.34,8.52,69,7.74,53.69,21.3,24.95,2.52,Loamy,34.98,Sprinkler,Kharif,Maize,5.34,33.59,17.63,20.19,1,1.449
Soybean,Soybean (Food Grade),Traditional,29.61,21.85,39.29,629.68,69.88,8.42,105,6.84,27.28,51.39,39.64,2.52,Clayey,70.87,Sprinkler,Kharif,Pulses,3.29,16.22,36.18,27.69,1,2.043
Rice,Rice (Sona Masuri),Hybrid,27.53,21.79,36.61,1127.12,82.43,6.01,138,6.66,77.97,44.92,37.28,2.66,Sandy,61.29,Flood,Kharif,Sugarcane,19.17,87.41,43.3,44.19,1,5.443
Soybean,Soybean (Oil Grade),Traditional,26.31,18.48,33.73,688.0,72.21,8.91,107,6.82,24.32,68.54,44.4,3.8,Alluvial,69.99,Sprinkler,Kharif,Millet,14.63,20.12,43.26,26.55,0,3.769
Rice,Rice (Non-Basmati),Hybrid,27.47,21.98,38.16,1558.16,72.15,6.58,137,5.53,100.33,50.32,45.26,3.99,Black,88.62,Sprinkler,Kharif,Millet,14.27,75.75,50.64,43.58,1,7.635
Wheat,Wheat (Durum),Traditional,18.33,12.41,27.48,505.04,63.03,7.59,123,7.47,80.24,47.05,33.03,3.14,Desert,46.41,Drip,Rabi,Rice,14.56,68.22,34.27,25.28,0,2.935
Millet,Millet (Finger/Ragi),Hybrid,29.24,23.2,39.18,563.72,64.72,8.74,123,5.98,42.34,27.26,20.17,1.62,Loamy,59.09,Sprinkler,Kharif,Maize,8.93,40.58,22.96,24.75,1,1.803
Wheat,Wheat (Common),Hybrid,20.42,13.3,29.78,466.46,66.44,9.87,126,6.58,99.6,44.56,38.61,3.72,Sandy,44.74,Flood,Zaid,Millet,7.23,97.56,48.71,37.5,1,4.088
Maize,Maize (Sweet Corn),HYV,24.71,19.69,33.15,568.37,60.58,7.34,82,6.35,104.45,65.97,58.54,2.4,Alluvial,52.43,Drip,Rabi,Maize,8.02,111.79,54.39,51.24,1,8.898
Millet,Millet (Sorghum/Jowar),Traditional,27.92,20.1,35.87,606.03,60.87,9.48,104,6.56,68.18,38.76,25.17,2.78,Loamy,42.72,Sprinkler,Kharif,Cotton,18.4,61.98,28.69,21.24,1,3.211
Millet,Millet (Finger/Ragi),HYV,28.5,20.77,39.16,452.42,65.87,9.41,116,7.13,39.76,29.08,22.24,1.72,Black,46.23,Flood,Kharif,Rice,16.0,33.51,20.91,21.98,0,2.508
Rice,Rice (Basmati),HYV,28.01,21.26,38.75,1405.88,79.85,6.38,144,6.17,71.97,30.95,33.76,3.65,Loamy,69.72,Flood,Kharif,Rice,13.09,77.23,38.47,39.19,1,4.894
Millet,Millet (Finger/Ragi),Hybrid,26.48,20.78,37.77,661.19,60.62,9.74,106,6.5,49.88,23.73,21.28,2.87,Black,54.89,Sprinkler,Zaid,Maize,17.82,42.0,22.06,22.05,1,2.585
Millet,Millet (Sorghum/Jowar),HYV,32.32,26.52,41.38,599.06,66.11,8.01,113,6.91,73.07,37.33,34.75,3.46,Red,53.92,Flood,Rabi,Cotton,18.03,63.16,33.11,31.65,1,4.358
Wheat,Wheat (Sharbati),HYV,18.35,12.56,25.46,476.35,52.94,8.77,130,6.53,88.68,43.9,37.14,2.52,Black,41.71,Flood,Rabi,Cotton,1.79,98.23,47.07,33.69,1,4.118
Soybean,Soybean (Oil Grade),HYV,29.05,21.57,39.06,761.55,65.41,7.22,96,7.42,26.2,51.0,35.23,4.1,Black,69.81,Rainfed,Rabi,Fallow,14.1,24.55,56.15,42.63,1,3.06
Millet,Millet (Foxtail),Hybrid,31.87,26.7,38.88,537.02,46.81,7.81,66,5.75,39.75,24.42,19.48,2.75,Desert,57.57,Drip,Kharif,Wheat,16.86,29.38,14.21,13.14,1,2.379
Rice,Rice (Sona Masuri),HYV,26.9,19.11,37.22,1122.22,70.68,7.76,140,6.64,87.32,41.03,43.16,2.78,Loamy,65.71,Flood,Kharif,Sugarcane,3.05,89.86,41.29,43.0,1,5.225
Wheat,Wheat (Durum),Traditional,22.01,15.99,32.35,551.45,68.09,7.17,132,6.17,96.21,41.81,37.39,3.29,Alluvial,62.24,Flood,Rabi,Cotton,5.85,53.31,23.99,17.78,1,4.135
Wheat,Wheat (Common),Hybrid,17.78,12.13,27.85,478.02,51.71,7.87,124,6.74,85.7,47.72,30.09,3.81,Alluvial,65.97,Sprinkler,Zaid,Cotton,5.33,98.64,51.91,34.5,1,6.296
Millet,Millet (Sorghum/Jowar),Traditional,29.86,23.2,36.96,632.94,55.37,8.52,121,6.02,68.06,38.7,32.66,2.54,Black,42.76,Sprinkler,Rabi,Fallow,9.67,57.9,24.48,21.93,1,3.074
Maize,Maize (Feed Corn),Hybrid,24.71,17.33,33.25,700.31,68.48,8.28,104,6.4,123.42,66.89,67.9,4.41,Alluvial,77.85,Flood,Kharif,Rice,6.63,161.39,81.01,67.63,1,11.7
Millet,Millet (Finger/Ragi),Hybrid,27.52,22.36,37.82,605.68,56.4,8.98,130,5.87,44.39,28.46,19.38,1.81,Loamy,40.98,Sprinkler,Kharif,Rice,6.62,35.09,28.1,20.65,1,4.242
Wheat,Wheat (Sharbati),Hybrid,18.05,10.43,28.71,533.76,56.68,9.45,135,6.89,86.33,49.6,36.16,3.12,Loamy,62.93,Sprinkler,Rabi,Pulses,16.7,89.01,44.99,38.44,1,6.006
Millet,Millet (Finger/Ragi),Traditional,27.56,21.53,35.95,496.22,52.79,7.04,109,5.72,40.16,24.27,18.26,2.98,Clayey,51.44,Rainfed,Zaid,Millet,7.48,39.74,16.15,13.59,0,1.101
Millet,Millet (Pearl/Bajra),Traditional,29.53,23.58,39.94,379.12,48.48,8.13,70,6.88,53.67,22.02,27.23,2.44,Black,45.56,Rainfed,Kharif,Maize,4.35,36.97,22.4,20.57,1,2.26
Maize,Maize (Sweet Corn),Traditional,22.26,15.71,29.8,627.37,64.06,8.91,85,6.25,109.4,54.38,51.52,2.66,Sandy,53.03,Sprinkler,Kharif,Wheat,3.06,71.76,38.33,29.39,1,5.939
Maize,Maize (Sweet Corn),HYV,23.52,17.25,35.28,665.71,67.98,7.23,98,6.49,112.65,54.03,59.73,4.5,Black,61.6,Drip,Rabi,Soybean,17.15,115.34,59.89,55.82,0,8.443
Soybean,Soybean (Food Grade),Hybrid,24.25,16.95,36.13,679.74,69.29,7.31,104,7.15,28.04,52.33,37.24,2.53,Red,67.54,Rainfed,Kharif,Pulses,18.04,21.01,33.29,25.78,0,3.514
Soybean,Soybean (Food Grade),Traditional,24.34,16.54,36.06,643.29,67.88,8.38,105,6.13,27.53,48.01,32.16,2.92,Sandy,57.46,Sprinkler,Kharif,Soybean,10.27,23.38,39.55,24.93,1,2.292
Millet,Millet (Foxtail),HYV,29.74,23.3,37.47,540.56,52.37,7.97,76,7.18,31.11,24.65,15.98,2.44,Red,48.93,Sprinkler,Kharif,Sugarcane,17.89,41.12,24.05,17.39,1,1.223
Rice,Rice (Sona Masuri),Hybrid,27.66,21.82,38.34,1280.81,84.32,8.17,135,5.78,85.18,42.95,37.37,2.22,Black,72.52,Sprinkler,Zaid,Sugarcane,3.41,88.13,47.6,45.55,1,4.33
Rice,Rice (Basmati),Hybrid,26.04,18.72,35.21,1096.02,83.57,6.59,139,6.72,60.06,32.43,33.24,4.9,Red,82.79,Flood,Zaid,Fallow,4.15,86.37,34.79,37.49,1,4.864
Rice,Rice (Non-Basmati),Traditional,31.51,26.18,42.85,1372.12,70.78,7.39,110,6.68,88.97,51.76,56.39,4.57,Sandy,85.01,Drip,Kharif,Sugarcane,11.43,61.4,33.19,31.02,1,6.376
Millet,Millet (Sorghum/Jowar),HYV,31.67,26.2,42.08,445.35,64.35,9.07,97,7.33,61.34,38.43,31.53,1.92,Alluvial,63.49,Rainfed,Rabi,Cotton,7.42,67.38,34.24,29.24,1,2.112
Millet,Millet (Pearl/Bajra),Hybrid,31.8,26.0,39.29,508.36,52.55,10.46,85,7.51,43.02,26.14,25.25,2.62,Black,48.22,Sprinkler,Kharif,Maize,7.43,47.26,24.52,25.66,1,2.793
Wheat,Wheat (Durum),Traditional,19.18,13.96,27.08,522.79,54.91,8.72,128,6.02,87.49,41.26,30.39,3.17,Alluvial,67.67,Flood,Rabi,Pulses,6.12,59.73,31.48,25.84,1,4.527
Wheat,Wheat (Common),HYV,19.1,13.72,27.34,589.22,65.44,7.26,110,7.31,88.57,43.73,36.87,3.45,Black,47.6,Sprinkler,Rabi,Rice,6.36,97.61,48.78,33.95,1,6.803
Soybean,Soybean (Oil Grade),HYV,27.85,19.89,34.93,764.45,76.46,6.81,108,6.35,26.95,52.44,42.78,3.22,Red,59.76,Sprinkler,Zaid,Cotton,19.67,26.43,68.95,43.21,1,2.734
Wheat,Wheat (Sharbati),Hybrid,21.35,13.64,31.28,591.27,60.32,9.46,125,6.18,93.35,40.99,30.95,2.08,Loamy,53.62,Sprinkler,Rabi,Fallow,12.13,75.81,45.81,34.16,1,5.69
Rice,Rice (Sona Masuri),HYV,29.85,21.9,40.82,1118.36,84.44,8.95,134,5.85,73.5,44.21,35.44,3.84,Loamy,61.16,Flood,Kharif,Fallow,7.39,84.41,43.2,41.66,1,4.386
Wheat,Wheat (Sharbati),Traditional,19.55,13.35,27.05,532.2,64.95,7.34,117,7.28,94.74,45.92,32.43,2.24,Black,51.51,Sprinkler,Rabi,Millet,9.31,58.98,28.5,21.67,0,3.631
Wheat,Wheat (Durum),Traditional,22.34,17.25,32.3,640.9,63.57,7.28,137,6.56,98.43,45.73,34.73,3.37,Black,51.44,Flood,Kharif,Wheat,1.78,72.54,39.78,29.75,1,4.195
Soybean,Soybean (Food Grade),HYV,24.91,19.43,36.19,821.27,79.71,8.68,105,6.86,23.15,44.22,36.54,3.87,Black,54.69,Rainfed,Kharif,Fallow,9.69,22.55,46.33,32.19,0,1.59
Rice,Rice (Basmati),Traditional,25.32,17.82,35.31,1057.47,71.41,8.73,133,7.3,61.29,39.56,30.25,4.08,Clayey,62.06,Rainfed,Kharif,Millet,9.15,57.47,29.62,25.9,1,2.359
Maize,Maize (Feed Corn),Hybrid,26.78,20.4,37.24,608.14,71.71,7.36,114,5.79,127.63,69.81,60.59,2.37,Alluvial,77.74,Sprinkler,Kharif,Fallow,2.96,135.97,71.97,70.02,1,10.923
Maize,Maize (Popcorn),Traditional,23.36,18.34,32.27,667.64,65.31,7.25,96,6.78,86.14,54.7,48.2,3.95,Alluvial,53.83,Sprinkler,Kharif,Wheat,16.94,65.11,37.59,33.26,1,7.381
Millet,Millet (Foxtail),Hybrid,27.53,19.92,38.61,423.37,61.21,7.31,60,7.46,30.11,23.67,18.76,2.71,Red,42.42,Sprinkler,Kharif,Sugarcane,6.93,24.88,15.49,13.58,1,3.042
Millet,Millet (Foxtail),HYV,29.94,22.33,38.62,398.49,45.94,9.3,66,7.29,30.02,15.29,18.84,2.67,Sandy,42.2,Sprinkler,Kharif,Fallow,8.66,23.84,16.19,11.07,1,2.729
Soybean,Soybean (Oil Grade),Traditional,29.01,23.37,38.16,918.61,65.12,7.12,109,6.28,28.94,55.61,41.38,2.61,Alluvial,75.66,Flood,Kharif,Maize,1.87,19.21,52.36,28.22,0,2.887
Soybean,Soybean (Food Grade),Hybrid,24.82,17.92,35.32,602.67,74.71,8.95,90,6.6,20.14,58.19,38.32,3.88,Black,74.61,Rainfed,Kharif,Wheat,6.11,24.95,58.64,35.7,0,2.337
Maize,Maize (Feed Corn),Traditional,26.3,20.76,34.35,694.59,73.48,7.72,111,6.67,132.2,66.59,53.6,2.18,Alluvial,70.86,Sprinkler,Rabi,Maize,19.25,68.99,44.73,31.45,1,6.022
Rice,Rice (Non-Basmati),Hybrid,30.36,24.56,37.86,1276.22,78.06,6.05,136,6.0,95.25,50.02,59.02,4.29,Alluvial,75.73,Rainfed,Zaid,Soybean,17.89,103.41,58.33,68.2,0,3.374
Millet,Millet (Sorghum/Jowar),HYV,32.45,26.83,43.72,483.33,57.88,8.06,129,6.13,69.47,39.77,33.67,1.75,Red,53.57,Sprinkler,Kharif,Soybean,17.06,82.92,43.38,39.32,1,1.973
Wheat,Wheat (Common),HYV,21.41,13.52,32.83,421.41,62.62,8.33,120,7.07,85.08,44.48,31.6,2.14,Loamy,42.95,Drip,Rabi,Cotton,13.36,89.1,49.49,37.6,1,5.904
Soybean,Soybean (Food Grade),HYV,29.78,22.41,40.99,808.16,63.49,8.81,91,7.47,21.1,40.1,31.54,2.22,Black,52.54,Sprinkler,Kharif,Pulses,16.83,24.1,50.04,34.98,0,2.267
Wheat,Wheat (Durum),HYV,20.0,14.72,29.49,488.1,57.11,7.96,125,6.6,82.23,43.56,35.01,3.88,Alluvial,59.44,Flood,Rabi,Soybean,8.28,81.17,47.02,37.3,1,3.537
Millet,Millet (Finger/Ragi),Hybrid,25.62,18.31,34.88,652.74,65.02,8.35,115,6.32,42.49,24.17,19.53,1.67,Loamy,41.47,Rainfed,Kharif,Soybean,3.69,34.24,28.09,21.29,1,3.47
Wheat,Wheat (Durum),HYV,18.06,12.69,25.43,524.67,51.06,8.87,138,6.81,86.58,40.2,36.15,3.63,Alluvial,62.76,Rainfed,Rabi,Cotton,2.15,78.32,38.03,29.71,1,3.949
Millet,Millet (Foxtail),Traditional,31.73,26.18,43.19,440.29,60.59,8.8,71,6.65,34.26,20.94,17.83,2.36,Sandy,53.13,Sprinkler,Rabi,Pulses,1.89,27.56,15.82,15.11,1,1.499
Maize,Maize (Sweet Corn),Traditional,25.45,17.77,33.43,702.89,61.4,7.64,94,6.61,114.76,58.35,55.2,3.42,Alluvial,58.07,Sprinkler,Kharif,Cotton,4.0,95.33,42.23,32.86,0,5.371
Rice,Rice (Sona Masuri),Traditional,26.57,20.93,36.67,1167.77,77.56,8.85,125,5.64,75.93,44.27,39.29,4.35,Alluvial,84.79,Flood,Kharif,Wheat,17.17,56.13,29.04,29.6,1,3.964
Rice,Rice (Non-Basmati),Hybrid,29.94,22.98,37.42,1259.43,89.86,8.04,133,5.76,93.03,51.55,53.53,4.29,Loamy,72.96,Flood,Kharif,Sugarcane,16.48,94.23,52.27,50.21,1,6.397
Millet,Millet (Finger/Ragi),Hybrid,25.98,18.97,37.17,654.42,52.58,9.94,108,5.23,35.58,21.8,24.45,1.66,Black,51.56,Rainfed,Kharif,Rice,15.26,38.71,26.64,21.66,1,2.199
Rice,Rice (Basmati),HYV,28.38,21.4,35.73,1197.63,72.73,6.47,145,6.06,68.38,31.68,38.79,3.67,Clayey,65.78,Flood,Kharif,Pulses,1.48,66.33,32.86,30.91,1,3.308
Millet,Millet (Sorghum/Jowar),Hybrid,31.73,25.55,41.87,419.35,51.43,7.32,96,7.12,77.92,39.47,29.3,2.51,Loamy,44.33,Rainfed,Kharif,Maize,10.94,68.35,38.19,34.53,1,3.518
Maize,Maize (Sweet Corn),Traditional,26.11,20.02,33.56,596.3,73.83,6.1,98,6.44,119.45,59.97,53.53,2.14,Loamy,67.71,Drip,Rabi,Rice,18.07,90.31,43.3,40.66,0,4.559
Maize,Maize (Popcorn),Traditional,23.24,15.35,32.6,524.6,69.97,7.95,97,6.23,83.49,56.21,43.31,3.29,Sandy,60.18,Sprinkler,Kharif,Millet,7.15,55.09,34.11,33.69,1,3.968
Wheat,Wheat (Durum),Traditional,21.6,15.95,33.13,544.78,55.95,8.96,137,6.15,99.37,55.55,37.26,3.89,Desert,55.19,Sprinkler,Rabi,Cotton,0.93,67.81,43.32,29.77,1,4.471
Millet,Millet (Foxtail),Traditional,26.91,19.83,38.75,425.0,62.56,9.97,64,6.41,38.83,18.68,16.46,2.68,Alluvial,44.79,Sprinkler,Rabi,Rice,19.0,30.82,17.66,13.94,1,1.855
Soybean,Soybean (Oil Grade),HYV,26.54,19.52,33.61,868.14,78.76,6.71,111,7.05,21.21,60.65,39.11,3.03,Alluvial,56.13,Drip,Kharif,Fallow,8.94,25.6,71.45,47.76,1,3.082
Wheat,Wheat (Sharbati),Traditional,19.36,12.03,29.31,428.87,59.54,9.51,124,7.16,92.87,48.83,31.45,3.69,Red,55.27,Sprinkler,Kharif,Soybean,16.26,64.59,35.96,29.44,1,4.203
Soybean,Soybean (Food Grade),Traditional,26.84,19.46,37.97,620.56,62.8,7.5,90,6.87,25.48,52.16,34.46,3.15,Desert,60.11,Sprinkler,Kharif,Sugarcane,5.38,16.32,36.08,27.81,0,2.01
Rice,Rice (Sona Masuri),Hybrid,28.08,22.53,37.68,1198.4,73.19,8.02,120,5.59,77.7,39.1,38.2,2.64,Alluvial,68.47,Rainfed,Kharif,Fallow,3.26,97.61,43.21,46.1,1,4.794
Wheat,Wheat (Sharbati),Hybrid,18.23,10.91,27.25,429.63,51.61,8.47,117,7.1,86.4,42.98,36.42,2.31,Loamy,61.67,Drip,Rabi,Pulses,2.44,99.29,47.71,38.15,1,4.222
Soybean,Soybean (Food Grade),HYV,26.21,18.5,35.6,780.18,78.83,7.35,90,7.1,29.36,47.64,38.0,2.94,Black,73.62,Rainfed,Kharif,Wheat,16.56,21.25,54.35,39.4,1,1.892
Wheat,Wheat (Common),HYV,18.23,13.03,27.81,468.68,52.75,7.0,125,6.89,97.97,46.53,39.39,3.67,Black,43.87,Flood,Rabi,Sugarcane,9.78,84.78,42.43,35.48,1,6.251
Millet,Millet (Pearl/Bajra),Traditional,30.5,23.61,41.09,458.07,52.37,10.75,72,6.88,44.85,23.38,29.13,1.49,Red,39.4,Rainfed,Kharif,Cotton,9.81,41.24,18.44,19.48,1,1.933
Rice,Rice (Non-Basmati),Traditional,29.56,23.08,38.07,1379.53,83.39,6.08,136,7.49,96.02,43.26,56.24,2.68,Clayey,78.15,Sprinkler,Kharif,Cotton,15.01,70.93,45.23,42.73,0,3.914
Rice,Rice (Non-Basmati),HYV,26.24,19.8,36.24,1139.42,75.74,6.97,122,6.06,83.83,43.3,43.48,4.53,Alluvial,72.11,Sprinkler,Kharif,Rice,5.2,76.32,48.54,43.91,1,4.675
Wheat,Wheat (Sharbati),Traditional,17.84,10.58,26.09,566.58,51.45,8.31,116,6.77,81.29,49.81,33.77,2.63,Loamy,64.54,Drip,Rabi,Cotton,5.4,76.2,37.7,30.04,0,4.306
Rice,Rice (Sona Masuri),Traditional,30.81,23.61,42.09,1244.28,76.88,8.14,122,6.13,86.64,35.91,38.54,4.38,Desert,77.48,Sprinkler,Kharif,Millet,7.68,47.8,28.29,23.8,1,5.526
Maize,Maize (Popcorn),Traditional,25.69,18.7,35.63,675.36,63.64,7.44,102,6.23,83.46,50.42,45.3,3.09,Alluvial,53.48,Rainfed,Rabi,Soybean,1.71,68.21,37.65,32.32,1,4.584
Millet,Millet (Sorghum/Jowar),Hybrid,32.26,25.69,40.4,625.37,59.14,8.64,117,6.39,71.23,30.19,29.42,1.95,Desert,54.75,Rainfed,Kharif,Cotton,1.42,77.58,33.29,31.3,1,1.493
Rice,Rice (Non-Basmati),Traditional,30.61,23.05,41.5,1415.53,80.28,8.13,117,5.52,99.43,56.75,44.39,3.05,Desert,65.51,Drip,Kharif,Maize,7.25,78.86,40.26,37.32,1,5.102
Millet,Millet (Pearl/Bajra),Traditional,30.36,23.94,40.8,276.55,52.09,8.9,84,6.91,56.89,21.77,25.93,1.72,Desert,32.48,Sprinkler,Kharif,Pulses,11.93,41.91,19.01,20.12,0,1.548
Wheat,Wheat (Common),HYV,21.18,15.66,32.88,461.33,50.38,7.56,122,6.17,99.23,41.77,31.5,2.4,Alluvial,42.87,Sprinkler,Rabi,Soybean,9.15,92.95,50.91,41.29,1,5.123
Soybean,Soybean (Food Grade),Hybrid,28.57,22.51,39.08,761.49,64.92,7.49,100,6.66,29.26,59.24,38.88,2.0,Red,72.53,Sprinkler,Kharif,Rice,16.19,26.46,62.33,39.6,1,3.002
Soybean,Soybean (Food Grade),Traditional,25.96,19.99,35.86,741.64,79.95,8.12,93,6.86,29.73,46.62,35.21,3.48,Loamy,69.4,Rainfed,Kharif,Pulses,7.69,20.58,46.24,25.41,1,3.383
Millet,Millet (Foxtail),Hybrid,26.34,19.57,37.18,475.52,56.74,8.46,77,5.66,33.97,22.1,18.48,2.06,Sandy,45.94,Rainfed,Kharif,Wheat,5.56,43.58,24.03,20.04,1,2.36
Millet,Millet (Pearl/Bajra),HYV,33.26,27.16,43.96,540.99,50.05,10.87,77,6.71,59.25,29.11,26.3,1.23,Red,52.31,Rainfed,Kharif,Sugarcane,0.84,59.64,27.83,23.96,1,2.169
Wheat,Wheat (Common),Traditional,21.19,15.37,28.41,490.41,70.0,9.44,124,6.17,89.35,41.84,32.16,2.21,Sandy,43.74,Sprinkler,Rabi,Maize,8.24,63.3,32.25,26.25,1,2.773
Wheat,Wheat (Sharbati),Hybrid,20.37,15.21,31.2,573.56,64.56,7.36,134,6.62,92.65,40.0,33.7,2.71,Black,52.6,Sprinkler,Rabi,Cotton,8.33,93.55,49.37,38.76,0,4.98
Rice,Rice (Non-Basmati),Hybrid,31.6,25.16,41.4,1398.05,78.2,8.52,124,7.08,87.61,54.63,59.11,4.72,Laterite,84.73,Flood,Kharif,Millet,17.96,129.73,51.95,55.41,1,8.425
Soybean,Soybean (Oil Grade),HYV,27.45,21.47,35.52,740.67,66.66,8.09,117,7.34,24.75,63.94,36.09,3.36,Red,79.28,Sprinkler,Kharif,Sugarcane,12.02,24.5,67.01,38.25,1,2.623
Rice,Rice (Sona Masuri),HYV,28.97,23.12,39.32,1056.63,81.04,7.94,121,5.72,72.6,41.35,38.28,2.69,Alluvial,74.8,Flood,Kharif,Wheat,3.45,79.39,42.53,42.9,1,3.856
Millet,Millet (Sorghum/Jowar),Traditional,32.18,26.36,39.57,529.83,68.61,8.3,96,7.52,69.76,35.75,25.63,2.37,Red,45.0,Rainfed,Rabi,Maize,16.76,50.98,29.22,21.55,1,2.798
Millet,Millet (Pearl/Bajra),HYV,33.85,28.3,44.31,347.08,59.34,10.8,82,6.68,47.84,21.28,22.08,2.82,Desert,53.61,Rainfed,Kharif,Millet,9.19,39.97,23.7,20.49,1,2.283
Wheat,Wheat (Common),Traditional,21.25,14.36,31.39,406.78,64.99,9.93,124,6.95,86.28,43.59,37.52,3.8,Alluvial,49.73,Sprinkler,Rabi,Soybean,13.98,57.87,28.83,25.77,1,4.82
Wheat,Wheat (Sharbati),Traditional,19.01,11.88,27.44,400.75,58.36,9.08,125,7.39,99.43,47.17,37.91,2.49,Alluvial,46.47,Flood,Rabi,Rice,8.69,75.7,32.8,25.32,1,3.559
Millet,Millet (Finger/Ragi),Hybrid,30.79,25.77,39.75,670.82,61.67,9.41,121,7.04,33.25,21.38,16.37,3.38,Loamy,57.5,Rainfed,Rabi,Soybean,19.74,39.41,25.64,17.13,1,2.771
Soybean,Soybean (Food Grade),Traditional,26.43,19.87,37.23,767.15,71.85,8.84,94,7.35,22.66,57.84,33.03,2.58,Red,68.28,Rainfed,Kharif,Maize,2.44,22.86,34.4,30.62,1,1.7
Maize,Maize (Popcorn),HYV,26.15,19.21,33.94,642.54,61.9,8.54,101,6.75,89.27,59.61,48.0,3.5,Alluvial,66.26,Sprinkler,Kharif,Rice,12.91,91.55,55.22,44.98,0,5.502
Rice,Rice (Basmati),Hybrid,27.26,21.19,36.26,1057.57,83.25,7.24,139,6.92,72.33,34.57,33.97,3.37,Alluvial,70.37,Rainfed,Kharif,Fallow,12.24,62.42,29.24,31.71,1,4.9
Wheat,Wheat (Sharbati),Traditional,19.14,12.46,26.7,420.71,64.41,8.02,135,6.44,99.54,42.88,34.12,2.56,Black,51.71,Sprinkler,Rabi,Pulses,2.79,65.01,32.16,31.59,1,3.252
Maize,Maize (Popcorn),Hybrid,24.89,18.19,31.96,673.24,63.51,8.43,88,6.39,95.52,49.38,42.92,4.25,Alluvial,62.33,Drip,Kharif,Soybean,12.16,99.48,54.71,45.95,1,7.8
Millet,Millet (Finger/Ragi),Hybrid,29.82,24.73,40.48,478.9,66.97,8.68,106,7.11,30.75,25.24,17.49,3.37,Loamy,42.1,Rainfed,Kharif,Soybean,14.0,40.25,28.64,23.34,1,2.059
Rice,Rice (Sona Masuri),HYV,30.57,24.35,39.8,1050.72,74.81,7.2,133,5.85,89.7,43.35,35.15,3.54,Loamy,66.4,Sprinkler,Kharif,Soybean,7.5,89.53,43.81,43.73,1,7.416
Soybean,Soybean (Oil Grade),Hybrid,26.11,19.73,37.15,858.48,72.42,7.61,107,6.38,20.64,59.36,39.98,3.99,Red,71.08,Flood,Kharif,Cotton,1.96,22.21,63.42,43.02,0,3.927
Wheat,Wheat (Sharbati),HYV,17.77,11.68,28.57,544.72,52.48,8.28,126,6.63,91.37,47.03,39.51,3.45,Laterite,42.76,Drip,Rabi,Rice,11.86,69.28,34.16,25.91,1,5.673
Maize,Maize (Feed Corn),HYV,27.97,20.0,35.79,771.94,67.6,6.56,116,6.89,139.32,74.49,64.54,2.01,Black,72.11,Flood,Kharif,Pulses,7.61,126.85,72.9,69.37,0,5.008
Millet,Millet (Sorghum/Jowar),Hybrid,32.94,25.72,43.6,619.88,51.97,7.41,114,7.47,62.1,37.28,26.22,1.76,Black,58.17,Rainfed,Rabi,Rice,16.33,47.39,28.6,19.76,1,1.571
Rice,Rice (Basmati),Hybrid,25.89,20.65,37.59,1130.33,82.8,8.59,144,6.14,61.9,37.28,33.24,4.93,Clayey,60.93,Flood,Zaid,Pulses,7.59,69.61,37.2,34.55,1,5.866
Rice,Rice (Sona Masuri),Traditional,30.4,24.12,37.77,1211.75,79.71,6.83,138,5.72,76.49,36.64,35.6,2.71,Clayey,64.11,Flood,Kharif,Fallow,16.31,55.86,28.57,25.17,1,5.342
Maize,Maize (Feed Corn),Traditional,24.52,17.18,32.36,654.31,61.72,6.89,107,5.69,141.19,66.22,53.65,2.85,Alluvial,68.66,Sprinkler,Kharif,Fallow,4.5,106.27,51.57,50.66,1,6.978
Maize,Maize (Popcorn),HYV,25.68,18.25,36.68,715.91,62.01,8.66,93,6.02,98.08,51.03,48.0,3.94,Sandy,50.02,Sprinkler,Kharif,Wheat,2.3,86.32,58.44,45.55,1,4.433
Millet,Millet (Foxtail),Traditional,29.22,23.42,37.21,370.08,61.39,8.89,77,6.69,37.05,22.43,15.38,1.82,Alluvial,47.51,Drip,Rabi,Pulses,19.7,31.95,16.41,12.79,1,1.87
Maize,Maize (Feed Corn),HYV,25.99,20.56,36.14,704.41,66.06,8.08,114,6.86,121.1,63.99,52.05,3.29,Black,68.83,Sprinkler,Kharif,Fallow,7.73,103.93,66.02,45.59,0,6.25
Maize,Maize (Popcorn),Hybrid,26.55,19.5,34.93,670.83,59.39,6.78,101,6.52,84.19,54.86,45.78,2.02,Loamy,60.99,Drip,Kharif,Millet,18.2,98.7,49.44,48.73,1,6.186
Maize,Maize (Popcorn),Traditional,26.09,19.63,34.0,722.64,64.73,6.41,86,6.02,97.15,49.22,42.92,3.97,Clayey,64.74,Sprinkler,Kharif,Cotton,3.36,69.99,33.62,39.18,1,4.495
Soybean,Soybean (Food Grade),HYV,26.82,19.86,33.85,679.4,71.04,7.74,96,6.8,20.62,47.31,35.44,3.65,Alluvial,67.73,Sprinkler,Kharif,Pulses,9.76,25.64,56.13,30.93,0,4.035
Maize,Maize (Feed Corn),HYV,24.01,16.96,35.13,803.22,74.15,8.73,111,6.6,124.09,69.23,56.18,2.78,Black,78.94,Sprinkler,Kharif,Cotton,13.79,193.69,93.55,80.95,1,8.953
Millet,Millet (Foxtail),Traditional,26.17,20.52,35.89,318.92,52.19,7.57,63,5.59,34.14,24.5,18.94,2.56,Sandy,57.43,Sprinkler,Zaid,Maize,16.63,28.05,14.4,15.45,1,1.872
Millet,Millet (Foxtail),Hybrid,31.77,25.45,40.89,542.05,63.95,9.21,62,7.11,39.77,20.27,18.64,2.76,Loamy,45.36,Rainfed,Rabi,Maize,17.09,34.44,16.88,20.06,1,0.903
Soybean,Soybean (Oil Grade),HYV,27.18,21.74,38.39,805.03,73.62,7.07,115,7.13,23.26,64.91,38.44,3.67,Red,59.52,Sprinkler,Rabi,Fallow,1.85,28.28,67.78,39.11,1,3.335
Rice,Rice (Sona Masuri),HYV,29.95,24.02,40.78,1377.92,84.64,8.68,138,6.21,83.52,44.29,36.41,2.99,Loamy,61.67,Flood,Kharif,Wheat,17.13,85.98,44.53,42.31,1,5.7
Wheat,Wheat (Sharbati),HYV,21.99,16.61,29.28,522.48,56.95,9.16,119,6.55,90.02,44.47,35.83,2.2,Black,52.59,Rainfed,Rabi,Cotton,1.77,57.32,33.68,26.51,1,2.981
Millet,Millet (Foxtail),HYV,28.83,23.83,36.0,465.76,62.48,9.45,66,6.26,33.77,18.9,16.8,1.46,Black,57.06,Sprinkler,Kharif,Fallow,16.14,30.65,13.29,14.4,1,1.905
Soybean,Soybean (Oil Grade),Hybrid,28.02,21.89,36.71,751.45,72.79,8.31,119,6.03,20.03,68.85,36.23,2.6,Black,60.51,Rainfed,Rabi,Millet,12.18,31.86,73.95,41.03,1,2.08
Soybean,Soybean (Food Grade),HYV,24.42,17.34,31.63,633.5,71.71,7.6,106,6.16,24.91,57.43,35.03,3.98,Black,66.65,Rainfed,Kharif,Rice,19.76,22.27,43.26,32.59,1,2.438
Wheat,Wheat (Common),HYV,18.08,10.29,28.56,511.92,65.89,8.93,112,7.24,83.96,42.4,30.65,2.05,Black,50.3,Flood,Rabi,Millet,0.64,89.39,49.83,38.87,1,3.933
Soybean,Soybean (Oil Grade),Hybrid,25.27,17.43,35.3,862.45,79.15,8.3,113,7.33,27.92,57.57,39.73,2.34,Black,55.63,Rainfed,Zaid,Fallow,7.2,24.54,66.42,46.51,1,2.226
Millet,Millet (Sorghum/Jowar),Traditional,27.65,21.54,37.12,690.49,56.64,7.64,125,6.93,64.33,36.36,30.6,2.63,Black,51.34,Sprinkler,Rabi,Pulses,19.49,51.42,24.19,17.75,1,3.745
Maize,Maize (Popcorn),HYV,23.53,15.7,31.58,615.31,69.25,6.61,85,6.4,85.38,45.85,46.51,3.07,Alluvial,53.17,Sprinkler,Rabi,Cotton,9.16,82.21,53.59,45.84,1,7.8
Millet,Millet (Pearl/Bajra),HYV,30.24,23.82,37.39,321.13,41.63,10.91,90,6.1,55.33,25.46,25.38,1.7,Black,49.64,Rainfed,Kharif,Soybean,11.82,45.33,24.48,21.21,1,1.563
Millet,Millet (Sorghum/Jowar),HYV,29.88,22.47,37.65,611.0,65.27,9.96,119,6.52,76.94,37.96,25.36,3.01,Loamy,57.26,Drip,Kharif,Soybean,4.28,71.48,38.11,28.38,1,3.715
Rice,Rice (Sona Masuri),Traditional,30.34,24.58,37.84,1345.85,70.39,8.73,125,5.99,76.77,42.57,35.66,2.69,Desert,63.83,Sprinkler,Kharif,Pulses,7.99,58.44,34.9,31.37,1,3.853
Soybean,Soybean (Food Grade),Traditional,26.09,20.99,37.5,687.49,77.73,8.16,97,6.47,24.25,41.96,30.21,2.34,Red,58.98,Sprinkler,Kharif,Maize,11.65,16.42,39.84,29.75,1,2.992
Maize,Maize (Feed Corn),Hybrid,24.95,18.88,35.44,823.98,65.21,8.21,110,5.73,138.3,60.64,56.83,2.52,Alluvial,69.03,Sprinkler,Kharif,Pulses,14.12,163.46,74.21,55.0,1,11.072
Maize,Maize (Feed Corn),Hybrid,25.12,19.38,34.82,553.25,77.65,8.38,114,7.12,125.03,70.44,67.2,3.87,Black,67.02,Sprinkler,Kharif,Pulses,14.83,150.85,66.54,60.22,1,11.7
Soybean,Soybean (Oil Grade),Traditional,28.88,23.37,37.24,710.65,79.18,7.51,101,7.2,25.25,63.22,37.86,4.44,Alluvial,59.12,Sprinkler,Kharif,Wheat,7.5,13.94,43.07,29.23,1,4.229
Rice,Rice (Sona Masuri),Traditional,28.99,22.39,37.29,1185.19,83.64,7.28,137,5.55,71.56,35.81,42.78,2.88,Red,65.69,Sprinkler,Kharif,Rice,12.12,68.46,28.65,29.37,1,5.961
Maize,Maize (Popcorn),HYV,23.67,16.48,32.16,725.72,68.09,7.46,90,6.95,80.73,57.05,44.02,4.49,Red,56.86,Drip,Rabi,Maize,17.03,92.76,56.19,40.42,0,4.266
Maize,Maize (Popcorn),HYV,26.99,21.13,36.67,550.93,62.95,6.55,102,6.21,98.79,53.19,43.72,3.6,Loamy,53.99,Drip,Kharif,Millet,8.05,94.06,58.38,45.65,0,5.504
Soybean,Soybean (Food Grade),HYV,25.29,19.67,33.12,870.35,77.5,8.76,106,6.45,24.02,50.37,30.42,2.95,Red,51.99,Sprinkler,Kharif,Wheat,13.85,24.59,55.49,30.97,1,2.624
Maize,Maize (Popcorn),Hybrid,22.4,16.78,33.78,527.89,65.83,8.46,86,6.52,95.38,56.06,40.29,3.34,Red,53.73,Drip,Kharif,Sugarcane,19.83,79.77,44.25,41.03,1,7.8
Millet,Millet (Finger/Ragi),HYV,26.02,18.88,36.2,693.37,59.14,8.67,109,6.78,40.53,23.7,21.17,2.46,Black,41.49,Rainfed,Kharif,Cotton,11.8,34.1,21.37,16.93,1,1.285
Maize,Maize (Popcorn),Traditional,25.88,20.15,37.08,536.9,65.04,8.22,91,5.9,90.4,44.88,46.52,3.34,Alluvial,61.81,Drip,Kharif,Millet,14.57,76.67,45.8,35.89,1,4.37
Wheat,Wheat (Durum),Hybrid,21.61,15.33,31.47,587.94,67.5,9.67,123,6.22,94.95,56.29,38.78,3.81,Loamy,57.73,Flood,Rabi,Rice,18.08,96.84,59.31,33.33,1,5.952
Millet,Millet (Foxtail),Hybrid,31.65,24.68,39.64,486.14,50.93,7.93,63,5.56,38.42,19.43,17.39,1.17,Red,38.88,Rainfed,Kharif,Soybean,15.87,23.6,14.76,12.06,1,0.859
Millet,Millet (Foxtail),HYV,29.25,23.75,40.4,476.75,55.25,8.49,60,6.83,32.61,22.5,19.27,1.47,Red,46.24,Rainfed,Kharif,Rice,4.31,37.63,19.64,21.64,1,1.704
Millet,Millet (Sorghum/Jowar),HYV,30.32,23.38,40.63,647.47,61.9,7.62,103,6.71,76.69,34.78,30.79,3.06,Sandy,55.93,Drip,Kharif,Wheat,13.09,69.03,32.9,26.02,1,3.255
Wheat,Wheat (Durum),Traditional,19.31,13.55,30.45,526.13,59.01,9.53,122,6.49,85.4,40.96,33.99,1.81,Black,64.66,Drip,Rabi,Maize,4.85,68.18,42.22,30.63,1,4.034
Wheat,Wheat (Durum),HYV,18.87,12.51,28.37,545.68,66.17,8.69,121,6.77,84.49,42.59,38.68,1.64,Alluvial,47.94,Drip,Rabi,Pulses,8.18,93.7,49.47,32.16,1,4.383
Rice,Rice (Basmati),Traditional,27.22,21.45,35.17,1334.98,70.01,8.42,134,6.29,67.72,34.85,33.55,2.96,Clayey,84.1,Sprinkler,Rabi,Soybean,2.34,57.13,24.43,25.12,1,2.66
Maize,Maize (Sweet Corn),Hybrid,26.75,19.82,37.76,669.98,66.43,8.89,92,6.15,113.96,63.44,51.81,3.88,Black,72.47,Sprinkler,Kharif,Sugarcane,18.1,122.2,65.09,59.28,1,9.693
Maize,Maize (Popcorn),HYV,25.96,20.52,35.82,622.45,61.4,8.98,96,6.16,92.83,47.59,48.76,3.84,Alluvial,52.47,Rainfed,Rabi,Millet,4.57,80.29,54.8,48.03,1,6.408
Maize,Maize (Sweet Corn),Traditional,26.21,18.6,35.17,502.1,62.13,6.94,89,6.64,111.89,65.92,45.63,4.23,Alluvial,58.25,Rainfed,Rabi,Pulses,18.32,87.66,52.98,44.86,1,6.161
Rice,Rice (Sona Masuri),Traditional,29.8,22.29,37.27,1225.19,81.43,8.36,134,6.41,77.32,36.95,41.75,2.77,Alluvial,82.23,Sprinkler,Kharif,Millet,6.71,50.65,28.43,29.51,1,4.748
Millet,Millet (Finger/Ragi),Hybrid,28.58,20.96,36.08,522.01,60.26,9.0,116,5.7,30.9,21.48,19.95,1.97,Clayey,51.99,Drip,Kharif,Maize,4.76,41.71,30.65,21.42,1,4.545
Soybean,Soybean (Oil Grade),Hybrid,28.3,22.87,35.35,885.28,75.28,7.28,115,6.44,27.96,62.53,42.72,3.15,Alluvial,76.26,Sprinkler,Kharif,Rice,10.92,32.99,72.81,40.85,1,3.702
Maize,Maize (Sweet Corn),HYV,27.85,21.31,35.28,514.92,60.63,7.17,88,6.8,107.36,65.49,55.04,3.45,Loamy,60.11,Sprinkler,Rabi,Rice,4.42,113.33,66.38,55.95,1,7.072
Wheat,Wheat (Sharbati),HYV,21.16,16.03,31.65,559.4,55.95,8.63,121,6.45,98.39,42.23,36.14,3.81,Black,52.2,Flood,Rabi,Pulses,3.27,82.09,46.33,31.76,0,4.256
Millet,Millet (Pearl/Bajra),HYV,28.75,23.41,38.33,517.25,57.85,10.06,77,7.12,56.95,20.4,25.19,1.25,Alluvial,47.14,Rainfed,Kharif,Fallow,4.04,56.17,24.13,22.58,1,2.599
Rice,Rice (Basmati),Traditional,26.43,19.05,37.95,1487.54,73.48,8.64,133,6.17,77.4,36.36,31.65,3.29,Desert,67.18,Sprinkler,Kharif,Wheat,8.81,52.39,27.2,30.23,1,4.587
Wheat,Wheat (Durum),HYV,19.9,13.26,27.3,606.76,69.71,7.2,124,6.94,94.02,53.28,35.19,1.83,Red,62.71,Flood,Rabi,Fallow,2.96,94.51,51.89,35.59,1,4.737
Wheat,Wheat (Common),HYV,19.93,14.03,30.06,551.54,52.07,8.44,118,6.74,89.16,41.56,31.78,1.61,Alluvial,40.42,Rainfed,Rabi,Pulses,15.88,77.66,34.03,25.65,1,3.869
Soybean,Soybean (Oil Grade),Traditional,27.24,20.99,38.41,651.58,66.0,7.91,106,7.31,22.14,57.11,40.32,2.17,Alluvial,67.64,Rainfed,Kharif,Millet,11.59,19.52,41.62,25.72,0,1.664
Millet,Millet (Finger/Ragi),Hybrid,29.96,24.29,41.78,494.56,50.79,7.1,128,5.7,33.57,20.78,17.49,1.97,Red,50.32,Sprinkler,Kharif,Soybean,14.37,47.39,23.9,22.76,1,3.338
Rice,Rice (Sona Masuri),HYV,26.85,20.17,38.1,1007.82,71.85,6.74,138,6.42,87.41,39.58,42.24,4.05,Black,63.4,Flood,Kharif,Fallow,18.76,61.95,30.97,32.35,1,3.862
Maize,Maize (Popcorn),Hybrid,22.83,15.78,30.06,650.27,66.27,8.65,101,6.64,98.71,55.62,47.91,2.2,Alluvial,64.75,Sprinkler,Rabi,Fallow,11.79,109.71,63.51,50.71,1,6.801
Rice,Rice (Basmati),Traditional,25.53,18.45,35.12,1149.03,76.34,6.9,146,6.12,70.55,34.03,35.89,2.27,Loamy,70.77,Drip,Kharif,Rice,17.95,59.55,24.64,25.47,1,4.101
Rice,Rice (Non-Basmati),Traditional,28.33,20.45,39.17,1204.04,77.68,7.63,122,6.9,112.45,46.87,58.62,2.36,Clayey,65.76,Sprinkler,Kharif,Pulses,17.83,66.02,42.04,34.31,1,3.915
Millet,Millet (Finger/Ragi),Hybrid,25.23,17.77,34.29,409.71,53.57,9.94,111,5.11,45.41,22.33,19.34,1.66,Black,51.74,Drip,Rabi,Maize,19.2,52.82,23.45,27.22,1,2.547
Wheat,Wheat (Common),Hybrid,21.92,14.49,33.88,475.95,51.55,7.73,124,7.24,83.14,47.06,30.68,1.52,Loamy,40.98,Flood,Rabi,Millet,12.7,88.55,42.99,29.14,1,3.737
Millet,Millet (Finger/Ragi),Traditional,31.34,24.84,39.76,594.57,63.64,9.12,125,6.23,41.9,22.31,20.78,3.46,Black,49.28,Rainfed,Kharif,Cotton,16.55,27.58,16.7,13.88,1,2.787
Rice,Rice (Sona Masuri),Hybrid,26.58,19.38,37.78,1254.09,72.54,6.22,125,5.56,86.78,42.03,40.64,4.22,Black,62.75,Sprinkler,Kharif,Millet,9.06,87.36,40.77,43.48,1,7.8
Millet,Millet (Sorghum/Jowar),HYV,31.07,25.93,39.63,647.06,53.4,9.67,94,7.95,74.93,35.74,33.15,2.02,Clayey,61.82,Rainfed,Kharif,Maize,18.07,76.11,37.7,33.07,1,2.437
Soybean,Soybean (Oil Grade),Hybrid,29.83,23.3,37.7,804.11,75.88,8.69,105,6.58,25.33,68.72,37.17,4.05,Red,55.41,Flood,Kharif,Wheat,8.04,27.6,58.58,41.42,0,4.751
Millet,Millet (Foxtail),Traditional,29.11,23.76,39.55,376.04,61.12,8.47,73,7.24,34.3,16.84,15.79,2.58,Red,48.52,Rainfed,Kharif,Maize,11.46,25.11,16.35,13.24,0,1.466
Maize,Maize (Sweet Corn),Traditional,27.43,20.81,34.84,506.2,71.44,8.57,94,6.35,113.67,64.22,52.53,3.02,Sandy,51.93,Sprinkler,Kharif,Maize,2.13,87.72,47.26,45.38,1,6.506
Maize,Maize (Sweet Corn),Traditional,24.6,17.74,31.96,608.21,63.59,7.94,89,6.3,118.72,51.25,42.51,2.74,Alluvial,66.04,Sprinkler,Kharif,Wheat,17.08,90.2,40.01,43.94,1,4.41
Millet,Millet (Sorghum/Jowar),HYV,29.47,22.3,37.66,542.18,68.5,7.21,95,6.73,79.64,32.07,27.17,1.74,Loamy,55.1,Sprinkler,Kharif,Pulses,10.45,68.91,30.18,29.76,1,3.894
Wheat,Wheat (Common),Hybrid,19.53,13.26,27.92,425.3,60.52,7.98,123,6.58,91.12,48.37,38.2,3.64,Loamy,57.29,Flood,Rabi,Cotton,17.43,106.09,53.34,34.59,0,4.815
Maize,Maize (Sweet Corn),HYV,24.37,17.62,35.5,690.41,67.38,6.86,83,6.75,110.84,58.78,45.36,3.64,Black,67.07,Drip,Rabi,Soybean,17.96,108.47,53.7,49.31,1,7.095
Maize,Maize (Feed Corn),Hybrid,28.03,20.11,39.66,796.12,66.69,8.19,92,6.74,139.34,67.23,64.81,2.88,Black,55.37,Flood,Kharif,Pulses,4.26,152.2,73.4,72.17,1,10.01
Soybean,Soybean (Food Grade),Hybrid,26.68,18.75,37.87,678.2,72.53,6.7,102,7.16,28.2,59.58,37.91,2.58,Alluvial,68.47,Rainfed,Kharif,Cotton,2.57,27.67,56.66,41.22,1,3.368
Wheat,Wheat (Sharbati),Traditional,20.55,13.52,30.47,553.05,63.2,9.49,129,6.37,98.85,44.23,31.0,3.69,Desert,62.89,Drip,Rabi,Cotton,3.69,67.81,37.85,29.24,1,3.333
Millet,Millet (Pearl/Bajra),Traditional,34.53,29.44,45.96,556.52,50.82,10.64,78,7.17,40.58,28.52,23.23,1.07,Desert,50.77,Sprinkler,Kharif,Soybean,2.97,43.6,23.21,22.76,1,0.934
Rice,Rice (Non-Basmati),Hybrid,26.4,19.84,34.96,1453.93,84.47,7.0,131,7.31,81.61,47.95,58.96,2.75,Desert,88.54,Flood,Kharif,Wheat,15.36,89.37,49.97,60.09,1,5.234
Wheat,Wheat (Common),HYV,21.69,15.68,30.58,493.98,55.32,8.77,119,6.45,96.87,47.83,35.81,2.13,Loamy,65.83,Sprinkler,Rabi,Cotton,10.41,59.06,28.87,21.95,1,4.957
Soybean,Soybean (Oil Grade),Hybrid,25.91,20.89,35.63,888.88,72.01,6.39,110,6.08,28.93,64.3,36.59,2.75,Alluvial,70.74,Rainfed,Kharif,Rice,8.12,30.34,65.15,48.83,1,2.938
Rice,Rice (Non-Basmati),Hybrid,31.45,25.2,40.02,1294.22,78.71,6.22,120,6.23,91.65,52.03,43.26,3.65,Black,86.44,Flood,Kharif,Sugarcane,3.3,127.69,55.9,59.4,1,9.1
Maize,Maize (Feed Corn),HYV,25.74,18.04,34.69,672.66,64.88,7.93,92,6.62,135.87,72.42,65.55,4.14,Desert,64.82,Sprinkler,Kharif,Pulses,8.28,104.36,42.22,37.48,1,7.477
Maize,Maize (Popcorn),Hybrid,25.12,19.93,34.37,575.21,57.56,6.83,98,6.18,87.85,58.34,40.57,2.65,Loamy,58.86,Sprinkler,Rabi,Pulses,16.53,82.08,47.65,40.4,1,6.112
Wheat,Wheat (Sharbati),HYV,20.15,14.36,27.27,426.24,64.08,9.63,119,6.51,94.29,49.57,35.68,2.67,Black,59.98,Drip,Rabi,Fallow,19.98,95.32,45.93,38.8,1,4.407
Soybean,Soybean (Oil Grade),Hybrid,28.91,21.52,37.58,773.53,71.66,7.7,105,6.78,29.31,59.99,36.32,3.56,Black,63.86,Rainfed,Kharif,Soybean,13.07,31.79,60.6,43.98,0,2.598
Maize,Maize (Sweet Corn),Traditional,26.07,18.18,34.11,693.17,63.98,7.65,91,6.06,111.16,66.38,41.24,4.35,Black,73.73,Sprinkler,Kharif,Soybean,8.16,91.84,51.99,43.11,0,7.52
Rice,Rice (Basmati),Hybrid,27.11,19.89,35.3,1055.24,75.32,6.86,133,7.07,71.78,32.77,39.1,2.14,Clayey,62.74,Rainfed,Kharif,Cotton,19.66,73.0,37.3,35.0,0,3.886
Wheat,Wheat (Common),Traditional,21.16,13.51,31.91,479.33,64.43,7.47,118,6.21,82.38,47.56,33.93,1.5,Laterite,41.45,Sprinkler,Rabi,Wheat,6.56,72.92,32.24,24.39,1,4.156
Wheat,Wheat (Common),HYV,18.49,12.87,25.6,524.8,58.72,7.78,111,7.03,86.36,45.06,33.41,3.7,Loamy,69.82,Sprinkler,Rabi,Soybean,14.87,73.58,38.58,27.87,1,5.165
Maize,Maize (Popcorn),HYV,23.51,18.24,31.09,590.78,61.29,8.16,105,6.65,92.17,45.69,49.76,2.67,Laterite,60.6,Flood,Rabi,Cotton,5.73,93.21,53.93,44.29,1,5.219
Rice,Rice (Basmati),Traditional,25.22,19.29,33.82,1419.18,79.81,6.83,135,6.01,64.03,39.59,36.13,2.79,Loamy,61.67,Flood,Kharif,Soybean,18.41,47.83,26.57,25.87,1,3.819
Maize,Maize (Feed Corn),Traditional,26.22,19.64,35.63,678.3,72.46,6.07,91,5.62,146.85,62.81,58.49,2.88,Sandy,68.84,Drip,Kharif,Rice,10.58,105.2,63.3,52.62,0,6.614
Maize,Maize (Sweet Corn),HYV,26.54,20.82,35.38,574.31,60.66,8.19,86,6.37,113.49,66.93,52.37,4.72,Loamy,55.04,Drip,Rabi,Wheat,16.84,100.22,65.17,49.34,1,7.023
Rice,Rice (Sona Masuri),HYV,26.6,20.86,37.59,1053.02,84.91,6.98,137,5.79,73.76,40.65,35.51,4.0,Alluvial,70.99,Sprinkler,Kharif,Rice,6.3,74.26,34.61,33.32,0,7.8
Maize,Maize (Feed Corn),Traditional,27.5,22.0,35.73,725.73,60.63,8.0,118,5.91,141.23,76.26,58.14,4.45,Black,67.31,Flood,Kharif,Pulses,6.39,107.23,54.05,53.01,1,5.829
Millet,Millet (Foxtail),Hybrid,30.98,25.71,42.74,338.59,54.2,9.81,68,6.75,32.85,18.44,16.18,2.89,Sandy,57.33,Sprinkler,Rabi,Cotton,3.85,37.88,19.16,20.03,1,2.28
Millet,Millet (Sorghum/Jowar),HYV,29.23,23.58,39.37,575.51,57.04,8.44,100,6.58,76.44,30.98,26.17,3.3,Red,43.89,Rainfed,Kharif,Rice,3.6,67.65,38.98,33.07,1,1.973
Millet,Millet (Pearl/Bajra),Traditional,34.39,28.89,45.99,339.31,56.74,10.93,82,7.58,52.17,25.91,29.06,1.02,Alluvial,43.54,Drip,Kharif,Fallow,3.21,41.04,21.4,16.81,1,2.022
Millet,Millet (Pearl/Bajra),HYV,30.4,24.99,40.39,347.33,40.78,8.14,88,7.27,43.31,20.8,29.99,1.02,Red,44.78,Flood,Kharif,Wheat,7.21,50.01,24.48,25.39,1,1.061
Wheat,Wheat (Durum),Hybrid,20.04,12.75,27.67,488.3,61.17,8.5,126,6.58,93.27,54.09,36.45,2.99,Loamy,65.14,Sprinkler,Rabi,Pulses,8.02,132.94,84.87,52.6,1,5.597
Rice,Rice (Sona Masuri),Traditional,29.58,23.36,40.81,1213.9,70.98,6.78,127,6.87,85.66,37.1,42.3,2.25,Red,82.35,Flood,Kharif,Sugarcane,1.66,61.12,35.93,32.72,1,4.818
Maize,Maize (Popcorn),Traditional,25.46,17.85,35.98,731.55,59.93,6.41,102,6.52,98.92,45.91,46.85,2.25,Loamy,55.36,Drip,Zaid,Maize,17.22,78.15,32.49,39.05,1,3.363
Wheat,Wheat (Common),Traditional,21.35,13.97,31.0,433.86,66.82,7.28,129,6.4,99.91,46.2,36.45,3.12,Alluvial,66.5,Sprinkler,Rabi,Sugarcane,13.94,75.49,33.71,26.39,1,6.06
Rice,Rice (Non-Basmati),HYV,26.07,20.56,37.27,1110.82,74.66,8.27,134,6.47,106.76,47.39,44.26,4.65,Loamy,89.53,Flood,Kharif,Wheat,12.96,69.05,32.56,38.72,1,6.342
Rice,Rice (Sona Masuri),HYV,28.3,21.27,37.99,1251.92,78.95,8.0,133,5.66,70.8,38.31,43.21,3.16,Red,65.58,Sprinkler,Kharif,Soybean,14.32,89.67,41.7,43.64,1,7.692
Maize,Maize (Sweet Corn),HYV,24.27,18.74,31.48,675.6,65.22,7.43,86,6.32,101.14,65.7,55.75,2.59,Alluvial,70.59,Drip,Rabi,Rice,19.55,114.98,68.82,56.68,1,5.306
Rice,Rice (Non-Basmati),HYV,28.79,23.73,36.49,1439.42,84.95,6.35,110,6.5,84.13,43.95,49.59,4.66,Alluvial,79.16,Sprinkler,Kharif,Millet,6.92,106.06,56.65,49.19,1,7.419
Wheat,Wheat (Sharbati),Hybrid,18.45,12.67,25.81,466.07,60.29,7.18,115,6.93,94.79,40.13,33.4,3.54,Loamy,50.1,Drip,Rabi,Pulses,10.74,98.11,54.0,40.48,1,6.124
Wheat,Wheat (Durum),Traditional,19.29,13.15,29.03,648.95,54.18,7.39,134,6.53,92.9,57.71,35.59,3.22,Alluvial,61.5,Sprinkler,Rabi,Rice,19.11,64.91,45.98,28.9,0,3.922
Maize,Maize (Popcorn),HYV,24.59,18.03,36.58,708.58,56.0,6.47,97,6.54,81.06,43.01,47.18,4.2,Loamy,59.95,Flood,Rabi,Fallow,1.69,81.95,47.95,41.84,1,7.534
Maize,Maize (Sweet Corn),Hybrid,24.46,18.51,31.62,668.22,67.63,6.64,94,5.93,111.16,54.94,44.13,2.75,Loamy,52.48,Sprinkler,Rabi,Wheat,15.14,130.86,66.49,54.55,0,4.982
Rice,Rice (Basmati),Hybrid,26.7,20.65,37.32,1448.56,83.31,8.34,149,6.13,63.23,38.99,36.06,2.03,Alluvial,62.54,Sprinkler,Kharif,Cotton,9.24,66.4,38.43,34.97,0,5.307
Wheat,Wheat (Sharbati),Traditional,18.76,10.98,30.74,515.89,63.51,8.85,115,6.59,91.09,43.04,36.74,2.84,Alluvial,43.01,Drip,Rabi,Pulses,8.14,79.68,38.49,27.31,1,3.633
Millet,Millet (Sorghum/Jowar),Traditional,28.7,23.23,39.62,412.72,68.26,9.11,123,6.87,79.94,31.63,34.19,2.58,Red,56.48,Sprinkler,Kharif,Soybean,14.95,53.65,24.05,22.12,0,1.616
Millet,Millet (Finger/Ragi),Traditional,26.6,18.69,36.95,588.01,67.69,7.53,124,6.68,37.96,28.07,20.88,2.04,Sandy,49.29,Sprinkler,Kharif,Maize,2.08,39.65,23.87,14.19,1,1.307
Millet,Millet (Finger/Ragi),HYV,30.12,24.15,40.08,558.35,59.53,9.89,109,5.21,39.1,23.86,24.5,2.36,Black,43.66,Rainfed,Kharif,Fallow,5.02,44.92,21.52,22.33,1,1.384
Soybean,Soybean (Food Grade),HYV,28.04,22.24,37.18,664.35,64.7,7.44,109,7.43,22.72,52.92,39.63,2.91,Red,58.1,Sprinkler,Rabi,Cotton,19.96,28.58,59.98,39.96,0,2.259
Wheat,Wheat (Durum),Traditional,19.29,11.44,26.59,504.93,67.86,8.44,124,6.16,93.5,49.66,35.02,1.96,Loamy,46.03,Flood,Rabi,Sugarcane,17.04,88.63,42.23,40.57,1,4.141
Wheat,Wheat (Durum),HYV,22.39,15.31,33.86,586.3,58.81,9.84,140,7.21,95.05,52.38,30.19,3.31,Red,64.33,Flood,Kharif,Rice,11.18,96.26,46.22,32.16,1,3.287
Maize,Maize (Sweet Corn),Traditional,24.47,17.4,33.77,505.77,66.1,6.87,82,6.36,103.24,65.74,58.62,3.4,Red,65.35,Sprinkler,Zaid,Fallow,1.74,85.79,47.55,37.4,1,4.993
Maize,Maize (Sweet Corn),Traditional,23.55,16.63,32.53,662.68,64.09,8.58,80,6.22,109.66,67.51,40.36,3.64,Loamy,51.4,Sprinkler,Kharif,Fallow,15.51,73.03,35.54,38.15,1,5.525
Wheat,Wheat (Common),Traditional,17.0,10.69,24.15,582.49,52.52,9.02,116,7.17,94.94,40.32,33.88,2.31,Desert,69.19,Sprinkler,Zaid,Maize,4.95,61.66,30.03,21.53,1,3.149
Maize,Maize (Sweet Corn),HYV,25.29,19.18,35.6,764.46,69.62,8.11,100,6.79,114.23,64.98,51.13,3.45,Loamy,61.47,Sprinkler,Kharif,Wheat,14.57,119.32,54.63,49.82,1,7.175
Rice,Rice (Non-Basmati),HYV,30.22,23.99,38.76,1177.03,86.8,6.19,128,6.01,116.29,52.74,48.77,4.95,Sandy,86.55,Flood,Kharif,Soybean,16.27,77.21,38.12,29.22,1,7.698
Wheat,Wheat (Sharbati),Traditional,19.05,13.37,27.65,433.29,62.23,8.16,125,7.21,94.66,46.35,39.6,3.42,Clayey,55.76,Sprinkler,Rabi,Sugarcane,19.28,59.63,32.57,21.08,1,3.77
Rice,Rice (Sona Masuri),Traditional,28.43,22.87,38.92,1218.96,70.46,7.94,133,6.27,89.1,43.17,41.92,4.1,Alluvial,69.64,Sprinkler,Kharif,Wheat,16.28,48.13,23.89,26.2,1,5.454
Millet,Millet (Finger/Ragi),HYV,31.71,24.92,40.88,635.45,65.3,9.84,128,5.25,37.75,25.14,17.24,3.06,Alluvial,54.25,Drip,Rabi,Pulses,12.84,36.08,25.41,19.39,1,2.909
Maize,Maize (Popcorn),Traditional,25.26,18.07,33.23,698.27,61.05,7.11,97,6.42,97.21,53.5,40.27,2.32,Alluvial,67.65,Flood,Kharif,Rice,8.17,70.04,37.71,32.62,1,5.55
Wheat,Wheat (Common),HYV,18.19,13.1,28.38,474.17,56.24,8.91,126,7.41,88.4,41.44,35.05,3.76,Loamy,58.17,Drip,Rabi,Millet,13.81,84.09,43.86,31.64,1,6.256
Wheat,Wheat (Durum),HYV,18.48,12.29,30.2,631.68,59.32,7.43,126,7.38,93.3,43.52,37.59,1.54,Alluvial,47.83,Flood,Zaid,Sugarcane,2.82,113.11,76.99,40.7,1,2.224
Wheat,Wheat (Common),Traditional,18.37,10.54,29.56,531.0,69.98,7.73,114,7.06,99.86,42.46,35.57,3.61,Alluvial,40.51,Sprinkler,Rabi,Rice,5.69,73.52,38.58,28.57,1,7.328
Millet,Millet (Finger/Ragi),Hybrid,27.75,22.65,34.8,520.99,67.87,9.14,114,6.97,43.66,21.11,18.72,1.99,Laterite,50.83,Sprinkler,Kharif,Millet,7.82,36.09,23.34,23.29,1,2.41
Rice,Rice (Non-Basmati),Traditional,31.76,26.64,39.15,1542.36,86.31,7.85,133,6.28,99.51,59.8,44.28,3.25,Black,72.3,Drip,Kharif,Maize,17.81,92.46,35.36,47.71,1,5.9
Rice,Rice (Sona Masuri),Traditional,27.52,20.6,37.64,1238.77,72.39,7.9,130,6.22,87.34,36.2,44.29,2.69,Loamy,73.3,Flood,Kharif,Millet,12.06,65.5,35.3,31.62,1,3.751
Millet,Millet (Finger/Ragi),Traditional,30.83,25.38,38.14,417.0,50.45,7.05,110,7.46,37.33,26.93,24.89,2.89,Laterite,46.48,Rainfed,Zaid,Pulses,17.42,26.88,20.83,15.93,1,2.134
Soybean,Soybean (Food Grade),Hybrid,28.94,22.81,40.46,618.89,68.22,6.02,102,6.82,23.39,51.44,39.36,3.93,Clayey,57.89,Rainfed,Kharif,Soybean,18.5,24.06,40.11,36.17,1,3.927
Maize,Maize (Sweet Corn),Hybrid,26.81,19.67,33.88,669.0,70.73,6.47,92,6.16,113.93,60.8,52.43,2.22,Black,53.44,Drip,Kharif,Sugarcane,3.29,124.94,58.2,55.33,1,6.508
Maize,Maize (Feed Corn),Traditional,23.3,17.77,33.16,810.29,71.88,8.23,97,5.73,132.71,71.0,61.4,3.25,Sandy,72.13,Sprinkler,Kharif,Sugarcane,9.79,112.97,62.0,46.74,0,6.61
Rice,Rice (Non-Basmati),Traditional,27.84,21.55,39.21,1590.01,74.93,8.84,138,6.08,118.9,57.14,54.67,4.8,Sandy,73.67,Sprinkler,Kharif,Millet,14.67,70.74,43.87,34.36,1,4.997
Maize,Maize (Sweet Corn),Traditional,23.8,17.39,32.95,788.7,62.48,8.07,86,6.96,117.49,57.79,58.12,3.93,Loamy,51.58,Drip,Rabi,Cotton,1.65,80.0,34.78,40.41,1,6.607
Soybean,Soybean (Oil Grade),Traditional,28.45,20.83,36.47,828.27,69.36,7.14,106,6.83,25.6,56.65,43.95,3.77,Sandy,56.46,Rainfed,Kharif,Rice,10.02,19.94,42.22,32.55,1,3.494
Wheat,Wheat (Common),Hybrid,21.78,14.43,28.8,576.46,64.12,7.37,122,6.07,82.35,48.85,30.28,3.49,Loamy,65.5,Flood,Rabi,Soybean,17.78,96.2,52.63,42.05,1,5.719
Wheat,Wheat (Sharbati),Hybrid,19.71,11.87,28.43,489.07,53.99,9.04,126,7.09,99.54,47.05,30.54,2.29,Red,51.14,Drip,Rabi,Maize,12.46,92.83,53.97,40.18,1,6.5
Millet,Millet (Foxtail),HYV,31.55,26.2,40.94,502.37,46.23,9.24,65,6.03,32.05,17.69,19.51,1.51,Loamy,46.73,Rainfed,Kharif,Sugarcane,10.83,30.8,23.03,19.58,0,0.999
Maize,Maize (Sweet Corn),Traditional,24.72,18.39,33.37,784.49,61.24,8.47,92,6.36,110.33,69.99,53.94,2.38,Black,63.88,Rainfed,Rabi,Maize,15.94,89.46,43.0,35.54,1,5.078
Maize,Maize (Sweet Corn),HYV,24.48,18.13,34.21,707.04,65.77,6.43,85,5.88,111.6,61.19,59.84,3.86,Sandy,59.94,Drip,Kharif,Sugarcane,10.8,115.94,68.0,45.62,1,5.758
Soybean,Soybean (Oil Grade),Traditional,28.67,21.2,36.22,822.37,71.0,6.96,115,7.3,20.29,57.88,38.8,3.34,Alluvial,55.03,Rainfed,Kharif,Millet,14.95,20.3,50.8,33.71,1,2.914
Millet,Millet (Sorghum/Jowar),Traditional,27.41,19.7,39.08,695.27,65.14,9.41,103,7.03,62.08,36.37,28.46,1.55,Loamy,58.02,Sprinkler,Rabi,Rice,13.25,60.46,30.97,27.58,1,1.42
Rice,Rice (Sona Masuri),Hybrid,30.22,23.29,41.57,1373.19,82.09,8.88,122,6.43,84.56,41.99,41.21,2.05,Loamy,68.9,Flood,Rabi,Wheat,18.65,71.1,40.78,37.3,1,5.545
Maize,Maize (Popcorn),Traditional,25.87,18.58,35.38,711.44,55.32,6.12,96,6.72,92.37,43.02,45.68,4.26,Sandy,66.66,Drip,Kharif,Soybean,15.68,77.36,44.3,37.57,1,6.68
Rice,Rice (Sona Masuri),Hybrid,28.74,21.1,39.83,1355.19,79.24,7.47,120,6.36,75.51,40.28,38.24,3.98,Loamy,82.28,Flood,Kharif,Pulses,4.03,91.4,43.53,42.78,1,6.59
Soybean,Soybean (Oil Grade),Hybrid,25.16,17.41,32.87,841.18,66.97,8.15,113,7.19,25.23,50.94,40.57,2.71,Black,62.82,Sprinkler,Kharif,Sugarcane,5.14,27.28,69.48,41.94,1,5.2
Millet,Millet (Sorghum/Jowar),HYV,29.41,21.56,39.27,688.81,63.95,8.23,97,6.77,63.11,30.86,28.2,1.85,Loamy,41.67,Sprinkler,Kharif,Cotton,11.05,68.08,30.99,27.05,1,1.55
Rice,Rice (Non-Basmati),Hybrid,29.13,23.71,37.23,1340.97,70.85,7.39,127,7.48,115.17,40.91,48.46,4.58,Red,68.37,Drip,Zaid,Maize,13.33,106.28,48.1,46.25,1,6.926
Maize,Maize (Popcorn),HYV,25.45,17.47,35.36,653.53,63.28,7.19,85,5.85,83.03,56.13,44.71,2.85,Alluvial,63.15,Drip,Kharif,Pulses,8.09,69.4,34.29,39.67,1,4.446
Maize,Maize (Sweet Corn),HYV,25.06,18.93,33.57,660.53,68.65,7.34,95,6.29,109.11,67.4,40.51,4.41,Black,61.19,Sprinkler,Rabi,Fallow,11.53,110.91,58.59,50.58,1,9.664
Millet,Millet (Sorghum/Jowar),Hybrid,32.04,25.39,39.47,423.09,52.84,7.14,118,6.04,78.68,32.77,33.21,2.3,Loamy,60.37,Flood,Kharif,Maize,5.52,80.26,42.29,30.61,1,2.33
Millet,Millet (Sorghum/Jowar),Traditional,32.85,27.61,44.77,582.13,58.25,7.01,126,6.28,72.41,36.05,29.76,1.94,Red,47.29,Rainfed,Rabi,Millet,4.53,59.74,29.42,20.91,0,1.758
Millet,Millet (Pearl/Bajra),Hybrid,28.0,21.88,37.09,589.78,43.17,8.45,73,6.68,50.4,26.47,27.88,1.34,Sandy,54.76,Sprinkler,Kharif,Rice,1.87,45.39,32.24,25.85,1,3.463
Millet,Millet (Sorghum/Jowar),Traditional,27.3,19.37,35.03,530.06,62.64,8.69,104,6.57,61.82,37.07,30.4,3.42,Loamy,44.19,Flood,Kharif,Fallow,19.23,57.31,30.1,26.22,0,3.241
Wheat,Wheat (Sharbati),HYV,17.7,10.7,29.48,494.11,53.01,9.53,123,7.04,86.31,48.65,39.53,3.01,Loamy,47.79,Sprinkler,Rabi,Pulses,0.66,77.28,35.54,30.69,1,4.726
Wheat,Wheat (Common),Hybrid,17.46,9.87,24.79,572.2,66.46,7.3,127,7.45,93.15,44.88,34.35,1.62,Loamy,65.17,Flood,Rabi,Millet,17.94,96.98,53.76,43.09,1,4.477
Rice,Rice (Non-Basmati),Hybrid,29.76,22.0,37.68,1501.51,79.53,8.4,121,6.57,103.13,41.05,45.11,3.92,Desert,86.48,Drip,Rabi,Wheat,10.58,128.0,48.8,55.54,0,5.476
Rice,Rice (Non-Basmati),HYV,26.99,20.78,38.49,1183.03,83.26,6.61,140,6.0,117.57,56.18,56.41,2.59,Alluvial,68.58,Sprinkler,Kharif,Wheat,4.43,112.29,47.21,49.64,1,6.706
Millet,Millet (Pearl/Bajra),Hybrid,31.59,24.52,42.0,484.83,48.49,9.23,66,6.53,57.6,20.3,20.85,1.43,Red,32.06,Rainfed,Kharif,Wheat,8.5,52.0,23.26,26.76,1,2.471
Wheat,Wheat (Durum),Hybrid,21.53,15.73,28.77,645.76,52.96,9.49,138,6.72,84.17,59.76,38.66,3.72,Black,62.14,Flood,Rabi,Sugarcane,15.47,90.67,52.86,33.61,0,5.191
Rice,Rice (Basmati),HYV,27.38,22.25,39.23,1358.03,74.85,6.96,133,7.33,65.66,34.38,33.55,2.22,Red,76.83,Flood,Kharif,Soybean,9.24,65.17,37.16,37.22,1,4.326
Rice,Rice (Non-Basmati),Traditional,27.73,22.27,37.37,1397.13,81.38,6.35,132,5.53,111.14,46.57,49.44,4.4,Black,66.16,Flood,Kharif,Pulses,9.6,107.79,41.39,42.63,1,5.379
Millet,Millet (Foxtail),Hybrid,30.64,23.76,39.34,429.1,55.69,9.0,61,6.24,36.43,22.5,19.24,1.08,Desert,47.61,Sprinkler,Kharif,Sugarcane,11.48,41.96,21.39,20.52,0,2.443
Rice,Rice (Non-Basmati),HYV,28.44,21.62,37.63,1567.04,80.69,8.08,127,6.46,99.26,46.37,55.62,4.06,Black,76.28,Rainfed,Kharif,Pulses,16.02,87.85,59.8,45.96,1,5.801
Rice,Rice (Non-Basmati),Hybrid,27.04,21.75,35.68,1168.07,73.13,8.05,120,5.6,107.77,56.64,56.93,4.04,Loamy,88.85,Flood,Zaid,Rice,4.33,126.62,46.2,49.67,1,4.203
Wheat,Wheat (Common),Hybrid,19.98,13.99,28.13,567.31,68.4,9.12,116,7.27,97.43,42.2,34.39,1.94,Loamy,45.42,Flood,Rabi,Pulses,2.19,86.33,37.98,35.41,1,4.367
Rice,Rice (Basmati),Traditional,25.26,17.96,34.34,1411.09,82.76,6.64,138,7.3,74.61,36.48,37.96,4.26,Clayey,60.9,Flood,Kharif,Soybean,13.8,49.37,24.34,29.33,1,4.541
Millet,Millet (Sorghum/Jowar),Hybrid,28.0,20.11,35.33,455.08,65.45,7.05,110,7.07,72.55,30.25,30.06,2.89,Black,55.48,Rainfed,Rabi,Fallow,12.64,82.04,37.98,35.1,1,2.204
Maize,Maize (Popcorn),Hybrid,22.47,15.43,33.38,725.49,67.45,7.92,104,6.66,89.47,55.74,40.05,4.01,Alluvial,68.48,Sprinkler,Kharif,Millet,7.18,106.81,55.94,52.72,1,5.943
Millet,Millet (Foxtail),Hybrid,31.38,24.42,42.67,397.98,45.8,9.98,74,5.77,37.43,17.06,15.31,2.53,Loamy,56.45,Sprinkler,Kharif,Wheat,19.56,37.76,21.74,21.83,1,2.164
Wheat,Wheat (Sharbati),HYV,17.93,10.23,27.56,433.25,59.84,7.98,125,6.12,88.47,48.26,33.11,3.53,Loamy,41.39,Sprinkler,Kharif,Sugarcane,12.87,84.17,44.29,37.02,1,3.536
Wheat,Wheat (Durum),Hybrid,21.27,13.71,28.91,601.36,62.04,7.92,136,7.33,91.35,51.49,36.19,2.18,Alluvial,63.97,Flood,Kharif,Cotton,8.66,109.87,45.59,39.09,1,3.705
Maize,Maize (Popcorn),HYV,25.02,17.74,34.15,543.49,57.74,8.68,89,6.34,84.46,52.91,43.99,3.29,Alluvial,67.83,Drip,Zaid,Sugarcane,16.01,90.66,44.83,40.53,1,4.34
Millet,Millet (Foxtail),HYV,29.25,21.62,38.0,343.64,49.39,9.51,72,6.29,33.33,21.38,17.15,1.1,Clayey,43.61,Rainfed,Kharif,Maize,7.46,31.58,15.66,16.58,1,1.633
Millet,Millet (Foxtail),Traditional,31.6,25.33,39.74,351.06,46.44,9.9,77,7.3,36.18,19.65,16.39,1.59,Sandy,52.4,Rainfed,Kharif,Maize,12.26,35.62,16.65,17.63,1,1.668
Maize,Maize (Popcorn),Traditional,24.97,19.43,34.28,724.66,56.71,8.93,101,6.12,89.51,58.65,42.59,2.79,Alluvial,68.17,Rainfed,Kharif,Millet,13.11,86.55,52.36,42.21,0,3.786
Wheat,Wheat (Durum),Traditional,22.44,16.26,30.12,567.14,54.2,7.19,130,6.13,91.16,48.84,32.65,3.63,Alluvial,54.54,Drip,Rabi,Soybean,6.46,77.95,44.17,24.19,0,2.681
Rice,Rice (Sona Masuri),Hybrid,27.25,22.15,39.05,1128.02,80.7,7.52,136,6.22,70.09,44.76,38.5,2.65,Loamy,65.56,Sprinkler,Rabi,Millet,18.02,91.16,48.65,43.96,1,7.162
Soybean,Soybean (Food Grade),HYV,24.14,17.4,31.27,867.25,62.76,6.37,103,7.07,21.52,51.01,31.02,3.56,Red,59.32,Sprinkler,Kharif,Wheat,19.07,17.14,40.58,32.01,0,2.024
Rice,Rice (Non-Basmati),Traditional,30.06,22.22,40.26,1475.83,85.03,6.99,130,5.6,100.96,40.66,49.37,4.66,Red,74.04,Flood,Kharif,Fallow,1.73,71.07,34.46,46.56,1,4.156
Rice,Rice (Basmati),Traditional,25.78,19.14,33.22,1188.68,76.2,6.12,142,7.43,79.07,33.52,30.43,2.54,Desert,69.81,Sprinkler,Kharif,Sugarcane,12.59,60.29,29.03,29.07,1,3.795
Maize,Maize (Sweet Corn),Hybrid,23.2,16.98,33.81,512.41,60.46,7.39,80,6.32,102.69,50.12,40.59,4.6,Loamy,61.45,Drip,Kharif,Soybean,5.99,111.25,71.33,57.35,1,7.727
Millet,Millet (Foxtail),Hybrid,29.08,21.87,36.47,446.5,52.06,8.47,63,6.43,38.1,23.14,18.32,1.85,Alluvial,57.59,Rainfed,Rabi,Millet,2.0,30.23,16.07,14.94,1,2.124
Maize,Maize (Popcorn),Hybrid,22.8,16.27,32.67,586.57,68.49,8.09,91,6.55,86.19,58.18,40.09,2.45,Loamy,62.92,Drip,Rabi,Rice,10.73,99.77,60.28,46.18,0,6.517
Maize,Maize (Feed Corn),Traditional,23.55,16.01,31.76,713.01,72.25,8.84,93,6.01,143.26,62.33,54.41,3.52,Black,72.59,Drip,Kharif,Pulses,18.93,96.99,56.79,40.14,1,8.355
Soybean,Soybean (Oil Grade),Traditional,27.76,21.43,39.55,791.21,72.08,6.37,100,7.26,28.97,50.11,36.61,4.42,Black,75.05,Rainfed,Kharif,Cotton,17.59,23.89,44.51,35.03,1,2.909
Rice,Rice (Non-Basmati),Traditional,30.09,23.5,37.51,1242.63,80.41,8.56,136,6.6,80.48,50.02,53.95,2.22,Loamy,88.47,Flood,Rabi,Maize,9.5,65.11,44.69,41.53,0,3.183
Maize,Maize (Popcorn),Hybrid,23.64,16.15,34.11,564.17,62.18,8.15,89,5.84,98.41,47.93,49.78,3.75,Loamy,68.99,Sprinkler,Rabi,Cotton,6.89,69.88,41.4,36.12,1,4.551
Rice,Rice (Non-Basmati),Traditional,28.0,20.52,36.46,1182.39,84.13,7.92,137,6.97,100.04,52.09,46.06,2.6,Black,78.56,Flood,Kharif,Cotton,8.35,86.18,32.23,37.19,1,5.393
Millet,Millet (Sorghum/Jowar),HYV,27.11,20.17,34.44,682.81,58.29,7.56,129,7.86,64.31,33.69,31.49,2.54,Clayey,52.14,Sprinkler,Kharif,Millet,18.46,61.47,26.67,25.55,1,2.648
Maize,Maize (Feed Corn),HYV,24.1,17.36,32.59,640.16,62.57,8.73,102,6.98,120.71,62.31,53.15,2.57,Red,55.76,Sprinkler,Kharif,Sugarcane,6.03,125.72,79.41,68.48,1,6.596
Maize,Maize (Popcorn),Traditional,22.41,15.28,32.75,516.81,66.83,8.47,85,6.49,86.28,45.11,42.9,2.71,Loamy,57.59,Sprinkler,Rabi,Rice,16.65,77.65,44.15,32.2,0,4.917
Wheat,Wheat (Sharbati),Traditional,20.4,12.96,29.92,538.36,57.71,8.22,132,6.92,87.04,42.57,33.31,3.57,Alluvial,60.08,Sprinkler,Rabi,Pulses,7.65,71.5,37.98,28.77,1,4.784
Maize,Maize (Feed Corn),Traditional,25.54,18.15,33.51,782.68,61.93,7.42,119,5.62,134.41,75.71,61.66,2.29,Sandy,68.89,Sprinkler,Kharif,Cotton,17.23,90.0,42.19,41.91,0,5.758
Soybean,Soybean (Oil Grade),Hybrid,26.38,21.25,36.91,857.64,72.32,7.71,117,6.97,23.84,56.41,44.7,3.43,Sandy,58.01,Sprinkler,Kharif,Cotton,15.45,26.69,57.46,49.31,1,3.025
Millet,Millet (Finger/Ragi),Traditional,30.66,25.62,38.51,680.02,62.59,8.4,130,7.32,37.78,26.94,22.0,1.6,Red,44.08,Sprinkler,Kharif,Fallow,10.09,38.05,20.86,19.88,1,2.025
Millet,Millet (Pearl/Bajra),HYV,33.12,27.83,44.06,317.46,41.6,10.65,70,6.76,52.18,29.36,25.66,1.06,Alluvial,32.54,Sprinkler,Kharif,Maize,11.82,49.2,22.53,26.17,1,1.542
Wheat,Wheat (Sharbati),Hybrid,19.26,13.53,26.86,559.52,58.03,9.02,121,7.45,96.22,44.0,34.57,3.86,Alluvial,45.19,Sprinkler,Rabi,Pulses,14.28,96.95,50.8,34.59,1,5.167
Millet,Millet (Foxtail),Traditional,28.77,21.6,39.45,528.88,56.21,7.62,77,7.22,31.64,15.62,17.78,1.99,Loamy,44.07,Rainfed,Rabi,Millet,11.38,30.15,19.16,13.73,0,1.455
Maize,Maize (Sweet Corn),Hybrid,22.07,16.12,31.41,770.34,61.82,8.77,84,6.77,108.01,63.2,54.21,2.52,Clayey,71.95,Drip,Rabi,Millet,17.22,127.84,58.85,55.04,1,4.96
Millet,Millet (Pearl/Bajra),HYV,29.21,23.56,37.53,458.0,51.76,9.65,84,6.74,48.75,26.34,24.2,1.93,Desert,44.83,Sprinkler,Kharif,Rice,13.04,47.87,25.11,20.04,1,1.787
Rice,Rice (Basmati),Hybrid,27.92,20.67,37.47,1052.41,82.87,6.93,147,6.18,79.17,30.91,32.31,2.14,Loamy,77.63,Sprinkler,Kharif,Wheat,7.2,70.95,35.99,37.94,1,5.41
Rice,Rice (Sona Masuri),HYV,28.8,22.49,37.24,1038.16,83.38,6.03,123,5.81,72.93,41.56,40.58,4.11,Desert,64.58,Flood,Kharif,Maize,0.91,76.39,31.31,35.79,1,4.983
Wheat,Wheat (Common),HYV,17.79,10.77,29.54,573.92,52.59,7.05,120,6.12,90.79,46.38,36.41,2.39,Black,47.12,Flood,Rabi,Wheat,1.36,86.67,41.78,31.11,1,6.407
Rice,Rice (Basmati),Traditional,26.51,21.45,37.95,1113.45,83.94,8.15,150,7.0,64.9,37.17,35.98,2.64,Alluvial,81.28,Flood,Kharif,Pulses,9.82,67.73,35.85,35.8,1,3.956
Maize,Maize (Popcorn),Traditional,22.65,15.03,31.85,743.74,65.75,7.01,102,5.94,86.69,48.38,47.7,2.47,Alluvial,53.4,Sprinkler,Kharif,Sugarcane,8.36,78.56,45.38,39.47,1,4.308
Millet,Millet (Finger/Ragi),Traditional,29.2,23.21,38.6,676.64,51.15,7.04,105,6.78,40.29,29.67,17.12,3.27,Red,65.0,Sprinkler,Rabi,Maize,12.73,28.06,18.39,14.73,1,2.647
Soybean,Soybean (Food Grade),Traditional,27.68,20.79,38.27,663.44,71.33,7.67,99,7.17,29.0,42.43,31.19,2.23,Red,72.3,Sprinkler,Kharif,Maize,16.62,16.33,34.67,30.03,0,2.701
Millet,Millet (Sorghum/Jowar),HYV,27.5,20.34,36.17,463.77,50.36,8.58,94,6.73,62.95,33.98,30.4,2.64,Black,64.39,Sprinkler,Kharif,Sugarcane,13.6,58.73,33.98,21.43,1,2.66
Soybean,Soybean (Oil Grade),HYV,29.93,24.01,37.52,920.3,71.88,6.1,120,6.5,21.75,65.65,40.17,3.7,Black,62.38,Sprinkler,Kharif,Cotton,19.46,29.2,55.7,38.64,1,4.07
Rice,Rice (Sona Masuri),Traditional,30.59,23.93,37.83,1235.88,71.35,6.85,125,5.77,74.41,38.15,42.88,2.93,Alluvial,68.95,Sprinkler,Kharif,Wheat,1.86,64.42,30.06,30.45,1,6.339
Millet,Millet (Foxtail),HYV,28.02,22.4,38.65,473.94,57.01,9.62,77,7.4,37.85,24.49,19.44,2.28,Desert,47.81,Rainfed,Kharif,Rice,6.63,33.77,17.67,19.88,1,1.154
Wheat,Wheat (Sharbati),Traditional,17.27,10.07,28.83,415.85,61.86,7.32,118,6.09,85.13,41.35,33.72,2.35,Loamy,48.61,Drip,Rabi,Cotton,19.73,74.1,35.89,25.32,1,4.891
Millet,Millet (Sorghum/Jowar),HYV,29.94,23.13,37.54,657.28,67.27,8.86,114,6.95,73.06,38.66,29.53,2.25,Loamy,61.31,Sprinkler,Kharif,Soybean,10.77,60.97,29.6,28.51,0,3.204
Wheat,Wheat (Durum),Traditional,21.65,16.46,33.37,559.52,60.06,7.87,137,6.43,82.86,53.51,34.5,2.09,Alluvial,48.44,Sprinkler,Rabi,Maize,3.98,73.17,38.67,28.77,1,4.679
Wheat,Wheat (Sharbati),HYV,18.02,11.01,29.68,491.74,54.58,7.37,118,6.88,90.89,49.36,39.78,3.43,Sandy,44.9,Rainfed,Rabi,Millet,19.91,84.33,40.6,37.67,1,3.554
Soybean,Soybean (Food Grade),HYV,28.81,21.39,37.57,659.45,68.79,8.65,91,7.35,29.11,55.47,35.12,3.34,Loamy,54.44,Flood,Rabi,Sugarcane,5.3,22.54,51.61,31.35,0,2.445
Soybean,Soybean (Food Grade),HYV,26.23,18.91,37.68,855.3,67.39,6.09,110,6.18,27.66,51.44,30.84,2.5,Red,54.07,Sprinkler,Rabi,Wheat,1.95,25.41,53.49,35.29,0,1.81
Millet,Millet (Sorghum/Jowar),HYV,28.29,22.92,36.11,541.11,57.16,9.1,102,6.17,63.19,39.59,27.26,2.08,Black,62.33,Flood,Kharif,Fallow,2.76,70.84,36.2,33.22,0,2.215
Wheat,Wheat (Sharbati),HYV,17.44,11.95,24.69,528.22,58.0,9.75,134,6.64,93.68,41.83,32.96,3.0,Black,60.41,Drip,Rabi,Fallow,15.12,95.13,46.33,30.04,1,6.059
Soybean,Soybean (Oil Grade),HYV,28.57,22.97,37.19,664.58,69.85,7.01,103,6.72,29.79,58.93,39.06,4.39,Clayey,66.34,Sprinkler,Rabi,Fallow,3.57,21.7,50.28,32.62,1,3.199
Soybean,Soybean (Oil Grade),HYV,29.99,23.99,40.91,733.07,69.51,6.12,115,6.64,29.11,65.3,40.54,2.26,Alluvial,66.38,Flood,Rabi,Wheat,15.75,28.03,51.9,40.61,1,2.454
Rice,Rice (Sona Masuri),Hybrid,29.38,21.81,39.91,1327.23,79.65,7.52,137,5.76,71.5,39.27,37.2,2.9,Loamy,66.49,Flood,Kharif,Maize,14.06,121.51,61.95,53.5,0,3.519
Millet,Millet (Pearl/Bajra),HYV,31.56,24.8,39.57,479.07,56.78,8.6,81,6.32,58.78,22.44,24.08,2.03,Black,50.08,Sprinkler,Kharif,Maize,13.91,57.86,30.77,33.68,0,1.002
Millet,Millet (Pearl/Bajra),HYV,32.8,25.15,41.35,423.06,45.15,10.32,73,6.77,53.18,20.53,22.48,1.2,Loamy,42.64,Sprinkler,Kharif,Soybean,18.08,56.92,22.6,28.56,0,1.253
Wheat,Wheat (Durum),HYV,18.0,10.34,29.44,558.26,52.45,9.02,131,6.17,87.0,43.28,36.74,2.96,Loamy,45.84,Sprinkler,Rabi,Rice,18.2,89.12,46.0,32.49,1,4.796
Maize,Maize (Sweet Corn),Hybrid,27.22,19.78,37.69,649.86,62.18,6.31,83,6.59,104.27,50.12,42.45,4.86,Alluvial,71.46,Drip,Rabi,Maize,3.28,126.92,55.79,50.2,1,7.582
Soybean,Soybean (Food Grade),HYV,27.42,20.16,37.43,834.12,75.37,6.86,90,6.58,24.46,49.42,34.38,3.58,Red,58.97,Rainfed,Rabi,Rice,17.42,22.12,44.46,39.16,1,3.074
Maize,Maize (Popcorn),Hybrid,24.3,17.98,32.75,740.53,69.16,7.4,102,6.68,86.61,48.54,40.45,2.94,Laterite,67.41,Sprinkler,Kharif,Pulses,13.2,96.28,63.51,48.01,1,5.679
Soybean,Soybean (Oil Grade),Hybrid,28.76,21.45,38.25,910.04,79.88,7.31,106,6.03,20.69,60.04,36.72,2.06,Black,56.57,Sprinkler,Kharif,Sugarcane,6.22,21.37,62.72,40.51,0,3.851
Soybean,Soybean (Oil Grade),HYV,27.64,20.91,37.44,842.45,78.86,6.73,107,6.13,24.58,59.64,44.9,2.32,Black,63.31,Sprinkler,Kharif,Rice,7.22,19.89,44.07,31.39,1,3.956
Wheat,Wheat (Durum),Traditional,20.56,15.23,27.96,453.68,58.56,7.82,134,7.3,96.76,57.35,32.98,2.57,Alluvial,52.79,Sprinkler,Rabi,Soybean,11.33,66.95,38.82,24.1,1,3.512
Rice,Rice (Sona Masuri),Traditional,29.05,23.49,39.33,1182.64,79.3,6.72,124,6.57,78.53,39.47,43.18,3.1,Alluvial,72.91,Flood,Kharif,Rice,13.32,60.93,35.91,32.84,1,3.515
Wheat,Wheat (Sharbati),HYV,18.36,10.95,25.82,423.28,56.01,8.22,119,6.73,96.31,42.16,30.64,2.12,Alluvial,64.31,Drip,Rabi,Maize,10.36,98.0,41.49,37.37,1,5.046
Maize,Maize (Sweet Corn),Hybrid,26.15,18.95,36.49,637.13,61.02,8.51,86,6.7,116.89,64.46,40.14,2.35,Black,68.27,Drip,Rabi,Wheat,2.43,114.18,60.01,47.13,1,6.979
Millet,Millet (Pearl/Bajra),HYV,29.88,22.1,37.29,426.42,49.49,9.15,83,6.52,46.26,25.73,25.72,1.68,Sandy,52.41,Sprinkler,Zaid,Wheat,9.08,56.26,24.71,26.98,1,0.958
Millet,Millet (Sorghum/Jowar),Hybrid,30.15,24.47,38.86,560.59,59.83,9.1,118,7.02,77.17,35.9,30.71,2.77,Desert,63.72,Rainfed,Rabi,Soybean,19.31,83.24,37.27,28.83,1,2.733
Wheat,Wheat (Durum),Traditional,19.99,12.2,31.11,501.09,61.95,9.0,122,7.33,81.09,52.56,34.17,3.77,Black,69.01,Flood,Rabi,Rice,4.93,72.34,35.74,27.87,1,4.001
Maize,Maize (Popcorn),HYV,26.2,19.43,34.31,583.64,57.25,8.02,99,6.34,80.74,46.57,49.0,4.26,Alluvial,61.99,Drip,Zaid,Soybean,10.74,84.85,49.91,42.13,1,6.506
Rice,Rice (Sona Masuri),HYV,29.82,22.68,40.13,1002.51,72.13,6.67,128,6.66,84.78,35.82,38.1,2.86,Alluvial,69.23,Sprinkler,Kharif,Rice,14.24,76.47,39.79,40.12,0,6.944
Millet,Millet (Finger/Ragi),Traditional,28.54,22.59,38.14,584.79,50.23,9.69,102,5.95,40.01,22.87,16.25,2.97,Loamy,54.78,Sprinkler,Kharif,Wheat,18.7,39.39,16.73,12.45,1,1.768
Rice,Rice (Non-Basmati),Traditional,26.19,20.08,34.05,1226.11,87.55,7.31,125,6.17,84.47,45.63,44.21,2.41,Desert,65.61,Sprinkler,Kharif,Soybean,5.98,86.7,46.0,43.28,1,6.706
Rice,Rice (Basmati),Traditional,25.7,18.55,37.56,1491.53,77.41,8.61,135,6.75,71.46,31.37,39.38,3.06,Loamy,71.15,Flood,Kharif,Soybean,15.32,46.76,22.73,24.12,1,4.335
Wheat,Wheat (Common),HYV,20.09,14.49,29.89,557.99,66.25,8.95,117,7.09,90.25,44.36,33.14,3.02,Laterite,68.99,Drip,Rabi,Fallow,3.17,86.56,48.51,36.25,0,5.989
Wheat,Wheat (Sharbati),Hybrid,18.96,12.78,28.91,578.58,64.75,8.81,131,6.43,84.47,42.62,32.83,2.13,Black,53.5,Drip,Rabi,Cotton,8.96,99.99,48.78,41.27,1,6.5
Rice,Rice (Sona Masuri),HYV,28.91,22.45,37.51,1140.58,80.12,6.2,129,6.2,81.18,43.86,40.79,2.57,Loamy,61.99,Sprinkler,Kharif,Sugarcane,11.09,99.3,51.11,46.18,1,4.733
Rice,Rice (Non-Basmati),HYV,29.61,22.35,38.78,1373.69,71.24,6.27,119,6.09,82.07,55.35,47.05,4.67,Clayey,74.88,Sprinkler,Kharif,Rice,14.64,81.14,33.62,33.39,1,6.973
Millet,Millet (Finger/Ragi),HYV,29.78,24.5,39.44,613.23,65.58,8.24,119,5.26,46.54,22.61,20.38,2.69,Black,62.38,Drip,Kharif,Soybean,9.14,44.6,22.36,24.44,1,2.006
Wheat,Wheat (Common),Traditional,20.76,15.27,28.38,417.51,64.64,7.71,117,6.8,86.9,43.0,31.83,1.9,Loamy,54.19,Sprinkler,Rabi,Sugarcane,2.32,68.04,32.2,26.81,1,6.054
Rice,Rice (Basmati),HYV,25.97,18.54,34.34,1365.78,75.58,7.57,149,7.3,61.19,36.92,31.4,3.25,Clayey,73.71,Sprinkler,Kharif,Maize,8.22,102.68,50.43,50.79,1,3.18
Millet,Millet (Finger/Ragi),Hybrid,30.49,22.62,39.76,509.59,67.11,7.71,112,5.04,35.03,26.47,22.14,2.19,Sandy,61.14,Rainfed,Kharif,Cotton,3.39,38.25,26.7,17.7,1,1.653
Millet,Millet (Finger/Ragi),Traditional,31.63,23.75,41.87,424.75,67.17,9.98,109,6.2,46.82,29.89,21.43,2.01,Red,60.31,Sprinkler,Kharif,Wheat,11.3,35.67,22.14,17.12,1,2.708
Soybean,Soybean (Food Grade),Hybrid,29.73,21.89,36.82,702.95,61.89,6.42,93,6.1,25.63,48.64,38.41,3.86,Desert,53.33,Sprinkler,Kharif,Millet,13.68,30.8,63.5,34.51,0,1.768
Maize,Maize (Popcorn),HYV,24.09,16.56,35.04,639.4,66.24,6.43,87,6.11,89.56,54.31,49.87,2.11,Loamy,65.94,Drip,Rabi,Fallow,13.7,99.97,41.14,47.28,1,7.327
Rice,Rice (Non-Basmati),Hybrid,29.09,23.94,36.45,1543.6,85.32,6.59,112,6.82,86.51,54.69,54.54,3.28,Clayey,88.12,Sprinkler,Kharif,Wheat,3.71,92.66,44.41,44.3,1,7.953
Rice,Rice (Sona Masuri),Traditional,26.67,21.63,35.87,1015.98,79.14,7.83,134,5.79,77.43,43.6,39.74,2.15,Clayey,62.77,Flood,Kharif,Wheat,13.27,65.13,35.26,34.87,1,3.937
Wheat,Wheat (Durum),HYV,22.57,14.98,32.22,509.55,64.12,8.17,131,6.02,90.59,46.75,32.49,3.15,Black,61.46,Sprinkler,Kharif,Fallow,13.23,82.8,40.1,33.09,0,4.765
Maize,Maize (Feed Corn),HYV,24.59,18.12,34.04,620.21,71.33,7.69,91,5.71,126.79,60.18,60.23,4.36,Alluvial,67.77,Flood,Kharif,Cotton,16.37,95.35,55.96,39.53,0,6.482
Soybean,Soybean (Food Grade),Hybrid,24.71,16.93,32.63,813.3,62.78,6.32,104,6.05,29.3,42.37,37.91,3.47,Desert,66.94,Rainfed,Kharif,Millet,8.87,27.37,64.74,36.72,1,1.772
Rice,Rice (Non-Basmati),Hybrid,27.59,22.4,34.75,1455.34,86.6,7.91,110,6.88,90.9,56.64,41.67,4.32,Loamy,67.5,Sprinkler,Kharif,Soybean,13.09,128.43,57.4,61.76,0,8.299
Millet,Millet (Sorghum/Jowar),HYV,28.17,21.97,35.55,609.64,60.88,7.64,125,7.93,78.42,32.96,34.77,2.12,Laterite,55.65,Rainfed,Rabi,Fallow,4.09,70.32,31.73,27.14,0,2.374
Soybean,Soybean (Food Grade),Traditional,26.07,20.61,36.82,683.33,70.49,6.55,95,7.29,28.64,59.56,31.08,2.55,Clayey,50.0,Sprinkler,Kharif,Cotton,9.28,17.94,30.2,21.84,0,2.124
Millet,Millet (Sorghum/Jowar),Hybrid,32.44,26.18,44.12,513.05,65.05,9.51,130,7.71,68.56,35.28,31.65,2.31,Loamy,49.04,Sprinkler,Kharif,Pulses,17.62,70.03,38.98,34.71,0,2.484
Maize,Maize (Popcorn),HYV,24.12,17.94,34.96,632.06,56.3,6.26,85,6.07,99.86,41.54,47.49,2.37,Loamy,54.08,Sprinkler,Rabi,Soybean,4.21,95.08,44.5,45.42,1,5.245
Soybean,Soybean (Oil Grade),HYV,26.8,19.64,35.77,736.71,69.44,6.45,109,7.35,26.12,60.02,42.0,4.23,Black,63.24,Sprinkler,Kharif,Cotton,14.49,28.69,57.75,44.79,1,4.049
Soybean,Soybean (Oil Grade),Hybrid,29.23,23.72,40.74,777.29,68.95,8.52,115,6.63,28.39,67.33,40.38,2.83,Alluvial,70.8,Sprinkler,Kharif,Soybean,4.12,32.54,71.45,41.33,1,3.326
Millet,Millet (Sorghum/Jowar),HYV,32.0,24.24,40.48,423.66,50.77,8.07,91,7.14,61.65,36.96,32.04,2.63,Loamy,57.56,Rainfed,Zaid,Rice,9.93,67.26,38.34,34.46,1,2.449
Maize,Maize (Feed Corn),Traditional,23.23,17.56,30.59,848.41,68.44,6.4,92,7.38,145.68,65.32,54.09,2.14,Black,58.9,Flood,Kharif,Soybean,6.19,109.47,51.48,41.11,1,7.368
Wheat,Wheat (Common),HYV,17.55,11.05,27.5,420.62,56.09,8.22,123,6.1,88.81,46.49,32.44,2.73,Black,53.77,Flood,Rabi,Wheat,11.93,98.7,46.61,33.03,1,4.954
Maize,Maize (Sweet Corn),Hybrid,27.76,21.23,37.56,500.2,70.09,6.64,93,6.82,113.56,69.59,54.61,2.74,Alluvial,74.61,Sprinkler,Kharif,Sugarcane,5.19,120.57,59.65,53.55,0,6.239
Soybean,Soybean (Food Grade),Traditional,24.93,17.78,34.08,895.11,72.04,8.86,95,6.88,24.93,53.83,38.88,3.37,Clayey,66.7,Sprinkler,Kharif,Cotton,4.82,19.56,39.41,24.1,1,3.732
Rice,Rice (Non-Basmati),Traditional,28.94,22.08,36.29,1203.48,76.71,7.11,125,5.72,95.74,54.68,58.43,2.76,Black,73.88,Sprinkler,Kharif,Fallow,17.26,68.82,46.06,32.65,0,6.262
Millet,Millet (Sorghum/Jowar),HYV,32.16,25.41,42.15,631.15,69.96,9.89,118,7.97,74.49,36.36,28.97,3.48,Alluvial,47.89,Rainfed,Kharif,Fallow,9.7,69.07,31.17,27.81,0,1.887
Rice,Rice (Sona Masuri),Hybrid,28.2,21.07,35.49,1023.94,75.56,6.58,139,6.98,83.63,38.05,38.29,3.09,Black,75.55,Flood,Kharif,Fallow,4.42,78.84,38.76,41.29,1,4.534
Soybean,Soybean (Oil Grade),Hybrid,28.94,22.98,39.52,770.01,75.04,6.03,116,7.02,26.89,53.46,41.48,3.85,Red,59.64,Sprinkler,Kharif,Sugarcane,13.4,22.35,76.66,46.25,1,3.219
Rice,Rice (Non-Basmati),Traditional,26.4,20.01,36.45,1310.93,70.38,8.96,124,5.91,84.11,46.25,57.71,3.57,Loamy,68.39,Flood,Kharif,Cotton,12.03,68.76,45.89,36.82,0,5.675
Millet,Millet (Sorghum/Jowar),Traditional,31.05,24.35,40.77,677.39,65.18,7.16,102,7.37,67.14,33.06,29.02,3.21,Black,41.68,Sprinkler,Kharif,Cotton,7.41,57.28,31.08,23.78,1,2.96
Millet,Millet (Foxtail),Traditional,26.14,19.55,33.48,547.44,64.94,7.35,62,7.39,32.98,15.27,17.69,1.56,Loamy,48.2,Sprinkler,Rabi,Pulses,9.67,26.31,12.41,12.36,1,0.975
Wheat,Wheat (Sharbati),Hybrid,18.89,13.46,30.07,570.52,51.64,7.8,127,7.3,81.43,49.02,30.62,3.27,Red,40.55,Drip,Rabi,Soybean,15.07,74.07,37.32,30.56,0,3.739
Millet,Millet (Finger/Ragi),Traditional,27.13,20.31,36.45,699.71,59.7,9.06,119,7.34,31.78,25.74,19.4,1.89,Red,57.75,Flood,Kharif,Rice,14.26,26.64,18.16,12.06,1,2.727
Maize,Maize (Feed Corn),Hybrid,27.41,20.55,36.62,693.59,64.4,6.25,110,5.52,147.17,64.73,65.89,4.43,Red,69.04,Flood,Kharif,Maize,13.7,148.84,71.85,65.5,1,9.193
Millet,Millet (Pearl/Bajra),Hybrid,32.27,26.93,40.95,503.43,57.4,9.59,68,7.79,59.13,22.98,28.54,1.55,Sandy,50.93,Sprinkler,Kharif,Maize,7.32,40.64,20.13,18.82,1,2.546
Wheat,Wheat (Sharbati),HYV,18.29,11.42,27.65,578.57,58.86,9.57,132,6.78,85.89,49.1,37.54,2.96,Black,56.48,Drip,Rabi,Fallow,12.63,81.71,47.7,30.33,1,4.369
Soybean,Soybean (Food Grade),HYV,28.72,23.01,39.32,765.5,74.45,6.39,110,7.02,27.9,51.53,30.22,3.91,Black,68.87,Sprinkler,Kharif,Cotton,4.51,21.29,51.51,39.53,1,3.038
Wheat,Wheat (Common),HYV,21.8,14.7,29.74,472.77,60.16,9.11,111,6.72,91.95,45.09,34.51,2.01,Black,54.17,Sprinkler,Rabi,Soybean,16.78,94.96,42.47,35.77,1,6.267
Wheat,Wheat (Durum),Hybrid,21.33,14.36,32.07,471.76,68.9,8.65,127,6.36,94.25,54.78,37.3,1.66,Black,64.67,Drip,Rabi,Sugarcane,10.25,88.11,54.54,33.46,0,6.699
Millet,Millet (Finger/Ragi),Hybrid,31.25,24.62,43.16,482.92,52.21,8.47,129,6.87,36.75,22.23,22.91,2.39,Loamy,45.08,Rainfed,Kharif,Maize,17.43,48.5,27.44,24.19,1,1.693
Rice,Rice (Sona Masuri),HYV,30.99,23.72,41.66,1025.6,75.98,6.26,125,6.67,89.25,38.24,41.88,2.65,Red,83.2,Flood,Kharif,Millet,3.56,85.91,35.81,36.89,1,6.788
Rice,Rice (Non-Basmati),Hybrid,28.72,21.34,39.56,1433.88,87.1,8.82,117,6.6,87.92,50.94,59.94,3.7,Black,66.11,Sprinkler,Kharif,Millet,2.12,99.35,56.44,55.09,1,5.559
Wheat,Wheat (Durum),HYV,19.35,12.9,31.14,642.76,64.87,8.17,128,6.7,93.93,49.64,38.35,2.88,Alluvial,54.64,Flood,Zaid,Sugarcane,17.18,99.83,44.88,38.73,1,4.134
Maize,Maize (Feed Corn),HYV,28.87,23.29,40.19,828.88,60.04,8.74,113,7.41,137.11,62.0,64.84,4.57,Desert,75.2,Flood,Kharif,Wheat,6.9,133.14,75.67,62.4,1,7.823
Maize,Maize (Sweet Corn),Hybrid,25.99,19.64,33.53,779.71,70.51,6.64,89,6.99,103.95,57.61,41.38,3.45,Black,69.69,Sprinkler,Kharif,Soybean,14.21,125.73,56.26,62.31,1,7.672
Wheat,Wheat (Common),Hybrid,20.8,14.96,31.61,471.53,62.16,9.29,129,6.21,96.51,49.23,32.33,2.32,Sandy,68.15,Flood,Kharif,Pulses,2.2,86.41,39.32,31.17,0,4.907
Maize,Maize (Sweet Corn),HYV,27.09,22.02,38.0,621.25,71.99,7.66,93,6.77,113.87,59.01,46.42,4.54,Clayey,63.02,Drip,Rabi,Rice,5.84,86.34,57.16,37.92,1,7.474
Wheat,Wheat (Sharbati),HYV,21.44,13.96,30.81,498.35,63.22,7.15,134,6.28,98.34,40.1,31.97,2.43,Black,47.05,Sprinkler,Rabi,Sugarcane,9.1,97.8,46.36,31.94,0,5.271
Wheat,Wheat (Sharbati),Traditional,17.24,9.73,28.83,556.22,63.73,7.28,117,6.11,96.74,49.53,32.98,3.07,Black,47.44,Sprinkler,Rabi,Cotton,17.44,67.36,39.21,30.44,1,3.14
Wheat,Wheat (Common),Hybrid,19.28,12.23,27.99,572.5,50.74,8.48,116,6.87,85.13,43.43,30.53,3.73,Black,44.14,Rainfed,Rabi,Millet,0.84,79.7,43.22,35.65,1,4.638
Wheat,Wheat (Common),HYV,21.86,15.61,30.94,582.1,60.77,8.06,112,6.72,95.72,43.84,38.52,2.73,Desert,40.79,Flood,Rabi,Fallow,7.81,88.77,48.1,32.44,0,5.299
Rice,Rice (Sona Masuri),Hybrid,30.12,24.3,40.77,1268.81,77.1,6.6,122,6.61,87.6,39.25,39.14,2.76,Loamy,81.92,Sprinkler,Kharif,Soybean,14.96,77.94,43.21,45.76,0,6.955
Soybean,Soybean (Oil Grade),Hybrid,29.99,23.91,40.93,802.72,70.44,7.38,119,7.07,23.76,66.2,41.26,2.02,Alluvial,75.49,Rainfed,Kharif,Pulses,13.03,31.68,65.66,46.04,1,4.379
Wheat,Wheat (Sharbati),Traditional,20.9,14.66,29.74,428.49,58.92,9.48,120,6.77,90.4,40.64,31.77,3.77,Black,62.41,Drip,Rabi,Soybean,16.55,78.19,39.34,31.04,0,3.725
Soybean,Soybean (Food Grade),Hybrid,27.66,20.21,37.46,784.65,79.61,8.38,103,6.45,22.63,48.39,30.96,2.27,Desert,50.54,Drip,Kharif,Sugarcane,7.72,22.13,50.88,42.96,1,2.228
Millet,Millet (Foxtail),Hybrid,31.2,25.13,40.44,386.19,54.66,8.49,82,7.01,32.63,20.63,19.45,1.86,Desert,44.27,Drip,Kharif,Wheat,10.55,34.01,20.6,19.28,1,1.245
Soybean,Soybean (Food Grade),HYV,29.48,21.87,39.38,681.68,75.16,6.44,106,6.06,29.45,57.98,39.94,2.83,Alluvial,50.04,Rainfed,Kharif,Millet,19.02,20.19,40.85,31.07,1,1.533
Soybean,Soybean (Oil Grade),HYV,29.62,22.09,41.48,818.71,70.95,8.38,99,6.29,21.85,66.76,36.72,3.26,Red,67.09,Rainfed,Kharif,Cotton,3.31,16.88,48.46,31.17,1,2.456
Rice,Rice (Sona Masuri),Traditional,27.69,20.33,36.74,1273.84,79.04,8.93,124,6.14,84.47,43.29,43.99,2.17,Loamy,67.55,Flood,Kharif,Cotton,17.41,65.27,30.53,33.67,1,4.915
Rice,Rice (Non-Basmati),Hybrid,28.55,21.92,37.41,1494.96,70.79,7.3,119,6.26,109.51,43.0,50.1,2.64,Loamy,66.87,Flood,Kharif,Maize,13.63,104.15,54.36,61.62,1,5.8
Wheat,Wheat (Sharbati),Hybrid,17.31,9.47,27.51,479.59,56.37,7.5,119,6.07,97.81,49.29,38.13,2.21,Alluvial,62.51,Drip,Rabi,Rice,9.16,77.71,40.77,36.02,1,4.773
Millet,Millet (Foxtail),HYV,30.9,25.45,38.46,410.52,55.75,7.55,80,5.98,39.19,21.95,15.68,2.46,Sandy,35.85,Rainfed,Rabi,Sugarcane,10.98,37.65,16.13,17.26,1,1.442
Maize,Maize (Popcorn),HYV,23.55,15.96,32.54,722.82,66.21,8.15,99,5.85,83.82,51.99,44.35,2.4,Red,60.66,Sprinkler,Rabi,Millet,3.23,81.77,52.12,49.0,1,6.339
Millet,Millet (Sorghum/Jowar),Traditional,29.46,21.7,38.77,469.2,64.47,9.25,104,7.32,78.22,30.62,32.09,1.52,Red,61.47,Rainfed,Rabi,Millet,6.34,59.44,28.34,21.79,1,2.434
Wheat,Wheat (Durum),Traditional,19.24,14.21,29.7,456.27,58.19,8.84,127,6.98,82.85,55.28,31.29,2.83,Black,52.71,Rainfed,Rabi,Maize,13.3,66.97,45.22,29.91,1,3.384
Millet,Millet (Sorghum/Jowar),Traditional,30.48,24.18,37.65,591.41,64.25,7.34,101,6.95,78.87,39.32,31.33,3.22,Clayey,55.25,Rainfed,Rabi,Soybean,13.73,56.24,26.26,26.53,0,2.291
Maize,Maize (Popcorn),HYV,23.64,17.47,33.08,549.63,61.97,6.78,88,6.84,83.04,48.6,49.81,3.47,Sandy,62.63,Drip,Rabi,Maize,13.49,88.07,56.18,45.35,0,5.464
Millet,Millet (Pearl/Bajra),Traditional,31.29,24.13,39.76,442.11,46.51,10.03,87,6.7,48.94,20.16,29.35,2.98,Loamy,40.02,Sprinkler,Kharif,Pulses,16.33,38.8,17.49,21.25,0,1.919
Rice,Rice (Sona Masuri),Traditional,30.9,23.38,42.85,1106.29,82.64,7.22,124,5.63,83.23,41.01,41.48,3.72,Red,78.92,Sprinkler,Kharif,Cotton,10.57,53.49,26.86,26.25,0,5.362
Wheat,Wheat (Common),Traditional,18.63,13.0,27.45,582.68,51.88,7.18,130,7.17,80.97,43.33,34.25,2.77,Black,40.1,Flood,Rabi,Millet,9.51,74.46,37.63,26.51,1,3.835
Soybean,Soybean (Oil Grade),HYV,29.93,24.09,37.35,713.22,77.72,8.64,119,7.3,26.82,51.84,35.75,2.15,Black,60.37,Rainfed,Kharif,Rice,11.15,23.64,56.46,40.83,1,2.604
Wheat,Wheat (Durum),Traditional,19.37,11.39,29.66,610.56,69.17,7.24,127,6.95,96.83,49.73,39.72,3.49,Black,55.03,Sprinkler,Rabi,Rice,11.44,72.93,32.29,27.5,1,3.208
Millet,Millet (Sorghum/Jowar),Traditional,32.3,25.93,42.15,463.52,61.11,8.94,104,7.36,64.61,33.3,32.41,2.1,Red,55.67,Sprinkler,Kharif,Wheat,7.87,55.79,30.14,26.39,1,2.494
Millet,Millet (Sorghum/Jowar),Hybrid,28.16,21.33,38.39,532.57,59.1,9.6,98,7.95,66.87,34.86,26.69,2.25,Laterite,43.25,Sprinkler,Kharif,Wheat,7.64,85.96,39.68,30.36,1,3.251
Soybean,Soybean (Oil Grade),HYV,29.54,22.27,40.6,691.46,66.48,8.7,119,6.6,23.79,63.49,37.96,4.4,Alluvial,75.92,Sprinkler,Kharif,Maize,7.03,27.11,64.9,40.31,1,3.111
Wheat,Wheat (Common),Traditional,21.79,14.25,31.1,464.65,61.68,8.82,119,6.31,80.76,43.45,36.83,3.42,Black,57.78,Rainfed,Rabi,Millet,5.89,71.36,39.46,31.42,0,5.004
Soybean,Soybean (Food Grade),HYV,29.46,23.49,38.35,836.72,74.1,6.08,110,6.64,25.0,43.32,32.5,3.56,Loamy,59.71,Rainfed,Rabi,Soybean,1.07,20.09,53.97,37.19,1,2.135
Rice,Rice (Sona Masuri),Traditional,27.89,20.1,36.32,1188.32,72.81,7.56,127,5.96,86.22,44.11,35.73,3.89,Red,66.38,Drip,Kharif,Wheat,19.26,55.3,29.53,24.64,1,4.469
Rice,Rice (Sona Masuri),Hybrid,26.99,19.78,37.63,1003.4,73.31,7.48,135,5.51,79.42,36.73,38.78,2.73,Alluvial,79.43,Sprinkler,Kharif,Millet,14.16,81.31,41.58,47.81,1,6.433
Wheat,Wheat (Durum),Hybrid,19.11,11.38,26.95,561.68,65.53,7.64,122,6.08,98.88,49.74,30.64,3.58,Black,59.23,Drip,Rabi,Rice,6.01,76.79,54.58,32.1,1,7.15
Maize,Maize (Popcorn),Hybrid,22.96,16.91,30.22,513.88,59.09,7.7,92,6.79,94.1,58.94,45.39,3.65,Red,51.18,Rainfed,Zaid,Cotton,3.14,92.61,65.25,51.47,1,3.209
Rice,Rice (Non-Basmati),HYV,27.4,20.08,34.84,1290.79,80.13,6.81,133,7.22,87.24,50.88,59.01,3.88,Loamy,85.42,Flood,Kharif,Maize,17.2,112.94,47.16,41.98,0,5.925
Maize,Maize (Feed Corn),HYV,23.46,15.65,34.32,593.66,77.81,8.56,94,6.72,137.11,74.92,54.87,4.19,Black,65.28,Flood,Kharif,Soybean,15.48,149.04,70.63,62.22,0,8.227
Soybean,Soybean (Oil Grade),Hybrid,29.0,22.3,38.95,654.01,66.05,8.9,116,7.19,20.88,56.98,44.9,3.87,Alluvial,74.96,Sprinkler,Kharif,Rice,13.41,28.75,59.74,45.71,1,3.632
Wheat,Wheat (Common),Hybrid,22.0,15.78,32.1,580.99,50.41,8.98,126,6.38,87.63,44.82,31.7,2.28,Loamy,48.3,Sprinkler,Rabi,Millet,16.44,93.97,50.16,37.6,0,4.876
Soybean,Soybean (Food Grade),Hybrid,26.49,20.53,37.52,755.99,71.37,6.25,101,7.24,26.23,46.27,34.13,3.29,Black,61.03,Rainfed,Kharif,Rice,14.9,25.54,54.26,33.35,1,3.93
Millet,Millet (Sorghum/Jowar),HYV,27.18,21.6,38.83,618.33,61.01,9.97,100,7.23,70.36,34.66,33.56,2.47,Black,50.9,Sprinkler,Rabi,Sugarcane,6.54,77.18,31.12,27.21,1,3.116
Maize,Maize (Sweet Corn),HYV,25.19,18.82,32.55,634.12,61.59,6.75,88,6.01,113.31,69.46,44.94,2.78,Black,73.83,Sprinkler,Kharif,Maize,12.37,108.13,51.25,49.41,1,6.537
Millet,Millet (Pearl/Bajra),Traditional,29.22,22.59,39.96,445.67,57.21,9.78,82,6.57,53.02,25.39,23.75,2.94,Loamy,51.47,Rainfed,Kharif,Fallow,6.65,39.39,22.76,17.45,0,1.747
Millet,Millet (Foxtail),HYV,26.68,20.13,37.79,420.92,51.56,7.41,65,6.55,34.24,16.63,17.84,1.26,Red,52.53,Sprinkler,Kharif,Pulses,4.82,30.68,22.96,16.88,1,1.79
Millet,Millet (Finger/Ragi),HYV,31.83,26.13,42.62,445.46,69.49,7.75,115,5.33,39.71,22.27,15.04,2.56,Loamy,47.5,Rainfed,Kharif,Millet,13.93,32.38,22.47,20.74,1,3.286
Wheat,Wheat (Durum),Hybrid,19.11,11.71,30.87,477.52,69.57,7.07,124,6.34,96.57,44.97,30.55,2.91,Alluvial,52.93,Drip,Rabi,Fallow,10.7,64.61,38.21,24.72,1,5.771
Rice,Rice (Non-Basmati),HYV,26.02,18.27,34.54,1210.75,83.97,8.56,133,6.73,82.81,58.96,51.47,3.52,Alluvial,85.98,Sprinkler,Kharif,Wheat,11.95,83.45,44.6,55.32,1,5.418
Millet,Millet (Foxtail),HYV,27.98,21.98,39.61,460.16,63.61,7.72,78,6.58,32.51,19.68,18.53,2.41,Sandy,40.9,Drip,Kharif,Wheat,12.02,32.0,19.26,16.53,1,1.227
Soybean,Soybean (Oil Grade),Traditional,25.97,20.76,34.9,715.32,71.87,7.29,118,6.36,20.91,63.88,43.42,2.98,Black,59.95,Rainfed,Kharif,Wheat,16.33,18.85,55.01,34.95,1,2.782
Rice,Rice (Sona Masuri),Hybrid,27.33,19.35,35.51,1095.67,80.3,8.58,137,5.63,74.65,37.22,42.42,2.15,Red,61.27,Flood,Kharif,Maize,11.38,109.7,53.41,47.24,1,5.686
Maize,Maize (Feed Corn),HYV,23.87,18.59,31.71,776.7,63.8,8.77,118,6.02,136.46,75.63,58.85,2.83,Alluvial,75.23,Flood,Kharif,Maize,16.64,133.54,79.44,62.37,0,8.347
Rice,Rice (Sona Masuri),Traditional,26.55,18.9,34.96,1083.96,79.22,6.64,120,6.32,76.3,40.24,37.06,4.1,Loamy,84.99,Rainfed,Zaid,Sugarcane,12.68,59.31,34.79,31.37,1,4.359
Rice,Rice (Sona Masuri),HYV,27.45,20.95,38.53,1062.71,84.66,6.21,135,6.92,74.64,36.44,42.24,2.1,Clayey,72.13,Sprinkler,Kharif,Soybean,6.46,88.74,35.68,37.78,1,4.476
Wheat,Wheat (Durum),HYV,20.23,12.86,28.47,558.7,51.81,8.39,120,6.14,84.14,59.84,33.38,2.21,Loamy,47.13,Drip,Rabi,Cotton,14.02,84.88,45.34,30.75,1,5.829
Rice,Rice (Non-Basmati),Hybrid,26.4,19.26,36.92,1277.48,87.85,7.51,114,6.51,107.34,51.76,56.85,2.85,Alluvial,79.39,Flood,Kharif,Wheat,14.95,75.63,47.25,42.08,1,8.073
Rice,Rice (Sona Masuri),Traditional,30.45,25.3,41.69,1028.91,81.19,6.51,140,6.8,89.02,38.25,39.19,3.8,Black,67.51,Flood,Kharif,Cotton,11.74,61.59,28.4,34.0,1,4.024
Rice,Rice (Sona Masuri),HYV,27.36,21.04,35.31,1389.88,75.17,8.77,122,6.05,75.08,42.71,37.29,3.3,Red,62.77,Flood,Kharif,Wheat,5.47,62.63,34.94,35.91,1,6.614
Soybean,Soybean (Oil Grade),Traditional,26.65,19.51,34.69,852.01,73.4,6.95,114,7.34,28.54,54.05,40.95,2.04,Alluvial,77.04,Rainfed,Kharif,Rice,7.03,14.99,28.84,20.9,1,2.18
Soybean,Soybean (Oil Grade),HYV,28.82,20.87,37.31,795.08,79.03,7.82,100,6.57,22.74,52.07,36.59,3.42,Alluvial,57.73,Rainfed,Kharif,Cotton,2.48,26.8,66.38,37.07,1,3.815
Wheat,Wheat (Sharbati),Traditional,18.04,12.77,25.51,590.05,62.34,9.3,133,6.19,92.42,48.11,30.62,2.59,Black,42.76,Rainfed,Rabi,Maize,16.42,58.22,28.22,23.83,0,3.523
Soybean,Soybean (Oil Grade),HYV,26.84,20.91,35.1,706.7,68.6,6.1,116,6.65,21.21,54.05,44.04,3.3,Black,73.65,Rainfed,Kharif,Cotton,14.38,23.45,50.69,32.53,1,2.793
Maize,Maize (Feed Corn),Hybrid,23.03,17.38,32.65,692.0,71.35,8.6,104,7.04,139.08,76.3,50.32,4.73,Red,56.53,Flood,Kharif,Millet,5.12,120.3,65.75,65.11,1,7.867
Rice,Rice (Basmati),HYV,28.4,22.71,37.68,1095.16,70.79,7.14,135,6.84,74.61,34.65,30.6,3.69,Clayey,83.94,Sprinkler,Kharif,Fallow,16.53,67.68,29.54,28.75,1,5.525
Maize,Maize (Popcorn),Traditional,24.53,18.71,33.38,700.46,55.71,6.77,93,6.65,87.57,54.26,43.07,3.45,Alluvial,54.67,Rainfed,Rabi,Wheat,14.36,78.96,40.83,36.57,1,5.799
Millet,Millet (Finger/Ragi),HYV,30.11,23.52,37.64,430.17,65.54,8.76,128,5.93,43.04,20.37,18.36,1.66,Red,58.39,Rainfed,Rabi,Pulses,13.22,33.16,25.54,19.32,0,1.652
Wheat,Wheat (Common),Traditional,21.06,13.33,28.43,515.96,68.76,8.93,116,6.34,82.05,43.76,33.95,3.47,Black,52.19,Drip,Rabi,Sugarcane,14.27,66.13,34.36,31.23,0,5.226
Millet,Millet (Pearl/Bajra),HYV,29.8,23.19,37.32,350.87,46.87,9.58,75,7.13,48.79,24.51,24.31,1.4,Red,32.67,Rainfed,Kharif,Fallow,4.64,48.25,20.48,22.83,0,2.652
Soybean,Soybean (Oil Grade),Hybrid,26.38,20.31,38.28,766.46,74.19,8.85,114,7.07,22.66,69.9,39.84,2.53,Black,66.42,Sprinkler,Kharif,Cotton,19.46,22.1,69.89,49.49,1,3.835
Maize,Maize (Popcorn),Traditional,22.1,15.67,29.89,539.11,65.17,6.78,100,6.57,82.6,43.7,49.72,3.83,Loamy,68.17,Sprinkler,Rabi,Millet,18.29,60.84,31.71,27.79,1,3.938
Maize,Maize (Feed Corn),Hybrid,27.92,22.52,38.32,826.27,65.03,7.76,112,6.9,142.85,78.73,66.04,2.08,Black,60.16,Sprinkler,Zaid,Millet,18.47,211.18,98.76,96.44,1,6.586
Soybean,Soybean (Oil Grade),Hybrid,28.35,20.64,36.6,735.55,76.99,6.7,112,7.33,20.65,64.44,40.85,3.05,Loamy,73.04,Flood,Kharif,Cotton,9.71,26.09,58.56,46.27,1,5.2
Soybean,Soybean (Oil Grade),HYV,28.99,21.9,38.03,679.08,76.33,6.86,120,6.06,28.43,59.12,39.98,3.46,Red,72.6,Rainfed,Zaid,Millet,12.08,29.3,54.23,42.54,1,1.779
Rice,Rice (Sona Masuri),Hybrid,29.84,22.7,40.98,1040.19,80.18,6.8,135,5.88,88.82,40.11,36.29,2.7,Loamy,78.24,Sprinkler,Kharif,Sugarcane,10.32,97.71,47.44,41.76,0,6.083
Millet,Millet (Foxtail),Hybrid,26.28,21.17,35.28,528.64,57.29,9.06,73,7.32,32.2,16.36,17.57,2.36,Red,41.64,Rainfed,Rabi,Fallow,3.78,33.85,21.95,16.9,1,1.638
Soybean,Soybean (Oil Grade),Hybrid,27.92,21.34,38.95,934.4,74.78,6.4,103,7.04,27.91,64.59,39.47,2.7,Black,62.9,Sprinkler,Kharif,Soybean,4.17,23.46,64.46,43.02,1,2.76
Millet,Millet (Finger/Ragi),HYV,29.17,23.52,38.4,588.14,57.48,7.95,120,5.92,41.28,29.19,24.12,1.78,Black,59.67,Rainfed,Kharif,Soybean,14.09,29.76,17.78,11.74,1,2.035
Millet,Millet (Finger/Ragi),Hybrid,28.55,23.08,37.81,485.19,52.92,8.47,109,5.78,46.51,27.86,15.14,2.66,Black,58.83,Sprinkler,Kharif,Cotton,4.16,35.06,26.66,16.58,1,4.47
Millet,Millet (Sorghum/Jowar),Hybrid,28.48,21.87,39.21,662.11,67.94,8.72,116,7.11,73.55,37.56,25.79,3.2,Loamy,42.93,Sprinkler,Kharif,Sugarcane,12.83,86.91,40.26,36.19,1,1.845
Maize,Maize (Sweet Corn),HYV,24.31,17.12,34.86,746.27,71.08,6.11,85,6.8,101.17,69.35,57.81,2.8,Laterite,55.59,Drip,Rabi,Fallow,17.51,109.92,62.35,41.85,1,6.74
Millet,Millet (Sorghum/Jowar),HYV,32.82,27.42,42.57,523.55,66.86,9.52,123,6.28,68.25,30.73,25.24,3.18,Clayey,62.64,Sprinkler,Rabi,Fallow,16.18,65.52,35.01,31.55,1,4.057
Maize,Maize (Popcorn),Hybrid,22.03,16.97,30.4,684.57,57.91,7.22,89,6.55,82.37,49.11,45.83,4.31,Loamy,61.61,Drip,Rabi,Millet,18.91,63.85,42.21,34.0,1,6.549
Maize,Maize (Popcorn),Hybrid,23.51,18.12,31.69,611.56,64.19,6.29,94,6.65,82.05,42.55,46.65,3.12,Loamy,54.42,Sprinkler,Rabi,Rice,2.86,88.03,54.25,47.41,1,6.509
Rice,Rice (Sona Masuri),Traditional,27.74,22.13,39.23,1087.0,79.55,8.64,136,5.54,83.41,39.97,40.74,2.93,Red,77.85,Flood,Kharif,Soybean,3.8,59.29,34.93,31.98,1,4.565
Rice,Rice (Sona Masuri),HYV,28.71,22.1,39.07,1136.34,80.86,6.96,137,6.32,77.2,40.4,39.06,4.09,Alluvial,61.83,Drip,Kharif,Maize,7.51,85.78,43.3,39.01,1,7.8
Rice,Rice (Basmati),HYV,28.47,23.44,37.45,1425.48,75.19,6.11,138,6.61,77.6,36.49,38.99,3.87,Loamy,63.28,Flood,Kharif,Maize,6.37,48.64,22.58,25.32,1,4.011
Millet,Millet (Pearl/Bajra),Traditional,34.27,27.69,43.15,392.42,56.48,10.44,70,6.43,44.95,23.78,29.96,1.35,Laterite,50.07,Rainfed,Kharif,Millet,2.18,35.78,19.96,20.51,1,1.315
Soybean,Soybean (Oil Grade),Hybrid,25.8,19.92,33.74,890.3,66.93,6.29,99,6.29,28.28,67.73,41.74,2.66,Black,59.71,Rainfed,Kharif,Pulses,5.74,22.68,61.2,32.84,1,4.097
Wheat,Wheat (Sharbati),Traditional,20.96,15.27,30.11,506.5,60.75,7.45,118,7.28,90.03,47.08,33.33,3.72,Loamy,61.46,Drip,Rabi,Pulses,9.58,74.21,35.24,24.89,1,4.228
Wheat,Wheat (Sharbati),HYV,19.46,12.69,26.48,526.51,57.35,7.67,115,6.12,96.33,47.06,32.61,2.78,Alluvial,55.5,Drip,Rabi,Sugarcane,10.89,97.44,43.3,35.3,1,4.925
Millet,Millet (Pearl/Bajra),Hybrid,32.83,24.99,42.15,498.76,49.18,8.83,78,6.7,54.15,25.27,24.4,1.59,Loamy,32.03,Rainfed,Kharif,Soybean,14.07,47.09,28.48,29.69,1,1.189
Soybean,Soybean (Oil Grade),Traditional,28.57,21.07,39.71,905.16,75.85,8.45,107,7.23,27.29,57.75,35.52,4.44,Black,71.94,Sprinkler,Kharif,Millet,9.52,22.11,47.67,28.3,0,3.923
Wheat,Wheat (Sharbati),Traditional,20.74,12.98,27.76,413.33,63.49,8.89,134,7.4,90.88,42.78,36.78,2.95,Desert,59.63,Sprinkler,Rabi,Wheat,19.49,76.95,34.02,30.73,1,3.781
Millet,Millet (Pearl/Bajra),Traditional,30.33,24.85,42.27,554.48,43.54,10.83,75,7.73,50.93,23.08,28.06,2.29,Desert,45.48,Sprinkler,Rabi,Maize,5.35,47.56,22.2,16.42,1,1.835
Wheat,Wheat (Durum),Traditional,21.22,15.72,30.66,486.93,62.12,8.02,129,6.36,93.5,48.16,35.13,3.55,Loamy,61.39,Sprinkler,Rabi,Rice,3.04,77.16,36.46,25.51,0,5.752
Millet,Millet (Foxtail),Traditional,29.35,23.39,39.07,487.79,55.48,8.78,78,6.22,32.28,19.78,15.44,2.41,Sandy,42.29,Sprinkler,Rabi,Sugarcane,9.27,20.78,13.18,9.15,1,0.959
Millet,Millet (Finger/Ragi),Traditional,26.05,19.83,34.09,464.62,67.61,8.24,109,5.62,31.03,27.83,20.6,2.76,Black,61.31,Rainfed,Kharif,Maize,6.62,37.75,22.6,16.4,1,1.592
Rice,Rice (Basmati),HYV,25.62,19.41,34.37,1386.42,82.05,6.46,136,6.85,60.31,37.81,33.62,3.22,Clayey,80.23,Sprinkler,Rabi,Wheat,7.42,69.09,40.26,38.91,1,2.857
Rice,Rice (Sona Masuri),Hybrid,28.06,22.02,36.17,1308.21,80.43,7.08,133,5.5,71.27,41.23,40.15,3.09,Red,80.69,Sprinkler,Rabi,Maize,11.36,87.13,43.28,40.55,1,6.345
Maize,Maize (Sweet Corn),Traditional,23.97,17.04,32.93,521.65,63.85,8.9,91,5.93,105.82,67.56,46.12,3.25,Loamy,57.75,Drip,Rabi,Millet,4.22,78.2,36.68,36.75,1,7.836
Wheat,Wheat (Common),HYV,19.77,12.92,29.29,458.76,51.91,7.63,118,6.77,95.49,41.46,38.94,2.89,Black,64.37,Sprinkler,Rabi,Wheat,9.86,64.27,30.17,22.72,0,4.981
Millet,Millet (Finger/Ragi),Traditional,29.83,23.37,39.29,516.21,63.04,7.57,120,6.96,47.47,20.76,23.56,3.01,Red,52.51,Rainfed,Kharif,Pulses,10.13,35.85,22.65,14.46,0,2.98
Soybean,Soybean (Food Grade),Hybrid,27.51,19.74,38.23,643.59,75.76,6.98,90,6.14,24.41,58.06,36.35,2.86,Loamy,73.01,Rainfed,Kharif,Rice,8.44,32.31,51.71,33.65,1,2.914
Wheat,Wheat (Durum),Traditional,21.71,15.49,29.86,469.67,62.85,7.43,131,7.44,82.72,47.52,39.37,2.68,Red,58.39,Drip,Rabi,Wheat,2.67,74.31,39.41,28.04,0,3.746
Wheat,Wheat (Sharbati),Hybrid,20.5,14.23,29.07,505.04,52.67,9.17,125,7.09,91.82,43.46,37.06,2.48,Loamy,62.93,Rainfed,Rabi,Rice,11.17,95.63,47.83,35.19,0,5.099
Rice,Rice (Non-Basmati),HYV,26.97,20.18,35.68,1329.81,75.74,7.06,123,5.96,87.11,59.9,55.06,3.23,Alluvial,85.66,Flood,Kharif,Cotton,1.38,112.94,53.57,56.78,1,6.499
Rice,Rice (Sona Masuri),Hybrid,26.78,19.62,37.41,1273.2,73.41,6.65,129,5.78,83.23,39.93,38.87,2.75,Loamy,83.69,Sprinkler,Kharif,Fallow,14.57,83.85,40.56,46.12,1,5.593
Maize,Maize (Popcorn),Traditional,23.77,17.33,34.58,715.73,62.75,7.95,95,6.11,80.03,58.26,41.32,4.17,Alluvial,60.29,Drip,Kharif,Soybean,12.6,56.08,34.03,27.62,1,5.012
Millet,Millet (Pearl/Bajra),Traditional,28.83,23.49,35.83,527.15,45.24,8.03,78,6.5,59.67,28.25,27.84,2.19,Alluvial,34.9,Flood,Kharif,Fallow,5.3,35.38,22.78,22.14,1,1.006
Millet,Millet (Finger/Ragi),Traditional,29.46,24.04,41.04,408.91,69.15,9.41,114,6.25,38.93,21.86,17.22,2.74,Loamy,42.95,Sprinkler,Kharif,Maize,5.24,20.14,13.06,10.62,1,3.675
Wheat,Wheat (Common),HYV,20.62,14.43,29.56,476.9,53.06,9.26,114,7.06,97.48,40.45,35.63,2.42,Alluvial,64.99,Sprinkler,Rabi,Cotton,12.86,82.98,40.01,35.15,1,5.418
Maize,Maize (Sweet Corn),HYV,23.79,18.34,35.15,623.78,62.86,6.44,92,5.95,100.07,50.49,59.95,3.35,Desert,68.22,Sprinkler,Kharif,Millet,11.2,96.44,43.15,49.22,1,7.662
Maize,Maize (Feed Corn),Hybrid,28.84,21.52,38.91,780.08,65.5,6.01,99,6.41,137.14,62.96,56.58,2.66,Laterite,76.25,Sprinkler,Kharif,Sugarcane,1.56,159.93,67.05,61.76,1,8.171
Millet,Millet (Finger/Ragi),HYV,30.33,24.28,41.02,402.12,65.18,9.52,110,6.15,43.35,22.71,21.57,1.79,Red,50.49,Flood,Zaid,Maize,9.09,43.08,27.26,19.21,0,1.546
Rice,Rice (Sona Masuri),HYV,27.7,20.3,35.68,1028.61,70.69,6.12,126,5.88,83.81,41.54,40.42,2.88,Sandy,81.26,Sprinkler,Kharif,Rice,16.33,82.83,44.49,38.84,0,6.07
Millet,Millet (Sorghum/Jowar),HYV,29.69,23.62,39.05,499.14,53.16,8.46,115,6.33,72.24,33.59,26.01,2.7,Loamy,56.68,Rainfed,Rabi,Fallow,12.09,57.83,33.76,25.69,1,2.348
Wheat,Wheat (Sharbati),Hybrid,19.63,13.31,29.8,510.8,50.92,7.54,117,7.47,91.43,41.17,34.34,3.12,Black,40.94,Flood,Rabi,Maize,6.02,106.55,54.0,38.11,0,3.947
Millet,Millet (Pearl/Bajra),Hybrid,31.66,24.81,39.71,445.35,44.41,8.34,86,7.6,45.78,27.74,25.54,1.52,Red,49.68,Rainfed,Rabi,Maize,9.37,37.91,16.37,20.12,0,2.099
Soybean,Soybean (Oil Grade),Hybrid,27.61,20.9,36.63,899.4,73.89,6.51,106,6.48,26.83,69.56,44.24,2.89,Red,55.51,Sprinkler,Kharif,Cotton,0.79,26.47,77.48,51.02,1,3.268
Rice,Rice (Basmati),Hybrid,27.56,20.63,35.07,1422.26,78.74,8.96,147,6.03,72.09,32.77,38.62,2.85,Loamy,77.17,Drip,Kharif,Maize,16.28,79.34,39.65,42.1,0,3.666
Maize,Maize (Sweet Corn),Traditional,24.0,16.84,33.41,658.03,70.75,6.4,90,6.81,115.8,69.81,40.46,2.43,Loamy,58.43,Sprinkler,Rabi,Sugarcane,11.85,77.47,44.31,33.09,1,4.791
Wheat,Wheat (Sharbati),Traditional,20.71,13.34,29.23,555.69,61.97,9.03,124,6.84,91.24,47.06,31.32,3.0,Loamy,55.02,Sprinkler,Rabi,Sugarcane,17.29,75.57,33.7,26.38,0,3.715
Millet,Millet (Pearl/Bajra),Traditional,28.82,21.99,40.57,465.58,43.8,8.62,82,6.48,40.56,20.77,20.69,2.26,Black,33.57,Sprinkler,Kharif,Pulses,6.76,39.28,16.98,18.71,1,1.618
Millet,Millet (Finger/Ragi),HYV,25.13,18.19,34.41,488.93,52.94,7.88,123,7.0,34.78,28.77,16.91,1.8,Clayey,62.0,Sprinkler,Kharif,Soybean,16.83,47.74,27.68,22.93,1,2.986
Maize,Maize (Sweet Corn),Hybrid,24.44,18.57,33.61,524.8,62.49,6.41,81,6.37,112.51,57.48,44.01,4.42,Sandy,58.56,Drip,Kharif,Maize,7.25,128.34,71.18,56.29,1,6.976
Wheat,Wheat (Durum),HYV,19.93,13.77,30.6,518.23,52.96,9.24,126,7.0,97.04,49.57,30.2,3.98,Alluvial,46.47,Sprinkler,Rabi,Fallow,12.47,86.71,53.86,34.25,1,5.539
Rice,Rice (Sona Masuri),Hybrid,28.78,20.8,36.51,1039.85,76.57,7.69,132,6.9,88.54,41.68,42.27,3.28,Black,65.95,Flood,Kharif,Pulses,14.02,83.54,40.15,41.7,1,6.351
Wheat,Wheat (Sharbati),HYV,17.94,12.09,25.55,409.17,56.67,7.79,125,7.0,97.17,49.73,32.1,2.25,Loamy,58.52,Rainfed,Rabi,Cotton,14.17,86.44,42.33,31.54,1,3.081
Maize,Maize (Feed Corn),Traditional,27.88,19.97,37.03,607.42,62.18,7.04,117,7.29,128.92,79.07,53.96,3.26,Red,77.17,Sprinkler,Kharif,Millet,5.84,109.54,62.37,55.85,1,4.881
Maize,Maize (Feed Corn),Hybrid,24.95,17.69,36.59,845.69,65.25,7.78,101,7.28,144.78,69.75,64.11,2.32,Loamy,74.09,Sprinkler,Kharif,Sugarcane,13.3,155.99,72.24,72.82,1,9.014
Millet,Millet (Sorghum/Jowar),HYV,32.5,25.47,39.53,683.03,67.81,7.54,119,6.35,73.56,34.08,34.42,2.03,Loamy,46.16,Rainfed,Kharif,Rice,4.32,63.78,33.85,31.7,1,1.464
Wheat,Wheat (Common),Traditional,18.14,12.56,28.62,592.97,53.66,7.35,128,6.98,97.47,43.22,37.89,3.47,Loamy,64.72,Flood,Rabi,Pulses,18.52,77.6,34.26,27.11,1,4.12
Millet,Millet (Finger/Ragi),HYV,29.8,23.92,39.04,471.05,50.03,9.68,114,6.17,49.09,22.77,21.92,1.84,Laterite,53.86,Sprinkler,Rabi,Rice,14.61,34.94,22.56,22.57,1,2.701
Millet,Millet (Pearl/Bajra),HYV,30.53,23.26,38.61,469.03,57.62,8.91,67,7.97,49.98,29.81,22.76,2.16,Loamy,43.63,Rainfed,Kharif,Wheat,11.32,54.81,22.46,29.39,1,2.391
Millet,Millet (Pearl/Bajra),HYV,29.31,24.11,39.43,577.1,55.72,10.2,82,6.36,45.49,22.82,26.65,2.71,Red,33.42,Sprinkler,Zaid,Fallow,4.75,36.03,24.61,21.28,1,1.389
Soybean,Soybean (Food Grade),HYV,28.43,23.4,39.67,615.16,70.31,6.09,109,6.0,25.08,48.98,31.96,3.99,Alluvial,52.84,Rainfed,Kharif,Cotton,5.64,21.79,58.93,39.97,1,1.981
Maize,Maize (Sweet Corn),Hybrid,24.27,19.0,35.55,753.8,60.09,8.52,83,6.3,113.59,51.85,56.53,4.83,Alluvial,73.82,Sprinkler,Kharif,Millet,13.39,125.06,75.78,63.58,1,6.782
Rice,Rice (Sona Masuri),Traditional,30.09,24.83,38.55,1018.27,81.72,6.12,124,6.55,79.63,37.55,38.26,2.18,Red,67.31,Flood,Kharif,Maize,11.27,70.52,35.09,34.31,1,3.908
Soybean,Soybean (Food Grade),HYV,29.27,22.13,40.51,852.07,79.5,8.1,99,7.46,23.11,54.2,35.41,2.54,Alluvial,69.61,Rainfed,Kharif,Soybean,19.42,23.76,47.29,31.31,1,3.231
Millet,Millet (Foxtail),HYV,26.75,19.05,34.43,508.67,46.04,8.21,75,5.77,34.85,24.34,19.42,1.56,Black,59.99,Rainfed,Kharif,Fallow,3.11,37.32,17.58,17.85,1,1.278
Wheat,Wheat (Durum),Hybrid,18.21,12.7,26.1,539.41,50.83,8.43,135,6.77,94.21,52.25,33.42,3.56,Loamy,47.63,Drip,Rabi,Maize,14.93,78.08,53.38,34.65,1,7.15
Millet,Millet (Pearl/Bajra),HYV,34.63,28.89,43.7,580.57,46.65,8.56,81,7.99,53.76,28.94,29.99,1.29,Sandy,51.05,Sprinkler,Kharif,Millet,8.46,45.75,20.81,20.06,1,1.813
Wheat,Wheat (Common),Hybrid,20.55,14.63,30.89,407.98,59.41,7.71,116,6.19,90.04,46.63,30.55,3.51,Laterite,49.12,Drip,Rabi,Cotton,4.55,91.37,54.07,41.55,1,6.606
Rice,Rice (Non-Basmati),HYV,29.47,22.37,39.74,1124.53,72.07,6.39,131,7.41,93.7,42.11,43.77,3.5,Alluvial,84.83,Flood,Kharif,Rice,17.36,84.8,40.11,41.04,1,6.704
Maize,Maize (Popcorn),HYV,22.42,14.65,29.82,502.52,59.07,6.83,92,6.8,90.16,50.08,48.33,3.34,Loamy,56.55,Sprinkler,Rabi,Cotton,5.07,93.01,44.34,49.1,1,5.925
Maize,Maize (Popcorn),Hybrid,25.79,19.64,35.3,745.57,55.07,6.83,91,6.39,98.75,57.03,47.12,3.78,Loamy,50.09,Drip,Kharif,Sugarcane,17.32,103.21,60.2,52.11,0,4.342
Soybean,Soybean (Oil Grade),HYV,29.27,23.64,40.01,931.03,66.48,8.04,107,6.66,23.58,54.17,36.29,2.91,Black,64.29,Rainfed,Kharif,Sugarcane,7.6,20.21,54.3,44.67,0,2.359
Millet,Millet (Pearl/Bajra),Hybrid,32.33,25.11,44.14,482.09,52.04,8.57,82,7.33,47.16,29.71,28.9,2.34,Sandy,39.23,Flood,Kharif,Pulses,19.25,60.66,29.2,31.8,1,2.002
Maize,Maize (Popcorn),Traditional,26.7,21.18,38.28,706.97,56.93,6.82,85,6.56,80.35,51.4,46.71,3.47,Sandy,68.94,Rainfed,Rabi,Cotton,7.17,58.65,36.35,30.52,1,3.554
Rice,Rice (Basmati),Traditional,25.4,17.89,32.79,1045.68,76.41,6.4,131,6.77,68.8,35.12,36.73,3.16,Clayey,66.28,Rainfed,Kharif,Millet,19.56,61.72,24.0,26.9,1,3.187
Wheat,Wheat (Sharbati),Hybrid,20.0,13.14,28.55,577.07,57.32,7.84,128,7.06,89.29,40.69,31.4,2.39,Black,62.57,Sprinkler,Rabi,Wheat,3.51,91.7,50.65,38.33,1,5.202
Rice,Rice (Sona Masuri),HYV,27.6,21.73,38.3,1026.77,74.69,7.96,129,6.86,81.5,44.29,44.83,3.13,Sandy,74.13,Sprinkler,Kharif,Fallow,16.78,63.31,35.79,37.37,1,6.943
Millet,Millet (Sorghum/Jowar),Hybrid,28.04,21.95,36.57,452.65,61.84,7.05,119,7.4,64.82,38.3,33.96,2.97,Black,41.24,Sprinkler,Rabi,Soybean,13.14,65.71,33.48,30.76,1,3.929
Maize,Maize (Feed Corn),Hybrid,28.76,21.98,40.64,603.78,61.14,7.93,101,6.5,124.82,69.26,69.97,4.07,Clayey,56.56,Drip,Kharif,Rice,5.45,133.48,57.22,55.98,1,11.7
Soybean,Soybean (Oil Grade),Hybrid,28.77,22.81,37.52,937.82,68.16,8.26,118,7.43,29.92,58.46,38.15,4.11,Sandy,76.69,Sprinkler,Kharif,Fallow,8.55,26.53,68.23,42.89,1,5.2
Maize,Maize (Popcorn),Hybrid,22.52,15.43,31.87,606.99,65.15,6.5,86,5.94,88.4,53.24,47.63,3.8,Alluvial,53.49,Sprinkler,Rabi,Sugarcane,12.69,96.47,53.79,46.32,1,7.775
Wheat,Wheat (Sharbati),Hybrid,17.86,10.48,25.99,549.78,53.1,9.82,122,7.12,96.83,41.23,30.68,3.2,Black,55.5,Sprinkler,Rabi,Cotton,4.26,91.23,49.53,33.39,1,6.5
Wheat,Wheat (Common),Hybrid,18.12,11.64,27.2,595.96,68.35,8.75,118,6.84,95.84,40.38,34.34,1.61,Loamy,47.32,Sprinkler,Rabi,Wheat,8.82,108.56,58.99,42.92,1,5.181
Rice,Rice (Sona Masuri),HYV,29.57,23.78,38.82,1358.05,81.34,6.5,131,6.17,80.48,38.98,42.17,4.19,Laterite,81.02,Flood,Kharif,Millet,4.34,82.81,39.16,41.79,1,5.136
Maize,Maize (Sweet Corn),Hybrid,27.37,22.02,37.99,525.87,61.42,8.57,80,6.22,116.41,57.54,48.1,2.41,Alluvial,63.57,Sprinkler,Kharif,Wheat,3.85,104.04,64.35,46.45,1,7.127
Rice,Rice (Basmati),Traditional,25.84,20.01,33.73,1044.35,71.81,7.38,143,6.55,70.07,36.9,30.39,4.4,Loamy,75.7,Sprinkler,Kharif,Millet,16.22,51.35,26.96,27.88,1,3.838
Wheat,Wheat (Sharbati),HYV,21.54,16.25,31.83,540.21,54.02,9.98,119,6.86,97.45,42.89,36.07,3.44,Loamy,55.67,Drip,Rabi,Sugarcane,13.29,83.16,40.73,32.3,1,5.928
Wheat,Wheat (Common),Hybrid,17.91,11.84,29.55,462.85,55.01,7.17,127,6.8,86.33,46.58,33.18,2.06,Alluvial,42.43,Drip,Rabi,Pulses,18.15,91.84,37.99,36.98,1,7.8
Millet,Millet (Pearl/Bajra),Hybrid,33.83,28.36,42.59,322.92,47.68,8.17,90,7.52,40.03,22.23,22.15,2.16,Black,46.42,Rainfed,Kharif,Wheat,11.4,65.51,22.66,29.07,0,2.681
Millet,Millet (Finger/Ragi),Hybrid,31.98,25.34,43.22,432.51,61.03,7.06,127,6.07,47.38,23.33,16.55,1.58,Sandy,43.41,Sprinkler,Kharif,Wheat,10.34,35.9,23.63,26.17,1,4.309
Maize,Maize (Sweet Corn),Hybrid,25.64,20.05,36.49,662.22,63.12,8.53,92,6.61,100.96,50.09,51.88,4.93,Alluvial,63.1,Drip,Kharif,Fallow,9.21,107.04,60.54,41.19,0,7.872
Soybean,Soybean (Food Grade),Hybrid,28.3,21.87,39.0,765.38,70.67,7.11,100,7.0,27.89,57.49,35.79,2.63,Alluvial,63.06,Rainfed,Kharif,Rice,19.34,23.87,41.03,30.4,1,2.513
Millet,Millet (Sorghum/Jowar),Hybrid,31.13,26.09,40.36,587.21,66.48,9.54,129,7.94,66.82,36.29,33.7,1.97,Alluvial,42.39,Rainfed,Rabi,Fallow,17.89,81.35,41.7,32.41,1,1.586
Maize,Maize (Sweet Corn),Hybrid,24.12,18.05,31.52,797.54,73.36,6.13,96,5.84,107.11,50.27,51.18,4.6,Black,70.37,Drip,Rabi,Sugarcane,3.11,78.46,43.58,45.73,1,9.75
Wheat,Wheat (Sharbati),HYV,18.61,11.99,26.48,449.24,56.55,9.0,117,6.67,88.2,43.63,37.28,2.56,Black,49.47,Flood,Rabi,Wheat,13.31,84.49,45.77,39.91,1,4.668
Rice,Rice (Non-Basmati),Hybrid,31.1,23.56,42.72,1352.63,74.95,7.2,112,6.71,106.76,53.1,48.92,3.04,Black,85.9,Flood,Kharif,Cotton,7.91,101.77,40.22,53.92,0,5.184
Rice,Rice (Sona Masuri),Hybrid,30.82,25.74,41.4,1088.6,80.52,8.61,137,6.97,88.77,37.74,41.38,3.82,Laterite,74.45,Flood,Kharif,Millet,12.16,78.26,35.89,41.48,1,5.252
Rice,Rice (Basmati),Hybrid,28.8,23.5,40.25,1006.15,75.55,6.08,130,6.79,70.23,31.66,36.46,2.13,Red,79.05,Sprinkler,Kharif,Maize,7.14,72.85,40.45,39.66,1,4.252
Wheat,Wheat (Durum),Traditional,19.43,11.67,30.88,470.75,50.55,9.93,126,7.07,87.97,49.63,36.04,3.96,Black,46.68,Sprinkler,Rabi,Pulses,1.23,76.21,45.85,26.84,1,4.362
Millet,Millet (Pearl/Bajra),Hybrid,34.44,28.33,42.16,551.31,47.09,9.71,89,6.2,42.8,21.19,25.45,1.61,Black,50.41,Sprinkler,Kharif,Fallow,13.58,38.02,22.76,18.77,1,1.988
Rice,Rice (Basmati),Traditional,27.83,20.82,39.63,1301.33,78.39,6.04,145,6.13,67.83,37.13,36.59,3.87,Alluvial,67.06,Flood,Kharif,Cotton,5.35,48.41,26.73,30.43,1,3.813
Maize,Maize (Sweet Corn),Hybrid,25.44,19.45,33.1,622.53,63.28,6.43,95,5.88,108.78,54.7,49.24,3.47,Alluvial,61.45,Sprinkler,Kharif,Fallow,4.4,131.75,75.32,62.08,1,9.75
Rice,Rice (Non-Basmati),HYV,28.44,22.49,38.64,1318.31,71.85,8.75,136,5.64,109.75,54.24,41.17,3.68,Sandy,67.12,Flood,Zaid,Wheat,4.82,110.0,58.87,61.75,1,6.17
Rice,Rice (Basmati),Hybrid,26.81,20.2,38.79,1237.27,82.24,7.3,140,6.59,77.82,38.14,37.15,2.75,Loamy,82.76,Flood,Kharif,Wheat,7.23,85.4,43.55,35.12,1,4.968
Maize,Maize (Sweet Corn),HYV,24.34,16.98,32.51,713.71,63.71,7.39,88,6.35,112.25,61.27,48.13,3.11,Laterite,56.88,Drip,Kharif,Wheat,2.52,114.35,58.66,44.23,1,5.084
Millet,Millet (Finger/Ragi),HYV,28.81,23.03,36.04,651.04,67.25,8.1,118,5.43,47.11,27.21,23.17,3.23,Alluvial,52.74,Sprinkler,Kharif,Soybean,12.07,34.94,27.13,18.48,1,3.662
Maize,Maize (Feed Corn),Hybrid,27.75,22.24,37.57,836.93,70.51,8.42,91,5.62,130.45,71.5,62.8,3.61,Desert,65.82,Drip,Kharif,Millet,11.29,148.01,85.82,72.79,1,10.947
Maize,Maize (Sweet Corn),HYV,27.31,19.38,36.72,542.15,60.0,8.95,85,6.58,101.62,58.01,52.2,4.57,Black,70.31,Drip,Kharif,Millet,15.33,94.07,43.47,34.18,1,8.253
Wheat,Wheat (Durum),HYV,21.55,14.26,28.89,532.57,55.9,7.21,137,6.4,81.19,50.88,35.22,2.28,Loamy,69.66,Sprinkler,Kharif,Soybean,17.22,89.18,57.92,33.67,0,3.276
Rice,Rice (Basmati),Traditional,28.87,22.19,38.64,1057.37,71.89,7.59,143,7.07,65.05,36.57,31.98,2.43,Alluvial,84.99,Sprinkler,Kharif,Wheat,19.94,62.51,25.53,28.92,1,2.435
Millet,Millet (Pearl/Bajra),HYV,28.28,22.34,39.64,273.58,57.55,8.65,65,7.03,43.32,27.23,20.65,1.68,Laterite,37.84,Drip,Kharif,Rice,4.01,49.01,24.63,22.89,0,1.434
Rice,Rice (Non-Basmati),Hybrid,26.34,19.58,37.12,1306.66,78.4,6.26,139,5.55,110.54,58.3,44.76,3.29,Alluvial,68.05,Sprinkler,Kharif,Millet,1.3,88.77,49.53,50.81,1,5.78
Soybean,Soybean (Food Grade),Hybrid,25.38,19.62,36.92,645.59,67.49,8.86,104,7.46,27.78,47.12,35.72,3.09,Sandy,53.42,Sprinkler,Kharif,Maize,1.83,27.22,47.53,36.49,1,1.812
Wheat,Wheat (Sharbati),Traditional,21.03,13.82,30.36,407.49,57.87,7.17,134,6.84,91.03,40.2,37.71,3.82,Desert,43.06,Sprinkler,Zaid,Wheat,1.21,77.58,38.03,28.59,1,4.268
Soybean,Soybean (Oil Grade),Traditional,28.48,21.13,38.49,752.47,65.69,8.81,120,6.64,29.89,51.06,37.09,2.82,Black,57.25,Rainfed,Kharif,Soybean,10.01,18.17,53.9,30.23,1,3.129
Wheat,Wheat (Sharbati),HYV,19.42,12.52,27.98,573.42,64.43,8.95,117,7.01,83.88,47.32,33.47,3.99,Alluvial,58.8,Drip,Rabi,Wheat,5.81,87.83,42.53,34.91,1,4.129
Rice,Rice (Non-Basmati),Traditional,26.32,20.2,36.93,1263.48,82.59,7.98,125,6.39,116.31,46.11,43.92,4.78,Clayey,67.64,Sprinkler,Kharif,Soybean,14.77,85.83,39.03,47.74,0,4.864
Soybean,Soybean (Oil Grade),Hybrid,26.65,18.72,38.28,886.15,76.19,8.19,119,6.77,20.72,50.28,43.5,4.32,Alluvial,55.06,Rainfed,Kharif,Wheat,4.91,23.99,65.39,40.64,1,3.726
Wheat,Wheat (Sharbati),HYV,17.15,9.39,25.51,519.68,58.47,8.19,121,6.69,86.59,40.49,33.94,2.16,Loamy,49.07,Sprinkler,Rabi,Soybean,12.36,97.84,42.37,34.04,1,3.237
Maize,Maize (Popcorn),Traditional,23.37,17.76,34.06,741.1,58.67,8.59,100,6.17,90.5,52.2,47.71,3.36,Alluvial,63.11,Sprinkler,Kharif,Cotton,2.64,77.01,43.49,36.04,0,4.639
Soybean,Soybean (Oil Grade),Hybrid,25.53,18.08,35.29,766.45,66.62,7.25,100,7.44,27.05,54.76,43.32,2.5,Desert,73.62,Drip,Kharif,Cotton,15.02,27.31,60.74,41.69,1,4.342
Millet,Millet (Finger/Ragi),Traditional,31.54,26.27,40.27,665.35,60.63,9.15,109,5.99,47.29,25.39,23.22,2.33,Desert,56.54,Sprinkler,Kharif,Sugarcane,8.99,38.84,23.54,16.78,1,1.725
Millet,Millet (Pearl/Bajra),HYV,34.24,29.03,46.03,425.77,49.16,9.81,85,7.67,52.04,21.97,20.24,2.49,Red,50.28,Rainfed,Kharif,Sugarcane,17.52,51.59,21.45,24.11,1,1.288
Soybean,Soybean (Food Grade),Traditional,27.76,20.36,38.9,643.59,72.41,6.42,91,6.46,25.86,44.2,35.92,2.09,Loamy,58.36,Drip,Kharif,Sugarcane,7.56,16.25,47.17,26.98,1,2.353
Maize,Maize (Popcorn),Traditional,23.55,15.65,32.72,639.99,66.43,7.68,88,5.92,90.74,43.71,46.68,3.9,Alluvial,61.76,Drip,Kharif,Soybean,15.31,73.45,45.73,35.61,1,6.304
Maize,Maize (Popcorn),Hybrid,25.78,20.35,34.46,505.65,58.53,7.94,90,6.71,88.14,49.0,48.44,2.21,Alluvial,51.1,Sprinkler,Zaid,Fallow,9.53,76.47,54.31,38.47,1,5.174
Maize,Maize (Feed Corn),HYV,26.01,20.0,37.5,761.43,69.08,8.59,104,5.6,136.66,72.14,66.15,4.39,Black,55.25,Flood,Kharif,Sugarcane,9.55,105.92,61.13,49.79,1,10.37
Soybean,Soybean (Food Grade),Traditional,25.34,19.51,36.93,722.01,75.78,7.37,99,6.37,24.18,56.82,34.02,3.32,Alluvial,58.77,Sprinkler,Kharif,Sugarcane,14.68,17.84,43.14,29.78,1,2.114
Rice,Rice (Non-Basmati),Traditional,31.41,24.35,38.72,1119.63,81.33,8.66,113,6.86,117.51,44.24,45.12,2.45,Loamy,83.42,Sprinkler,Kharif,Soybean,12.71,78.54,36.31,40.78,1,3.64
Maize,Maize (Sweet Corn),Hybrid,27.09,19.29,38.23,529.66,64.35,8.13,91,5.95,119.44,65.38,50.7,4.33,Alluvial,68.33,Sprinkler,Rabi,Fallow,16.4,129.6,57.22,45.33,0,5.744
Soybean,Soybean (Oil Grade),Hybrid,27.05,19.57,34.28,889.2,78.7,8.31,100,7.44,23.57,50.74,37.86,3.51,Red,74.05,Rainfed,Kharif,Pulses,0.51,32.01,99.94,62.0,1,2.557
Millet,Millet (Foxtail),HYV,28.64,21.21,37.01,433.76,56.0,7.71,66,5.69,38.38,16.5,16.79,1.29,Red,47.91,Drip,Rabi,Cotton,7.92,38.29,20.47,15.01,1,2.001
Soybean,Soybean (Oil Grade),Traditional,27.2,21.33,36.47,918.82,67.93,6.88,115,6.05,21.73,56.73,37.53,3.77,Desert,56.86,Rainfed,Kharif,Wheat,4.59,21.91,44.37,32.54,1,2.569
Soybean,Soybean (Oil Grade),HYV,26.16,19.97,35.67,931.81,66.09,8.44,118,6.39,23.92,57.69,43.78,2.33,Black,58.33,Drip,Kharif,Wheat,3.93,21.3,51.79,41.02,1,2.711
Soybean,Soybean (Oil Grade),Hybrid,26.95,20.72,34.55,943.01,66.49,6.43,112,7.13,23.58,63.54,39.9,4.25,Red,58.77,Rainfed,Kharif,Millet,3.14,32.37,74.17,39.49,0,2.999
Soybean,Soybean (Oil Grade),HYV,28.27,20.61,36.04,892.57,79.35,6.85,118,7.22,29.25,57.56,39.37,2.61,Alluvial,64.04,Rainfed,Kharif,Soybean,11.68,28.17,69.48,42.1,1,3.689
Rice,Rice (Non-Basmati),Traditional,31.72,23.97,39.12,1514.93,79.02,8.6,129,7.14,98.92,43.85,41.99,4.23,Black,87.16,Flood,Rabi,Pulses,14.86,82.58,43.07,46.24,0,5.55
Millet,Millet (Pearl/Bajra),Traditional,34.12,27.7,44.82,414.9,46.28,10.82,79,7.97,54.05,29.35,29.55,2.56,Red,31.03,Sprinkler,Kharif,Soybean,18.65,39.3,17.14,19.66,1,2.206
Millet,Millet (Foxtail),Hybrid,31.4,24.09,38.69,432.66,54.52,8.39,62,7.25,35.11,17.58,19.56,2.48,Alluvial,42.29,Sprinkler,Kharif,Rice,7.97,37.94,26.95,21.88,1,1.162
Maize,Maize (Popcorn),Hybrid,22.82,14.89,30.38,537.37,57.56,7.8,103,5.83,96.66,57.46,47.36,4.06,Alluvial,63.43,Sprinkler,Kharif,Fallow,18.82,65.02,42.63,36.99,1,5.867
Wheat,Wheat (Common),Hybrid,18.18,12.83,27.6,498.22,59.12,9.33,128,6.73,83.17,47.19,33.31,1.79,Alluvial,53.83,Sprinkler,Rabi,Soybean,8.18,108.64,52.81,35.43,1,7.554
Millet,Millet (Finger/Ragi),HYV,25.9,20.45,35.81,572.89,61.27,7.11,114,6.51,33.45,23.94,17.37,3.09,Alluvial,44.54,Sprinkler,Kharif,Maize,6.63,32.02,19.99,12.65,1,3.099
Millet,Millet (Foxtail),Hybrid,31.98,24.99,39.53,357.11,61.91,7.23,70,6.91,39.31,24.7,19.06,2.62,Loamy,39.13,Drip,Rabi,Sugarcane,8.97,33.89,25.62,20.8,1,2.629
Maize,Maize (Feed Corn),HYV,28.28,21.29,35.71,660.08,70.76,8.39,119,5.76,133.21,63.57,51.39,3.8,Alluvial,57.6,Sprinkler,Kharif,Rice,12.71,115.79,60.08,44.53,1,5.839
Maize,Maize (Feed Corn),HYV,25.13,19.16,36.35,804.9,73.59,8.76,114,6.1,121.86,64.94,65.1,4.38,Loamy,61.92,Sprinkler,Kharif,Soybean,2.86,106.28,67.56,53.69,1,8.232
Wheat,Wheat (Sharbati),Traditional,20.53,13.29,30.98,541.53,58.2,9.03,126,7.46,96.97,42.27,35.19,3.02,Loamy,48.36,Drip,Rabi,Cotton,19.86,66.5,35.43,27.39,1,3.141
Millet,Millet (Pearl/Bajra),HYV,34.14,28.5,44.34,436.08,51.78,9.1,78,7.42,57.27,27.02,23.5,1.48,Black,40.26,Drip,Kharif,Wheat,15.47,52.34,32.45,27.53,1,1.971
Wheat,Wheat (Common),Traditional,19.83,13.09,30.07,412.15,62.33,9.15,130,6.33,85.9,42.65,38.48,3.1,Black,68.2,Flood,Rabi,Sugarcane,14.61,76.4,34.94,27.3,1,3.806
Rice,Rice (Non-Basmati),HYV,29.76,24.24,37.08,1265.18,74.62,8.67,122,6.95,102.04,55.41,47.42,4.19,Black,75.27,Flood,Kharif,Fallow,14.03,94.18,59.03,52.75,1,6.544
Wheat,Wheat (Common),HYV,18.73,11.67,27.19,415.08,64.62,8.4,123,6.49,92.26,48.91,35.54,2.97,Alluvial,51.21,Flood,Rabi,Fallow,16.02,85.59,48.64,38.44,0,4.804
Wheat,Wheat (Sharbati),HYV,19.65,11.76,28.4,511.29,52.85,9.43,134,6.82,92.56,47.45,30.29,2.95,Desert,47.32,Drip,Rabi,Maize,5.94,84.99,45.99,38.7,0,4.636
Maize,Maize (Popcorn),Hybrid,25.14,20.05,36.23,742.7,61.16,8.26,97,5.88,82.05,59.27,49.89,2.69,Alluvial,56.84,Sprinkler,Rabi,Sugarcane,19.35,92.44,45.5,45.56,1,4.232
Millet,Millet (Finger/Ragi),Traditional,26.55,20.62,35.89,432.68,55.02,9.38,116,7.0,40.23,21.16,17.32,2.35,Black,58.11,Sprinkler,Kharif,Rice,16.54,42.15,19.28,15.34,1,1.878
Wheat,Wheat (Sharbati),HYV,17.69,11.01,27.17,449.25,64.14,9.56,119,7.29,89.64,46.45,34.78,2.59,Loamy,53.51,Sprinkler,Rabi,Pulses,3.56,92.65,46.52,32.45,0,4.279
Rice,Rice (Non-Basmati),HYV,26.96,19.63,35.46,1205.51,81.17,7.23,140,6.7,113.99,57.35,51.93,4.75,Laterite,79.64,Sprinkler,Zaid,Fallow,11.74,118.5,44.63,47.35,0,4.556
Rice,Rice (Non-Basmati),HYV,27.23,21.51,35.36,1297.57,83.08,7.31,117,5.54,107.62,58.69,54.28,2.11,Desert,74.45,Sprinkler,Rabi,Rice,8.51,73.18,36.35,36.25,1,3.965
Rice,Rice (Non-Basmati),HYV,30.71,24.34,37.9,1346.13,87.97,6.57,132,5.79,117.8,59.74,40.9,2.45,Black,75.59,Sprinkler,Kharif,Cotton,2.3,63.26,36.15,34.21,1,5.176
Millet,Millet (Finger/Ragi),Hybrid,25.31,17.48,32.81,615.82,65.28,9.84,116,6.35,47.99,29.25,23.8,3.1,Clayey,63.45,Rainfed,Kharif,Wheat,18.2,40.28,26.48,23.96,0,2.444
Maize,Maize (Feed Corn),Hybrid,26.92,21.85,38.32,709.84,69.68,7.72,92,5.9,125.28,66.68,68.43,2.71,Sandy,56.21,Sprinkler,Kharif,Sugarcane,16.03,139.23,72.74,58.2,1,10.488
Millet,Millet (Foxtail),Hybrid,27.03,20.47,37.73,376.64,53.3,8.65,69,6.83,32.24,24.94,15.61,2.29,Loamy,44.42,Sprinkler,Rabi,Fallow,4.25,25.29,17.48,12.33,1,2.97
Millet,Millet (Sorghum/Jowar),Traditional,30.0,25.0,37.46,625.31,64.48,8.42,117,7.39,78.85,35.32,30.39,2.06,Black,54.06,Sprinkler,Kharif,Wheat,14.24,61.78,25.72,23.58,1,2.695
Wheat,Wheat (Sharbati),Hybrid,18.18,10.25,28.87,473.16,58.32,9.33,126,6.15,80.5,41.64,31.19,2.93,Black,47.18,Drip,Rabi,Rice,4.27,100.07,44.17,37.0,1,5.289
Wheat,Wheat (Sharbati),Hybrid,18.37,12.82,26.82,442.53,56.49,7.7,120,6.64,82.59,41.64,36.14,3.13,Black,44.28,Rainfed,Rabi,Rice,12.89,89.25,44.53,32.12,1,5.486
Millet,Millet (Foxtail),Traditional,29.65,24.19,40.06,440.96,61.72,8.19,64,6.81,30.01,19.37,19.83,2.92,Sandy,49.29,Rainfed,Kharif,Wheat,2.57,29.35,14.93,15.75,1,1.668
Rice,Rice (Non-Basmati),Traditional,31.04,25.84,38.43,1378.09,82.78,6.63,124,6.03,86.24,57.39,42.19,4.32,Desert,79.52,Flood,Kharif,Maize,10.64,65.38,45.3,45.41,1,4.593
Millet,Millet (Foxtail),Hybrid,27.59,21.54,38.31,335.88,58.54,7.51,60,5.73,36.69,20.42,16.89,2.44,Sandy,56.0,Sprinkler,Kharif,Soybean,13.41,40.59,24.87,20.99,1,2.596
Millet,Millet (Pearl/Bajra),HYV,32.86,27.59,41.89,495.62,58.19,8.57,72,7.86,44.38,27.87,29.32,2.36,Clayey,49.73,Flood,Kharif,Pulses,6.79,40.91,27.7,20.25,1,2.067
Wheat,Wheat (Durum),Traditional,20.8,14.01,32.4,598.43,56.04,7.35,132,7.08,96.02,57.44,35.15,3.85,Loamy,60.72,Sprinkler,Rabi,Wheat,17.74,76.55,36.06,25.59,1,4.249
Wheat,Wheat (Common),HYV,18.59,11.45,26.49,555.08,64.99,9.84,123,7.08,86.45,42.82,34.02,2.21,Sandy,47.45,Flood,Rabi,Rice,19.44,86.63,43.13,30.06,1,6.455
Rice,Rice (Non-Basmati),Hybrid,28.83,22.77,37.61,1521.14,84.93,8.98,131,7.12,116.91,44.74,50.79,2.48,Loamy,77.42,Flood,Zaid,Maize,14.04,116.15,52.97,58.84,0,4.41
Millet,Millet (Pearl/Bajra),HYV,29.06,24.0,39.14,595.39,53.55,10.65,72,6.59,55.37,21.79,25.96,1.94,Sandy,45.07,Rainfed,Kharif,Sugarcane,18.97,54.91,23.81,21.0,1,0.82
Wheat,Wheat (Common),Hybrid,17.03,9.67,24.78,578.92,53.1,9.29,114,7.41,93.46,45.01,30.68,2.25,Loamy,48.55,Rainfed,Rabi,Cotton,15.52,96.63,46.97,33.56,1,4.837
Rice,Rice (Basmati),Hybrid,26.96,19.21,34.59,1209.22,75.17,7.49,131,6.03,64.55,34.76,34.24,4.58,Clayey,73.55,Sprinkler,Kharif,Sugarcane,11.0,51.33,24.24,23.84,1,4.947
Soybean,Soybean (Food Grade),Hybrid,27.8,21.71,35.4,854.37,62.86,7.52,104,7.43,26.14,52.74,35.43,3.79,Red,57.57,Sprinkler,Kharif,Rice,17.98,21.69,52.93,35.84,1,3.006
Millet,Millet (Pearl/Bajra),Traditional,31.07,25.02,39.45,595.98,44.62,8.44,90,7.78,59.8,29.49,25.28,1.4,Red,50.19,Rainfed,Kharif,Fallow,9.44,45.09,23.25,22.2,1,1.376
Rice,Rice (Basmati),HYV,28.04,22.3,35.33,1195.52,73.51,6.66,137,7.48,68.29,37.54,38.71,4.04,Desert,70.3,Flood,Kharif,Rice,12.81,61.3,26.5,28.37,1,4.464
Rice,Rice (Basmati),Hybrid,29.47,23.88,37.12,1487.8,83.02,8.68,134,6.75,76.19,34.71,39.49,4.54,Alluvial,68.33,Rainfed,Kharif,Rice,19.47,78.99,39.71,34.69,1,5.152
Rice,Rice (Basmati),HYV,25.21,19.59,36.83,1183.06,71.55,8.11,148,6.51,60.14,36.8,38.25,2.44,Alluvial,63.99,Flood,Kharif,Wheat,7.69,68.01,39.47,34.06,1,4.416
Wheat,Wheat (Sharbati),Hybrid,17.65,10.21,28.1,499.46,63.29,8.99,116,6.86,83.8,48.45,33.91,3.47,Loamy,56.09,Drip,Rabi,Fallow,1.8,103.3,47.05,35.48,1,4.977
Millet,Millet (Foxtail),HYV,29.7,22.94,38.03,521.95,48.79,8.1,74,6.51,37.96,18.19,17.95,2.42,Loamy,52.9,Rainfed,Rabi,Rice,7.18,21.8,16.97,12.28,1,1.551
Wheat,Wheat (Common),HYV,17.79,11.12,29.15,413.9,51.67,7.82,122,6.27,96.33,47.5,35.61,1.79,Loamy,69.65,Rainfed,Kharif,Soybean,8.73,85.37,46.72,36.73,1,4.421
Maize,Maize (Feed Corn),Hybrid,27.18,21.59,35.1,761.26,73.32,6.43,114,6.62,121.42,75.43,64.61,4.93,Red,59.62,Rainfed,Kharif,Maize,5.08,133.14,72.57,62.17,1,6.695
Millet,Millet (Finger/Ragi),Traditional,25.47,18.01,33.29,466.06,60.03,8.4,114,5.96,48.8,23.69,15.86,2.77,Loamy,63.44,Drip,Kharif,Fallow,7.87,32.17,25.29,19.1,1,2.693
Soybean,Soybean (Food Grade),HYV,29.85,23.43,38.75,892.6,68.66,6.05,105,6.93,28.68,50.71,39.03,3.15,Loamy,52.23,Sprinkler,Zaid,Wheat,9.48,20.98,56.57,33.02,1,1.473
Rice,Rice (Sona Masuri),Hybrid,26.4,20.42,35.64,1074.83,72.7,7.27,132,6.43,80.11,37.98,36.12,3.84,Alluvial,69.55,Flood,Kharif,Wheat,4.29,77.55,39.22,46.22,1,6.011
Soybean,Soybean (Food Grade),HYV,27.93,21.06,35.17,871.46,77.67,8.59,108,6.35,23.95,47.69,37.39,3.36,Alluvial,71.09,Rainfed,Kharif,Millet,17.45,26.21,56.46,37.93,1,3.44
Maize,Maize (Sweet Corn),Hybrid,26.94,19.0,35.04,570.36,70.76,8.85,92,6.97,102.41,55.83,53.71,4.57,Black,68.78,Drip,Kharif,Pulses,1.43,111.31,65.6,45.38,1,6.482
Soybean,Soybean (Oil Grade),Traditional,27.73,21.55,37.72,860.65,79.43,6.35,105,6.71,22.59,59.53,39.15,3.43,Alluvial,70.46,Rainfed,Kharif,Fallow,2.96,18.88,46.9,33.46,1,3.82
Millet,Millet (Foxtail),Traditional,26.52,19.83,35.9,524.39,63.17,9.93,61,6.9,38.6,20.55,15.59,1.48,Alluvial,49.76,Rainfed,Rabi,Millet,18.98,17.49,13.26,8.77,1,0.678
Millet,Millet (Pearl/Bajra),Traditional,28.96,22.65,39.93,561.43,49.16,10.98,72,6.13,49.86,29.79,23.66,1.7,Desert,37.6,Sprinkler,Kharif,Maize,16.0,42.41,23.58,16.33,1,1.802
Rice,Rice (Basmati),Traditional,29.46,22.04,37.38,1147.96,80.76,6.25,147,7.2,74.97,37.94,39.69,3.72,Desert,65.51,Flood,Kharif,Soybean,18.63,62.56,29.04,28.64,1,2.16
Wheat,Wheat (Durum),Traditional,19.95,12.1,31.67,588.7,60.01,7.58,138,6.42,82.64,58.66,34.27,3.78,Black,52.36,Drip,Kharif,Fallow,16.09,69.78,41.42,30.32,1,3.154
Maize,Maize (Popcorn),Traditional,23.05,15.22,33.98,534.88,60.04,6.75,88,6.12,87.51,54.14,41.45,3.06,Alluvial,67.27,Flood,Rabi,Cotton,18.49,73.93,32.94,37.45,1,5.641
Millet,Millet (Sorghum/Jowar),Hybrid,32.22,24.69,41.27,466.68,63.06,8.5,117,7.11,63.25,32.52,33.05,2.0,Loamy,55.38,Sprinkler,Rabi,Rice,7.1,70.66,43.81,33.22,1,4.468
Maize,Maize (Sweet Corn),HYV,27.27,21.77,34.56,633.92,68.18,8.37,86,6.75,108.78,63.56,40.62,4.64,Desert,67.12,Sprinkler,Kharif,Soybean,1.81,90.01,51.97,44.84,0,8.787
Soybean,Soybean (Food Grade),HYV,26.44,19.09,35.05,803.1,73.84,6.92,103,7.44,23.48,51.05,33.98,3.17,Loamy,62.57,Sprinkler,Kharif,Maize,15.85,28.87,45.86,34.83,1,4.148
Soybean,Soybean (Food Grade),HYV,28.07,20.9,35.98,845.21,74.35,7.4,96,7.44,29.63,50.46,37.09,3.41,Red,66.74,Sprinkler,Kharif,Cotton,15.4,29.99,48.06,37.43,1,1.607
Wheat,Wheat (Sharbati),Traditional,19.66,13.69,28.38,490.14,51.88,7.54,122,6.03,92.0,43.19,38.32,3.2,Alluvial,57.7,Flood,Rabi,Maize,1.14,69.89,33.6,24.3,1,5.002
Millet,Millet (Pearl/Bajra),Hybrid,33.21,27.17,42.55,559.85,58.88,10.31,70,6.08,42.26,22.86,27.01,2.87,Red,39.7,Rainfed,Kharif,Rice,13.82,53.79,25.14,25.41,0,2.389
Maize,Maize (Sweet Corn),HYV,27.31,20.75,35.81,622.8,70.68,6.48,91,5.82,116.38,64.78,50.72,2.75,Loamy,52.17,Drip,Kharif,Sugarcane,11.73,115.05,58.75,47.79,0,8.986
Maize,Maize (Popcorn),HYV,25.95,20.03,37.37,721.29,67.57,6.92,88,5.88,87.29,54.51,48.46,3.04,Laterite,61.02,Drip,Rabi,Soybean,2.8,86.17,53.27,45.11,1,6.225
Wheat,Wheat (Sharbati),Traditional,19.65,14.19,29.68,458.13,54.66,9.9,118,6.11,84.83,47.69,33.71,3.82,Loamy,52.94,Drip,Rabi,Fallow,4.38,76.31,33.88,29.58,1,5.188
Millet,Millet (Sorghum/Jowar),HYV,27.98,21.87,39.26,402.8,66.42,7.16,107,6.07,78.8,33.11,25.36,1.92,Black,45.73,Rainfed,Rabi,Sugarcane,7.49,64.74,32.58,29.3,1,2.603
Rice,Rice (Non-Basmati),Traditional,30.22,22.43,40.65,1440.55,74.48,7.61,111,5.53,87.14,44.53,48.46,3.76,Alluvial,70.41,Flood,Kharif,Millet,4.71,80.09,35.01,28.89,0,6.656
Wheat,Wheat (Durum),Traditional,22.05,16.51,31.55,563.79,57.86,7.76,124,6.23,96.71,50.18,35.57,3.71,Loamy,45.4,Flood,Rabi,Rice,1.4,73.99,43.7,25.52,1,3.24
Soybean,Soybean (Food Grade),Hybrid,25.1,17.64,35.84,893.88,62.33,8.43,94,6.15,24.3,50.38,33.81,2.78,Laterite,56.72,Flood,Rabi,Sugarcane,15.79,30.48,51.48,41.73,1,2.507
Maize,Maize (Popcorn),Hybrid,23.98,18.88,32.27,620.75,66.94,7.12,96,6.42,81.0,47.08,41.35,2.63,Alluvial,57.81,Drip,Rabi,Wheat,7.67,98.13,54.96,47.36,0,7.623
Soybean,Soybean (Oil Grade),Hybrid,27.71,22.37,34.93,825.75,74.23,6.3,115,7.34,27.45,50.66,42.58,2.04,Black,66.37,Sprinkler,Kharif,Wheat,13.95,22.77,55.12,41.34,1,3.435
Maize,Maize (Sweet Corn),HYV,23.53,17.55,34.06,649.19,65.6,8.7,90,6.16,112.66,67.84,43.05,4.07,Alluvial,72.86,Flood,Rabi,Maize,19.84,133.51,65.09,66.78,1,8.182
Soybean,Soybean (Food Grade),Traditional,28.08,22.23,35.55,793.34,69.87,6.65,93,7.34,25.94,50.56,33.87,3.38,Black,55.37,Sprinkler,Kharif,Soybean,12.0,19.02,32.02,31.5,1,3.195
Wheat,Wheat (Durum),Traditional,20.37,13.5,31.56,546.69,56.46,8.46,128,7.24,89.9,56.41,34.67,2.5,Black,69.09,Sprinkler,Rabi,Sugarcane,7.86,77.61,42.13,28.34,1,2.805
Wheat,Wheat (Durum),Hybrid,19.31,13.98,27.95,500.9,50.59,8.23,131,6.45,95.68,46.25,35.35,1.56,Loamy,64.79,Flood,Rabi,Cotton,9.33,96.58,55.96,42.44,1,5.73
Soybean,Soybean (Food Grade),Hybrid,28.82,23.17,38.52,757.1,60.66,7.62,100,7.03,28.04,57.61,31.58,2.34,Loamy,72.33,Rainfed,Kharif,Cotton,14.03,23.99,52.3,32.53,0,1.741
Rice,Rice (Non-Basmati),Hybrid,28.24,20.71,37.39,1300.67,70.57,8.09,130,6.05,85.67,40.07,50.64,2.32,Loamy,74.79,Rainfed,Kharif,Millet,1.16,137.01,60.87,51.39,1,7.619
Wheat,Wheat (Common),Hybrid,17.05,10.84,25.45,495.92,59.26,9.72,114,6.66,89.76,42.82,35.08,1.88,Alluvial,60.14,Sprinkler,Zaid,Wheat,17.87,95.04,47.48,43.98,1,4.406
Maize,Maize (Popcorn),HYV,24.57,18.82,32.42,690.42,56.02,8.87,91,6.58,82.67,50.94,41.87,2.09,Alluvial,67.2,Drip,Rabi,Millet,3.96,96.24,43.27,43.04,0,4.537
Rice,Rice (Basmati),Hybrid,29.52,23.29,39.14,1238.56,76.71,8.33,131,7.37,70.74,37.28,31.21,3.83,Loamy,77.57,Flood,Kharif,Sugarcane,18.76,72.68,43.81,36.02,0,3.8
Millet,Millet (Foxtail),Traditional,28.35,22.49,35.5,418.99,58.89,7.87,67,6.2,31.31,24.47,19.2,1.8,Alluvial,42.93,Sprinkler,Rabi,Pulses,14.5,30.29,12.31,12.81,0,1.267
Rice,Rice (Basmati),HYV,27.07,19.98,35.41,1499.67,72.63,6.03,136,7.38,79.37,35.41,34.58,4.84,Alluvial,76.84,Flood,Kharif,Pulses,10.32,66.77,39.36,39.12,0,3.13
Millet,Millet (Sorghum/Jowar),Hybrid,31.99,24.77,42.58,667.1,54.51,9.71,124,7.31,70.16,37.41,30.02,2.25,Loamy,47.01,Rainfed,Kharif,Sugarcane,4.07,71.95,33.49,36.86,1,2.713
Rice,Rice (Basmati),Hybrid,25.85,19.79,36.65,1253.54,79.57,8.96,131,6.65,68.93,36.19,36.65,3.5,Clayey,76.12,Flood,Kharif,Soybean,15.7,66.88,42.79,43.91,1,4.358
Soybean,Soybean (Food Grade),Traditional,27.29,22.06,38.53,626.39,61.23,8.22,93,7.13,28.79,59.21,30.43,2.67,Black,59.53,Sprinkler,Rabi,Maize,8.64,16.38,47.11,31.08,1,1.497
Maize,Maize (Feed Corn),Hybrid,23.21,15.39,33.42,551.94,79.19,8.86,111,7.36,128.92,69.73,58.05,3.08,Loamy,77.3,Rainfed,Zaid,Soybean,12.02,156.7,73.5,61.13,1,6.979
Millet,Millet (Finger/Ragi),HYV,27.64,20.29,37.34,696.28,59.87,9.67,107,5.16,36.65,23.86,15.6,3.35,Desert,47.19,Rainfed,Rabi,Fallow,1.3,36.89,23.59,23.9,1,2.599
Maize,Maize (Popcorn),Hybrid,25.8,18.43,35.42,675.5,66.66,8.05,105,6.69,97.94,41.73,49.12,2.77,Loamy,62.45,Sprinkler,Kharif,Maize,10.17,90.31,55.39,52.78,1,7.171
Rice,Rice (Non-Basmati),Traditional,26.72,18.98,38.71,1190.3,70.77,6.83,132,6.09,82.28,41.05,48.55,4.8,Loamy,72.15,Drip,Kharif,Sugarcane,8.76,72.55,39.04,44.74,1,5.326
Soybean,Soybean (Food Grade),HYV,28.11,22.08,37.59,881.28,67.72,8.57,100,6.89,28.36,41.29,31.29,3.03,Clayey,56.05,Rainfed,Kharif,Soybean,18.3,20.35,43.27,39.71,0,2.434
Maize,Maize (Popcorn),HYV,26.9,19.71,34.32,657.5,67.43,6.48,85,6.82,92.43,44.73,42.41,4.41,Loamy,55.58,Flood,Rabi,Sugarcane,8.07,81.6,37.65,35.37,1,5.523
Wheat,Wheat (Sharbati),Traditional,19.89,13.34,31.71,425.93,61.1,9.46,135,7.13,93.41,45.61,33.08,2.52,Clayey,61.08,Drip,Zaid,Sugarcane,6.04,74.79,33.77,26.16,0,3.816
Rice,Rice (Basmati),Hybrid,28.62,23.26,40.13,1033.22,78.01,6.43,146,7.04,70.65,34.49,30.84,3.2,Loamy,82.75,Flood,Rabi,Soybean,14.0,72.06,36.37,41.68,1,5.378
Maize,Maize (Popcorn),Hybrid,26.36,19.26,35.06,743.04,65.36,6.41,93,6.89,89.46,54.59,41.51,2.28,Loamy,62.56,Sprinkler,Kharif,Rice,5.92,92.88,58.2,48.01,1,5.972
Maize,Maize (Popcorn),Hybrid,26.55,19.71,35.91,520.19,57.17,6.16,99,6.8,83.29,46.5,44.79,2.36,Loamy,58.32,Drip,Kharif,Fallow,8.29,90.47,48.58,39.95,0,7.043
Rice,Rice (Sona Masuri),Hybrid,27.68,21.91,38.31,1282.72,84.06,6.62,126,6.09,80.1,43.93,43.69,3.44,Red,65.54,Sprinkler,Kharif,Soybean,6.72,84.11,48.86,38.96,1,7.54
Rice,Rice (Sona Masuri),Hybrid,28.31,21.74,36.89,1193.67,83.8,7.5,127,6.21,75.83,41.96,43.45,2.72,Loamy,66.06,Flood,Kharif,Cotton,13.34,79.38,38.93,47.69,1,6.126
Millet,Millet (Pearl/Bajra),Traditional,31.35,24.28,40.9,504.28,42.18,10.83,65,7.48,53.89,24.65,28.16,1.48,Loamy,39.7,Drip,Kharif,Pulses,13.91,46.67,23.17,23.12,1,1.192
Millet,Millet (Finger/Ragi),Traditional,25.39,18.82,37.3,415.08,55.89,8.33,105,5.35,37.35,29.58,24.37,3.36,Red,44.21,Sprinkler,Kharif,Cotton,19.96,37.3,17.28,18.88,0,2.168
Millet,Millet (Pearl/Bajra),Traditional,32.07,25.37,43.27,597.29,58.84,9.82,85,7.7,56.77,29.33,22.4,2.83,Sandy,41.26,Rainfed,Kharif,Pulses,10.98,43.87,16.3,20.01,1,1.518
Maize,Maize (Feed Corn),HYV,28.87,23.24,39.03,843.25,73.78,7.99,119,7.48,124.95,63.96,57.61,4.24,Black,62.56,Flood,Kharif,Cotton,9.9,116.03,64.95,43.23,1,7.396
Millet,Millet (Finger/Ragi),Traditional,25.41,19.89,36.8,430.07,53.24,9.12,101,6.78,37.03,21.02,23.95,3.49,Loamy,47.97,Sprinkler,Rabi,Millet,11.54,30.52,16.09,18.02,0,1.553
Maize,Maize (Sweet Corn),Traditional,25.06,17.95,35.84,609.27,63.87,8.77,90,6.14,106.1,50.49,56.51,2.03,Loamy,61.94,Sprinkler,Kharif,Rice,17.29,86.88,45.31,38.57,1,6.586
Millet,Millet (Pearl/Bajra),Hybrid,29.84,22.32,41.31,328.34,48.86,10.91,87,7.09,53.43,21.86,27.46,1.55,Sandy,37.04,Rainfed,Kharif,Millet,18.12,44.77,25.11,23.03,1,1.79
Soybean,Soybean (Food Grade),Hybrid,24.3,16.78,34.64,787.95,71.0,7.75,105,7.0,22.54,56.91,34.59,2.16,Alluvial,63.79,Sprinkler,Zaid,Wheat,17.74,26.1,46.74,34.33,1,3.269
Rice,Rice (Sona Masuri),HYV,28.48,21.21,35.81,1166.73,80.11,6.4,136,6.21,84.75,35.19,44.26,3.93,Loamy,69.85,Flood,Kharif,Wheat,16.45,88.96,35.04,44.77,1,5.647
Maize,Maize (Feed Corn),Traditional,24.28,18.39,34.3,729.71,77.44,6.49,119,6.57,139.28,69.63,68.35,2.42,Sandy,58.21,Flood,Zaid,Pulses,1.01,116.78,50.74,53.2,0,5.952
Rice,Rice (Basmati),Hybrid,25.94,18.36,37.03,1270.4,80.65,6.94,140,7.35,73.03,33.14,32.54,4.46,Alluvial,82.0,Sprinkler,Kharif,Soybean,8.69,70.21,39.75,37.79,0,6.5
Maize,Maize (Feed Corn),Traditional,27.96,21.24,36.95,689.73,76.97,7.46,98,6.25,146.54,65.32,64.51,4.87,Black,71.21,Flood,Kharif,Millet,17.07,147.69,79.61,58.76,1,5.378
Wheat,Wheat (Sharbati),HYV,19.03,11.18,26.43,587.69,55.85,9.37,117,6.49,92.91,48.67,38.1,2.59,Black,41.15,Sprinkler,Rabi,Wheat,9.57,95.16,42.2,33.28,1,4.845
Millet,Millet (Finger/Ragi),Hybrid,29.13,23.84,38.06,497.15,56.62,7.58,122,5.99,38.56,21.87,17.08,3.45,Desert,48.48,Sprinkler,Kharif,Maize,4.38,37.8,27.52,26.06,0,2.483
Soybean,Soybean (Food Grade),HYV,25.38,20.09,33.7,701.83,63.14,8.54,98,6.37,27.98,49.3,30.13,2.54,Red,72.92,Rainfed,Kharif,Wheat,6.95,22.98,44.25,30.62,1,3.202
Soybean,Soybean (Food Grade),Traditional,27.65,21.45,36.08,794.25,65.16,8.24,108,6.42,24.76,48.5,34.66,2.84,Loamy,61.75,Rainfed,Kharif,Wheat,0.79,23.41,44.13,30.89,1,2.115
Rice,Rice (Non-Basmati),Hybrid,26.87,21.56,36.95,1157.78,86.85,8.98,126,5.52,84.88,51.74,45.95,4.72,Alluvial,75.15,Flood,Kharif,Maize,4.77,122.42,57.55,50.93,0,8.789
Millet,Millet (Foxtail),Traditional,26.39,19.18,33.47,543.86,59.12,8.79,62,5.67,36.9,23.05,17.37,2.63,Sandy,57.47,Rainfed,Rabi,Maize,18.26,28.09,16.08,14.39,1,1.465
Maize,Maize (Popcorn),HYV,23.99,16.85,33.12,647.32,60.56,6.8,86,6.08,94.72,42.03,41.18,3.11,Black,64.03,Drip,Kharif,Wheat,1.59,87.86,55.44,42.2,1,5.277
Rice,Rice (Non-Basmati),Hybrid,29.78,22.84,39.7,1191.74,82.07,6.17,119,7.29,103.12,53.12,45.67,4.61,Clayey,78.63,Drip,Kharif,Fallow,8.01,120.8,52.59,51.41,1,8.408
Wheat,Wheat (Sharbati),HYV,19.89,13.41,28.19,410.68,54.38,9.05,132,6.29,84.08,46.15,39.03,3.74,Desert,41.74,Drip,Rabi,Fallow,18.61,87.72,46.24,34.8,1,5.259
Millet,Millet (Pearl/Bajra),Hybrid,28.32,21.94,35.68,514.34,45.36,9.04,70,7.6,46.38,26.66,29.37,2.43,Red,31.73,Sprinkler,Kharif,Fallow,7.1,59.97,30.72,23.83,1,2.256
Millet,Millet (Finger/Ragi),HYV,26.19,20.44,34.51,419.21,55.97,7.83,109,5.91,31.47,27.1,17.99,2.91,Alluvial,41.9,Rainfed,Kharif,Pulses,2.67,34.0,20.04,23.88,1,1.765
Millet,Millet (Sorghum/Jowar),HYV,31.96,25.11,39.96,462.4,51.18,9.66,104,7.53,78.56,39.58,29.06,3.33,Loamy,44.19,Rainfed,Rabi,Soybean,3.0,78.82,38.26,33.18,1,1.633
Millet,Millet (Foxtail),HYV,30.58,24.15,40.11,317.04,54.75,7.73,72,6.1,31.47,17.92,19.4,2.8,Loamy,56.53,Sprinkler,Kharif,Maize,13.24,32.89,21.28,18.0,1,2.02
Millet,Millet (Foxtail),Traditional,30.26,23.53,41.51,414.3,59.29,7.55,78,6.71,37.07,16.41,17.57,1.67,Red,46.22,Sprinkler,Rabi,Pulses,3.87,22.85,12.75,11.41,1,2.212
Millet,Millet (Sorghum/Jowar),HYV,27.72,20.95,36.07,557.89,50.93,8.73,114,6.75,69.07,32.29,30.5,3.3,Red,62.11,Rainfed,Rabi,Soybean,4.86,67.84,37.92,27.98,0,1.749
Wheat,Wheat (Sharbati),HYV,19.22,12.74,29.47,424.93,62.43,9.51,125,6.28,90.02,41.06,37.63,2.62,Loamy,47.78,Drip,Rabi,Millet,2.91,108.4,55.24,48.96,1,5.482
Rice,Rice (Non-Basmati),Traditional,26.87,21.17,38.39,1118.45,74.4,6.93,126,6.66,94.57,41.61,57.74,2.6,Clayey,83.71,Sprinkler,Kharif,Fallow,6.91,82.26,44.35,46.85,1,4.857
Rice,Rice (Basmati),HYV,26.26,21.21,36.76,1322.4,76.16,7.58,140,7.41,79.73,30.89,32.91,3.12,Alluvial,79.41,Flood,Kharif,Cotton,5.46,63.12,37.22,37.22,0,2.877
Soybean,Soybean (Oil Grade),Hybrid,26.47,20.73,34.23,783.6,70.79,6.03,107,6.25,20.68,53.21,37.37,3.23,Black,74.16,Flood,Kharif,Soybean,3.78,31.38,71.19,49.2,0,2.929
Soybean,Soybean (Oil Grade),Traditional,26.69,19.97,36.65,928.17,78.67,7.72,115,7.39,29.48,69.95,37.49,2.33,Red,62.14,Drip,Kharif,Millet,17.03,24.1,61.01,42.43,0,3.87
Wheat,Wheat (Sharbati),Traditional,17.55,11.25,29.05,406.92,59.38,8.0,115,6.38,88.33,46.56,32.8,3.9,Sandy,45.51,Sprinkler,Kharif,Fallow,10.08,77.32,35.12,27.17,1,2.946
Rice,Rice (Basmati),HYV,28.11,20.13,37.04,1286.92,76.23,8.54,130,6.29,78.36,31.02,35.06,2.66,Alluvial,60.97,Sprinkler,Kharif,Millet,11.84,70.33,37.59,32.82,1,6.341
Maize,Maize (Sweet Corn),HYV,23.99,17.11,35.94,755.54,71.69,7.32,83,6.16,107.17,54.53,53.04,2.76,Loamy,55.87,Sprinkler,Zaid,Rice,7.0,100.51,68.32,57.16,1,4.929
Soybean,Soybean (Food Grade),HYV,28.71,23.36,36.09,824.69,77.82,6.07,94,6.01,24.73,54.21,37.8,2.44,Alluvial,65.04,Rainfed,Kharif,Soybean,13.42,21.7,37.07,32.75,1,1.988
Millet,Millet (Sorghum/Jowar),Traditional,30.7,24.83,38.29,618.16,65.81,8.94,91,7.56,72.08,39.11,26.0,3.35,Black,52.14,Sprinkler,Rabi,Maize,2.55,57.92,29.65,24.42,0,2.628
Wheat,Wheat (Sharbati),HYV,19.49,13.28,27.28,430.81,52.4,8.8,115,7.48,93.18,48.25,39.41,2.46,Loamy,48.76,Sprinkler,Rabi,Wheat,12.53,87.85,49.7,30.55,1,4.186
Millet,Millet (Pearl/Bajra),HYV,30.43,22.53,37.6,309.79,49.97,8.88,85,7.3,41.75,28.79,20.99,1.9,Red,45.73,Sprinkler,Kharif,Soybean,7.13,51.42,26.21,22.62,1,1.22
Maize,Maize (Popcorn),Traditional,25.59,19.14,37.12,507.63,65.78,7.49,92,5.88,86.4,58.83,47.69,2.2,Loamy,59.29,Drip,Kharif,Millet,9.23,78.65,40.18,33.66,1,4.858
Wheat,Wheat (Common),Hybrid,17.69,12.08,26.77,516.74,56.45,7.42,117,6.76,94.05,49.04,34.56,3.05,Sandy,55.38,Rainfed,Rabi,Soybean,7.31,96.05,46.28,43.28,1,4.541
Wheat,Wheat (Durum),HYV,21.17,15.73,31.8,520.7,59.79,8.25,128,6.33,87.77,54.89,37.05,2.0,Alluvial,53.77,Flood,Rabi,Wheat,1.31,91.99,54.64,36.55,0,4.839
Wheat,Wheat (Common),Traditional,21.56,14.64,30.88,421.79,57.04,9.0,114,6.93,84.7,49.73,37.37,3.3,Black,66.19,Rainfed,Rabi,Pulses,19.8,71.26,37.44,28.56,1,3.861
Maize,Maize (Popcorn),Hybrid,26.12,19.23,37.16,657.07,67.63,8.81,86,6.97,80.8,48.32,44.93,3.78,Loamy,66.23,Flood,Kharif,Soybean,8.58,104.96,48.68,53.42,1,4.77
Soybean,Soybean (Food Grade),Traditional,27.23,22.1,36.13,898.42,77.3,8.9,91,7.46,22.34,53.26,37.64,2.02,Red,68.34,Sprinkler,Rabi,Pulses,7.89,16.33,25.13,21.2,1,2.275
Millet,Millet (Pearl/Bajra),Traditional,30.6,25.36,39.36,427.22,44.12,8.53,88,6.2,49.86,26.35,25.88,1.56,Red,51.52,Rainfed,Kharif,Sugarcane,15.44,46.23,22.56,21.9,1,2.015
Soybean,Soybean (Oil Grade),Traditional,28.57,20.87,36.83,765.0,68.58,7.96,100,6.79,29.37,50.37,40.25,3.7,Alluvial,78.03,Rainfed,Kharif,Millet,12.22,18.93,49.5,33.01,1,3.255
Wheat,Wheat (Durum),HYV,21.92,14.0,29.38,568.25,59.83,9.01,138,6.37,97.37,51.69,35.47,2.99,Loamy,51.31,Drip,Rabi,Soybean,15.42,110.02,74.16,40.18,1,4.377
Millet,Millet (Foxtail),Traditional,26.93,21.92,38.19,534.46,62.89,7.48,72,6.49,34.5,21.81,15.19,1.56,Red,55.84,Sprinkler,Kharif,Maize,17.74,31.28,19.95,15.66,1,1.885
Wheat,Wheat (Common),Hybrid,19.84,13.23,28.12,591.95,69.0,7.01,116,7.26,84.08,46.49,37.75,1.66,Black,41.1,Sprinkler,Rabi,Sugarcane,10.11,97.88,46.9,35.45,1,5.885
Soybean,Soybean (Oil Grade),HYV,27.88,20.33,36.82,694.6,66.21,7.78,119,6.91,28.06,57.27,35.35,2.79,Clayey,71.88,Rainfed,Kharif,Maize,15.15,21.89,55.47,30.98,1,2.983
Millet,Millet (Foxtail),Traditional,26.35,20.02,33.56,477.85,54.56,9.24,76,6.69,36.95,24.32,18.26,1.33,Loamy,46.41,Rainfed,Rabi,Soybean,10.69,31.2,13.72,15.2,1,1.224
Rice,Rice (Basmati),Traditional,26.97,20.55,38.24,1170.0,83.04,6.26,145,6.53,73.61,32.74,38.28,4.22,Clayey,79.73,Flood,Kharif,Pulses,6.78,58.67,27.48,31.62,1,5.241
Wheat,Wheat (Common),Traditional,20.0,12.33,28.35,423.64,52.62,8.48,125,6.83,97.06,45.18,39.88,1.83,Loamy,60.29,Sprinkler,Rabi,Millet,8.84,68.83,39.59,28.05,0,4.618
Wheat,Wheat (Sharbati),Traditional,21.75,15.93,33.13,594.98,62.34,7.06,116,7.02,85.9,42.69,31.85,2.48,Black,48.57,Sprinkler,Rabi,Millet,15.9,57.77,32.36,23.58,1,3.756
Wheat,Wheat (Common),Traditional,19.72,12.97,30.53,532.36,58.93,7.57,112,7.2,89.8,40.33,32.86,2.39,Loamy,63.5,Flood,Rabi,Maize,4.04,67.04,35.21,30.92,1,4.098
Rice,Rice (Non-Basmati),Hybrid,28.89,22.31,36.59,1557.35,88.57,8.05,139,6.8,81.04,56.96,59.02,3.99,Desert,77.82,Flood,Kharif,Rice,3.23,127.12,50.86,44.93,1,7.949
Maize,Maize (Sweet Corn),Hybrid,23.84,16.35,31.24,704.3,61.7,7.6,100,5.87,111.72,54.04,40.17,2.95,Alluvial,60.73,Sprinkler,Kharif,Soybean,19.6,115.3,60.57,51.97,1,8.499
Soybean,Soybean (Food Grade),Hybrid,24.82,17.11,33.67,825.15,65.39,7.17,98,6.61,24.74,43.95,37.3,3.76,Loamy,68.04,Sprinkler,Kharif,Sugarcane,10.05,36.52,53.68,49.44,1,3.363
Rice,Rice (Non-Basmati),Traditional,31.62,23.91,41.33,1388.66,84.1,6.79,138,6.88,100.51,49.51,52.9,3.67,Loamy,81.1,Flood,Kharif,Pulses,9.26,81.92,41.45,47.55,1,4.779
Millet,Millet (Foxtail),Hybrid,31.81,26.72,42.82,453.8,46.42,8.02,64,5.53,36.01,18.08,17.37,2.29,Loamy,58.06,Rainfed,Kharif,Cotton,10.66,41.85,19.54,17.05,0,2.053
Rice,Rice (Non-Basmati),Hybrid,29.77,21.96,38.26,1279.58,84.35,7.83,138,7.14,93.72,43.87,43.97,4.2,Black,80.35,Flood,Kharif,Sugarcane,5.38,89.6,65.65,54.01,1,5.971
Millet,Millet (Pearl/Bajra),HYV,32.79,27.21,42.57,544.49,42.01,9.83,66,6.07,50.08,28.99,20.84,2.17,Sandy,30.86,Rainfed,Kharif,Cotton,2.57,47.65,27.77,21.29,1,1.036
Millet,Millet (Sorghum/Jowar),HYV,27.27,22.16,37.56,533.81,59.62,7.09,121,7.31,67.35,32.02,34.07,1.89,Black,47.39,Sprinkler,Kharif,Fallow,19.67,63.79,30.39,28.02,1,3.735
Rice,Rice (Basmati),Traditional,27.09,21.43,34.09,1457.5,82.66,8.23,135,7.1,77.52,37.23,32.32,4.12,Clayey,67.69,Sprinkler,Kharif,Fallow,15.11,51.72,30.0,26.2,0,2.796
Wheat,Wheat (Sharbati),Hybrid,19.41,11.77,28.05,514.07,63.23,8.03,119,6.22,81.75,41.23,39.96,2.54,Red,51.95,Sprinkler,Rabi,Fallow,17.24,91.4,52.63,41.01,0,3.912
Soybean,Soybean (Oil Grade),Traditional,27.59,21.34,38.57,716.59,67.11,7.08,105,6.89,24.94,55.95,42.1,2.45,Red,57.25,Rainfed,Kharif,Wheat,13.7,19.98,45.39,27.64,1,1.491
Soybean,Soybean (Food Grade),HYV,29.92,24.5,39.17,646.45,69.25,7.89,110,6.27,22.04,53.32,30.14,3.46,Red,54.31,Sprinkler,Kharif,Rice,11.0,24.74,49.22,31.59,1,2.408
Maize,Maize (Sweet Corn),Traditional,23.72,16.57,34.31,513.6,68.82,8.88,96,6.68,113.96,50.99,52.44,4.68,Alluvial,71.09,Sprinkler,Rabi,Millet,10.34,84.73,50.75,41.11,1,7.494
Soybean,Soybean (Oil Grade),Traditional,27.6,20.4,38.37,905.42,75.8,6.02,114,7.15,25.7,59.36,37.95,3.33,Sandy,76.06,Rainfed,Kharif,Millet,3.73,20.95,52.2,29.08,1,1.917
Wheat,Wheat (Sharbati),HYV,18.09,11.5,26.68,470.31,56.64,9.62,130,7.27,84.91,47.78,36.49,3.01,Black,42.22,Sprinkler,Kharif,Soybean,10.03,98.81,43.45,35.91,1,4.41
Wheat,Wheat (Sharbati),Hybrid,19.25,13.3,29.88,496.31,53.03,8.64,123,6.03,84.08,42.42,32.48,2.48,Black,46.79,Flood,Rabi,Rice,19.37,88.55,40.52,37.11,1,4.363
Maize,Maize (Feed Corn),Hybrid,23.13,15.18,32.75,639.65,72.13,6.85,92,7.29,128.02,62.47,51.32,4.25,Black,71.87,Flood,Kharif,Pulses,19.84,155.76,86.83,73.14,1,7.709
Wheat,Wheat (Sharbati),Hybrid,17.67,9.73,29.1,444.87,53.51,9.84,129,6.67,93.16,45.35,35.51,2.31,Clayey,51.87,Sprinkler,Rabi,Fallow,1.54,66.05,33.0,26.99,0,6.293
Rice,Rice (Sona Masuri),HYV,28.2,21.67,38.23,1110.43,76.41,7.45,133,6.52,89.66,40.32,37.02,3.11,Alluvial,84.51,Flood,Kharif,Pulses,15.68,81.87,37.83,36.09,0,4.371
Wheat,Wheat (Durum),Traditional,22.63,15.23,30.93,536.08,52.01,9.71,130,6.74,92.06,44.46,35.71,3.74,Black,60.65,Drip,Rabi,Sugarcane,10.69,63.86,30.09,26.2,1,4.288
Wheat,Wheat (Common),Hybrid,19.7,13.32,31.48,452.68,51.84,8.62,129,6.62,83.74,48.81,33.27,3.44,Loamy,68.46,Flood,Rabi,Rice,3.56,96.5,53.91,33.37,0,4.828
Maize,Maize (Popcorn),HYV,26.74,21.34,38.34,713.62,58.39,6.37,100,6.83,81.26,50.17,48.7,2.18,Loamy,50.52,Sprinkler,Rabi,Fallow,19.11,94.87,41.2,46.28,1,4.981
Maize,Maize (Sweet Corn),HYV,24.11,16.74,33.68,779.64,71.26,7.61,88,5.93,102.73,70.0,46.71,3.22,Black,71.39,Drip,Kharif,Rice,10.57,118.9,56.78,57.9,1,6.825
Soybean,Soybean (Oil Grade),HYV,28.54,21.47,39.85,699.16,76.74,7.55,119,7.08,23.19,57.82,44.71,2.1,Red,63.85,Sprinkler,Kharif,Sugarcane,4.24,21.01,63.88,41.36,1,4.16
Millet,Millet (Pearl/Bajra),Traditional,29.51,22.31,40.68,420.13,56.13,8.47,76,7.64,52.94,23.29,22.85,1.92,Alluvial,36.47,Rainfed,Kharif,Pulses,14.85,38.62,17.88,19.02,1,1.695
Rice,Rice (Non-Basmati),Traditional,30.89,23.2,41.0,1340.72,89.81,7.34,126,7.17,92.94,45.05,45.58,4.85,Loamy,73.98,Sprinkler,Kharif,Cotton,12.36,78.84,30.52,31.09,1,7.408
Wheat,Wheat (Sharbati),Traditional,21.65,15.1,30.66,590.95,64.44,7.57,123,6.83,99.12,43.93,36.21,3.67,Alluvial,52.64,Drip,Kharif,Millet,11.15,77.3,32.94,29.04,1,3.544
Maize,Maize (Sweet Corn),HYV,24.9,18.8,34.0,643.07,64.47,8.81,83,6.27,101.73,50.67,40.08,4.81,Loamy,74.89,Sprinkler,Kharif,Maize,16.37,86.39,48.42,50.44,0,7.321
Millet,Millet (Pearl/Bajra),Hybrid,28.41,21.35,36.03,254.4,43.51,10.89,73,6.25,57.19,24.97,24.54,1.83,Red,48.44,Sprinkler,Kharif,Millet,8.96,53.38,32.01,24.78,1,2.363
Millet,Millet (Sorghum/Jowar),HYV,28.63,22.43,38.17,434.28,54.92,8.31,95,6.32,62.5,35.07,26.67,3.0,Black,59.32,Sprinkler,Kharif,Wheat,1.67,68.77,38.47,26.79,1,3.539
Wheat,Wheat (Durum),HYV,18.26,11.66,28.37,530.7,65.96,9.06,128,6.21,81.17,45.5,30.19,3.83,Alluvial,52.6,Drip,Rabi,Wheat,19.13,79.44,43.13,26.97,1,6.053
Rice,Rice (Non-Basmati),HYV,30.15,23.1,41.35,1166.28,83.19,7.73,130,6.69,87.57,47.22,57.24,3.27,Loamy,87.89,Sprinkler,Kharif,Maize,13.21,116.65,47.77,51.93,1,9.1
Soybean,Soybean (Food Grade),Traditional,29.87,22.95,38.0,713.1,73.27,7.83,101,7.08,24.87,41.77,38.34,3.73,Red,71.12,Rainfed,Zaid,Rice,13.68,11.9,27.85,20.85,1,1.919
Millet,Millet (Pearl/Bajra),Traditional,30.5,23.19,38.91,276.21,43.98,10.46,70,7.15,50.77,27.49,21.96,1.42,Black,33.26,Rainfed,Kharif,Millet,2.49,32.54,15.65,19.64,1,0.918
Millet,Millet (Pearl/Bajra),HYV,34.91,27.09,46.7,417.57,53.54,8.04,86,7.78,47.12,26.7,20.66,2.0,Black,35.67,Rainfed,Rabi,Soybean,2.71,45.63,21.8,27.98,0,1.274
Soybean,Soybean (Food Grade),Traditional,27.94,20.66,38.35,848.69,60.46,8.71,93,6.3,28.23,49.26,38.8,3.2,Red,61.67,Sprinkler,Kharif,Soybean,14.36,21.99,38.9,27.64,0,3.435
Wheat,Wheat (Durum),Traditional,21.34,14.23,29.2,600.34,64.5,9.99,137,6.26,94.97,41.63,34.94,2.43,Black,67.63,Sprinkler,Rabi,Millet,7.24,99.2,52.49,38.11,1,3.877
Maize,Maize (Feed Corn),Traditional,28.1,22.42,36.28,561.02,79.67,6.17,98,6.34,145.19,63.77,59.38,2.7,Loamy,58.11,Sprinkler,Kharif,Cotton,19.52,104.94,52.42,41.26,1,6.85
Millet,Millet (Foxtail),Traditional,28.16,22.06,37.0,538.95,56.75,7.94,71,7.19,36.42,23.51,18.22,2.83,Laterite,45.06,Sprinkler,Rabi,Millet,11.51,27.2,19.63,15.05,1,1.566
Wheat,Wheat (Sharbati),Hybrid,19.59,12.57,30.06,439.44,64.56,7.32,117,6.22,97.55,41.73,34.41,2.17,Alluvial,51.2,Drip,Rabi,Millet,19.02,94.78,50.44,36.92,1,4.965
Maize,Maize (Sweet Corn),Hybrid,26.93,19.78,34.22,564.14,74.03,7.87,97,6.58,103.57,67.86,53.13,3.41,Loamy,61.43,Flood,Kharif,Fallow,10.4,126.52,67.83,63.01,1,7.074
Millet,Millet (Pearl/Bajra),Traditional,33.31,27.88,40.46,576.02,46.27,10.38,84,6.01,44.31,21.05,28.23,1.34,Sandy,54.84,Sprinkler,Kharif,Fallow,15.2,47.74,20.84,20.34,1,1.487
Wheat,Wheat (Sharbati),Traditional,18.2,11.91,29.26,415.45,62.13,9.77,130,6.99,88.77,40.04,34.84,3.55,Black,63.63,Sprinkler,Rabi,Pulses,12.03,67.17,27.36,20.93,1,3.932
Rice,Rice (Non-Basmati),HYV,28.89,22.98,39.79,1562.97,84.33,8.92,115,6.55,88.91,56.92,56.36,3.19,Black,79.72,Flood,Kharif,Sugarcane,0.79,100.33,44.07,55.26,1,7.105
Soybean,Soybean (Oil Grade),Hybrid,27.64,22.03,39.49,873.75,70.93,8.6,112,6.03,23.24,64.17,39.01,4.0,Alluvial,67.76,Drip,Kharif,Cotton,6.35,31.01,64.69,43.2,1,4.348
Millet,Millet (Pearl/Bajra),Hybrid,33.0,25.76,41.32,255.24,55.99,9.08,69,6.04,56.01,22.73,26.71,2.32,Sandy,33.62,Rainfed,Kharif,Cotton,5.46,63.36,30.96,27.44,1,1.869
Wheat,Wheat (Durum),Hybrid,20.75,15.15,31.12,591.72,65.22,9.68,140,6.67,96.08,41.97,32.76,2.43,Loamy,47.6,Drip,Rabi,Rice,2.23,93.43,48.99,31.6,1,7.15
Maize,Maize (Feed Corn),Hybrid,25.19,19.61,34.29,792.89,74.14,7.15,108,6.64,143.62,64.99,52.07,4.05,Black,64.26,Sprinkler,Kharif,Wheat,7.19,144.77,84.74,71.76,1,9.614
Soybean,Soybean (Oil Grade),Traditional,25.49,18.91,33.1,883.75,71.09,7.83,114,6.4,22.74,56.71,37.72,2.06,Alluvial,62.35,Rainfed,Kharif,Sugarcane,5.89,16.68,40.58,30.39,1,1.888
Rice,Rice (Non-Basmati),HYV,26.27,18.91,36.66,1336.4,88.0,7.01,126,7.12,110.36,45.32,43.02,4.1,Loamy,71.44,Sprinkler,Kharif,Millet,15.88,81.34,47.71,58.07,1,6.8
Rice,Rice (Basmati),Traditional,28.27,20.8,35.59,1388.4,82.32,7.38,135,7.18,75.47,37.48,31.51,2.65,Alluvial,71.6,Sprinkler,Rabi,Wheat,15.78,56.23,29.89,27.49,1,2.505
Soybean,Soybean (Food Grade),Traditional,28.84,22.29,38.63,638.38,69.76,7.26,105,6.69,24.35,59.97,39.22,2.21,Red,61.78,Rainfed,Kharif,Maize,13.35,18.01,40.53,25.57,0,2.532
Millet,Millet (Pearl/Bajra),Hybrid,30.28,24.82,40.98,495.75,56.94,10.95,80,6.67,43.17,28.24,26.43,1.2,Black,45.46,Flood,Kharif,Rice,14.5,52.92,24.66,27.65,1,1.643
Maize,Maize (Popcorn),Hybrid,22.26,15.33,34.2,631.86,59.55,7.75,99,5.85,80.14,52.31,46.74,3.77,Alluvial,67.28,Drip,Kharif,Maize,5.3,98.07,58.72,50.39,1,6.987
Rice,Rice (Sona Masuri),Traditional,30.98,25.07,42.37,1241.22,76.8,6.67,120,6.7,72.2,40.69,37.73,3.54,Black,65.45,Sprinkler,Zaid,Sugarcane,11.99,66.45,35.76,32.64,1,4.554
Wheat,Wheat (Durum),HYV,20.57,12.84,29.32,517.17,66.4,7.96,139,7.24,93.02,59.75,31.79,1.63,Black,66.28,Flood,Rabi,Wheat,2.62,79.62,49.49,29.66,0,2.79
Wheat,Wheat (Durum),Hybrid,19.3,11.62,29.75,598.77,58.07,8.8,138,6.55,91.63,44.52,30.41,1.93,Alluvial,46.15,Drip,Rabi,Rice,16.08,107.53,64.18,36.57,1,6.267
Wheat,Wheat (Sharbati),Hybrid,21.03,13.92,32.37,521.73,58.74,8.13,124,7.03,89.56,45.41,33.23,3.67,Alluvial,64.99,Sprinkler,Rabi,Fallow,10.14,92.67,49.11,41.18,1,6.5
Millet,Millet (Sorghum/Jowar),HYV,32.6,26.78,39.94,453.71,69.94,8.92,100,6.22,66.54,37.77,31.51,2.35,Red,51.53,Rainfed,Rabi,Pulses,10.09,76.62,35.73,34.82,0,2.482
Wheat,Wheat (Durum),Hybrid,18.24,12.76,27.14,497.75,64.74,9.71,140,7.49,81.57,42.6,30.84,2.85,Loamy,51.67,Sprinkler,Rabi,Maize,18.71,88.09,64.09,34.67,1,3.877
Wheat,Wheat (Common),HYV,21.43,13.55,29.56,515.67,59.72,8.61,128,6.9,92.59,49.35,35.15,3.99,Loamy,44.79,Sprinkler,Rabi,Cotton,4.61,67.33,29.54,23.92,1,5.599
Wheat,Wheat (Common),Hybrid,18.96,13.76,30.06,507.65,69.42,9.83,120,7.46,85.97,42.57,38.95,3.27,Black,50.37,Drip,Rabi,Cotton,18.8,106.83,49.82,40.45,1,6.397
Maize,Maize (Popcorn),Hybrid,24.2,19.0,32.31,740.99,57.26,6.82,101,6.89,98.5,41.19,48.98,2.36,Loamy,57.95,Drip,Kharif,Sugarcane,14.35,108.84,44.96,53.84,1,4.432
Soybean,Soybean (Oil Grade),Traditional,28.4,21.71,39.79,880.51,68.0,8.2,105,7.48,22.83,51.4,41.35,3.56,Clayey,73.99,Rainfed,Kharif,Rice,5.52,18.9,40.65,34.53,1,2.574
Soybean,Soybean (Food Grade),Traditional,29.62,23.17,39.93,766.29,77.99,6.27,95,6.64,23.37,46.12,30.47,2.42,Black,66.33,Rainfed,Kharif,Pulses,2.04,16.97,35.79,31.25,0,2.237
Rice,Rice (Basmati),Traditional,29.01,23.8,39.45,1087.47,78.95,8.51,137,7.39,73.97,32.57,35.64,3.6,Clayey,63.45,Flood,Zaid,Sugarcane,17.6,56.2,29.41,31.68,1,4.326
Maize,Maize (Feed Corn),HYV,26.9,21.57,37.81,560.07,79.6,8.9,114,6.49,138.46,74.89,51.59,2.3,Alluvial,56.85,Sprinkler,Kharif,Maize,15.56,149.01,70.73,50.64,0,7.899
Wheat,Wheat (Sharbati),HYV,21.88,15.26,32.1,416.51,59.17,9.3,122,6.4,99.94,48.25,34.44,2.22,Clayey,61.67,Drip,Kharif,Millet,17.57,92.9,40.33,31.77,1,4.712
Rice,Rice (Sona Masuri),Traditional,28.34,21.44,40.01,1238.35,82.86,8.59,130,6.95,86.62,36.67,42.98,2.45,Red,61.94,Sprinkler,Rabi,Rice,2.82,68.92,30.83,29.28,1,4.412
Maize,Maize (Popcorn),HYV,25.36,18.09,35.63,628.93,67.26,6.97,96,6.22,99.69,53.03,49.55,2.53,Loamy,59.05,Sprinkler,Rabi,Maize,16.39,81.89,43.81,44.71,1,5.358
Soybean,Soybean (Oil Grade),HYV,26.51,19.33,35.73,739.15,76.03,7.86,112,6.15,26.93,61.51,39.19,3.54,Alluvial,65.13,Rainfed,Rabi,Wheat,9.89,21.44,57.59,35.48,0,3.522
Rice,Rice (Sona Masuri),Hybrid,27.7,20.65,37.09,1032.59,72.12,8.24,139,6.4,88.01,35.47,40.16,3.13,Alluvial,83.22,Sprinkler,Kharif,Soybean,15.81,96.03,42.87,45.6,1,7.8
Wheat,Wheat (Durum),Hybrid,22.29,16.93,29.77,514.69,62.71,9.13,121,6.59,81.26,49.88,32.43,1.63,Loamy,53.26,Sprinkler,Rabi,Fallow,3.7,99.78,56.56,39.1,1,4.348
Millet,Millet (Pearl/Bajra),Hybrid,32.32,26.89,40.57,396.54,59.35,8.35,68,6.87,59.84,21.93,24.68,2.97,Red,46.42,Rainfed,Zaid,Wheat,16.42,49.2,24.19,23.03,0,1.921
Soybean,Soybean (Food Grade),Traditional,29.87,23.76,36.89,613.79,78.43,8.06,91,7.22,28.45,41.4,31.3,3.8,Clayey,59.73,Flood,Rabi,Millet,12.68,23.75,38.31,28.54,1,1.297
Wheat,Wheat (Sharbati),HYV,18.11,10.97,26.59,553.05,56.29,9.39,134,6.78,91.91,48.15,37.21,3.32,Alluvial,57.6,Drip,Rabi,Millet,5.46,98.07,46.75,34.4,1,5.694
Rice,Rice (Sona Masuri),Hybrid,28.79,21.43,38.54,1044.43,82.14,8.28,134,5.79,75.43,37.96,40.08,2.33,Red,69.63,Flood,Zaid,Wheat,11.53,92.51,46.59,47.45,1,5.098
Rice,Rice (Non-Basmati),HYV,28.49,21.09,37.02,1335.01,70.39,8.2,137,5.77,91.58,53.25,52.26,3.59,Clayey,82.07,Flood,Kharif,Sugarcane,13.72,111.16,54.5,41.19,0,5.38
Wheat,Wheat (Durum),HYV,21.6,14.45,28.79,473.17,68.09,9.38,138,6.25,85.22,53.16,39.45,3.04,Loamy,45.66,Sprinkler,Zaid,Pulses,3.33,91.79,49.11,32.63,1,3.3
Rice,Rice (Sona Masuri),Hybrid,26.53,21.11,37.91,1120.14,74.58,7.16,123,6.46,82.86,41.12,36.6,3.14,Loamy,60.19,Sprinkler,Kharif,Fallow,5.39,93.63,43.67,46.39,1,7.402
Wheat,Wheat (Common),Traditional,21.33,15.35,29.94,467.29,66.37,9.39,111,6.94,88.76,45.61,39.77,3.08,Loamy,57.73,Sprinkler,Rabi,Soybean,4.26,64.6,35.16,27.21,1,4.232
Millet,Millet (Sorghum/Jowar),Traditional,31.62,24.02,43.58,570.26,52.9,8.49,95,6.12,69.7,39.36,32.19,2.51,Red,40.13,Rainfed,Rabi,Soybean,16.18,56.38,26.15,20.82,1,1.893
Rice,Rice (Non-Basmati),Hybrid,29.78,23.78,40.96,1458.3,77.0,8.2,134,6.04,96.41,41.28,57.43,3.54,Clayey,79.7,Flood,Kharif,Sugarcane,13.6,109.75,46.45,46.56,1,6.743
Maize,Maize (Sweet Corn),HYV,25.99,18.48,37.03,517.18,74.28,8.54,93,6.32,102.17,66.89,48.23,2.25,Loamy,69.75,Sprinkler,Rabi,Wheat,2.72,106.25,56.71,52.97,0,4.627
Rice,Rice (Non-Basmati),Traditional,29.49,24.16,38.78,1493.8,70.55,6.17,133,7.44,102.78,44.7,56.86,4.56,Loamy,83.32,Sprinkler,Kharif,Cotton,17.5,55.95,29.06,31.81,1,6.01
Wheat,Wheat (Sharbati),Traditional,18.59,10.79,26.25,552.81,63.54,7.78,131,7.13,95.33,42.14,39.95,3.14,Black,48.3,Sprinkler,Rabi,Soybean,2.56,71.13,37.27,25.32,1,4.226
Maize,Maize (Feed Corn),HYV,28.91,21.39,38.37,767.26,69.06,6.6,108,6.15,123.84,68.8,57.25,4.26,Black,60.74,Flood,Kharif,Sugarcane,7.97,130.95,71.71,54.19,1,7.422
Wheat,Wheat (Common),Hybrid,20.39,14.57,31.42,562.12,55.48,8.68,119,6.29,96.12,49.91,35.66,3.78,Black,59.27,Drip,Rabi,Wheat,6.36,94.2,44.89,43.82,1,5.862
Maize,Maize (Popcorn),Hybrid,22.21,16.16,30.35,621.23,68.86,8.87,92,6.35,82.88,57.16,44.14,2.58,Alluvial,60.24,Drip,Kharif,Sugarcane,5.51,105.23,65.49,50.91,1,6.444
Millet,Millet (Pearl/Bajra),Traditional,29.03,23.48,39.71,281.21,58.99,10.2,71,7.54,42.49,25.74,27.78,1.98,Desert,32.45,Sprinkler,Kharif,Pulses,9.8,24.89,13.24,14.74,1,1.549
Maize,Maize (Feed Corn),Traditional,24.42,17.34,33.63,614.48,71.8,8.51,94,6.41,127.51,61.26,52.42,3.97,Red,61.51,Flood,Kharif,Sugarcane,0.72,98.76,48.79,41.4,0,4.721
Millet,Millet (Pearl/Bajra),Hybrid,31.66,25.2,39.13,337.09,58.55,8.55,65,7.78,51.61,21.76,23.61,2.34,Black,43.13,Sprinkler,Kharif,Fallow,11.37,57.83,29.51,28.1,1,2.055
Millet,Millet (Sorghum/Jowar),HYV,32.82,26.07,44.3,518.8,54.44,9.64,112,7.62,72.92,33.85,29.52,2.97,Red,56.56,Sprinkler,Kharif,Soybean,17.41,65.9,26.35,29.67,0,4.299
Maize,Maize (Sweet Corn),HYV,26.19,19.0,37.21,579.1,72.87,8.49,84,6.34,115.2,59.57,51.34,4.54,Loamy,67.47,Rainfed,Rabi,Pulses,4.14,134.04,76.66,65.08,1,4.424
Rice,Rice (Sona Masuri),HYV,29.37,22.21,37.67,1233.07,82.63,6.89,120,5.63,85.8,36.06,37.07,3.29,Red,71.58,Flood,Kharif,Soybean,14.87,69.64,37.72,37.11,1,4.599
Millet,Millet (Foxtail),Hybrid,30.87,24.64,38.65,539.91,54.77,7.44,73,7.16,32.14,15.94,16.53,2.49,Sandy,44.85,Rainfed,Rabi,Pulses,12.37,37.74,16.85,20.25,1,1.652
Soybean,Soybean (Oil Grade),Traditional,25.84,19.28,34.59,882.81,77.9,6.4,97,6.06,20.68,54.5,39.75,3.65,Black,66.84,Rainfed,Kharif,Sugarcane,8.44,17.32,41.87,35.69,1,2.618
Millet,Millet (Finger/Ragi),HYV,25.29,19.39,36.17,546.66,60.23,8.85,128,6.6,46.74,20.33,18.26,3.0,Black,60.57,Rainfed,Kharif,Fallow,9.35,33.39,21.45,21.23,1,3.267
Wheat,Wheat (Common),HYV,20.35,13.17,32.14,569.99,66.44,9.08,116,7.21,98.71,43.91,33.14,2.81,Black,68.69,Sprinkler,Rabi,Rice,18.51,82.26,45.95,32.14,0,5.468
Millet,Millet (Foxtail),Traditional,26.31,18.68,33.86,413.95,52.29,7.23,75,7.37,31.78,16.54,15.92,1.18,Sandy,39.13,Sprinkler,Rabi,Soybean,0.51,31.4,18.17,12.59,0,1.248
Rice,Rice (Basmati),HYV,26.77,18.92,36.66,1182.89,84.24,6.99,139,6.76,77.76,36.94,33.95,3.12,Clayey,71.39,Flood,Kharif,Sugarcane,12.41,64.19,29.63,27.41,1,3.767
Maize,Maize (Sweet Corn),Traditional,27.2,19.51,38.0,678.64,62.99,6.83,95,6.01,109.09,57.77,49.06,2.19,Clayey,55.05,Sprinkler,Rabi,Cotton,16.89,72.4,41.11,38.19,1,6.502
Wheat,Wheat (Common),HYV,21.97,14.09,32.5,432.3,57.2,9.65,128,6.46,98.55,42.54,35.14,3.24,Loamy,58.38,Sprinkler,Rabi,Cotton,18.78,95.26,47.62,32.67,1,3.959
Maize,Maize (Feed Corn),Traditional,24.52,19.37,31.57,827.73,62.89,7.5,111,6.27,122.78,65.7,54.98,4.84,Loamy,69.81,Drip,Kharif,Pulses,0.55,109.06,51.89,55.56,0,5.704
Soybean,Soybean (Oil Grade),Hybrid,27.44,19.98,35.69,813.6,66.47,8.32,97,6.49,28.75,51.47,37.78,3.29,Black,66.07,Sprinkler,Kharif,Pulses,4.75,22.05,70.74,44.21,1,4.598
Millet,Millet (Pearl/Bajra),Traditional,32.24,25.17,41.95,488.83,54.31,10.28,88,6.55,44.82,27.23,29.83,2.45,Loamy,42.65,Sprinkler,Kharif,Maize,19.17,36.83,15.83,16.59,0,2.56
Rice,Rice (Sona Masuri),Traditional,27.58,20.18,38.16,1316.37,84.05,7.87,122,5.75,82.53,42.72,37.72,3.85,Loamy,79.46,Sprinkler,Kharif,Wheat,9.53,58.59,29.42,28.62,1,5.237
Rice,Rice (Non-Basmati),Traditional,26.14,18.34,36.57,1117.1,86.38,6.6,113,5.65,117.66,49.88,41.71,4.61,Black,71.97,Flood,Kharif,Rice,17.97,76.68,41.38,46.71,1,3.953
Millet,Millet (Pearl/Bajra),Traditional,28.71,21.25,37.28,356.48,53.47,9.68,82,6.97,49.01,23.16,22.83,2.99,Loamy,40.07,Sprinkler,Kharif,Maize,19.49,39.47,16.4,21.41,1,1.334
Rice,Rice (Basmati),HYV,27.61,20.92,36.82,1302.88,83.78,7.09,146,7.3,79.61,34.08,38.28,4.29,Sandy,74.34,Flood,Kharif,Rice,17.02,77.67,34.48,35.1,0,4.416
Millet,Millet (Pearl/Bajra),Hybrid,32.32,26.92,43.24,311.22,53.99,8.72,88,7.05,51.68,25.63,26.62,1.57,Red,31.62,Sprinkler,Kharif,Wheat,14.24,45.8,28.15,31.32,1,2.131
Soybean,Soybean (Oil Grade),HYV,27.81,21.32,37.9,796.18,77.73,7.46,119,6.97,20.67,51.87,39.21,3.48,Clayey,79.25,Drip,Kharif,Cotton,0.98,26.22,59.36,40.48,1,3.834
Millet,Millet (Pearl/Bajra),HYV,32.44,25.06,42.93,441.79,56.57,10.68,81,7.43,53.54,23.9,24.84,1.42,Black,47.31,Rainfed,Kharif,Cotton,13.12,36.64,19.23,20.44,1,3.043
Wheat,Wheat (Common),Traditional,20.34,13.43,31.14,539.16,54.34,7.87,113,6.87,94.3,49.05,39.94,1.6,Alluvial,47.71,Sprinkler,Rabi,Fallow,16.21,68.12,35.6,28.33,1,6.228
Maize,Maize (Popcorn),Hybrid,23.79,17.79,33.9,670.91,61.87,8.58,88,6.59,88.75,40.72,45.55,3.78,Loamy,50.06,Rainfed,Rabi,Pulses,8.31,92.14,55.19,53.83,1,5.836
Millet,Millet (Pearl/Bajra),HYV,31.23,24.67,39.01,268.2,56.58,10.54,89,7.0,46.84,28.66,20.51,2.74,Sandy,49.41,Drip,Rabi,Fallow,4.65,44.56,22.49,24.51,1,1.363
Maize,Maize (Feed Corn),Hybrid,26.12,20.66,34.73,784.43,70.86,6.17,106,6.13,141.55,65.61,56.58,2.58,Sandy,59.01,Sprinkler,Kharif,Fallow,3.99,152.21,73.5,59.33,1,6.236
Millet,Millet (Sorghum/Jowar),HYV,30.15,22.76,40.56,477.72,57.98,9.05,130,7.74,68.77,34.41,29.21,2.19,Black,63.75,Rainfed,Rabi,Maize,6.8,74.7,31.77,33.67,1,3.324
Millet,Millet (Finger/Ragi),Traditional,29.33,23.82,40.73,498.49,63.4,9.77,130,7.21,48.62,27.82,16.75,3.08,Red,47.91,Sprinkler,Rabi,Wheat,1.15,23.43,17.42,13.31,1,1.193
Millet,Millet (Foxtail),HYV,27.73,22.42,35.1,549.12,63.14,8.58,79,6.35,32.4,20.94,15.17,1.1,Loamy,49.32,Rainfed,Rabi,Maize,18.15,35.53,19.4,18.87,1,1.054
Maize,Maize (Feed Corn),HYV,28.09,22.39,38.64,769.5,76.19,7.61,113,7.25,133.88,73.96,63.11,2.7,Red,63.32,Flood,Kharif,Millet,19.3,141.55,87.12,61.3,1,6.495
Maize,Maize (Popcorn),Traditional,22.71,14.73,30.01,611.0,56.68,6.21,97,6.53,87.62,50.2,42.3,4.48,Red,53.84,Sprinkler,Rabi,Cotton,7.37,64.09,47.18,38.85,1,4.401
Maize,Maize (Sweet Corn),Hybrid,24.2,17.59,33.89,659.62,68.16,7.91,91,6.37,116.9,65.98,43.02,3.39,Alluvial,57.62,Rainfed,Kharif,Fallow,3.04,80.12,53.22,31.82,0,5.704
Millet,Millet (Finger/Ragi),Hybrid,27.59,20.63,36.16,697.49,68.33,8.76,119,5.56,48.25,27.59,21.41,2.39,Loamy,60.11,Flood,Rabi,Rice,17.85,47.31,32.14,19.92,1,2.315
Wheat,Wheat (Common),Hybrid,20.26,15.25,27.5,457.0,66.93,8.96,129,6.88,92.62,48.76,30.62,2.47,Alluvial,57.73,Rainfed,Kharif,Rice,19.74,97.05,47.53,39.6,1,3.016
Rice,Rice (Sona Masuri),Hybrid,28.94,23.89,38.73,1140.08,79.65,7.62,140,6.43,87.87,36.92,35.87,3.57,Loamy,69.85,Sprinkler,Kharif,Sugarcane,8.42,82.37,43.93,43.81,1,7.462
Maize,Maize (Feed Corn),Hybrid,24.02,16.23,34.93,724.97,77.17,8.85,97,7.05,136.04,68.16,59.44,3.2,Red,72.69,Flood,Kharif,Wheat,7.51,162.67,79.94,65.73,1,9.81
Wheat,Wheat (Common),HYV,19.86,14.61,28.28,407.93,52.75,8.9,117,6.22,86.89,48.3,35.53,2.87,Black,53.81,Flood,Rabi,Wheat,7.3,98.94,40.9,32.42,1,5.037
Maize,Maize (Sweet Corn),Traditional,23.64,17.65,34.56,668.52,64.93,6.51,83,6.91,108.2,69.52,54.49,3.75,Black,67.33,Drip,Rabi,Soybean,5.4,83.48,52.05,36.21,1,7.068
Millet,Millet (Foxtail),HYV,30.94,24.61,41.99,311.21,62.28,8.47,73,7.45,37.23,16.53,19.93,2.01,Red,49.26,Rainfed,Kharif,Wheat,10.55,34.69,21.8,16.21,1,1.75
Millet,Millet (Sorghum/Jowar),Hybrid,30.2,22.88,41.42,428.67,65.08,9.26,118,7.53,62.59,33.01,29.23,1.73,Loamy,43.02,Sprinkler,Kharif,Pulses,4.63,66.56,36.2,24.77,0,5.151
Millet,Millet (Pearl/Bajra),Hybrid,30.36,24.07,37.62,484.54,45.41,9.44,70,7.39,50.96,29.05,21.97,2.92,Red,52.65,Sprinkler,Kharif,Fallow,11.13,53.61,25.69,25.67,1,3.046
Rice,Rice (Basmati),Hybrid,29.9,24.44,38.03,1105.9,81.89,6.56,142,7.36,74.6,37.35,30.8,3.08,Clayey,81.46,Rainfed,Kharif,Fallow,5.38,76.12,39.68,35.07,1,4.969
Millet,Millet (Finger/Ragi),Hybrid,26.57,21.51,38.41,509.78,64.37,8.42,110,5.47,43.47,28.35,21.97,3.41,Loamy,64.33,Rainfed,Kharif,Millet,13.91,48.75,24.95,21.39,0,1.779
Millet,Millet (Sorghum/Jowar),Traditional,27.09,21.5,35.45,636.96,65.03,9.18,99,6.85,64.61,31.69,25.69,2.9,Loamy,46.85,Rainfed,Kharif,Millet,18.32,63.53,27.19,27.35,1,3.345
Rice,Rice (Sona Masuri),Hybrid,30.17,24.03,40.15,1150.02,76.02,6.48,134,6.59,72.52,42.21,39.14,4.0,Red,74.98,Drip,Kharif,Pulses,19.36,86.27,41.64,47.24,1,6.19
Maize,Maize (Feed Corn),Traditional,27.11,20.02,37.01,583.97,62.23,6.42,93,6.09,122.2,71.5,66.47,3.17,Clayey,59.63,Rainfed,Kharif,Fallow,5.19,119.16,56.28,45.21,1,6.878
Wheat,Wheat (Common),HYV,17.13,10.05,28.82,435.76,60.43,9.09,112,6.92,94.4,47.29,32.95,2.08,Loamy,55.27,Sprinkler,Rabi,Pulses,15.46,99.9,40.74,34.62,1,6.022
Millet,Millet (Sorghum/Jowar),Hybrid,28.6,22.04,37.45,644.4,62.0,9.49,111,7.08,65.27,32.52,26.81,2.3,Red,57.42,Sprinkler,Rabi,Maize,7.3,86.53,37.17,30.4,1,2.665
Rice,Rice (Basmati),Hybrid,27.42,21.16,36.21,1296.89,78.63,6.48,136,6.83,71.41,32.1,37.42,2.08,Laterite,68.87,Flood,Kharif,Fallow,16.03,76.74,34.47,35.87,1,4.793
Millet,Millet (Foxtail),Hybrid,29.77,22.78,37.4,534.66,48.67,8.99,80,7.48,35.64,20.12,16.71,1.45,Sandy,41.11,Rainfed,Kharif,Wheat,2.6,34.36,21.87,18.31,1,1.189
Soybean,Soybean (Oil Grade),HYV,29.49,23.43,39.04,724.76,74.05,6.14,98,7.45,28.11,61.62,40.74,3.89,Red,73.71,Sprinkler,Kharif,Soybean,0.78,24.34,59.83,42.4,1,3.264
Soybean,Soybean (Oil Grade),Hybrid,25.74,17.89,34.38,841.11,78.67,7.43,98,6.31,26.91,66.64,44.3,3.53,Alluvial,74.39,Rainfed,Kharif,Wheat,1.64,28.54,58.42,46.69,1,3.982
Millet,Millet (Foxtail),HYV,26.9,19.78,38.24,335.87,60.95,9.88,71,6.97,30.93,16.61,19.45,2.92,Sandy,55.52,Sprinkler,Kharif,Wheat,14.65,30.59,21.01,17.27,1,2.164
Millet,Millet (Foxtail),HYV,31.76,25.3,39.46,512.38,47.94,9.59,84,6.08,34.17,23.59,16.55,2.85,Sandy,51.46,Rainfed,Zaid,Pulses,13.69,38.66,26.65,22.94,1,0.848
Millet,Millet (Finger/Ragi),Hybrid,31.3,23.74,42.13,624.47,64.12,9.56,113,5.46,47.12,21.65,18.72,1.78,Loamy,53.32,Rainfed,Kharif,Wheat,5.54,46.4,30.07,17.56,1,2.6
Rice,Rice (Basmati),Traditional,29.64,21.79,39.41,1170.51,84.43,7.64,130,6.74,63.21,39.78,31.59,3.46,Alluvial,69.1,Sprinkler,Kharif,Rice,1.29,60.68,34.86,27.89,0,3.669
Wheat,Wheat (Sharbati),Traditional,19.21,12.94,26.7,577.17,55.72,8.48,117,6.94,95.69,47.9,34.84,2.28,Black,41.62,Sprinkler,Rabi,Pulses,14.02,77.16,35.42,26.96,1,3.031
Wheat,Wheat (Common),Traditional,17.63,11.75,24.99,459.46,60.67,9.23,114,6.51,98.78,42.41,30.81,3.81,Loamy,56.19,Flood,Rabi,Fallow,18.41,76.0,38.43,31.39,1,4.371
Maize,Maize (Popcorn),Traditional,26.82,19.14,36.27,702.71,58.02,6.95,99,6.01,84.85,54.46,46.69,3.8,Alluvial,69.0,Drip,Rabi,Millet,18.65,75.66,35.38,34.7,0,6.099
Soybean,Soybean (Oil Grade),Traditional,26.99,19.93,36.93,709.64,78.99,7.64,107,7.33,26.07,67.7,44.23,2.56,Loamy,76.14,Sprinkler,Kharif,Millet,4.84,21.9,54.16,28.22,1,2.563
Maize,Maize (Feed Corn),Traditional,23.54,17.44,34.38,561.4,73.81,8.94,104,6.96,129.0,75.1,62.31,2.08,Alluvial,74.66,Drip,Kharif,Pulses,18.67,118.16,56.89,45.16,1,7.83
Millet,Millet (Finger/Ragi),HYV,29.07,21.64,37.88,610.11,59.53,9.45,112,6.76,42.9,28.78,21.63,2.03,Laterite,63.03,Rainfed,Rabi,Pulses,4.03,38.46,23.01,17.87,1,2.158
Maize,Maize (Feed Corn),Traditional,28.19,22.53,36.42,613.28,71.58,8.09,102,7.13,140.2,76.11,61.27,4.95,Red,69.82,Sprinkler,Kharif,Soybean,8.97,112.7,59.6,49.52,1,9.161
Millet,Millet (Finger/Ragi),Hybrid,26.06,20.94,34.24,597.84,68.18,9.38,106,5.51,33.29,22.59,17.19,3.25,Black,41.14,Flood,Kharif,Fallow,4.55,42.36,23.45,19.23,0,3.525
Soybean,Soybean (Food Grade),HYV,29.49,23.11,40.99,856.92,60.77,8.1,98,6.88,27.53,57.25,37.98,2.92,Red,52.8,Sprinkler,Kharif,Pulses,3.09,25.28,40.72,39.08,1,4.253
Wheat,Wheat (Durum),Hybrid,19.18,12.24,28.81,594.26,54.4,7.03,131,6.54,92.33,57.29,30.93,3.5,Alluvial,50.99,Flood,Rabi,Millet,12.41,98.75,60.57,35.1,1,5.57
Rice,Rice (Basmati),Traditional,27.43,21.37,38.88,1082.94,72.24,7.73,139,6.21,67.79,34.12,31.59,4.77,Red,60.07,Flood,Kharif,Millet,14.01,37.6,18.48,18.0,1,2.887
Millet,Millet (Pearl/Bajra),HYV,34.04,27.65,41.73,402.4,55.4,9.41,68,7.88,46.09,25.19,23.53,1.83,Red,46.08,Sprinkler,Kharif,Soybean,1.32,56.36,26.18,27.15,1,1.713
Millet,Millet (Sorghum/Jowar),Traditional,27.73,22.32,36.7,666.35,68.06,8.06,107,6.08,64.77,33.54,34.33,1.72,Red,41.73,Flood,Kharif,Wheat,1.84,49.27,28.72,20.82,0,1.339
Rice,Rice (Sona Masuri),Hybrid,28.57,21.01,39.28,1334.1,83.25,7.25,132,5.59,88.61,35.66,42.41,2.95,Red,83.72,Flood,Kharif,Rice,13.75,89.93,39.0,41.14,1,4.73
Maize,Maize (Feed Corn),Traditional,27.48,21.37,36.69,574.96,66.39,6.32,109,6.77,129.69,77.33,57.19,3.34,Red,79.51,Sprinkler,Kharif,Fallow,17.98,102.63,60.79,50.27,1,8.277
Maize,Maize (Feed Corn),Hybrid,28.08,20.14,36.04,740.94,66.59,7.46,97,6.05,139.8,77.58,61.03,3.24,Loamy,60.29,Flood,Kharif,Millet,16.5,137.75,78.6,71.27,1,11.7
Soybean,Soybean (Food Grade),Hybrid,24.96,18.64,36.64,838.77,60.83,7.29,106,6.71,20.33,45.57,38.58,2.25,Desert,61.06,Rainfed,Kharif,Cotton,10.53,22.21,46.81,35.61,1,2.012
Millet,Millet (Sorghum/Jowar),HYV,29.87,22.26,40.85,604.54,61.12,9.49,101,7.95,60.14,35.19,27.2,3.27,Loamy,62.75,Rainfed,Kharif,Pulses,5.51,57.22,27.86,22.29,1,1.715
Soybean,Soybean (Food Grade),HYV,27.02,20.15,37.46,640.45,66.83,6.21,96,6.91,20.94,52.58,35.33,2.28,Laterite,62.48,Sprinkler,Zaid,Rice,8.41,23.31,49.55,29.54,1,3.135
Millet,Millet (Sorghum/Jowar),Traditional,28.78,21.4,36.83,618.66,52.99,8.21,128,7.98,67.07,31.54,29.35,1.9,Black,54.69,Rainfed,Rabi,Cotton,18.79,49.35,31.82,24.2,1,2.363
Maize,Maize (Popcorn),Hybrid,23.79,17.41,34.24,718.27,67.99,7.01,99,6.91,80.61,57.62,40.26,4.44,Alluvial,50.22,Drip,Kharif,Soybean,16.99,91.5,48.94,50.46,1,5.229
Millet,Millet (Pearl/Bajra),Traditional,32.95,26.42,43.49,337.58,42.87,10.79,84,6.36,56.82,20.29,27.84,2.07,Loamy,35.41,Rainfed,Kharif,Maize,15.25,29.49,17.62,17.55,1,1.41
Wheat,Wheat (Durum),HYV,18.39,12.75,28.56,613.55,66.43,9.81,120,6.98,89.11,47.65,39.41,3.93,Loamy,61.28,Sprinkler,Rabi,Soybean,7.84,86.23,47.76,36.2,1,6.466
Rice,Rice (Non-Basmati),Hybrid,30.72,22.95,40.72,1193.55,85.64,8.87,130,5.63,115.03,56.51,46.93,3.7,Loamy,88.31,Sprinkler,Kharif,Pulses,11.26,119.48,59.31,56.9,1,9.1
Maize,Maize (Sweet Corn),Traditional,27.79,21.47,37.79,680.36,60.05,6.08,80,6.46,112.13,58.26,47.47,3.97,Laterite,51.36,Sprinkler,Kharif,Wheat,8.16,75.73,40.28,28.3,1,5.446
Rice,Rice (Basmati),Hybrid,26.36,19.93,33.59,1426.1,70.53,6.99,134,7.1,65.63,32.53,30.05,4.09,Alluvial,61.22,Flood,Kharif,Rice,1.7,85.94,39.28,40.28,0,6.347
Rice,Rice (Non-Basmati),Hybrid,28.71,23.7,37.72,1193.4,82.49,8.04,124,7.17,105.77,47.95,48.47,4.78,Alluvial,70.44,Flood,Kharif,Fallow,18.87,84.22,46.13,54.19,1,8.626
Millet,Millet (Sorghum/Jowar),Hybrid,28.04,20.23,38.94,407.99,58.05,7.55,113,7.65,72.87,37.59,32.83,3.21,Red,57.66,Sprinkler,Rabi,Cotton,17.37,72.59,39.91,31.56,1,3.07
Millet,Millet (Sorghum/Jowar),HYV,29.37,22.87,41.09,563.04,61.9,8.9,116,7.78,79.15,34.56,33.95,1.85,Black,41.73,Sprinkler,Kharif,Fallow,11.48,62.87,31.91,29.27,1,3.495
Rice,Rice (Non-Basmati),Hybrid,28.26,23.24,39.06,1412.94,86.36,7.37,135,5.88,111.38,51.92,57.87,2.52,Loamy,75.52,Sprinkler,Zaid,Maize,4.06,116.94,56.78,55.66,1,4.973
Rice,Rice (Basmati),HYV,28.28,22.58,39.6,1154.68,80.41,6.05,136,6.45,73.63,32.08,37.99,4.41,Loamy,70.38,Sprinkler,Kharif,Wheat,6.44,64.54,34.06,38.51,1,3.888
Maize,Maize (Feed Corn),Hybrid,24.35,16.99,31.56,550.72,67.03,7.39,97,6.55,140.83,65.36,65.26,4.31,Loamy,67.52,Sprinkler,Zaid,Rice,10.35,147.02,84.49,55.75,1,7.934
Wheat,Wheat (Durum),HYV,18.34,12.04,27.3,485.52,52.67,9.69,136,7.26,99.47,46.54,31.85,3.94,Alluvial,46.49,Drip,Rabi,Cotton,13.88,88.57,56.15,39.38,1,4.644
Millet,Millet (Pearl/Bajra),Traditional,31.4,24.38,42.78,323.06,48.63,10.26,74,7.35,48.01,29.49,22.51,1.5,Red,51.72,Sprinkler,Kharif,Pulses,17.54,42.49,21.52,23.34,1,1.877
Soybean,Soybean (Oil Grade),Hybrid,27.91,22.58,36.12,753.45,71.51,8.22,107,6.57,29.54,60.12,38.89,3.95,Black,66.58,Flood,Kharif,Cotton,3.66,30.15,65.03,42.47,1,3.374
Rice,Rice (Non-Basmati),Hybrid,30.99,25.06,42.71,1189.82,83.25,8.02,125,6.66,116.09,40.24,49.97,3.05,Clayey,79.51,Sprinkler,Kharif,Rice,14.5,148.78,64.63,65.79,0,6.045
Wheat,Wheat (Durum),HYV,20.1,12.28,31.89,550.52,60.78,9.17,129,6.29,94.94,54.76,32.45,3.58,Alluvial,60.34,Flood,Rabi,Sugarcane,9.9,93.31,52.53,33.72,1,3.718
Rice,Rice (Basmati),HYV,29.81,22.85,39.09,1198.89,74.87,8.94,142,7.17,75.42,32.28,39.22,3.78,Loamy,69.5,Sprinkler,Kharif,Cotton,15.27,65.26,32.25,34.66,0,5.377
Millet,Millet (Pearl/Bajra),Traditional,29.42,22.62,40.47,251.71,45.07,8.75,75,7.07,49.33,20.9,20.85,2.03,Sandy,37.96,Sprinkler,Kharif,Sugarcane,1.16,47.08,20.38,16.77,0,1.492
Maize,Maize (Popcorn),HYV,25.02,17.05,36.27,501.3,63.63,7.36,87,6.1,84.87,46.33,42.46,2.05,Alluvial,62.56,Drip,Kharif,Wheat,14.93,90.81,55.69,44.66,0,4.506
Soybean,Soybean (Food Grade),Traditional,24.24,16.42,32.41,738.16,60.73,8.39,91,6.44,26.81,59.5,30.54,3.08,Loamy,62.41,Drip,Rabi,Wheat,15.35,23.44,39.47,24.1,1,3.216
Wheat,Wheat (Common),Traditional,17.41,10.75,25.71,491.63,58.78,8.57,123,7.17,97.46,45.72,36.16,2.58,Loamy,61.52,Sprinkler,Rabi,Millet,6.13,79.25,39.96,30.27,0,5.235
Maize,Maize (Popcorn),HYV,26.47,19.36,37.54,633.6,63.16,8.58,86,5.83,81.02,53.74,43.86,3.93,Alluvial,68.64,Sprinkler,Rabi,Wheat,7.86,95.03,53.61,47.24,1,7.767
Wheat,Wheat (Common),HYV,21.43,15.65,28.83,591.71,57.84,8.87,124,6.02,91.57,47.81,30.51,2.94,Black,51.23,Sprinkler,Rabi,Maize,1.87,88.31,40.83,31.39,1,4.758
Wheat,Wheat (Durum),Traditional,19.14,12.88,30.94,513.75,62.89,7.95,133,6.37,95.67,48.85,34.09,3.72,Laterite,60.25,Flood,Rabi,Cotton,9.86,67.28,35.12,27.47,1,4.644
Rice,Rice (Sona Masuri),HYV,29.26,23.56,36.99,1251.62,76.76,6.51,130,5.97,70.74,41.52,44.88,3.59,Alluvial,69.03,Flood,Kharif,Wheat,13.2,84.5,44.93,41.93,1,6.238
Wheat,Wheat (Common),Traditional,17.39,9.75,25.94,446.09,64.61,7.6,126,7.47,83.0,40.07,31.08,2.39,Loamy,62.66,Sprinkler,Rabi,Rice,5.58,55.49,33.39,23.53,1,4.367
Maize,Maize (Sweet Corn),Hybrid,27.69,22.22,35.39,531.32,71.98,8.0,82,6.73,117.0,68.99,44.03,3.33,Loamy,73.08,Drip,Rabi,Cotton,16.66,122.77,72.21,59.35,1,8.066
Maize,Maize (Feed Corn),HYV,25.6,18.9,36.58,732.31,70.4,6.11,115,7.41,140.9,70.32,56.84,4.22,Black,79.69,Drip,Rabi,Sugarcane,15.5,140.06,70.91,53.02,1,6.811
Millet,Millet (Foxtail),Hybrid,27.05,21.73,37.77,423.25,51.42,7.36,70,5.83,31.95,22.87,19.28,2.0,Red,59.68,Drip,Rabi,Cotton,11.71,43.27,19.07,20.1,1,1.585
Wheat,Wheat (Sharbati),Hybrid,18.96,11.19,28.01,420.79,50.78,9.9,133,7.34,90.12,46.09,34.13,2.26,Alluvial,61.69,Drip,Rabi,Maize,17.6,105.51,53.34,42.01,1,4.731
Millet,Millet (Pearl/Bajra),Hybrid,34.03,27.61,45.76,522.94,53.86,9.04,87,7.39,58.66,20.41,24.67,2.07,Desert,49.02,Sprinkler,Kharif,Maize,3.17,51.1,25.35,30.47,0,1.584
Rice,Rice (Basmati),HYV,28.43,21.87,39.59,1209.62,72.91,6.85,148,7.2,76.18,32.45,36.15,3.33,Sandy,75.82,Flood,Kharif,Maize,8.48,60.24,33.01,35.78,0,4.45
Millet,Millet (Finger/Ragi),Traditional,27.55,20.65,38.83,457.2,66.48,8.45,106,7.0,42.62,20.96,23.65,2.75,Desert,61.18,Sprinkler,Kharif,Maize,7.15,31.14,20.49,13.8,1,2.161
Wheat,Wheat (Common),Traditional,17.91,12.32,26.0,403.22,64.32,8.2,115,6.56,98.11,45.11,39.87,2.85,Alluvial,68.88,Sprinkler,Rabi,Cotton,11.3,65.38,34.49,26.07,1,5.048
Maize,Maize (Sweet Corn),Traditional,23.68,17.77,32.07,627.6,67.49,8.27,100,6.64,106.2,60.32,46.46,3.93,Black,71.26,Rainfed,Kharif,Sugarcane,4.31,89.04,43.11,39.97,1,5.219
Soybean,Soybean (Food Grade),Hybrid,27.76,19.92,36.5,860.91,79.17,7.47,103,6.95,20.98,43.52,32.95,2.7,Black,58.43,Drip,Rabi,Soybean,7.58,26.02,54.74,34.04,1,3.119
Soybean,Soybean (Oil Grade),Traditional,26.74,21.32,37.63,728.61,74.55,8.11,110,6.22,24.7,67.75,41.23,2.59,Alluvial,70.68,Sprinkler,Kharif,Soybean,9.44,22.05,54.12,35.01,1,2.216
Rice,Rice (Non-Basmati),Traditional,28.07,22.51,35.1,1354.56,81.11,8.47,135,5.96,101.67,44.4,53.0,4.71,Alluvial,67.14,Sprinkler,Kharif,Wheat,9.52,118.13,49.1,50.48,1,8.108
Millet,Millet (Pearl/Bajra),Traditional,29.87,22.22,39.23,525.95,57.24,9.35,65,7.21,51.96,27.19,22.28,1.81,Red,35.54,Rainfed,Kharif,Rice,5.56,33.92,16.81,23.34,1,1.689
Soybean,Soybean (Oil Grade),Traditional,26.26,18.48,33.67,678.03,72.42,7.0,113,6.07,25.99,53.1,41.72,4.41,Red,74.63,Sprinkler,Kharif,Wheat,0.97,19.06,45.13,33.94,1,4.271
Maize,Maize (Sweet Corn),Hybrid,27.87,21.26,39.3,634.17,69.33,7.61,86,6.72,101.1,57.25,57.4,3.51,Alluvial,51.94,Sprinkler,Kharif,Sugarcane,5.05,122.82,60.54,61.36,1,6.631
Wheat,Wheat (Durum),Hybrid,22.73,16.81,29.77,514.54,57.66,9.28,138,7.06,87.39,50.85,36.05,3.59,Black,47.04,Drip,Rabi,Millet,2.16,95.44,56.88,39.24,1,5.418
Millet,Millet (Pearl/Bajra),HYV,29.17,23.19,36.48,312.36,51.63,9.37,83,6.91,56.55,24.6,25.44,2.14,Loamy,39.63,Sprinkler,Kharif,Wheat,11.94,52.87,29.19,27.49,0,1.561
Millet,Millet (Foxtail),Hybrid,30.48,22.89,37.89,459.43,59.25,8.32,82,7.06,34.52,17.23,16.41,1.13,Red,42.6,Rainfed,Zaid,Soybean,10.83,43.15,26.99,17.29,1,1.809
Soybean,Soybean (Food Grade),HYV,26.52,20.47,37.58,681.72,68.36,8.92,97,7.19,24.67,56.44,38.44,3.93,Loamy,58.41,Rainfed,Zaid,Fallow,14.65,20.71,42.93,34.07,1,2.254
Soybean,Soybean (Food Grade),HYV,27.54,21.36,35.7,622.43,76.1,6.66,93,6.52,21.26,55.06,35.1,3.45,Alluvial,60.38,Sprinkler,Kharif,Fallow,8.79,18.9,31.24,24.46,1,3.404
Soybean,Soybean (Oil Grade),Hybrid,29.07,22.07,37.26,889.31,70.08,6.12,112,6.45,23.38,62.67,40.88,4.21,Alluvial,65.13,Rainfed,Kharif,Millet,11.4,32.7,69.6,46.6,1,3.505
Rice,Rice (Non-Basmati),Traditional,31.73,25.46,39.67,1356.67,70.68,7.55,116,7.22,106.41,54.7,41.45,2.12,Alluvial,67.54,Flood,Zaid,Pulses,4.61,81.66,46.88,41.18,1,3.792
Wheat,Wheat (Common),HYV,18.83,11.93,29.65,436.82,62.02,9.2,125,6.24,85.72,49.33,33.57,1.77,Loamy,42.48,Sprinkler,Rabi,Sugarcane,17.68,75.66,39.46,26.88,1,3.909
Soybean,Soybean (Food Grade),HYV,28.63,22.03,39.94,840.69,61.3,7.82,98,6.24,24.65,54.99,38.97,3.67,Loamy,74.55,Sprinkler,Kharif,Rice,13.97,23.8,59.19,31.44,1,3.998
Maize,Maize (Feed Corn),Hybrid,26.14,20.93,36.84,591.7,66.86,8.53,119,6.47,121.51,69.45,66.7,2.03,Desert,57.57,Flood,Kharif,Rice,19.46,115.26,66.53,62.02,1,8.734
Maize,Maize (Sweet Corn),HYV,23.94,18.37,35.33,552.33,69.35,8.83,89,6.74,106.91,50.22,46.8,4.9,Black,69.48,Flood,Kharif,Cotton,8.64,100.48,64.82,50.45,1,6.005
Millet,Millet (Finger/Ragi),HYV,26.65,19.47,35.19,572.96,52.69,7.08,118,5.6,37.11,25.79,21.23,1.52,Red,44.48,Flood,Kharif,Pulses,16.91,47.24,22.73,15.16,0,1.976
Millet,Millet (Foxtail),HYV,30.34,23.87,38.92,487.83,54.48,8.56,70,6.93,39.05,15.68,16.47,1.26,Red,35.97,Flood,Rabi,Sugarcane,11.0,39.57,18.59,17.54,0,1.685
Millet,Millet (Sorghum/Jowar),Hybrid,29.7,24.21,40.93,444.4,65.57,8.41,90,7.34,68.35,30.7,27.22,1.53,Sandy,57.89,Sprinkler,Kharif,Soybean,5.98,70.62,30.22,30.97,1,2.92
Millet,Millet (Pearl/Bajra),Traditional,30.82,24.95,38.58,398.82,47.36,10.77,69,6.77,45.69,26.88,26.99,1.72,Sandy,53.77,Sprinkler,Rabi,Sugarcane,17.75,39.2,17.12,21.12,1,1.862
Soybean,Soybean (Oil Grade),Hybrid,26.6,20.47,34.81,941.87,74.48,8.18,111,6.26,24.76,58.23,43.93,2.38,Alluvial,72.49,Rainfed,Rabi,Rice,8.13,24.2,59.85,41.46,1,2.918
Rice,Rice (Basmati),Traditional,25.74,18.61,34.91,1125.12,80.3,8.23,147,6.26,72.15,34.77,38.66,2.1,Sandy,76.1,Drip,Kharif,Pulses,10.05,62.87,32.75,31.55,1,4.035
Wheat,Wheat (Durum),HYV,22.08,14.89,32.03,603.98,68.94,8.8,126,6.5,81.15,57.99,37.69,3.06,Loamy,54.9,Sprinkler,Rabi,Fallow,7.96,79.22,49.63,33.96,0,5.081
Wheat,Wheat (Sharbati),Hybrid,18.71,12.81,27.14,538.68,59.75,7.61,133,6.72,92.79,45.59,36.31,3.96,Black,60.26,Sprinkler,Rabi,Maize,3.94,126.3,61.23,47.08,1,4.784
Soybean,Soybean (Food Grade),HYV,26.15,21.12,34.38,766.53,65.6,6.1,109,6.12,25.47,48.0,32.77,2.72,Black,58.67,Rainfed,Kharif,Maize,13.34,26.21,58.45,32.41,1,2.783
Millet,Millet (Finger/Ragi),HYV,30.18,24.18,38.55,456.34,62.13,9.41,115,6.37,33.67,26.73,15.47,2.42,Clayey,51.97,Sprinkler,Kharif,Wheat,2.34,38.68,27.57,24.05,0,2.111
Soybean,Soybean (Oil Grade),Hybrid,26.47,20.29,33.49,854.23,72.47,7.75,113,6.4,29.74,58.77,36.48,2.92,Desert,61.76,Sprinkler,Kharif,Millet,4.54,22.5,70.46,40.75,1,3.751
Millet,Millet (Sorghum/Jowar),Traditional,30.27,22.91,40.38,444.73,52.16,7.77,101,7.06,60.27,35.76,28.33,3.05,Red,43.43,Rainfed,Rabi,Fallow,13.88,54.39,29.24,21.28,0,3.02
Rice,Rice (Basmati),Hybrid,28.67,21.75,38.89,1413.36,71.6,7.51,134,7.18,77.63,38.39,35.82,2.75,Black,76.53,Sprinkler,Kharif,Wheat,17.5,68.95,31.35,34.72,1,3.562
Maize,Maize (Popcorn),HYV,24.77,19.26,34.71,640.33,65.41,6.68,102,5.82,90.69,56.88,47.28,4.13,Alluvial,52.97,Drip,Kharif,Rice,9.41,99.69,54.76,49.28,1,6.131
Soybean,Soybean (Oil Grade),HYV,27.78,20.09,36.53,934.77,71.6,8.51,103,7.15,28.78,60.58,40.42,3.51,Alluvial,60.18,Rainfed,Kharif,Maize,1.41,21.85,56.82,35.8,1,2.509
Millet,Millet (Pearl/Bajra),Hybrid,28.77,23.23,37.73,529.77,56.48,8.85,80,6.37,43.01,29.25,29.36,1.96,Black,46.01,Rainfed,Kharif,Soybean,13.2,52.57,25.94,22.04,0,1.332
Soybean,Soybean (Oil Grade),Hybrid,27.8,21.54,39.52,925.98,74.8,8.59,108,7.31,27.42,51.13,44.02,2.53,Alluvial,67.78,Rainfed,Kharif,Fallow,10.95,32.96,74.25,47.57,1,3.786
Maize,Maize (Sweet Corn),Traditional,27.71,21.24,37.42,601.25,69.88,7.79,85,6.27,111.76,64.47,44.46,4.46,Black,50.84,Drip,Kharif,Millet,10.18,88.0,40.05,44.72,1,8.149
Maize,Maize (Feed Corn),Hybrid,26.02,20.38,34.72,663.91,73.75,7.88,97,6.31,126.4,72.11,63.48,4.35,Loamy,79.77,Drip,Kharif,Cotton,6.73,147.21,81.96,67.1,1,11.21
Millet,Millet (Finger/Ragi),HYV,31.7,26.52,42.98,433.25,67.57,9.32,126,6.31,31.08,20.76,19.52,2.9,Black,57.23,Rainfed,Kharif,Cotton,16.62,38.74,22.31,16.96,1,2.585
Soybean,Soybean (Food Grade),HYV,25.13,19.62,35.86,785.47,62.66,7.51,92,6.22,20.14,42.65,31.85,3.26,Black,58.43,Sprinkler,Kharif,Rice,8.32,20.48,43.22,28.92,1,3.137
Wheat,Wheat (Durum),Hybrid,20.02,14.91,31.22,513.68,68.93,9.64,140,7.27,81.38,56.9,34.52,2.38,Loamy,61.81,Drip,Rabi,Maize,10.41,91.67,53.79,43.17,1,6.964
Rice,Rice (Non-Basmati),Hybrid,26.81,20.33,34.58,1185.07,70.09,6.96,110,5.57,91.85,57.42,40.37,3.64,Alluvial,83.2,Flood,Kharif,Wheat,12.1,129.3,74.2,59.06,1,5.088
Maize,Maize (Feed Corn),Traditional,23.8,18.73,32.56,785.42,73.03,7.59,103,6.84,126.7,67.75,67.68,3.09,Red,68.64,Rainfed,Kharif,Millet,5.66,115.81,48.57,53.55,0,7.154
Soybean,Soybean (Food Grade),HYV,28.86,21.18,39.35,670.62,75.58,6.15,102,7.39,25.97,58.4,36.44,3.57,Alluvial,61.32,Flood,Kharif,Soybean,5.34,24.67,47.85,33.96,1,2.818
Wheat,Wheat (Sharbati),Traditional,18.37,10.37,25.4,427.91,51.21,9.29,132,7.17,95.5,48.35,37.73,2.97,Loamy,58.64,Sprinkler,Rabi,Maize,8.53,70.78,35.84,24.21,1,3.613
Rice,Rice (Non-Basmati),HYV,30.83,24.18,39.17,1493.08,75.39,8.2,129,6.2,108.72,44.35,45.28,4.25,Alluvial,69.45,Flood,Kharif,Cotton,15.95,106.36,48.8,53.95,1,5.665
Millet,Millet (Sorghum/Jowar),Hybrid,31.09,24.01,38.67,601.16,67.52,7.82,128,7.18,61.31,32.82,26.7,2.41,Red,41.94,Rainfed,Kharif,Millet,17.09,67.5,43.29,37.21,1,2.544
Maize,Maize (Sweet Corn),Traditional,26.2,20.52,35.63,766.27,60.43,8.36,100,6.5,117.65,64.92,40.38,4.43,Black,50.68,Drip,Rabi,Cotton,3.43,122.13,66.22,43.41,1,7.449
Maize,Maize (Sweet Corn),HYV,22.79,15.95,33.26,522.02,63.13,6.81,82,5.94,105.93,58.05,53.66,4.95,Clayey,72.43,Drip,Rabi,Rice,3.28,103.79,64.25,45.54,1,7.782
Millet,Millet (Finger/Ragi),Traditional,25.26,18.93,36.45,604.09,67.57,9.97,114,5.69,49.6,26.86,21.84,3.34,Loamy,62.15,Flood,Kharif,Sugarcane,15.51,35.72,20.17,19.36,1,2.553
Soybean,Soybean (Oil Grade),Traditional,28.52,22.92,38.32,678.4,76.38,8.17,99,6.83,27.43,55.68,44.69,2.95,Red,77.06,Sprinkler,Kharif,Pulses,2.74,13.71,36.1,26.98,1,2.351
Millet,Millet (Foxtail),HYV,28.25,22.07,39.96,527.5,48.63,7.74,66,6.1,39.66,24.87,15.22,1.62,Red,59.65,Rainfed,Zaid,Maize,15.55,31.66,17.08,18.48,1,1.515
Soybean,Soybean (Food Grade),Traditional,26.74,20.23,37.01,866.59,76.77,8.57,109,6.7,22.64,56.28,38.73,2.93,Red,66.19,Rainfed,Kharif,Soybean,1.13,20.84,43.76,26.69,0,1.564
Wheat,Wheat (Sharbati),HYV,20.35,12.9,30.14,510.21,52.39,8.24,118,6.63,80.83,41.79,38.57,2.24,Loamy,59.08,Sprinkler,Rabi,Soybean,12.46,118.44,62.19,45.46,0,4.966
Maize,Maize (Popcorn),Hybrid,22.57,16.71,30.67,734.84,63.92,6.43,89,6.95,96.75,41.75,40.97,3.69,Alluvial,63.13,Flood,Rabi,Cotton,1.44,101.14,58.78,45.22,1,5.445
Millet,Millet (Foxtail),HYV,26.58,20.67,35.18,344.96,54.35,8.85,78,6.72,35.0,17.52,19.48,2.75,Loamy,55.48,Rainfed,Kharif,Fallow,11.96,31.74,23.57,18.49,1,2.419
Maize,Maize (Sweet Corn),Traditional,23.5,17.51,34.91,647.41,68.85,7.72,94,6.68,112.89,50.27,53.11,4.16,Alluvial,74.65,Sprinkler,Rabi,Soybean,11.16,71.19,41.32,31.02,1,5.48
Millet,Millet (Pearl/Bajra),Hybrid,30.8,25.73,40.79,331.65,50.88,8.95,85,7.7,57.0,26.79,21.93,1.43,Clayey,32.2,Rainfed,Zaid,Soybean,8.03,70.62,38.75,38.18,1,0.902
Wheat,Wheat (Durum),Traditional,20.94,13.43,30.23,472.44,68.76,8.6,133,6.35,85.25,54.48,38.03,1.79,Black,49.68,Drip,Rabi,Maize,16.21,65.98,45.47,30.76,1,2.861
Millet,Millet (Pearl/Bajra),HYV,34.17,26.24,45.35,555.07,44.3,10.58,65,7.95,53.8,25.81,26.5,1.2,Black,45.64,Drip,Rabi,Fallow,6.03,41.13,27.68,23.91,1,1.673
Millet,Millet (Finger/Ragi),HYV,25.77,19.43,33.95,416.42,55.96,9.68,123,5.27,43.93,28.57,23.29,2.99,Red,59.0,Sprinkler,Kharif,Fallow,15.27,45.4,22.4,20.08,0,3.147
Soybean,Soybean (Food Grade),HYV,25.12,18.55,34.97,782.99,62.49,6.28,95,6.83,21.82,59.55,38.41,2.21,Red,54.28,Rainfed,Kharif,Fallow,5.5,28.31,55.91,30.2,1,1.304
Rice,Rice (Basmati),Traditional,28.33,20.97,37.6,1315.12,73.73,8.12,137,6.66,72.99,39.36,30.64,4.47,Alluvial,67.31,Sprinkler,Kharif,Cotton,1.05,59.41,24.09,27.27,1,3.355
Wheat,Wheat (Common),Traditional,17.03,10.99,27.06,446.19,56.65,7.27,130,6.24,92.97,41.48,38.69,1.66,Alluvial,69.61,Sprinkler,Rabi,Wheat,4.08,78.11,37.69,26.69,1,5.109
Wheat,Wheat (Durum),Hybrid,21.22,13.74,30.62,502.32,55.89,7.13,130,7.01,97.13,42.25,39.16,3.8,Clayey,45.34,Drip,Rabi,Soybean,17.36,75.52,38.76,27.3,1,5.23
Maize,Maize (Sweet Corn),HYV,23.77,16.82,31.22,609.06,68.64,6.31,84,6.95,103.32,62.4,56.67,4.31,Black,69.28,Sprinkler,Zaid,Maize,9.34,102.67,69.36,48.84,1,5.498
Millet,Millet (Pearl/Bajra),HYV,29.36,22.77,39.48,308.63,53.69,8.11,80,7.23,58.49,26.49,23.33,1.19,Red,42.17,Rainfed,Kharif,Cotton,2.28,40.32,19.34,19.77,1,2.14
Wheat,Wheat (Durum),HYV,22.9,17.87,32.34,550.88,55.87,8.58,125,7.01,81.76,56.05,39.31,1.81,Alluvial,55.42,Flood,Rabi,Fallow,9.25,82.55,48.86,38.74,0,4.469
Maize,Maize (Sweet Corn),Hybrid,24.99,18.39,35.47,718.69,71.2,6.24,80,6.06,116.36,69.38,54.33,4.36,Clayey,56.66,Drip,Rabi,Rice,6.06,130.7,64.16,58.34,1,7.254
Maize,Maize (Feed Corn),Traditional,23.46,16.3,31.5,802.25,77.25,7.65,100,6.74,144.59,76.03,69.75,4.37,Alluvial,58.37,Sprinkler,Kharif,Fallow,14.76,89.99,41.0,41.17,0,9.01
Soybean,Soybean (Oil Grade),Hybrid,27.66,21.58,35.89,665.26,73.16,6.23,120,6.05,29.08,68.24,43.66,4.36,Alluvial,77.63,Flood,Kharif,Wheat,13.99,28.1,64.91,49.42,1,4.28
Soybean,Soybean (Food Grade),HYV,28.15,21.24,37.09,801.37,68.1,7.39,110,6.41,22.86,46.88,33.15,2.02,Alluvial,69.35,Rainfed,Kharif,Wheat,18.83,16.61,29.4,24.97,1,2.183
Rice,Rice (Sona Masuri),HYV,26.43,20.78,36.49,1135.25,77.98,8.4,137,6.47,70.09,43.53,35.76,4.25,Black,83.74,Drip,Kharif,Cotton,16.43,67.48,31.96,31.12,1,7.164
Millet,Millet (Pearl/Bajra),Traditional,33.48,26.21,42.28,543.51,40.78,8.09,84,6.06,57.37,29.06,22.15,2.55,Loamy,41.92,Sprinkler,Kharif,Maize,14.88,37.07,17.84,13.97,1,1.387
Millet,Millet (Foxtail),HYV,28.67,22.08,37.28,497.14,55.89,9.77,78,6.39,37.62,16.57,19.0,1.53,Sandy,38.1,Sprinkler,Kharif,Millet,15.19,41.28,18.71,21.45,0,2.078
Soybean,Soybean (Food Grade),Traditional,26.7,19.31,37.46,815.53,76.74,6.6,110,6.75,20.09,53.14,38.34,2.89,Loamy,54.72,Rainfed,Kharif,Rice,19.7,21.02,41.42,27.19,0,2.895
Rice,Rice (Basmati),Traditional,29.2,21.5,37.97,1118.44,81.71,6.82,148,7.28,73.43,38.1,37.67,2.45,Alluvial,70.6,Drip,Kharif,Soybean,2.37,57.71,28.37,25.86,1,4.085
Soybean,Soybean (Food Grade),Hybrid,26.61,18.69,36.18,758.02,75.63,6.52,101,7.24,20.49,45.27,36.0,3.25,Black,66.5,Rainfed,Kharif,Maize,2.82,23.46,55.12,37.18,1,2.601
Millet,Millet (Pearl/Bajra),Traditional,32.95,27.35,40.46,301.81,59.26,10.54,89,7.4,50.35,20.79,26.16,1.56,Loamy,53.73,Sprinkler,Kharif,Sugarcane,1.3,29.03,14.58,19.97,1,1.314
Maize,Maize (Feed Corn),Hybrid,28.71,21.01,35.88,805.85,75.52,7.5,102,6.38,121.77,64.41,56.07,3.32,Laterite,66.86,Flood,Kharif,Wheat,11.47,156.46,66.13,69.36,1,8.627
Millet,Millet (Sorghum/Jowar),Traditional,31.3,24.98,40.32,660.29,57.22,9.98,113,6.94,61.87,31.04,27.17,1.9,Black,56.75,Sprinkler,Rabi,Sugarcane,5.74,50.62,21.22,18.73,1,3.313
Soybean,Soybean (Oil Grade),Hybrid,29.8,21.9,37.95,685.41,79.62,8.16,107,6.47,20.07,56.84,36.79,4.06,Red,64.26,Rainfed,Kharif,Wheat,18.02,29.16,62.65,45.15,0,3.604
Wheat,Wheat (Common),Traditional,17.32,10.14,26.83,460.69,51.69,8.64,116,6.49,93.43,48.45,31.75,3.02,Loamy,51.26,Rainfed,Rabi,Wheat,4.89,66.05,34.05,31.88,1,3.729
Soybean,Soybean (Food Grade),HYV,26.57,19.12,37.7,842.06,73.44,6.09,110,6.19,25.42,58.28,36.07,2.57,Red,70.72,Sprinkler,Kharif,Millet,4.82,29.47,40.27,38.8,1,4.082
Maize,Maize (Feed Corn),HYV,28.12,22.34,36.29,709.56,62.57,8.09,96,5.76,133.58,69.1,59.13,4.79,Loamy,63.18,Sprinkler,Rabi,Wheat,6.85,139.16,79.66,53.33,1,7.785
Wheat,Wheat (Sharbati),Hybrid,18.08,12.95,28.76,418.15,57.97,7.15,121,6.97,82.71,45.45,34.72,2.67,Loamy,55.59,Drip,Rabi,Wheat,11.65,99.48,53.82,43.95,1,4.787
Rice,Rice (Basmati),HYV,27.71,21.59,37.84,1006.17,72.14,8.23,144,6.9,67.7,38.55,39.52,4.65,Clayey,66.77,Flood,Kharif,Pulses,11.69,60.48,33.66,25.91,1,2.999
Millet,Millet (Finger/Ragi),HYV,27.63,21.42,34.99,547.84,64.51,9.47,100,7.25,48.72,22.85,18.45,2.92,Sandy,48.4,Rainfed,Zaid,Maize,17.86,30.82,20.33,22.31,1,1.2
Maize,Maize (Sweet Corn),Traditional,22.35,16.48,33.23,607.26,67.21,6.56,80,6.02,116.97,60.79,50.96,4.8,Black,69.32,Sprinkler,Kharif,Wheat,0.8,82.23,45.25,39.68,0,6.627
Maize,Maize (Sweet Corn),HYV,24.23,19.11,34.27,762.44,73.82,7.55,100,6.78,108.33,57.19,44.61,3.62,Alluvial,70.75,Rainfed,Rabi,Millet,7.66,132.68,67.89,48.74,0,5.508
Millet,Millet (Finger/Ragi),HYV,31.36,24.37,40.86,573.65,62.92,8.5,107,6.98,49.57,22.22,24.23,3.45,Red,62.63,Sprinkler,Kharif,Sugarcane,4.96,29.55,23.29,17.22,0,2.885
Millet,Millet (Sorghum/Jowar),Traditional,28.52,21.19,38.29,598.81,64.89,7.66,106,6.04,66.7,31.79,25.25,1.74,Black,62.54,Rainfed,Kharif,Cotton,9.25,49.58,28.7,25.85,1,2.585
Millet,Millet (Finger/Ragi),Traditional,30.36,25.09,40.66,640.37,56.97,8.15,101,6.3,33.47,20.31,19.18,2.62,Black,58.81,Rainfed,Kharif,Wheat,12.9,23.1,15.06,13.41,1,2.287
Maize,Maize (Sweet Corn),HYV,23.6,17.51,30.97,780.81,68.19,7.55,81,6.72,101.03,54.48,46.73,2.4,Black,72.84,Sprinkler,Zaid,Pulses,2.38,109.46,55.06,42.14,1,4.458
Soybean,Soybean (Oil Grade),Hybrid,25.41,18.64,36.14,686.31,70.9,6.78,95,7.1,24.3,65.68,44.06,4.26,Alluvial,74.57,Rainfed,Rabi,Pulses,4.61,22.19,73.61,49.29,1,2.416
Rice,Rice (Non-Basmati),HYV,27.86,22.74,38.57,1265.46,84.44,8.12,121,6.27,88.44,55.02,43.01,4.4,Clayey,79.04,Flood,Kharif,Cotton,9.18,83.28,49.22,47.4,1,8.443
Maize,Maize (Feed Corn),Hybrid,26.47,21.26,34.03,763.46,74.63,6.8,105,6.05,134.61,69.76,66.21,4.63,Clayey,79.43,Drip,Zaid,Wheat,17.23,142.76,68.6,76.5,1,7.223
Soybean,Soybean (Food Grade),Hybrid,28.96,23.01,38.91,612.59,67.55,8.05,102,6.4,29.13,52.2,33.68,3.82,Alluvial,52.2,Rainfed,Kharif,Fallow,2.78,30.06,63.84,43.26,1,3.032
Rice,Rice (Sona Masuri),Traditional,27.45,19.9,34.96,1086.62,76.37,8.53,120,7.0,77.11,38.86,36.22,3.7,Loamy,66.09,Flood,Rabi,Soybean,10.48,75.71,39.82,36.27,0,3.637
Millet,Millet (Foxtail),Hybrid,26.19,20.7,34.87,390.77,45.94,9.55,84,6.75,38.18,21.69,16.26,1.25,Red,41.85,Sprinkler,Rabi,Millet,1.26,32.4,19.55,14.68,1,2.071
Wheat,Wheat (Durum),Traditional,20.87,12.98,31.8,594.62,66.61,8.81,131,7.06,89.65,42.68,32.65,1.61,Alluvial,54.01,Flood,Rabi,Rice,13.73,77.77,34.45,26.01,0,2.847
Soybean,Soybean (Oil Grade),Traditional,27.24,19.58,37.21,873.53,72.98,6.43,96,7.07,23.4,67.85,38.4,2.1,Alluvial,73.45,Sprinkler,Kharif,Wheat,11.19,20.85,49.33,30.96,1,3.163
Rice,Rice (Basmati),HYV,29.16,23.34,38.75,1149.36,84.11,6.78,143,6.34,67.54,34.62,34.81,3.31,Black,83.43,Flood,Zaid,Rice,15.71,64.5,31.31,33.99,1,2.943
Wheat,Wheat (Common),HYV,19.2,12.33,27.16,580.19,60.98,8.04,114,6.03,85.15,45.02,36.87,3.43,Black,41.07,Sprinkler,Zaid,Wheat,10.01,90.95,49.97,38.24,1,5.976
Millet,Millet (Foxtail),Hybrid,26.05,18.6,34.17,513.81,50.09,7.76,72,5.54,31.53,21.92,17.15,2.75,Sandy,35.33,Rainfed,Kharif,Sugarcane,16.92,33.21,22.29,16.82,1,1.547
Millet,Millet (Finger/Ragi),Traditional,31.72,25.9,39.11,656.56,63.37,9.56,125,7.3,33.56,26.05,19.37,2.9,Loamy,53.25,Sprinkler,Kharif,Soybean,3.83,33.6,17.01,11.04,0,1.945
Wheat,Wheat (Common),HYV,19.99,13.7,30.79,516.89,63.3,9.59,129,6.31,92.47,47.17,31.46,3.61,Loamy,45.41,Sprinkler,Rabi,Wheat,8.36,105.77,56.56,40.41,1,5.357
Rice,Rice (Non-Basmati),Traditional,28.76,21.28,37.88,1226.15,89.67,6.91,111,7.06,85.28,56.99,58.75,2.83,Clayey,73.34,Flood,Kharif,Soybean,7.1,85.88,32.99,39.52,1,6.135
Millet,Millet (Finger/Ragi),Traditional,30.38,23.09,39.58,657.85,59.38,9.88,122,7.26,46.24,23.76,16.86,3.22,Loamy,63.9,Sprinkler,Zaid,Wheat,10.95,28.74,21.01,12.72,0,1.441
Rice,Rice (Sona Masuri),Hybrid,26.15,20.24,34.88,1223.49,78.37,8.13,132,5.85,85.4,35.2,42.16,2.26,Red,78.24,Flood,Kharif,Sugarcane,8.06,80.39,48.96,47.77,1,5.998
Maize,Maize (Sweet Corn),HYV,27.89,21.56,36.23,554.09,63.66,7.47,91,6.2,103.7,62.85,54.02,3.19,Clayey,68.43,Drip,Rabi,Sugarcane,19.1,100.6,65.18,53.4,1,8.127
Rice,Rice (Sona Masuri),HYV,29.38,22.81,39.82,1129.43,72.23,7.99,137,6.18,79.83,39.77,40.98,2.07,Red,84.74,Sprinkler,Kharif,Sugarcane,1.28,81.64,42.24,35.69,1,4.756
Millet,Millet (Finger/Ragi),Traditional,30.66,25.59,42.13,561.19,54.31,7.45,104,6.75,49.7,22.06,16.53,2.47,Red,60.09,Sprinkler,Kharif,Maize,13.97,21.77,19.95,13.26,1,3.317
Maize,Maize (Sweet Corn),Traditional,26.53,19.41,36.97,717.45,72.29,8.69,100,6.19,115.45,56.42,42.96,4.5,Alluvial,60.28,Drip,Rabi,Maize,17.02,85.58,51.82,32.29,0,9.199
Rice,Rice (Sona Masuri),HYV,26.7,19.48,34.22,1229.93,79.11,8.79,133,6.48,77.62,39.01,40.02,2.58,Red,71.53,Flood,Kharif,Maize,7.42,96.41,40.81,48.89,1,3.448
Wheat,Wheat (Durum),Hybrid,20.97,12.99,32.24,640.72,56.55,7.45,140,7.18,84.23,55.29,35.82,1.77,Black,57.54,Flood,Rabi,Millet,18.96,102.23,64.16,34.94,1,3.669
Millet,Millet (Finger/Ragi),HYV,27.47,20.12,34.69,480.87,59.91,9.74,104,6.09,34.63,20.83,21.23,3.25,Red,54.03,Sprinkler,Kharif,Cotton,9.93,44.25,31.8,25.7,1,4.072
Soybean,Soybean (Food Grade),Hybrid,27.18,21.44,36.0,687.29,62.72,6.94,107,7.32,23.12,43.51,39.91,3.38,Red,69.2,Sprinkler,Kharif,Soybean,18.76,19.28,41.71,25.11,1,2.427
Millet,Millet (Sorghum/Jowar),HYV,31.48,24.95,41.48,603.0,59.94,9.97,106,6.46,64.83,37.16,29.25,1.72,Black,43.81,Sprinkler,Kharif,Fallow,14.97,67.25,33.61,27.67,1,2.217
Soybean,Soybean (Oil Grade),Hybrid,26.17,20.04,33.84,692.35,66.97,6.59,96,6.28,24.74,57.09,39.58,3.87,Alluvial,76.43,Flood,Kharif,Rice,1.87,24.62,73.96,48.33,1,3.578
Maize,Maize (Popcorn),Traditional,23.33,16.09,32.59,643.3,58.74,7.64,98,6.99,90.34,57.59,41.06,3.48,Desert,63.42,Sprinkler,Kharif,Maize,6.71,72.32,43.79,33.84,1,5.241
Rice,Rice (Sona Masuri),HYV,29.67,24.18,40.42,1269.08,70.18,6.18,130,6.08,72.92,35.44,36.59,4.39,Loamy,78.19,Rainfed,Kharif,Cotton,17.95,85.25,43.98,42.36,0,4.052
Millet,Millet (Foxtail),HYV,26.22,20.9,35.23,380.13,47.09,9.28,79,6.3,33.51,20.14,19.57,1.92,Loamy,37.5,Rainfed,Kharif,Rice,10.73,31.39,23.67,15.6,1,1.976
Millet,Millet (Pearl/Bajra),HYV,29.91,24.77,38.75,461.15,57.35,8.63,66,7.61,52.96,28.61,23.26,2.88,Red,34.48,Sprinkler,Kharif,Maize,2.77,43.47,21.51,22.39,1,3.422
Millet,Millet (Finger/Ragi),HYV,30.36,23.29,39.83,435.54,59.73,7.07,121,6.48,41.16,25.07,24.58,1.62,Loamy,51.56,Sprinkler,Kharif,Pulses,4.42,37.18,28.85,17.03,1,3.843
Maize,Maize (Sweet Corn),Hybrid,23.57,18.06,30.73,750.22,60.9,8.86,96,5.89,113.45,68.86,42.06,2.55,Loamy,66.93,Rainfed,Kharif,Soybean,6.5,118.0,69.64,51.03,1,4.804
Millet,Millet (Sorghum/Jowar),Traditional,29.99,23.24,37.42,695.56,68.09,7.58,116,7.77,77.58,38.12,30.48,1.88,Sandy,61.01,Sprinkler,Rabi,Cotton,8.24,48.7,25.06,26.53,1,1.488
Wheat,Wheat (Durum),HYV,19.55,13.12,31.01,611.24,65.64,7.48,135,7.14,81.52,43.27,36.19,2.9,Loamy,67.63,Drip,Rabi,Rice,16.9,81.03,55.98,35.24,1,4.36
Millet,Millet (Pearl/Bajra),Hybrid,29.96,24.11,37.14,251.96,42.56,10.98,79,6.96,53.6,20.44,25.25,1.57,Loamy,49.55,Sprinkler,Kharif,Cotton,4.09,47.24,25.99,30.96,1,1.607
Millet,Millet (Pearl/Bajra),HYV,28.9,21.43,38.42,306.23,58.55,8.37,87,7.33,47.86,29.86,24.57,2.97,Loamy,35.88,Rainfed,Kharif,Maize,0.52,48.56,29.38,28.09,1,2.219
Millet,Millet (Pearl/Bajra),Traditional,28.13,20.32,37.29,553.9,47.72,10.78,77,6.36,44.5,20.2,20.73,1.23,Sandy,46.41,Sprinkler,Zaid,Fallow,15.19,37.41,23.16,23.13,1,1.789
Soybean,Soybean (Oil Grade),HYV,29.35,24.3,37.51,798.32,79.87,6.2,107,7.02,25.1,62.59,35.54,2.24,Red,66.28,Drip,Kharif,Maize,3.88,20.95,56.17,44.2,1,2.929
Wheat,Wheat (Common),Traditional,17.35,10.21,25.11,585.41,58.35,7.25,125,6.71,99.53,42.27,39.09,2.98,Black,62.65,Sprinkler,Rabi,Cotton,14.47,65.9,31.54,25.06,0,6.179
Wheat,Wheat (Durum),HYV,19.25,12.09,26.4,476.37,59.99,7.69,128,6.58,90.74,57.86,34.64,2.61,Red,64.16,Drip,Rabi,Soybean,6.69,90.32,52.87,38.75,1,4.15
Soybean,Soybean (Oil Grade),Traditional,26.35,18.57,36.62,941.79,70.65,8.48,95,6.42,24.47,61.37,37.38,3.53,Alluvial,61.07,Sprinkler,Kharif,Wheat,11.15,17.28,52.14,34.08,1,3.369
Millet,Millet (Sorghum/Jowar),HYV,27.88,21.29,36.06,666.19,68.17,8.0,117,7.86,76.71,34.53,34.35,3.07,Black,63.93,Sprinkler,Kharif,Wheat,16.74,61.22,33.21,27.13,1,3.245
Millet,Millet (Sorghum/Jowar),Traditional,30.09,23.32,38.0,675.76,51.29,8.45,124,6.87,73.77,34.23,34.25,2.78,Black,54.2,Sprinkler,Rabi,Maize,10.1,44.61,18.94,15.49,1,3.814
Rice,Rice (Non-Basmati),HYV,30.34,24.53,41.44,1597.8,71.53,7.42,136,6.35,113.49,57.55,45.99,4.47,Loamy,68.86,Drip,Kharif,Maize,13.57,77.27,38.66,35.93,1,7.595
Soybean,Soybean (Oil Grade),HYV,25.78,18.66,37.18,927.51,71.03,8.44,111,7.35,27.42,66.95,39.17,3.21,Red,60.17,Sprinkler,Kharif,Millet,15.88,23.21,62.74,41.73,1,2.454
Rice,Rice (Sona Masuri),Traditional,26.04,19.45,37.81,1061.88,78.6,8.89,125,6.18,73.14,39.15,38.03,3.53,Loamy,65.43,Sprinkler,Kharif,Millet,12.56,48.9,29.22,24.99,1,5.294
Maize,Maize (Sweet Corn),Traditional,22.38,17.07,29.79,745.12,75.0,6.67,97,6.21,102.3,60.0,56.42,2.31,Alluvial,68.46,Drip,Rabi,Maize,12.25,87.32,53.31,41.14,1,7.685
Millet,Millet (Finger/Ragi),Traditional,26.2,20.93,35.72,491.57,67.14,8.63,110,6.81,39.04,27.43,24.68,2.63,Black,47.85,Sprinkler,Kharif,Rice,3.75,25.27,21.53,17.81,1,1.951
Rice,Rice (Non-Basmati),Traditional,27.67,19.97,37.0,1296.06,84.48,8.73,134,5.83,103.44,58.35,45.1,3.66,Clayey,69.39,Sprinkler,Kharif,Rice,13.59,90.04,47.58,38.53,0,3.971
Wheat,Wheat (Durum),HYV,19.45,13.71,31.42,480.01,51.7,7.92,136,7.14,99.11,55.27,37.27,3.98,Loamy,64.13,Rainfed,Rabi,Maize,7.9,80.96,46.31,31.26,1,6.469
Maize,Maize (Popcorn),Traditional,25.13,18.63,36.33,737.77,67.25,6.14,94,6.24,88.94,58.17,43.35,2.13,Sandy,69.25,Flood,Kharif,Pulses,10.57,66.06,36.23,37.86,1,3.065
Millet,Millet (Foxtail),Traditional,26.11,19.03,33.36,356.65,50.81,8.81,69,6.46,35.98,24.64,18.23,2.43,Loamy,43.64,Rainfed,Kharif,Fallow,14.84,36.19,24.17,20.73,1,0.691
Millet,Millet (Foxtail),Hybrid,29.42,22.18,41.03,520.89,46.9,8.46,83,5.96,30.84,19.5,19.99,2.92,Sandy,44.37,Sprinkler,Rabi,Fallow,13.57,41.25,26.55,21.36,1,1.581
Millet,Millet (Foxtail),Hybrid,27.04,21.57,35.91,501.83,55.03,9.33,83,7.35,33.75,24.66,15.36,1.08,Red,37.05,Rainfed,Kharif,Sugarcane,1.1,42.52,22.04,21.54,1,2.272
Millet,Millet (Finger/Ragi),HYV,27.45,21.22,35.32,656.53,56.73,7.16,129,7.37,31.44,22.34,19.58,2.64,Loamy,44.73,Sprinkler,Kharif,Wheat,3.92,43.35,27.57,22.19,1,2.042
Maize,Maize (Feed Corn),Hybrid,28.88,23.81,40.4,781.51,70.87,8.57,120,6.35,123.69,65.02,55.42,3.28,Alluvial,70.25,Sprinkler,Kharif,Maize,19.92,131.11,71.83,50.04,0,8.494
Maize,Maize (Popcorn),Hybrid,23.98,17.52,31.48,609.92,68.66,7.78,103,5.89,83.98,49.9,42.73,3.61,Loamy,66.91,Flood,Rabi,Cotton,11.98,100.52,58.95,49.24,1,7.8
Soybean,Soybean (Food Grade),HYV,25.84,19.12,35.59,601.15,70.01,8.31,90,7.39,27.88,44.74,35.24,2.23,Red,58.58,Drip,Kharif,Soybean,14.44,27.79,50.01,35.99,0,2.961
Millet,Millet (Foxtail),HYV,28.05,20.37,35.08,338.87,50.58,10.0,75,5.73,37.98,21.66,15.91,1.56,Sandy,39.83,Rainfed,Zaid,Fallow,4.56,29.92,13.06,14.07,1,1.139
Rice,Rice (Non-Basmati),Hybrid,31.06,24.3,39.92,1140.11,77.23,6.55,116,5.74,88.86,47.59,47.21,3.18,Loamy,84.84,Sprinkler,Kharif,Pulses,19.75,98.54,54.27,48.4,1,5.474
Rice,Rice (Non-Basmati),Traditional,31.46,25.81,42.61,1454.43,89.26,7.71,131,6.73,115.39,44.94,58.09,4.73,Alluvial,75.86,Sprinkler,Kharif,Sugarcane,11.02,75.63,33.36,39.44,1,6.074
Wheat,Wheat (Durum),Traditional,18.68,11.25,30.32,502.56,52.87,7.97,131,6.03,89.7,44.13,36.48,2.96,Loamy,51.63,Drip,Kharif,Sugarcane,13.23,74.5,45.21,26.57,1,3.904
Millet,Millet (Finger/Ragi),Traditional,26.1,19.06,37.27,446.07,67.76,8.8,126,6.43,49.55,25.21,18.3,2.7,Black,46.41,Sprinkler,Kharif,Fallow,1.47,36.18,18.6,18.55,1,2.702
Rice,Rice (Non-Basmati),Hybrid,27.76,22.13,36.09,1147.42,76.94,6.11,129,5.57,96.57,43.89,43.68,2.86,Clayey,71.21,Flood,Rabi,Wheat,6.87,119.34,50.98,55.87,1,5.759
Wheat,Wheat (Durum),Hybrid,18.62,11.73,28.5,600.95,65.08,8.86,132,7.13,81.58,56.76,36.63,2.54,Loamy,66.66,Sprinkler,Rabi,Sugarcane,3.64,88.35,64.79,43.68,0,4.542
Millet,Millet (Finger/Ragi),Hybrid,26.76,20.79,34.79,632.73,58.71,9.89,102,5.14,46.91,20.26,15.1,3.37,Black,48.51,Sprinkler,Kharif,Fallow,2.21,43.75,22.97,20.08,1,2.862
Soybean,Soybean (Food Grade),Hybrid,24.75,18.27,34.14,821.52,66.66,6.99,98,6.92,24.68,50.47,31.88,3.4,Black,60.23,Drip,Kharif,Wheat,9.31,30.01,60.3,35.01,1,4.025
Millet,Millet (Finger/Ragi),Hybrid,26.16,20.63,36.41,540.08,52.45,7.82,108,6.38,40.63,29.4,21.94,2.43,Loamy,57.81,Sprinkler,Zaid,Fallow,9.45,42.68,25.25,16.51,0,2.357
Wheat,Wheat (Durum),Traditional,21.01,14.31,30.52,509.21,54.74,9.67,122,6.09,81.55,58.3,30.96,2.71,Alluvial,62.45,Drip,Rabi,Fallow,18.15,73.37,35.72,26.18,1,5.137
Maize,Maize (Feed Corn),Hybrid,25.01,18.41,32.11,622.5,79.48,7.81,106,7.03,134.27,72.62,61.53,2.19,Laterite,69.71,Sprinkler,Kharif,Sugarcane,3.08,146.44,71.64,67.99,1,7.262
Millet,Millet (Foxtail),Hybrid,29.12,21.82,37.63,530.35,62.98,7.96,68,6.91,35.75,16.75,18.71,2.35,Loamy,58.95,Rainfed,Rabi,Fallow,15.96,38.47,19.68,17.01,1,1.835
Millet,Millet (Sorghum/Jowar),HYV,32.57,27.55,42.12,550.64,52.84,8.77,114,7.87,61.08,35.98,25.07,2.5,Red,61.37,Rainfed,Rabi,Fallow,12.75,66.05,33.27,26.19,1,1.867
Millet,Millet (Foxtail),Hybrid,30.54,24.09,39.9,369.55,50.0,9.02,82,7.38,30.32,21.94,17.01,1.73,Sandy,49.17,Rainfed,Rabi,Wheat,2.65,43.48,22.68,16.59,1,1.234
Soybean,Soybean (Oil Grade),HYV,28.29,20.55,39.72,884.79,67.8,8.66,118,7.42,24.26,58.86,37.33,3.3,Red,60.69,Rainfed,Kharif,Maize,3.04,28.28,57.44,41.13,1,2.245
Maize,Maize (Popcorn),Hybrid,25.9,18.16,37.89,627.2,59.6,8.15,93,6.26,91.31,56.44,41.89,2.05,Alluvial,60.79,Drip,Kharif,Wheat,3.17,85.48,47.6,38.55,1,6.001
Maize,Maize (Popcorn),HYV,26.92,20.25,34.66,718.83,67.94,8.61,88,6.13,86.67,53.74,45.64,4.17,Alluvial,55.09,Sprinkler,Rabi,Rice,2.2,81.49,47.25,42.44,1,7.282
Maize,Maize (Feed Corn),Traditional,25.05,19.06,36.18,656.08,66.61,6.09,110,6.78,121.01,64.93,67.15,2.93,Black,78.9,Rainfed,Kharif,Millet,12.38,118.14,53.81,55.97,1,6.98
Millet,Millet (Pearl/Bajra),Traditional,34.49,26.55,43.58,317.61,58.74,10.55,73,6.83,51.0,25.1,22.37,2.81,Red,53.61,Rainfed,Kharif,Millet,2.04,25.29,12.63,11.42,1,0.82
Maize,Maize (Sweet Corn),Traditional,25.63,19.12,37.14,782.01,62.01,6.91,88,6.4,107.64,57.18,50.68,3.47,Black,61.63,Sprinkler,Rabi,Cotton,5.96,69.01,41.39,38.61,1,4.043
Soybean,Soybean (Food Grade),HYV,25.65,18.93,35.51,728.1,63.06,6.11,98,6.28,26.1,54.39,38.51,3.49,Red,51.81,Sprinkler,Kharif,Sugarcane,1.56,27.63,52.36,32.73,1,3.132
Rice,Rice (Basmati),Traditional,25.36,20.27,33.65,1231.31,83.02,8.18,149,6.94,74.71,37.68,35.05,3.63,Loamy,72.85,Flood,Kharif,Wheat,15.96,52.54,26.87,27.07,1,4.382
Millet,Millet (Sorghum/Jowar),Traditional,29.98,22.25,39.7,498.42,50.12,9.4,92,6.38,70.05,33.41,30.12,2.12,Alluvial,46.07,Sprinkler,Rabi,Fallow,1.42,54.27,24.55,26.26,1,3.019
Millet,Millet (Finger/Ragi),Hybrid,29.82,22.73,39.86,563.38,67.63,9.0,119,5.8,37.24,24.51,16.61,2.28,Red,56.16,Rainfed,Kharif,Maize,9.17,48.66,27.62,19.0,0,3.885
Rice,Rice (Sona Masuri),Hybrid,27.06,21.54,36.6,1234.36,73.6,7.76,136,6.07,82.84,40.72,40.25,3.61,Red,73.44,Flood,Rabi,Millet,5.03,57.57,28.76,34.62,0,6.369
Maize,Maize (Popcorn),Hybrid,22.27,15.98,33.28,540.36,66.47,7.12,89,6.4,96.43,46.31,40.51,3.26,Loamy,67.63,Sprinkler,Rabi,Wheat,2.78,63.93,36.24,31.36,1,6.139
Rice,Rice (Sona Masuri),Hybrid,27.6,20.25,34.87,1303.7,82.21,7.56,133,6.26,89.18,44.79,40.32,3.29,Alluvial,67.14,Sprinkler,Kharif,Soybean,1.89,62.71,29.16,33.22,1,6.918
Rice,Rice (Non-Basmati),HYV,26.78,20.04,35.31,1433.41,80.8,7.18,134,6.28,98.57,41.52,51.06,2.99,Clayey,68.04,Flood,Kharif,Sugarcane,9.42,98.64,53.72,46.58,1,7.189
Wheat,Wheat (Sharbati),HYV,17.04,11.55,28.99,553.67,59.22,7.4,124,6.95,97.2,48.07,37.51,2.09,Alluvial,59.54,Drip,Kharif,Pulses,19.65,105.45,62.44,45.81,1,3.422
Maize,Maize (Sweet Corn),HYV,25.16,18.54,33.65,568.59,64.67,7.19,93,6.49,110.07,65.7,52.56,2.23,Loamy,57.86,Sprinkler,Rabi,Soybean,8.95,103.47,53.07,52.35,1,5.898
Soybean,Soybean (Oil Grade),Traditional,29.26,23.72,41.0,919.04,77.99,6.34,95,6.04,22.63,65.96,44.26,3.03,Black,61.99,Rainfed,Kharif,Cotton,14.72,21.98,45.5,33.47,1,2.785
Wheat,Wheat (Common),HYV,21.85,16.49,31.4,512.81,50.45,8.24,129,6.71,97.51,46.45,37.66,3.51,Clayey,60.69,Rainfed,Rabi,Sugarcane,16.64,84.99,46.96,39.75,1,5.115
Wheat,Wheat (Common),HYV,17.21,10.14,28.28,426.14,53.91,8.92,116,6.32,83.76,41.07,37.65,3.1,Alluvial,44.71,Sprinkler,Rabi,Soybean,1.36,99.5,48.18,38.22,1,4.38
Maize,Maize (Sweet Corn),Hybrid,24.77,16.78,36.11,768.49,72.46,6.82,81,6.59,107.07,64.24,42.86,3.74,Loamy,61.74,Sprinkler,Rabi,Maize,16.33,115.24,69.94,44.39,1,5.868
Soybean,Soybean (Food Grade),HYV,24.44,19.06,33.14,623.84,73.86,8.71,100,7.16,24.48,48.85,30.12,3.96,Clayey,63.75,Sprinkler,Rabi,Millet,12.05,23.33,56.99,36.87,1,1.61
Millet,Millet (Sorghum/Jowar),Traditional,30.06,22.57,38.08,586.54,68.44,8.71,111,7.48,63.45,39.54,31.55,1.85,Red,50.98,Drip,Rabi,Cotton,18.09,52.17,28.95,22.02,0,2.484
Soybean,Soybean (Oil Grade),Traditional,28.88,23.57,36.39,734.53,66.4,7.66,120,7.34,26.27,69.75,44.07,3.16,Loamy,74.14,Sprinkler,Kharif,Millet,3.94,23.57,47.66,31.95,1,2.99
Millet,Millet (Foxtail),HYV,31.38,25.91,42.3,322.05,50.38,7.88,69,6.88,36.51,24.07,15.7,1.38,Sandy,47.03,Rainfed,Kharif,Maize,17.89,26.68,13.8,12.8,1,1.229
Maize,Maize (Feed Corn),Hybrid,27.83,22.57,35.24,723.13,78.46,8.24,98,6.87,136.15,67.57,68.87,2.45,Black,59.4,Flood,Kharif,Fallow,5.26,115.04,56.57,64.39,0,9.758
Millet,Millet (Pearl/Bajra),Traditional,32.22,27.14,43.05,287.22,56.79,9.45,75,7.11,48.76,25.34,20.15,1.4,Sandy,35.42,Flood,Kharif,Soybean,18.81,39.43,18.38,16.71,1,2.351
Soybean,Soybean (Food Grade),HYV,25.32,20.12,34.6,729.54,78.08,6.4,104,6.37,28.06,43.07,30.73,2.7,Red,69.68,Rainfed,Kharif,Cotton,9.18,23.82,45.76,35.19,0,2.649
Soybean,Soybean (Oil Grade),Traditional,27.43,19.57,38.28,673.02,74.97,7.42,95,6.56,20.21,51.47,35.99,3.94,Alluvial,64.66,Sprinkler,Zaid,Cotton,9.45,20.25,53.26,31.54,1,3.482
Soybean,Soybean (Oil Grade),Traditional,28.19,22.31,37.96,768.37,66.58,6.49,109,7.02,28.38,54.79,38.74,4.16,Alluvial,73.14,Sprinkler,Kharif,Maize,3.81,13.74,38.9,26.63,0,2.957
Maize,Maize (Feed Corn),HYV,28.91,22.33,39.46,789.91,75.82,8.21,101,5.89,143.75,79.78,63.7,2.73,Black,55.14,Flood,Kharif,Maize,0.75,132.97,74.91,65.51,1,5.576
Millet,Millet (Pearl/Bajra),HYV,34.65,28.9,45.94,268.38,42.92,10.83,82,6.58,51.27,21.36,27.57,2.99,Black,31.3,Sprinkler,Kharif,Sugarcane,10.01,53.99,25.35,29.24,1,1.684
Maize,Maize (Feed Corn),HYV,23.75,18.39,35.3,643.03,77.63,7.13,120,5.77,147.56,75.23,54.51,4.18,Alluvial,57.59,Sprinkler,Kharif,Sugarcane,18.59,149.76,60.39,50.87,1,8.534
Millet,Millet (Sorghum/Jowar),Traditional,32.11,25.8,39.64,692.07,50.97,8.13,97,7.2,71.1,38.34,30.05,1.68,Red,64.31,Rainfed,Zaid,Cotton,0.72,58.98,27.65,24.14,1,2.157
Millet,Millet (Finger/Ragi),Hybrid,27.63,20.53,39.19,594.62,60.6,8.38,116,7.35,32.27,24.01,21.5,2.02,Laterite,58.67,Sprinkler,Kharif,Soybean,17.25,23.28,21.32,18.78,0,1.834
Maize,Maize (Sweet Corn),Traditional,25.08,19.47,34.96,705.58,69.75,7.33,100,6.36,100.43,68.8,46.22,4.74,Loamy,67.91,Drip,Rabi,Wheat,8.13,84.15,53.56,43.09,1,6.42
Wheat,Wheat (Durum),Traditional,22.87,15.87,32.0,625.64,63.66,8.91,139,7.05,95.44,42.47,32.24,2.94,Loamy,66.43,Drip,Zaid,Sugarcane,1.61,67.72,40.27,31.09,1,4.723
Soybean,Soybean (Food Grade),Hybrid,26.24,18.37,35.54,746.02,73.18,6.37,91,6.04,27.79,58.79,35.75,2.73,Laterite,67.41,Rainfed,Kharif,Cotton,15.18,25.8,55.37,43.08,0,3.47
Wheat,Wheat (Durum),Traditional,20.38,13.43,27.45,574.27,63.05,7.47,127,7.1,94.55,45.55,39.9,2.11,Desert,47.24,Rainfed,Rabi,Cotton,7.34,74.34,38.79,29.53,1,3.905
Rice,Rice (Sona Masuri),HYV,26.64,20.48,38.05,1162.21,82.5,7.11,121,5.68,88.46,41.63,44.52,3.46,Laterite,71.54,Sprinkler,Kharif,Rice,12.47,81.14,40.54,41.85,1,5.391
Wheat,Wheat (Durum),Hybrid,20.17,14.95,30.58,524.88,67.41,9.34,123,6.38,88.56,43.11,39.8,2.06,Alluvial,61.95,Flood,Rabi,Soybean,19.74,99.13,59.37,43.61,1,5.485
Wheat,Wheat (Common),Traditional,21.15,15.81,30.55,496.52,63.69,7.35,121,7.33,91.39,42.58,38.49,3.42,Loamy,44.61,Sprinkler,Rabi,Sugarcane,6.88,75.8,38.18,26.37,1,4.212
Wheat,Wheat (Common),Traditional,17.55,11.22,29.54,537.86,63.69,7.95,118,6.05,95.86,40.75,35.81,2.36,Alluvial,40.53,Flood,Rabi,Soybean,0.9,70.36,33.47,26.45,1,4.418
Millet,Millet (Pearl/Bajra),Traditional,31.5,24.09,43.32,260.69,47.21,10.0,74,6.92,53.99,20.66,22.34,1.07,Desert,43.92,Sprinkler,Kharif,Rice,16.38,36.66,15.67,18.11,1,1.909
Wheat,Wheat (Durum),Traditional,22.48,16.56,31.85,587.66,65.89,8.73,137,6.31,88.03,43.87,31.35,2.41,Black,60.17,Sprinkler,Kharif,Maize,2.64,66.57,41.3,29.02,1,2.914
Soybean,Soybean (Food Grade),Hybrid,24.58,16.83,32.89,603.77,72.7,7.67,99,6.39,22.03,54.78,36.41,3.15,Loamy,60.3,Rainfed,Kharif,Rice,4.93,22.69,50.64,40.9,1,3.824
Rice,Rice (Basmati),Traditional,27.47,20.75,38.66,1202.19,81.56,7.27,131,6.25,74.76,30.83,36.03,2.74,Alluvial,69.73,Flood,Kharif,Wheat,8.23,47.38,22.24,24.07,0,4.526
Millet,Millet (Sorghum/Jowar),Traditional,31.18,26.05,39.13,575.73,50.9,7.85,90,6.23,64.59,33.21,27.03,1.79,Red,52.14,Flood,Rabi,Soybean,19.88,53.81,31.37,23.15,1,3.183
Wheat,Wheat (Sharbati),Hybrid,18.86,12.38,29.76,462.43,55.26,7.57,123,7.18,88.04,41.82,30.77,3.01,Black,57.1,Flood,Rabi,Maize,6.67,104.58,50.65,43.74,1,6.174
Rice,Rice (Non-Basmati),Traditional,29.3,23.31,37.14,1333.36,72.01,7.01,126,6.47,93.42,41.65,51.01,2.81,Laterite,80.37,Flood,Kharif,Millet,15.55,95.75,33.65,32.85,0,5.358
Soybean,Soybean (Food Grade),HYV,25.76,17.99,35.08,682.44,63.39,8.05,109,6.9,28.25,59.65,31.32,3.65,Red,67.98,Sprinkler,Kharif,Rice,5.45,21.93,51.99,34.51,1,4.277
Maize,Maize (Popcorn),Traditional,24.79,18.97,34.77,640.28,65.32,8.62,97,6.8,80.41,41.23,49.08,3.76,Alluvial,62.85,Flood,Rabi,Maize,7.88,77.3,33.52,36.58,1,6.005
Wheat,Wheat (Sharbati),HYV,20.68,13.3,31.75,578.06,58.85,9.99,118,7.15,86.4,48.64,38.96,2.35,Loamy,41.33,Drip,Rabi,Pulses,5.65,90.22,44.73,33.56,1,4.294
Maize,Maize (Feed Corn),HYV,27.02,21.65,37.05,803.09,64.18,7.28,92,6.18,141.77,70.33,65.13,2.64,Alluvial,71.12,Flood,Kharif,Millet,3.28,91.67,53.06,46.55,1,10.673
Millet,Millet (Pearl/Bajra),Traditional,31.52,24.04,39.2,475.71,57.9,9.66,68,6.74,47.02,25.23,20.36,2.43,Red,31.71,Rainfed,Kharif,Fallow,11.19,39.73,22.84,25.08,0,1.821
Wheat,Wheat (Sharbati),HYV,21.78,15.85,32.47,500.76,59.25,7.35,129,6.85,94.38,42.88,38.32,3.89,Alluvial,62.05,Sprinkler,Rabi,Rice,5.94,80.94,49.68,34.14,1,5.823
Millet,Millet (Finger/Ragi),HYV,26.2,18.75,34.97,411.74,67.15,9.2,122,7.04,31.22,26.47,22.18,3.08,Loamy,49.25,Sprinkler,Kharif,Maize,8.25,46.38,28.91,16.96,0,1.944
Millet,Millet (Sorghum/Jowar),HYV,27.78,21.08,36.59,477.27,52.8,9.0,117,7.64,79.9,32.41,30.66,2.64,Loamy,53.4,Rainfed,Rabi,Sugarcane,9.8,68.56,34.47,25.28,1,3.142
Millet,Millet (Pearl/Bajra),HYV,30.2,25.14,37.97,275.05,54.78,8.57,80,7.43,46.0,24.3,27.58,1.46,Sandy,41.27,Flood,Zaid,Wheat,3.8,49.65,26.14,24.28,0,0.813
Maize,Maize (Feed Corn),Hybrid,27.58,20.0,38.45,574.58,73.24,8.56,111,5.53,137.34,71.24,51.93,2.15,Clayey,67.27,Sprinkler,Kharif,Wheat,8.5,136.62,77.97,73.38,1,7.082
Maize,Maize (Popcorn),HYV,24.21,17.76,31.37,741.56,62.29,8.36,105,6.05,95.76,45.11,44.74,2.02,Black,69.18,Rainfed,Kharif,Cotton,4.86,65.65,37.5,33.36,0,3.527
Wheat,Wheat (Durum),HYV,22.95,17.06,33.06,506.71,57.87,8.65,125,7.16,95.83,50.37,30.76,2.89,Loamy,56.94,Sprinkler,Rabi,Millet,7.03,61.23,38.26,21.11,1,3.287
Millet,Millet (Foxtail),HYV,31.86,25.66,43.15,340.42,55.2,8.14,61,6.87,30.73,18.75,17.4,2.01,Sandy,35.89,Rainfed,Rabi,Sugarcane,7.62,34.05,23.77,19.81,0,1.737
Rice,Rice (Basmati),HYV,25.76,18.19,35.1,1202.11,76.74,8.92,131,7.29,73.76,39.39,37.22,2.57,Alluvial,71.05,Sprinkler,Kharif,Maize,12.11,57.55,26.85,31.41,0,4.334
Maize,Maize (Popcorn),Traditional,23.24,17.77,30.6,545.42,60.05,8.32,90,6.63,85.86,53.34,43.87,3.94,Alluvial,59.61,Sprinkler,Rabi,Cotton,2.43,74.13,34.04,38.83,1,4.943
Wheat,Wheat (Sharbati),Hybrid,17.41,12.18,26.27,508.12,59.71,8.7,132,6.86,84.21,47.75,37.72,3.42,Loamy,62.59,Sprinkler,Rabi,Cotton,10.9,99.12,45.47,39.23,1,6.5
Maize,Maize (Sweet Corn),Traditional,26.97,20.85,35.8,766.36,73.9,8.4,86,6.47,106.77,54.81,42.81,4.18,Loamy,69.42,Sprinkler,Kharif,Fallow,10.55,74.43,37.85,37.65,1,4.628
Maize,Maize (Sweet Corn),Traditional,25.83,19.65,33.78,506.83,71.12,7.28,82,6.55,115.85,60.58,55.23,3.02,Alluvial,66.33,Drip,Kharif,Maize,2.52,91.85,55.79,42.48,1,7.031
Millet,Millet (Finger/Ragi),Traditional,31.43,24.89,43.1,464.63,57.9,9.97,103,7.49,35.8,28.12,24.14,3.41,Loamy,58.02,Sprinkler,Kharif,Pulses,6.07,17.18,15.51,12.93,1,3.158
Wheat,Wheat (Common),HYV,19.35,14.3,26.79,545.87,58.25,8.08,119,7.3,97.6,45.72,39.52,3.55,Alluvial,52.47,Drip,Rabi,Wheat,10.7,61.79,28.64,25.56,1,5.782
Soybean,Soybean (Food Grade),Hybrid,27.92,22.08,37.55,701.83,71.55,8.74,95,7.5,24.99,43.42,39.8,2.34,Black,64.42,Rainfed,Kharif,Millet,13.8,25.97,50.33,41.02,1,3.099
Wheat,Wheat (Common),HYV,19.62,11.99,27.27,539.87,63.2,8.63,118,6.08,93.37,41.86,39.24,3.61,Loamy,50.47,Sprinkler,Rabi,Millet,11.81,99.87,40.89,32.14,0,5.255
Millet,Millet (Foxtail),HYV,30.39,24.12,39.54,315.93,61.03,7.88,66,6.15,37.93,18.15,16.82,2.75,Sandy,41.28,Sprinkler,Kharif,Millet,13.17,37.53,23.44,16.17,1,2.8
Millet,Millet (Foxtail),Traditional,28.52,21.61,40.27,498.85,61.27,9.81,80,5.57,32.47,24.0,19.25,1.65,Black,52.21,Drip,Kharif,Cotton,19.68,31.83,14.9,13.79,1,1.195
Millet,Millet (Pearl/Bajra),HYV,33.71,27.91,42.66,299.38,45.83,10.71,79,7.35,45.0,21.46,28.87,2.89,Sandy,31.34,Flood,Kharif,Maize,8.68,55.0,27.01,29.59,1,2.643
Rice,Rice (Basmati),Traditional,25.8,18.44,37.72,1009.95,80.49,6.76,150,7.19,78.45,36.66,32.36,4.68,Alluvial,64.61,Flood,Kharif,Rice,18.56,62.74,24.43,26.88,1,4.512
Millet,Millet (Foxtail),HYV,26.66,21.46,35.79,422.87,46.71,9.88,65,7.14,33.29,15.65,17.96,2.57,Loamy,58.18,Sprinkler,Zaid,Fallow,1.47,35.88,24.05,19.94,1,2.192
Rice,Rice (Basmati),Traditional,28.01,20.2,36.57,1124.89,79.81,7.86,133,6.84,74.3,30.68,34.18,2.35,Laterite,75.32,Flood,Kharif,Millet,13.79,61.08,31.63,35.87,0,3.292
Soybean,Soybean (Food Grade),Traditional,24.58,19.22,36.15,881.62,71.52,6.66,98,6.89,28.66,49.07,31.83,2.79,Loamy,58.08,Sprinkler,Kharif,Rice,6.24,19.53,40.48,27.8,1,2.493
Rice,Rice (Non-Basmati),Hybrid,29.7,22.02,40.85,1339.71,75.22,6.41,111,6.95,83.31,51.82,49.64,4.93,Black,86.16,Flood,Kharif,Wheat,7.29,93.13,51.45,47.04,1,9.1
Maize,Maize (Feed Corn),Traditional,26.38,18.8,34.49,666.41,76.48,7.51,101,6.27,122.53,72.05,66.79,3.26,Sandy,65.61,Rainfed,Kharif,Rice,18.29,106.29,54.14,55.01,1,5.661
Soybean,Soybean (Food Grade),Traditional,29.59,23.63,41.35,656.97,61.72,6.92,94,7.21,27.73,43.71,39.23,2.71,Clayey,74.68,Rainfed,Zaid,Cotton,4.26,16.91,43.06,26.86,1,1.77
Millet,Millet (Finger/Ragi),HYV,31.55,25.31,39.91,459.37,61.13,9.9,104,7.34,30.28,25.39,17.09,2.56,Laterite,41.77,Sprinkler,Kharif,Sugarcane,3.9,33.56,25.15,24.99,1,1.583
Rice,Rice (Non-Basmati),Hybrid,27.2,20.3,37.04,1291.29,76.52,6.71,125,6.83,91.34,52.8,52.15,2.46,Alluvial,70.17,Flood,Zaid,Soybean,10.02,105.14,57.34,60.62,0,7.045
Rice,Rice (Basmati),Hybrid,28.36,21.8,39.22,1260.08,82.78,7.66,134,6.13,75.84,35.9,34.8,3.26,Clayey,79.62,Sprinkler,Kharif,Wheat,7.34,75.62,42.95,36.83,1,5.888
Rice,Rice (Sona Masuri),Traditional,27.32,19.64,34.8,1164.58,76.1,8.67,124,6.39,85.37,44.8,44.11,3.26,Alluvial,72.21,Sprinkler,Kharif,Maize,1.74,57.39,27.88,24.9,1,5.577
Maize,Maize (Sweet Corn),Hybrid,22.71,15.55,29.99,607.24,65.15,6.77,96,5.94,114.91,58.39,51.26,4.4,Alluvial,56.33,Drip,Kharif,Rice,19.05,130.67,75.45,60.69,1,5.97
Maize,Maize (Sweet Corn),HYV,27.21,22.15,36.73,794.71,62.39,6.55,92,5.96,115.34,53.78,49.76,3.08,Black,56.1,Drip,Kharif,Maize,2.4,80.13,39.98,28.32,1,7.418
Wheat,Wheat (Sharbati),HYV,21.63,14.7,32.71,506.54,52.32,8.13,126,6.58,81.31,47.26,34.48,2.4,Laterite,42.56,Drip,Rabi,Cotton,9.86,82.92,40.89,36.64,0,4.944
Millet,Millet (Sorghum/Jowar),HYV,31.09,24.03,42.0,676.36,68.33,7.47,115,6.66,63.71,32.41,26.08,2.73,Loamy,61.01,Rainfed,Kharif,Rice,4.36,66.04,31.26,25.78,1,3.997
Rice,Rice (Basmati),Hybrid,29.34,23.6,37.13,1080.2,75.01,6.72,150,7.02,72.37,37.53,31.59,4.64,Clayey,81.8,Sprinkler,Kharif,Sugarcane,3.63,77.16,33.07,36.16,0,6.5
Maize,Maize (Feed Corn),Traditional,26.6,19.17,37.53,815.53,75.74,8.09,120,5.86,123.38,76.25,65.33,4.68,Red,56.77,Flood,Kharif,Pulses,14.59,110.65,48.87,55.28,1,7.113
Maize,Maize (Popcorn),Traditional,25.88,17.89,34.62,716.11,59.3,8.99,91,6.89,94.88,46.69,47.54,4.22,Clayey,57.19,Drip,Rabi,Soybean,17.58,51.04,31.91,23.73,1,6.014
Maize,Maize (Feed Corn),Traditional,25.84,19.53,34.4,845.7,79.49,7.47,99,6.35,137.13,73.65,51.51,3.83,Loamy,56.48,Flood,Kharif,Sugarcane,19.91,131.4,61.37,47.03,1,5.926
Maize,Maize (Popcorn),HYV,25.58,20.25,33.39,634.98,63.24,7.42,96,6.55,90.21,41.08,44.16,2.85,Red,57.67,Sprinkler,Kharif,Pulses,5.91,84.5,59.89,40.1,0,5.321
Rice,Rice (Basmati),HYV,27.7,20.79,38.33,1487.93,77.74,6.97,146,6.6,68.67,37.44,32.51,2.55,Alluvial,62.02,Sprinkler,Kharif,Wheat,5.18,78.69,36.38,35.17,1,4.47
Rice,Rice (Sona Masuri),HYV,27.54,20.37,38.26,1161.94,78.9,7.42,133,6.56,74.88,40.3,40.56,3.13,Alluvial,64.48,Flood,Kharif,Maize,13.18,78.66,39.12,36.18,1,4.858
Wheat,Wheat (Common),Traditional,19.0,13.18,26.67,567.79,63.94,8.23,110,6.25,97.01,45.02,32.97,2.51,Alluvial,52.4,Flood,Rabi,Rice,5.97,47.66,23.45,17.56,1,3.197
Maize,Maize (Sweet Corn),Traditional,26.5,19.58,36.97,685.94,65.22,8.16,89,6.5,104.29,69.87,54.91,2.72,Loamy,56.8,Sprinkler,Rabi,Fallow,14.25,57.62,38.56,24.68,0,6.445
Maize,Maize (Feed Corn),Hybrid,24.13,17.0,32.04,708.59,77.11,8.52,106,7.11,131.63,69.62,60.57,3.82,Loamy,71.25,Flood,Rabi,Pulses,10.3,141.09,71.73,55.7,1,8.377
Millet,Millet (Pearl/Bajra),HYV,30.25,24.66,41.64,297.79,51.68,9.83,75,7.35,47.61,22.31,25.03,2.51,Alluvial,52.45,Sprinkler,Kharif,Millet,6.72,40.57,25.13,22.78,1,2.678
Rice,Rice (Sona Masuri),HYV,28.13,20.6,38.7,1113.27,78.99,7.29,135,5.58,77.23,36.79,42.3,4.21,Laterite,61.97,Flood,Kharif,Millet,1.48,66.75,31.33,36.41,1,6.819
Millet,Millet (Pearl/Bajra),Traditional,29.6,22.05,38.44,328.96,55.58,8.48,71,7.13,54.99,24.67,29.37,2.33,Sandy,48.05,Rainfed,Kharif,Sugarcane,15.08,43.75,22.59,19.39,1,1.994
Maize,Maize (Feed Corn),Traditional,24.15,18.33,32.44,719.06,74.11,7.65,116,6.15,135.43,74.89,62.8,2.29,Red,64.93,Flood,Rabi,Rice,15.98,97.59,49.19,52.79,1,6.741
Rice,Rice (Sona Masuri),Hybrid,27.04,21.26,34.94,1078.42,83.62,8.79,123,6.7,84.63,39.33,43.19,3.73,Alluvial,63.01,Sprinkler,Zaid,Wheat,14.59,85.48,42.74,44.95,0,5.675
Maize,Maize (Feed Corn),HYV,27.08,19.1,34.09,552.78,61.35,8.83,112,6.12,140.32,78.54,52.16,3.77,Red,67.52,Flood,Kharif,Cotton,13.8,132.01,67.96,64.15,1,11.314
Maize,Maize (Feed Corn),HYV,25.99,18.74,37.07,847.31,76.08,6.9,98,6.74,140.6,61.8,56.87,2.61,Red,67.7,Sprinkler,Kharif,Wheat,18.18,124.22,77.99,55.71,1,7.657
Maize,Maize (Popcorn),Hybrid,23.09,16.71,34.83,712.83,63.1,6.72,96,6.49,93.78,51.67,49.78,4.23,Loamy,50.33,Drip,Kharif,Cotton,17.62,95.54,47.06,50.51,1,7.085
Millet,Millet (Finger/Ragi),Traditional,28.58,23.53,40.2,441.97,60.54,9.02,120,5.5,45.77,25.11,16.84,2.38,Black,51.79,Sprinkler,Kharif,Soybean,5.12,33.87,19.63,13.76,1,2.807
Rice,Rice (Non-Basmati),Traditional,31.9,25.11,43.29,1599.61,86.99,7.97,112,6.8,104.05,58.5,44.57,3.48,Black,87.1,Flood,Kharif,Cotton,12.47,83.63,47.13,42.8,1,4.485
Wheat,Wheat (Durum),HYV,20.17,15.0,30.5,549.95,55.54,7.87,132,6.58,99.34,54.38,36.87,2.08,Black,58.99,Sprinkler,Rabi,Wheat,9.36,88.36,53.77,36.36,1,5.723
Maize,Maize (Feed Corn),Traditional,24.15,16.27,35.69,794.82,66.46,7.68,107,7.06,126.31,73.76,63.29,4.12,Alluvial,61.11,Sprinkler,Rabi,Fallow,1.42,102.13,60.83,45.8,1,5.699
Millet,Millet (Pearl/Bajra),Hybrid,30.97,23.97,38.45,546.72,57.31,8.49,69,6.72,50.34,24.46,29.5,1.38,Black,45.67,Rainfed,Kharif,Pulses,15.83,46.19,26.74,25.04,1,2.987
Rice,Rice (Sona Masuri),Traditional,30.48,22.67,39.93,1043.91,77.0,7.67,121,6.02,82.55,35.53,42.53,2.01,Loamy,67.67,Rainfed,Kharif,Maize,17.74,60.54,28.79,31.83,0,3.861
Millet,Millet (Sorghum/Jowar),HYV,28.97,23.83,38.41,575.96,62.21,7.91,117,7.37,66.08,37.35,32.47,3.17,Red,50.65,Rainfed,Rabi,Cotton,15.64,71.16,36.61,32.91,1,3.386
Millet,Millet (Finger/Ragi),HYV,31.17,24.34,40.6,433.64,52.61,7.36,129,7.19,42.21,25.17,17.87,2.2,Loamy,61.66,Sprinkler,Kharif,Soybean,12.73,48.72,27.13,24.5,1,3.262
Soybean,Soybean (Food Grade),HYV,25.55,18.16,36.37,669.04,75.78,6.25,107,7.39,26.3,58.49,34.49,3.09,Red,74.66,Sprinkler,Kharif,Wheat,17.48,24.49,45.94,39.17,1,3.723
Millet,Millet (Foxtail),Hybrid,31.17,25.04,38.89,403.48,48.45,9.11,70,7.01,34.84,15.96,15.99,2.82,Red,44.07,Rainfed,Rabi,Cotton,17.17,30.41,16.36,12.71,0,1.665
Maize,Maize (Sweet Corn),HYV,22.93,17.42,32.6,687.58,66.3,6.8,98,5.95,112.84,59.56,40.46,4.97,Loamy,59.56,Sprinkler,Kharif,Sugarcane,19.76,96.21,55.02,47.43,1,9.75
Wheat,Wheat (Common),Hybrid,18.62,12.29,25.72,414.87,65.95,7.42,124,6.23,91.33,47.27,35.35,3.76,Black,44.67,Flood,Rabi,Cotton,14.59,89.94,53.41,43.37,1,7.566
Soybean,Soybean (Oil Grade),Traditional,26.27,20.88,35.87,819.86,70.08,8.59,110,7.03,21.08,50.28,35.9,4.43,Red,78.52,Rainfed,Kharif,Sugarcane,1.03,18.66,45.04,33.49,1,1.814
Rice,Rice (Sona Masuri),Hybrid,27.45,19.84,38.19,1169.78,80.66,8.6,130,6.93,76.51,39.22,36.1,2.62,Loamy,82.06,Sprinkler,Kharif,Wheat,6.44,98.62,47.68,43.78,1,6.155
Wheat,Wheat (Durum),Hybrid,18.49,11.88,29.05,572.6,58.48,7.74,128,6.52,96.53,44.51,30.86,3.01,Loamy,62.19,Flood,Rabi,Maize,15.94,108.04,60.95,39.41,0,3.817
Millet,Millet (Pearl/Bajra),HYV,31.38,26.34,41.38,413.72,58.83,10.66,67,6.2,59.72,23.47,24.24,1.83,Red,45.82,Sprinkler,Zaid,Sugarcane,6.87,58.61,29.73,21.03,0,2.188
Soybean,Soybean (Oil Grade),Hybrid,29.75,24.28,37.04,779.83,67.02,7.53,95,7.0,20.35,50.47,35.08,3.97,Black,73.51,Rainfed,Rabi,Cotton,0.68,32.91,57.05,39.26,0,2.593
Rice,Rice (Sona Masuri),Hybrid,29.2,24.19,37.46,1111.48,71.4,6.84,138,6.95,83.37,39.26,44.88,2.38,Alluvial,71.9,Sprinkler,Kharif,Fallow,14.91,89.26,39.23,38.66,1,6.076
Rice,Rice (Sona Masuri),Hybrid,26.16,20.15,36.02,1017.05,79.15,7.57,122,6.56,86.97,40.36,41.49,2.51,Loamy,78.42,Sprinkler,Kharif,Rice,2.24,93.93,39.5,41.77,1,5.115
Millet,Millet (Foxtail),Traditional,26.62,21.45,34.6,474.93,58.37,9.68,66,6.88,32.21,24.92,16.48,2.28,Loamy,43.26,Rainfed,Kharif,Millet,9.66,36.98,18.92,17.29,0,1.153
Millet,Millet (Finger/Ragi),HYV,31.96,24.14,41.28,443.89,53.23,8.17,123,5.2,38.43,26.94,19.63,1.99,Black,56.28,Sprinkler,Kharif,Sugarcane,3.59,46.33,24.55,22.36,1,1.716
Wheat,Wheat (Common),Hybrid,18.6,10.82,29.69,461.77,50.37,9.99,115,6.26,96.26,49.08,30.82,1.89,Alluvial,46.85,Rainfed,Rabi,Wheat,13.18,99.73,48.89,38.37,1,4.103
Wheat,Wheat (Common),Traditional,18.26,11.04,26.63,429.2,52.16,9.58,128,6.31,86.77,40.63,38.73,3.82,Sandy,59.0,Drip,Rabi,Millet,4.7,78.32,33.42,26.36,1,3.813
Maize,Maize (Feed Corn),Hybrid,23.96,17.32,31.93,839.49,74.18,7.79,110,6.9,130.12,73.52,55.09,4.41,Loamy,78.51,Flood,Kharif,Sugarcane,11.49,116.24,65.01,47.33,0,10.193
Millet,Millet (Foxtail),Traditional,31.48,24.84,43.07,434.75,58.86,8.04,66,7.08,32.57,21.15,17.9,1.01,Sandy,58.46,Sprinkler,Kharif,Cotton,4.2,21.55,13.6,11.29,1,1.77
Wheat,Wheat (Durum),Hybrid,19.44,11.44,26.86,563.62,60.31,7.77,139,7.26,80.98,42.51,35.56,1.61,Loamy,55.28,Drip,Rabi,Sugarcane,6.36,92.69,49.98,39.81,0,5.009
Soybean,Soybean (Oil Grade),HYV,25.95,20.63,37.35,820.7,78.14,6.07,100,7.21,26.93,67.29,44.29,2.23,Alluvial,57.03,Drip,Kharif,Maize,17.66,21.75,51.82,35.06,0,4.399
Maize,Maize (Popcorn),Hybrid,23.96,16.77,32.78,613.23,63.38,6.89,103,6.51,96.86,51.97,46.01,3.03,Laterite,63.06,Drip,Rabi,Cotton,17.55,94.16,62.76,50.53,1,6.076
Millet,Millet (Finger/Ragi),Hybrid,29.63,22.93,39.2,680.94,62.84,8.08,115,6.84,45.71,24.51,17.68,3.43,Red,63.18,Drip,Kharif,Wheat,17.0,45.48,29.32,20.01,1,2.477
Millet,Millet (Foxtail),HYV,31.24,23.61,41.59,379.15,61.67,9.37,80,6.79,30.15,22.88,17.34,2.08,Loamy,38.44,Rainfed,Rabi,Pulses,6.75,40.82,26.96,18.61,0,1.083
Maize,Maize (Popcorn),Hybrid,23.28,17.27,30.3,737.48,58.37,8.73,98,6.25,89.89,44.21,41.31,3.4,Alluvial,59.06,Drip,Rabi,Cotton,16.45,96.49,57.25,50.84,1,6.4
Millet,Millet (Sorghum/Jowar),Hybrid,31.04,23.58,40.23,418.54,60.05,9.22,115,7.66,63.6,33.99,30.73,1.77,Loamy,55.32,Rainfed,Rabi,Cotton,2.53,78.58,43.35,36.92,0,3.438
Rice,Rice (Non-Basmati),Traditional,27.04,21.6,38.62,1541.03,70.64,8.26,137,5.97,87.65,59.46,45.73,2.69,Loamy,85.87,Rainfed,Kharif,Wheat,8.45,83.17,42.17,43.41,1,4.393
Millet,Millet (Foxtail),Traditional,30.9,25.27,39.83,349.81,61.59,7.66,60,5.92,31.71,23.82,19.45,2.14,Red,41.48,Sprinkler,Rabi,Millet,9.64,31.71,15.98,13.74,1,1.823
Maize,Maize (Popcorn),HYV,25.13,17.31,34.09,638.77,69.35,8.7,85,5.9,89.47,52.63,48.24,2.88,Alluvial,66.48,Sprinkler,Kharif,Rice,15.83,88.51,40.62,47.22,1,6.259
Millet,Millet (Pearl/Bajra),Hybrid,28.99,22.57,37.56,410.24,56.96,9.23,88,7.49,43.78,27.81,28.31,2.74,Loamy,48.49,Sprinkler,Kharif,Fallow,12.04,47.47,28.33,27.56,1,1.575
Maize,Maize (Sweet Corn),Hybrid,22.16,15.38,32.33,690.96,61.26,6.07,98,6.64,113.57,62.56,55.49,2.7,Loamy,65.85,Flood,Rabi,Fallow,15.3,116.54,75.6,61.8,1,6.723
Wheat,Wheat (Durum),Traditional,18.07,11.03,29.47,455.03,64.5,10.0,138,6.62,97.49,51.08,37.49,2.97,Black,45.96,Flood,Rabi,Sugarcane,17.19,71.82,36.09,27.8,1,4.079
Soybean,Soybean (Food Grade),Hybrid,29.75,23.74,41.22,613.49,73.68,8.29,94,6.68,27.49,56.55,36.25,3.79,Loamy,63.33,Rainfed,Kharif,Pulses,18.57,22.91,32.67,28.25,1,2.477
Soybean,Soybean (Oil Grade),Traditional,25.4,20.23,36.73,768.1,66.27,8.74,111,6.42,23.95,64.8,44.58,2.42,Black,64.85,Rainfed,Zaid,Wheat,19.86,17.86,41.36,34.51,0,1.608
Millet,Millet (Sorghum/Jowar),Hybrid,32.84,26.1,42.53,490.83,68.41,8.84,114,7.91,74.32,36.62,29.8,2.86,Clayey,61.47,Rainfed,Kharif,Soybean,7.07,58.34,31.87,32.65,1,2.394
Rice,Rice (Sona Masuri),Hybrid,30.86,23.42,38.33,1399.8,79.08,8.56,128,6.08,83.39,36.06,39.89,3.11,Alluvial,65.4,Flood,Kharif,Soybean,13.63,60.89,29.47,29.38,0,4.898
Soybean,Soybean (Food Grade),Traditional,27.11,21.97,34.99,831.09,75.01,6.06,105,6.18,29.38,50.2,33.01,3.25,Red,56.45,Flood,Zaid,Rice,15.07,17.2,39.35,27.81,1,1.38
Millet,Millet (Sorghum/Jowar),HYV,31.2,25.91,43.14,637.29,68.04,8.39,122,7.97,69.5,38.37,31.71,1.91,Black,50.08,Sprinkler,Kharif,Cotton,0.51,66.97,32.59,25.72,1,3.855
Soybean,Soybean (Food Grade),Traditional,29.32,22.32,39.27,702.83,66.01,6.27,104,6.78,21.31,43.72,34.5,3.57,Loamy,74.95,Sprinkler,Kharif,Cotton,13.04,21.65,45.5,31.38,1,3.755
Millet,Millet (Finger/Ragi),HYV,30.02,23.38,39.03,433.67,65.72,9.36,115,6.42,39.31,27.38,18.09,2.34,Red,45.86,Sprinkler,Kharif,Pulses,14.95,32.49,24.27,16.99,0,2.902
Maize,Maize (Popcorn),Hybrid,24.69,17.46,32.54,547.17,69.17,8.52,92,5.81,97.34,41.16,44.3,3.65,Alluvial,63.02,Drip,Kharif,Soybean,2.83,97.57,60.05,54.83,1,5.571
Maize,Maize (Sweet Corn),Traditional,25.71,19.53,35.71,690.85,71.49,8.49,80,5.99,102.81,52.89,57.72,3.6,Alluvial,61.74,Rainfed,Kharif,Maize,1.59,81.74,43.93,32.68,1,4.855
Millet,Millet (Pearl/Bajra),Traditional,28.13,20.7,38.83,304.28,58.84,10.62,67,7.71,46.19,29.95,27.31,1.73,Black,40.67,Rainfed,Kharif,Cotton,19.49,45.05,22.18,22.74,1,0.737
Rice,Rice (Sona Masuri),Hybrid,27.76,20.1,35.05,1388.86,70.12,8.84,132,6.55,73.74,41.54,43.82,2.35,Alluvial,63.18,Flood,Rabi,Pulses,7.13,126.47,61.78,59.64,1,3.185
Millet,Millet (Finger/Ragi),HYV,27.32,20.88,38.91,444.71,68.33,9.09,110,6.06,44.12,23.56,21.03,2.81,Alluvial,43.09,Sprinkler,Kharif,Wheat,11.98,43.47,28.82,24.22,1,2.525
Wheat,Wheat (Durum),Traditional,20.58,15.1,29.8,490.03,66.72,7.76,124,6.53,84.48,46.24,30.01,2.31,Loamy,46.96,Sprinkler,Rabi,Rice,19.49,68.98,40.15,25.73,1,3.351
Wheat,Wheat (Common),Hybrid,19.69,12.59,29.43,460.15,67.11,8.29,116,7.42,94.12,42.18,37.26,3.24,Clayey,62.58,Sprinkler,Rabi,Soybean,11.7,99.28,50.91,37.57,1,6.165
Rice,Rice (Sona Masuri),Traditional,26.3,19.89,33.59,1190.32,70.41,7.84,124,6.78,82.83,43.33,42.01,2.22,Loamy,79.05,Sprinkler,Kharif,Cotton,3.8,63.57,34.15,34.9,1,4.778
Rice,Rice (Basmati),Traditional,25.31,19.31,32.65,1487.67,82.25,8.56,148,6.83,75.79,34.16,31.68,3.42,Sandy,61.38,Flood,Kharif,Soybean,15.31,52.45,30.39,26.61,0,2.423
Wheat,Wheat (Durum),Hybrid,22.53,17.38,30.12,455.53,61.63,7.65,127,7.04,96.05,57.69,37.58,3.61,Alluvial,53.64,Flood,Kharif,Millet,16.8,108.06,54.24,38.79,1,3.482
Soybean,Soybean (Food Grade),Traditional,28.79,22.04,38.2,795.67,65.49,7.62,108,6.5,27.22,58.17,31.95,2.49,Red,52.71,Sprinkler,Kharif,Millet,16.3,16.64,32.01,23.44,0,3.393
Rice,Rice (Sona Masuri),Traditional,29.65,22.29,39.68,1097.63,72.84,8.6,136,5.82,82.3,39.48,36.59,3.33,Loamy,67.04,Rainfed,Kharif,Cotton,1.1,50.09,29.26,26.79,1,3.082
Maize,Maize (Sweet Corn),Traditional,23.04,15.98,33.47,631.37,68.9,8.4,88,6.87,115.95,54.67,57.8,4.04,Black,56.61,Sprinkler,Rabi,Cotton,1.97,89.75,52.21,44.49,0,6.496
Millet,Millet (Sorghum/Jowar),HYV,30.63,22.77,41.52,698.32,59.2,7.58,118,6.7,72.81,31.28,27.34,1.69,Sandy,61.56,Sprinkler,Kharif,Millet,9.84,66.62,34.9,26.25,1,3.751
Soybean,Soybean (Oil Grade),Hybrid,27.83,21.99,35.43,925.65,76.88,6.49,107,7.44,22.59,60.84,42.39,2.88,Black,63.41,Flood,Kharif,Cotton,1.08,26.06,62.22,38.87,1,4.325
Millet,Millet (Sorghum/Jowar),Traditional,32.18,25.59,39.43,503.7,64.36,9.11,115,6.86,79.95,35.69,34.15,2.89,Black,55.48,Sprinkler,Kharif,Soybean,8.4,66.11,33.35,34.63,1,2.267
Maize,Maize (Popcorn),Hybrid,23.35,15.43,31.54,655.9,61.1,6.27,85,6.44,91.42,44.27,42.91,3.2,Alluvial,55.13,Drip,Kharif,Pulses,7.44,88.37,40.45,37.6,1,7.8
Wheat,Wheat (Durum),HYV,21.87,14.66,30.31,587.21,60.98,8.79,136,6.13,88.77,45.2,38.48,2.06,Alluvial,64.18,Drip,Rabi,Cotton,6.81,98.21,47.56,34.9,1,5.692
Millet,Millet (Pearl/Bajra),HYV,33.72,26.39,42.94,359.54,42.63,10.61,74,6.13,54.97,28.84,27.36,1.68,Loamy,40.72,Rainfed,Kharif,Fallow,17.28,48.72,25.93,29.96,1,1.513
Millet,Millet (Finger/Ragi),Hybrid,26.69,21.46,35.23,567.96,62.78,7.99,100,5.39,49.73,28.69,21.88,2.44,Red,61.2,Sprinkler,Kharif,Pulses,19.31,53.37,23.32,21.52,1,2.525
Millet,Millet (Sorghum/Jowar),Traditional,30.71,24.39,37.94,609.91,60.06,7.57,117,6.38,70.21,30.65,31.16,2.04,Clayey,64.12,Sprinkler,Rabi,Rice,17.32,54.75,24.02,24.92,1,1.645
Wheat,Wheat (Durum),Traditional,19.16,11.17,26.19,480.44,66.87,7.3,139,6.18,93.87,59.86,35.91,1.81,Black,49.59,Flood,Rabi,Fallow,10.38,66.3,37.66,26.13,0,2.758
Wheat,Wheat (Sharbati),HYV,18.6,12.29,27.02,407.61,51.09,7.06,125,6.06,83.45,47.28,36.46,2.89,Black,40.51,Sprinkler,Zaid,Sugarcane,5.82,107.59,53.66,39.25,1,5.022
Maize,Maize (Sweet Corn),HYV,25.56,20.52,34.83,757.76,61.46,7.1,97,6.0,105.15,67.76,47.08,2.56,Alluvial,70.04,Sprinkler,Rabi,Sugarcane,5.15,103.16,60.04,58.79,1,6.854
Rice,Rice (Basmati),Hybrid,28.6,22.1,40.07,1459.94,70.83,8.46,131,6.55,70.85,31.48,37.46,2.03,Alluvial,64.21,Flood,Kharif,Maize,8.19,77.76,40.43,37.59,1,3.882
Rice,Rice (Sona Masuri),HYV,28.27,22.41,36.64,1088.95,74.99,7.06,129,5.75,85.55,36.32,37.71,3.14,Loamy,83.58,Flood,Kharif,Cotton,1.11,71.48,44.88,40.8,1,7.066
Wheat,Wheat (Durum),Hybrid,19.13,13.75,28.55,481.57,63.87,8.73,125,7.08,98.18,55.4,31.2,2.84,Black,65.88,Flood,Rabi,Soybean,11.33,75.15,37.8,36.36,1,6.364
Rice,Rice (Sona Masuri),Traditional,27.59,21.34,38.16,1003.71,74.15,6.43,134,6.37,88.24,36.57,38.21,3.1,Loamy,66.88,Drip,Kharif,Millet,3.93,47.75,29.46,27.29,1,3.464
Millet,Millet (Pearl/Bajra),Hybrid,34.02,27.03,42.48,395.0,40.77,10.75,79,6.25,58.42,20.3,24.7,1.41,Loamy,33.68,Sprinkler,Kharif,Rice,1.85,56.42,24.93,29.35,1,2.582
Maize,Maize (Sweet Corn),Traditional,24.33,18.17,35.3,502.09,71.31,7.57,87,6.39,110.6,61.65,46.46,4.17,Sandy,52.45,Flood,Rabi,Cotton,16.2,84.07,54.0,38.62,1,4.966
Rice,Rice (Sona Masuri),Hybrid,28.81,21.77,40.17,1304.43,75.45,8.47,120,6.37,80.67,37.08,36.41,3.9,Loamy,68.06,Sprinkler,Kharif,Fallow,8.18,90.01,49.07,42.16,1,7.8
Soybean,Soybean (Food Grade),Hybrid,25.0,17.96,34.14,775.7,78.99,7.88,96,7.37,29.33,48.93,32.78,2.71,Alluvial,69.03,Sprinkler,Kharif,Wheat,19.3,27.03,50.57,34.69,1,2.631
Rice,Rice (Basmati),Hybrid,28.54,22.15,39.57,1089.82,84.39,7.16,131,6.13,72.68,39.15,32.09,4.0,Alluvial,61.97,Flood,Kharif,Wheat,12.19,72.66,40.29,34.74,1,3.554
Rice,Rice (Sona Masuri),Traditional,26.71,19.74,34.96,1258.22,71.31,8.83,123,6.48,72.83,35.94,38.45,4.14,Loamy,84.04,Flood,Kharif,Pulses,1.03,61.91,30.68,35.11,1,6.791
Wheat,Wheat (Durum),Traditional,22.75,14.89,34.59,510.5,53.83,9.94,136,7.26,86.13,57.78,30.43,2.87,Loamy,68.39,Drip,Rabi,Cotton,12.14,88.88,44.98,29.16,1,4.088
Rice,Rice (Sona Masuri),HYV,27.66,20.69,38.59,1279.72,81.83,7.73,137,6.27,79.35,44.28,42.69,4.08,Sandy,63.33,Flood,Kharif,Cotton,9.56,85.21,44.09,41.04,1,4.767
Wheat,Wheat (Sharbati),HYV,18.32,11.94,25.42,543.94,63.89,7.34,119,6.93,92.64,43.07,30.2,3.78,Alluvial,42.29,Sprinkler,Kharif,Maize,1.29,93.13,42.62,34.96,1,3.485
Millet,Millet (Foxtail),Traditional,30.99,24.76,39.49,402.28,47.83,8.95,75,7.43,36.49,21.59,18.38,1.25,Loamy,57.75,Sprinkler,Zaid,Soybean,1.41,20.0,8.88,10.61,0,1.075
Wheat,Wheat (Common),HYV,17.01,11.56,24.74,537.51,59.72,9.51,128,6.43,94.86,48.86,31.25,2.96,Black,58.36,Sprinkler,Rabi,Pulses,14.3,87.98,50.0,32.61,1,4.242
Soybean,Soybean (Food Grade),Hybrid,28.75,21.81,39.61,887.8,74.3,8.22,95,6.72,29.62,57.74,31.5,2.19,Alluvial,61.36,Drip,Zaid,Rice,15.9,19.95,36.01,30.7,1,3.696
Wheat,Wheat (Durum),Hybrid,20.27,14.06,27.62,596.66,63.89,8.13,125,6.55,81.46,54.76,39.65,3.12,Alluvial,51.91,Sprinkler,Rabi,Rice,14.45,94.43,47.71,39.38,1,5.268
Rice,Rice (Non-Basmati),HYV,29.73,22.96,41.58,1130.39,72.16,7.52,122,5.83,105.97,44.88,58.07,2.3,Sandy,81.4,Sprinkler,Rabi,Soybean,0.65,115.6,59.34,41.41,1,4.272
Millet,Millet (Finger/Ragi),Traditional,31.44,24.95,41.88,567.92,63.8,7.16,113,5.48,30.88,27.43,18.37,2.01,Loamy,63.69,Sprinkler,Kharif,Soybean,1.59,34.33,18.32,12.72,1,1.936
Wheat,Wheat (Common),Hybrid,20.59,14.76,27.99,484.89,51.1,9.09,113,7.3,89.25,44.78,36.27,1.64,Loamy,43.82,Sprinkler,Rabi,Fallow,14.73,104.44,52.1,41.08,1,6.287
Wheat,Wheat (Durum),Hybrid,21.81,16.59,33.17,627.13,61.15,7.2,121,6.14,82.1,42.73,36.15,1.76,Black,59.25,Drip,Rabi,Wheat,12.99,97.41,52.35,41.42,0,4.007
Millet,Millet (Sorghum/Jowar),HYV,27.89,20.0,38.71,635.62,68.39,8.34,91,7.28,75.2,30.08,31.48,1.73,Black,55.75,Rainfed,Rabi,Wheat,10.78,71.92,33.25,27.17,1,3.512
Wheat,Wheat (Durum),HYV,19.57,12.38,29.15,542.15,51.13,9.9,131,6.52,98.15,45.59,36.04,1.83,Black,64.46,Sprinkler,Rabi,Rice,15.7,76.62,39.27,31.92,1,4.884
Wheat,Wheat (Common),HYV,20.52,15.05,29.1,504.65,52.25,8.44,114,7.33,84.23,42.52,36.37,3.57,Alluvial,56.18,Sprinkler,Rabi,Maize,3.27,71.03,39.12,29.11,1,5.882
Maize,Maize (Popcorn),Hybrid,23.48,16.66,31.87,682.72,62.74,6.79,87,6.67,89.66,50.6,47.44,3.08,Alluvial,61.87,Sprinkler,Rabi,Pulses,18.62,108.56,50.55,48.96,0,4.53
Wheat,Wheat (Sharbati),Hybrid,20.04,13.76,28.29,450.76,62.97,7.47,117,6.16,85.19,46.96,38.61,2.87,Loamy,53.88,Sprinkler,Rabi,Soybean,11.36,107.84,50.9,33.67,1,5.25
Wheat,Wheat (Sharbati),HYV,19.46,13.08,30.33,477.54,53.1,7.41,130,7.28,99.58,43.55,32.95,3.54,Alluvial,51.24,Flood,Rabi,Pulses,8.89,86.47,45.52,37.04,1,6.199
Soybean,Soybean (Oil Grade),HYV,25.33,18.98,34.5,935.63,66.81,7.5,113,7.04,28.42,63.55,37.45,2.36,Black,73.54,Sprinkler,Kharif,Millet,15.51,29.12,54.56,44.9,1,2.293
Maize,Maize (Feed Corn),HYV,23.54,15.94,32.79,600.79,77.97,8.16,112,5.83,144.36,61.93,51.71,3.51,Black,60.95,Drip,Rabi,Wheat,4.16,142.2,77.01,54.05,1,6.744
Maize,Maize (Feed Corn),Hybrid,27.33,21.42,38.08,632.62,73.6,6.65,112,6.56,144.6,72.55,59.01,4.26,Loamy,70.0,Drip,Kharif,Soybean,2.46,159.34,76.65,72.42,0,7.932
Wheat,Wheat (Durum),Hybrid,18.17,11.08,27.34,537.93,68.15,9.58,140,6.76,86.46,59.54,37.26,2.7,Loamy,63.78,Flood,Rabi,Maize,9.02,97.63,52.58,37.22,1,3.771
Rice,Rice (Non-Basmati),HYV,27.36,19.67,39.26,1423.83,88.34,7.93,131,7.39,100.49,42.25,52.56,4.2,Alluvial,74.83,Sprinkler,Kharif,Maize,19.21,87.99,56.22,43.14,1,7.229
Wheat,Wheat (Sharbati),Traditional,17.82,11.83,28.13,430.63,60.48,9.13,134,6.94,80.52,48.55,31.13,2.57,Loamy,60.42,Sprinkler,Rabi,Fallow,12.61,67.28,28.33,24.85,1,3.47
Wheat,Wheat (Durum),HYV,21.71,16.49,30.95,615.22,55.36,7.91,129,6.02,94.7,40.14,38.73,1.64,Black,61.32,Drip,Rabi,Sugarcane,6.48,81.36,58.11,37.29,1,3.018
Millet,Millet (Sorghum/Jowar),HYV,27.75,19.88,39.64,692.67,62.76,7.86,105,7.73,72.38,30.21,34.37,1.72,Clayey,58.72,Sprinkler,Kharif,Soybean,15.3,83.27,48.21,35.91,1,3.427
Millet,Millet (Sorghum/Jowar),HYV,29.49,24.28,39.57,655.69,59.22,9.58,117,7.49,67.32,33.38,26.33,2.65,Loamy,64.69,Sprinkler,Kharif,Millet,0.63,62.75,38.59,34.56,1,2.511
Wheat,Wheat (Common),Traditional,21.02,14.5,31.07,522.02,50.63,8.34,118,6.95,82.82,41.68,36.63,3.32,Loamy,59.67,Flood,Rabi,Cotton,1.64,53.2,23.82,19.56,1,4.191
Maize,Maize (Sweet Corn),HYV,22.99,17.87,33.73,765.48,70.66,6.57,100,6.74,118.32,61.75,59.85,3.7,Black,70.16,Drip,Zaid,Rice,6.71,97.14,53.13,49.35,1,5.699
Rice,Rice (Basmati),Hybrid,25.64,20.59,36.09,1150.7,79.39,6.45,134,6.88,70.26,34.96,33.33,2.21,Alluvial,62.24,Flood,Kharif,Millet,11.1,67.89,40.86,35.16,1,4.118
Rice,Rice (Non-Basmati),Traditional,27.24,21.04,37.94,1227.26,83.97,7.47,134,7.43,87.23,51.89,48.53,3.0,Red,79.14,Sprinkler,Rabi,Rice,16.8,72.26,38.13,35.88,1,4.519
Millet,Millet (Foxtail),Traditional,27.03,19.18,38.82,363.02,64.55,8.71,82,7.3,37.13,15.01,18.41,1.19,Sandy,35.9,Sprinkler,Kharif,Millet,14.81,25.16,12.17,10.46,0,1.653
Maize,Maize (Feed Corn),HYV,27.97,22.84,34.99,776.66,71.2,6.65,116,6.08,134.63,64.27,60.26,3.38,Black,55.97,Flood,Zaid,Millet,5.8,141.35,79.42,50.95,1,5.741
Maize,Maize (Popcorn),HYV,23.17,15.71,33.61,520.54,58.22,6.69,98,6.84,83.83,52.64,45.98,3.96,Alluvial,54.58,Sprinkler,Rabi,Millet,19.99,81.74,47.88,41.96,0,5.64
Soybean,Soybean (Food Grade),Traditional,28.64,22.29,37.89,724.06,70.48,8.94,107,6.22,29.29,50.45,37.82,3.23,Red,52.93,Sprinkler,Kharif,Maize,14.92,16.74,38.92,24.39,1,4.04
Millet,Millet (Finger/Ragi),HYV,27.47,22.41,36.61,439.77,66.49,8.15,107,7.34,34.24,23.73,18.75,1.51,Alluvial,57.3,Rainfed,Kharif,Millet,2.25,48.02,28.06,18.28,1,1.304
Wheat,Wheat (Sharbati),HYV,19.16,11.27,26.5,433.8,53.05,8.27,133,6.79,82.08,40.07,33.22,2.47,Loamy,49.05,Drip,Rabi,Cotton,19.35,83.55,44.7,32.99,1,5.949
Millet,Millet (Foxtail),Hybrid,31.83,26.24,42.64,338.3,49.46,7.38,84,6.51,37.92,23.92,18.54,1.2,Black,43.1,Flood,Kharif,Maize,18.36,37.2,26.77,20.65,1,1.904
Wheat,Wheat (Sharbati),Hybrid,19.68,12.25,28.07,498.35,51.66,9.11,128,6.1,94.61,43.76,33.03,2.58,Alluvial,40.19,Drip,Rabi,Pulses,7.71,79.78,38.43,34.09,1,5.401
Rice,Rice (Basmati),HYV,26.96,19.51,36.16,1188.47,76.94,6.9,144,6.87,67.11,33.91,35.32,2.2,Loamy,65.73,Sprinkler,Kharif,Millet,15.98,77.88,37.89,31.52,1,3.968
Wheat,Wheat (Sharbati),Hybrid,20.4,12.5,28.89,419.26,59.51,8.1,118,6.31,81.03,47.55,38.26,2.78,Alluvial,62.13,Sprinkler,Kharif,Soybean,7.64,106.02,54.2,43.84,1,3.406
Millet,Millet (Pearl/Bajra),Hybrid,30.22,22.71,39.77,524.09,59.24,9.4,67,6.91,44.59,20.14,25.91,2.62,Loamy,50.18,Sprinkler,Kharif,Cotton,1.5,63.26,29.58,22.68,0,2.184
Soybean,Soybean (Food Grade),HYV,29.45,22.04,39.71,724.41,64.34,6.53,107,6.9,27.41,54.4,31.43,3.63,Red,50.55,Sprinkler,Kharif,Maize,4.23,23.89,48.02,38.71,1,4.21
Maize,Maize (Popcorn),HYV,22.63,17.59,32.68,710.05,68.6,7.86,89,6.17,93.94,45.95,46.21,2.94,Desert,58.18,Drip,Rabi,Maize,12.72,89.04,59.48,44.68,1,7.333
Millet,Millet (Pearl/Bajra),Traditional,34.97,27.92,44.48,549.38,49.42,9.36,85,7.01,41.47,20.75,27.18,1.89,Loamy,34.44,Rainfed,Kharif,Rice,14.06,42.81,22.68,23.23,1,1.738
Rice,Rice (Basmati),Hybrid,26.83,20.77,35.34,1487.69,72.55,8.69,147,6.51,77.29,31.55,30.83,3.45,Loamy,67.56,Sprinkler,Kharif,Pulses,12.67,67.81,38.06,36.37,1,3.673
Millet,Millet (Foxtail),Hybrid,29.44,22.06,38.88,468.21,64.04,8.24,84,5.5,34.78,21.52,15.02,2.46,Sandy,39.15,Sprinkler,Rabi,Rice,1.07,39.82,26.2,18.67,1,2.884
Soybean,Soybean (Oil Grade),Hybrid,26.7,19.8,35.89,943.59,79.64,8.78,111,6.59,29.87,58.1,37.46,2.96,Black,69.95,Sprinkler,Kharif,Fallow,4.75,32.63,67.91,44.31,0,2.626
Rice,Rice (Basmati),Hybrid,29.72,22.12,39.9,1400.47,80.16,7.72,130,6.69,70.91,39.41,33.86,4.88,Alluvial,82.63,Sprinkler,Kharif,Maize,12.56,74.48,40.5,36.75,1,6.095
Millet,Millet (Sorghum/Jowar),Hybrid,29.45,23.82,38.61,438.99,65.65,9.42,118,6.55,73.37,36.22,29.82,2.93,Sandy,60.71,Drip,Kharif,Pulses,6.04,70.23,41.12,35.75,1,3.363
Wheat,Wheat (Durum),Traditional,21.03,15.54,28.84,541.65,66.9,9.73,135,6.54,95.0,45.84,32.2,3.49,Desert,63.78,Drip,Rabi,Maize,2.04,65.0,44.16,27.74,1,3.894
Wheat,Wheat (Sharbati),Traditional,21.75,14.47,30.49,429.89,57.77,7.87,123,6.59,89.6,46.62,32.21,3.74,Alluvial,44.64,Sprinkler,Kharif,Maize,4.17,78.07,39.18,30.28,1,3.592
Maize,Maize (Feed Corn),HYV,28.97,22.21,40.14,682.4,63.37,8.54,93,7.04,138.02,72.49,53.23,3.12,Alluvial,69.7,Sprinkler,Kharif,Pulses,9.88,123.1,72.9,60.22,1,7.498
Millet,Millet (Finger/Ragi),HYV,31.6,24.11,39.92,640.41,66.94,7.0,122,7.02,35.27,25.33,21.94,1.83,Red,41.97,Drip,Kharif,Soybean,19.93,44.7,35.14,22.53,1,1.755
Wheat,Wheat (Sharbati),HYV,21.33,14.48,30.46,564.85,56.97,9.47,116,7.28,89.89,40.84,30.37,3.24,Loamy,41.74,Sprinkler,Rabi,Maize,10.53,93.65,45.86,32.12,1,6.5
Rice,Rice (Basmati),Hybrid,29.1,23.72,41.09,1129.29,80.86,8.72,141,6.01,72.91,34.17,32.98,4.74,Clayey,64.82,Sprinkler,Kharif,Rice,4.22,87.02,33.31,35.2,1,4.702
Millet,Millet (Finger/Ragi),Traditional,28.84,23.35,36.95,535.41,59.61,7.86,119,7.3,37.87,20.69,22.61,1.96,Desert,57.79,Rainfed,Kharif,Fallow,2.23,29.34,17.88,18.97,0,1.203
Millet,Millet (Sorghum/Jowar),Hybrid,32.06,24.25,42.2,402.3,50.93,7.52,128,7.04,65.55,31.86,29.02,1.82,Loamy,54.71,Sprinkler,Kharif,Soybean,7.16,75.91,36.77,29.44,1,5.2
Rice,Rice (Sona Masuri),Traditional,30.49,25.25,39.23,1244.2,78.39,6.29,122,5.87,70.03,37.24,35.31,2.62,Loamy,68.38,Sprinkler,Kharif,Maize,6.53,70.69,28.08,31.14,1,4.856
Soybean,Soybean (Oil Grade),Hybrid,29.61,22.66,38.62,752.54,67.09,6.53,104,6.58,23.17,57.32,42.46,4.47,Loamy,59.19,Rainfed,Kharif,Wheat,3.42,25.01,75.25,48.97,0,3.899
Wheat,Wheat (Sharbati),Hybrid,17.49,10.9,24.54,565.04,54.3,8.0,125,7.18,88.0,46.66,39.56,3.77,Red,57.53,Drip,Zaid,Pulses,19.36,100.65,48.05,36.77,0,5.291
Maize,Maize (Popcorn),Hybrid,25.83,20.62,35.98,732.34,58.45,8.04,97,6.16,83.66,46.94,42.57,3.08,Loamy,63.8,Flood,Rabi,Soybean,16.5,86.56,44.99,43.02,1,5.71
Soybean,Soybean (Food Grade),HYV,25.89,20.59,33.84,837.15,76.13,8.3,93,6.68,26.99,50.97,34.07,3.55,Black,54.27,Sprinkler,Kharif,Cotton,12.39,21.49,47.53,32.12,1,2.746
Millet,Millet (Sorghum/Jowar),HYV,29.21,21.65,39.44,562.99,68.87,9.29,98,6.64,65.55,34.49,29.32,1.7,Black,46.98,Rainfed,Kharif,Rice,5.14,46.29,27.34,17.68,1,3.851
Millet,Millet (Pearl/Bajra),Hybrid,30.41,25.18,40.81,530.5,59.23,10.87,86,6.51,51.3,24.77,25.33,2.92,Loamy,33.75,Sprinkler,Kharif,Millet,11.4,61.41,32.44,26.35,0,2.804
Rice,Rice (Non-Basmati),Hybrid,28.25,21.84,37.38,1357.49,81.65,7.4,120,6.4,100.95,59.65,41.2,3.46,Loamy,84.35,Sprinkler,Kharif,Soybean,13.25,125.25,51.38,55.56,1,8.264
Millet,Millet (Pearl/Bajra),HYV,29.99,23.46,37.03,595.89,41.24,8.7,90,6.53,56.81,24.95,29.32,2.37,Red,31.56,Sprinkler,Kharif,Wheat,11.34,35.2,17.09,14.65,1,2.561
Wheat,Wheat (Durum),Traditional,22.5,15.6,33.96,637.09,63.52,8.56,139,6.85,82.54,47.34,34.46,3.84,Sandy,61.48,Sprinkler,Rabi,Maize,11.06,57.28,29.06,26.24,1,3.101
Millet,Millet (Finger/Ragi),Hybrid,26.16,19.14,35.34,686.5,69.76,9.1,120,5.89,49.7,23.73,19.46,1.82,Black,60.68,Rainfed,Kharif,Fallow,17.5,37.26,17.33,15.31,1,3.409
Wheat,Wheat (Durum),HYV,20.6,14.86,28.32,507.58,51.99,7.85,132,7.4,81.63,41.57,38.36,3.1,Alluvial,53.79,Sprinkler,Kharif,Pulses,9.94,91.14,56.8,39.37,1,3.446
Millet,Millet (Finger/Ragi),Hybrid,27.41,21.13,37.49,400.63,60.32,9.08,105,6.54,48.08,24.87,15.82,3.24,Red,52.44,Rainfed,Kharif,Millet,16.64,37.73,26.36,22.84,1,4.188
Wheat,Wheat (Common),Traditional,17.67,11.78,26.72,566.38,67.42,9.25,126,6.51,92.58,42.51,32.92,2.28,Desert,68.08,Flood,Rabi,Soybean,6.9,64.73,36.86,28.51,1,4.43
Maize,Maize (Feed Corn),Traditional,28.57,21.87,36.86,685.79,76.0,8.0,106,7.25,147.99,67.38,68.11,3.98,Black,65.7,Sprinkler,Kharif,Pulses,9.83,99.52,58.41,53.87,1,9.424
Wheat,Wheat (Durum),Traditional,22.72,17.65,33.69,500.36,53.7,7.7,134,7.49,97.4,50.42,37.15,2.89,Desert,65.29,Drip,Rabi,Maize,14.45,64.68,44.9,29.8,1,3.553
Soybean,Soybean (Food Grade),Traditional,25.91,19.6,33.82,712.59,78.58,7.09,108,7.36,27.6,40.46,37.0,2.1,Black,50.46,Rainfed,Kharif,Wheat,0.75,16.39,33.97,29.99,1,1.607
Soybean,Soybean (Oil Grade),Hybrid,26.31,20.88,38.3,657.95,72.78,8.21,118,6.89,20.56,66.07,44.43,3.51,Black,76.35,Rainfed,Kharif,Fallow,8.25,32.83,75.1,45.5,0,4.175
Millet,Millet (Pearl/Bajra),Traditional,33.76,26.87,43.79,511.99,42.36,8.94,72,6.19,51.24,29.84,20.61,1.73,Red,32.12,Sprinkler,Kharif,Cotton,7.43,46.63,22.49,16.12,0,2.503
Wheat,Wheat (Durum),Hybrid,20.11,13.04,31.98,455.78,56.28,7.99,131,7.04,93.16,44.42,34.08,2.58,Loamy,63.34,Drip,Rabi,Cotton,15.0,80.28,42.16,35.35,1,6.131
Wheat,Wheat (Common),HYV,17.63,11.01,29.13,468.1,69.65,9.88,119,7.25,81.39,44.87,32.37,1.59,Black,58.52,Drip,Kharif,Maize,12.36,89.44,48.21,36.82,0,4.771
Rice,Rice (Sona Masuri),HYV,29.71,22.82,39.71,1295.84,70.85,8.19,136,6.92,84.13,43.71,42.48,3.76,Red,77.89,Drip,Kharif,Millet,12.56,74.98,37.4,40.13,1,6.16
Millet,Millet (Foxtail),Hybrid,26.39,20.34,35.84,503.53,46.38,9.9,79,7.37,37.71,16.06,15.13,2.82,Loamy,48.73,Rainfed,Kharif,Pulses,5.51,41.69,20.91,16.71,1,1.952
Millet,Millet (Foxtail),HYV,29.49,22.65,39.13,383.59,48.83,8.26,61,5.55,37.19,23.31,15.6,1.19,Sandy,55.58,Flood,Rabi,Soybean,5.95,33.58,22.35,18.19,1,1.188
Soybean,Soybean (Food Grade),HYV,27.94,21.78,38.1,893.91,77.56,6.7,95,7.07,20.31,47.4,31.73,2.02,Black,69.78,Flood,Kharif,Maize,4.82,25.36,52.49,37.96,1,2.787
Rice,Rice (Non-Basmati),Traditional,30.39,22.42,38.75,1537.49,85.33,7.09,115,6.14,96.4,52.68,40.48,4.69,Alluvial,77.99,Flood,Kharif,Pulses,18.6,78.06,43.94,35.28,1,5.343
Wheat,Wheat (Sharbati),Hybrid,20.43,13.9,31.56,566.68,52.39,9.31,119,7.14,98.37,43.35,35.71,3.57,Loamy,64.67,Sprinkler,Rabi,Fallow,12.75,103.87,54.19,38.42,1,5.942
Soybean,Soybean (Oil Grade),HYV,28.63,21.08,36.0,730.93,74.96,8.59,117,6.21,24.0,54.83,39.67,2.9,Loamy,75.95,Sprinkler,Kharif,Millet,18.34,24.44,64.62,36.96,1,5.022
Wheat,Wheat (Common),Hybrid,17.69,10.96,28.73,410.07,60.16,9.52,122,6.1,92.2,43.79,38.83,2.06,Sandy,49.32,Flood,Rabi,Cotton,11.68,96.68,52.92,37.25,0,3.618
Rice,Rice (Basmati),Hybrid,25.95,19.57,36.71,1452.77,82.53,6.59,140,7.24,71.76,33.53,38.0,3.66,Alluvial,80.65,Flood,Kharif,Sugarcane,12.3,78.58,35.03,33.66,1,5.697
Millet,Millet (Pearl/Bajra),Hybrid,29.52,22.95,37.15,553.2,41.2,10.33,82,7.51,49.39,28.45,24.32,2.88,Red,39.29,Rainfed,Kharif,Rice,19.29,54.35,24.58,27.34,1,1.509
Rice,Rice (Sona Masuri),HYV,30.66,25.54,41.08,1340.41,84.39,6.53,128,6.09,70.64,40.07,42.37,4.44,Loamy,60.93,Flood,Kharif,Soybean,5.2,83.82,41.1,35.41,1,7.281
Rice,Rice (Basmati),Hybrid,27.19,21.01,38.43,1213.45,78.28,6.69,133,6.17,68.02,32.07,32.0,3.52,Clayey,76.8,Sprinkler,Rabi,Pulses,11.32,71.67,35.49,38.29,1,3.512
Millet,Millet (Finger/Ragi),Hybrid,30.44,22.91,40.46,446.53,65.42,8.7,102,6.52,32.97,22.91,24.93,3.25,Desert,48.98,Sprinkler,Kharif,Rice,11.34,41.94,23.47,17.11,1,4.478
Rice,Rice (Non-Basmati),HYV,26.83,21.28,36.48,1587.61,81.79,7.57,130,6.25,83.11,48.02,51.88,2.86,Loamy,86.2,Flood,Kharif,Sugarcane,5.24,106.69,59.13,53.21,1,7.281
Maize,Maize (Feed Corn),Traditional,24.26,17.47,31.38,838.33,67.32,6.89,93,6.43,136.77,60.37,69.02,3.7,Loamy,73.19,Flood,Kharif,Soybean,2.75,113.77,62.0,54.07,0,7.438
Soybean,Soybean (Oil Grade),Hybrid,29.36,23.19,36.84,701.16,76.63,6.79,106,7.35,22.17,50.16,39.04,2.02,Black,61.24,Drip,Kharif,Sugarcane,8.63,21.75,56.02,34.53,1,3.571
Maize,Maize (Feed Corn),Traditional,24.58,19.26,36.56,674.42,65.98,8.78,115,7.44,137.92,74.94,52.7,4.17,Alluvial,56.41,Flood,Kharif,Rice,7.32,105.65,61.86,55.72,1,5.36
Rice,Rice (Basmati),Traditional,28.42,21.04,36.88,1039.59,77.32,6.94,138,7.43,68.88,31.75,31.99,2.84,Alluvial,84.98,Flood,Kharif,Wheat,15.48,55.42,27.76,30.99,0,3.373
Rice,Rice (Non-Basmati),HYV,31.15,23.68,38.54,1391.3,82.8,6.0,132,6.23,87.27,53.73,59.9,3.4,Clayey,83.09,Drip,Kharif,Soybean,3.4,117.7,59.69,41.9,1,6.038
Wheat,Wheat (Common),Traditional,17.78,12.1,27.91,515.8,62.43,7.02,113,6.9,81.09,41.45,31.99,1.68,Black,43.74,Sprinkler,Rabi,Maize,16.05,66.9,38.16,29.21,0,4.283
Millet,Millet (Pearl/Bajra),Hybrid,33.54,26.52,42.68,275.04,56.68,10.98,89,7.52,41.33,29.16,24.76,2.02,Loamy,37.49,Sprinkler,Kharif,Fallow,3.37,45.44,23.65,27.98,1,2.217
Rice,Rice (Basmati),HYV,26.55,21.2,38.48,1154.32,71.95,6.6,140,6.07,65.32,34.97,34.2,2.58,Laterite,68.35,Sprinkler,Kharif,Fallow,11.09,65.23,39.85,33.1,1,3.844
Wheat,Wheat (Sharbati),Traditional,18.07,10.57,25.54,576.64,62.34,8.7,116,6.44,86.62,41.66,39.82,2.23,Sandy,64.57,Flood,Rabi,Maize,8.79,65.33,32.54,29.59,0,3.739
Wheat,Wheat (Sharbati),Traditional,17.46,9.96,26.47,564.02,54.69,8.5,131,6.36,96.37,45.46,39.23,3.96,Alluvial,48.59,Flood,Rabi,Wheat,15.19,94.11,47.42,37.86,0,2.424
Millet,Millet (Pearl/Bajra),Traditional,29.09,23.12,40.51,483.05,57.31,10.63,68,7.25,41.38,20.12,22.28,2.08,Red,38.51,Rainfed,Kharif,Rice,17.23,37.26,18.18,16.8,1,0.807
Millet,Millet (Pearl/Bajra),Hybrid,30.39,22.79,38.69,559.01,56.65,8.5,80,7.03,49.94,27.3,29.62,2.98,Clayey,49.51,Rainfed,Kharif,Cotton,14.71,44.03,32.12,32.45,1,2.824
Wheat,Wheat (Common),HYV,21.3,15.51,31.28,589.49,62.13,9.44,130,6.9,87.94,49.02,34.64,2.76,Loamy,67.85,Sprinkler,Rabi,Soybean,11.97,96.54,44.14,32.3,1,7.209
Maize,Maize (Popcorn),HYV,24.78,19.08,33.67,676.93,60.81,7.33,87,6.84,92.2,43.16,48.14,3.51,Loamy,60.62,Drip,Kharif,Rice,12.85,82.04,56.69,49.84,1,6.041
Rice,Rice (Non-Basmati),Hybrid,30.0,22.26,39.66,1244.33,72.55,6.89,127,6.92,87.14,42.12,47.74,3.38,Desert,80.71,Flood,Kharif,Rice,0.94,122.67,44.75,63.94,1,6.902
Millet,Millet (Pearl/Bajra),Traditional,34.12,27.94,44.2,279.8,48.22,10.12,88,7.06,52.42,23.13,27.36,2.33,Black,41.6,Flood,Kharif,Cotton,13.67,46.78,20.97,23.09,1,1.598
Soybean,Soybean (Food Grade),Traditional,24.67,19.06,35.78,697.1,75.6,7.27,91,6.57,23.26,41.42,31.11,3.13,Alluvial,58.13,Sprinkler,Kharif,Cotton,14.49,21.04,39.34,30.88,1,2.166
Wheat,Wheat (Durum),HYV,20.84,14.26,30.23,517.41,68.18,8.35,129,6.51,89.43,46.01,32.61,3.36,Loamy,50.58,Sprinkler,Rabi,Cotton,2.5,86.39,40.62,36.3,1,5.383
Soybean,Soybean (Oil Grade),Traditional,25.09,17.61,34.88,723.25,76.36,8.79,109,6.03,27.43,67.95,43.14,2.63,Red,78.76,Rainfed,Kharif,Wheat,19.48,20.81,40.03,32.5,1,2.71
Soybean,Soybean (Food Grade),Traditional,27.4,22.26,37.91,621.98,60.65,7.31,90,6.06,20.48,41.18,37.91,2.2,Sandy,61.61,Rainfed,Kharif,Maize,14.87,17.17,41.51,30.75,1,1.802
Maize,Maize (Popcorn),Hybrid,26.32,21.3,38.14,647.86,63.87,6.3,98,6.81,80.4,53.24,47.71,3.11,Loamy,66.92,Flood,Zaid,Pulses,3.36,104.56,45.91,51.24,1,4.47
Wheat,Wheat (Sharbati),Traditional,17.14,11.48,27.18,566.99,52.55,8.75,118,6.84,80.36,45.58,35.22,2.09,Loamy,57.24,Drip,Rabi,Rice,18.48,102.16,51.2,33.92,0,2.769
Millet,Millet (Finger/Ragi),HYV,27.44,20.53,35.45,463.76,53.14,7.72,111,5.42,33.93,22.81,20.56,2.47,Laterite,46.91,Sprinkler,Kharif,Maize,2.43,38.99,29.57,18.82,1,1.953
Rice,Rice (Non-Basmati),Traditional,27.05,21.63,34.68,1326.39,80.31,6.4,113,6.96,107.62,42.28,53.14,2.84,Loamy,65.72,Sprinkler,Kharif,Cotton,6.65,82.17,37.59,43.28,1,5.552
Soybean,Soybean (Food Grade),Hybrid,27.49,20.92,35.74,875.79,70.32,8.54,108,6.27,23.2,42.25,34.98,3.61,Alluvial,73.7,Sprinkler,Kharif,Maize,19.22,25.18,57.27,42.06,1,4.263
Rice,Rice (Non-Basmati),Traditional,29.28,23.26,37.53,1396.9,74.16,6.97,114,7.37,90.58,43.0,41.8,3.69,Alluvial,67.84,Flood,Kharif,Maize,15.43,86.22,46.28,42.14,1,4.201
Millet,Millet (Foxtail),Hybrid,27.97,20.5,38.98,350.11,63.49,8.3,81,6.02,33.49,19.78,15.8,2.16,Red,49.12,Sprinkler,Rabi,Soybean,3.39,40.73,16.77,18.6,1,2.669
Soybean,Soybean (Oil Grade),Hybrid,28.7,22.34,36.58,755.36,68.35,7.66,103,7.22,25.94,64.09,37.53,4.03,Black,68.88,Drip,Kharif,Cotton,17.38,25.39,67.14,43.9,1,5.2
Soybean,Soybean (Oil Grade),HYV,28.35,20.67,37.4,742.34,72.88,6.85,108,7.13,28.21,56.5,35.86,3.59,Red,67.66,Rainfed,Kharif,Wheat,8.46,23.4,47.07,33.87,1,4.423
Millet,Millet (Sorghum/Jowar),Hybrid,28.48,21.18,36.23,577.28,69.58,8.15,130,6.58,74.46,35.2,33.69,2.99,Loamy,48.74,Rainfed,Kharif,Soybean,0.79,80.09,34.99,34.18,1,3.002
Rice,Rice (Basmati),Hybrid,28.23,22.53,36.01,1341.71,78.91,8.26,148,7.37,78.56,31.65,30.02,4.95,Clayey,82.65,Flood,Kharif,Rice,17.97,85.95,34.86,43.65,1,6.5
Rice,Rice (Non-Basmati),Hybrid,30.81,23.86,40.15,1387.87,77.7,6.38,118,6.4,104.15,57.91,57.32,4.67,Black,71.75,Flood,Kharif,Pulses,2.09,115.74,60.18,62.91,1,6.079
Wheat,Wheat (Sharbati),HYV,17.67,9.9,24.84,470.36,53.87,7.02,117,6.47,90.05,45.83,36.1,2.92,Red,54.85,Drip,Rabi,Soybean,12.97,80.37,48.36,34.79,1,5.182
Maize,Maize (Sweet Corn),Traditional,27.33,21.71,34.65,535.59,66.21,6.9,87,5.99,106.94,66.83,44.27,4.91,Loamy,70.8,Sprinkler,Rabi,Pulses,5.47,95.48,50.53,35.44,1,7.354
Rice,Rice (Basmati),Traditional,28.66,22.66,37.31,1142.46,77.17,6.54,137,7.06,60.6,30.1,30.75,3.61,Loamy,81.36,Flood,Zaid,Wheat,13.36,52.15,25.54,23.69,1,2.59
Millet,Millet (Sorghum/Jowar),Hybrid,29.51,24.0,41.4,485.61,55.24,9.61,97,7.96,70.2,33.81,25.62,1.91,Loamy,64.77,Drip,Kharif,Rice,3.71,69.03,41.0,32.61,1,4.307
Rice,Rice (Sona Masuri),HYV,29.35,22.28,37.06,1213.16,79.14,6.56,129,6.11,72.13,43.22,37.12,3.78,Red,64.47,Sprinkler,Kharif,Millet,11.41,80.41,42.45,40.45,1,6.7
Millet,Millet (Sorghum/Jowar),Traditional,31.54,24.09,40.36,430.19,58.6,7.11,118,6.43,72.06,38.02,26.37,2.18,Red,44.03,Sprinkler,Zaid,Millet,16.38,63.7,24.17,27.91,1,1.411
Wheat,Wheat (Common),Traditional,21.25,15.51,31.79,401.82,51.87,8.83,112,6.04,89.34,43.31,38.02,3.55,Loamy,58.43,Drip,Rabi,Maize,16.54,65.54,38.22,24.8,1,4.359
Millet,Millet (Pearl/Bajra),Hybrid,34.1,28.53,42.96,374.37,52.11,9.46,78,7.02,56.07,26.61,23.94,2.78,Red,43.18,Sprinkler,Kharif,Rice,6.48,46.26,28.03,21.07,1,1.307
Rice,Rice (Non-Basmati),HYV,29.43,22.17,40.19,1177.87,73.28,6.21,140,6.03,113.4,51.45,43.11,2.62,Laterite,76.71,Sprinkler,Kharif,Soybean,7.49,91.44,44.17,34.9,0,4.078
Rice,Rice (Non-Basmati),Hybrid,26.47,19.68,36.7,1286.73,84.86,7.47,123,5.99,104.02,45.15,46.67,3.32,Loamy,78.23,Flood,Kharif,Maize,4.32,95.45,46.39,60.48,1,9.1
Wheat,Wheat (Durum),Hybrid,21.18,13.29,31.21,609.59,52.36,7.73,122,7.28,90.12,59.66,31.18,2.53,Alluvial,53.3,Rainfed,Rabi,Fallow,1.18,67.25,37.74,29.64,0,3.63
Wheat,Wheat (Sharbati),Hybrid,20.75,13.39,31.57,582.79,58.89,8.28,119,7.35,92.11,44.62,35.53,2.82,Desert,58.93,Sprinkler,Zaid,Fallow,1.09,70.08,36.35,26.23,1,4.396
Maize,Maize (Feed Corn),Hybrid,27.01,21.61,38.83,625.81,76.53,8.76,95,6.74,145.51,62.28,62.07,2.62,Red,71.59,Drip,Kharif,Millet,12.63,156.07,78.27,58.01,0,7.141
Soybean,Soybean (Oil Grade),HYV,28.2,22.2,37.85,675.09,70.63,8.58,106,6.99,27.4,55.73,42.6,3.32,Alluvial,63.33,Flood,Kharif,Sugarcane,14.13,25.67,68.46,36.64,1,2.604
Wheat,Wheat (Common),HYV,21.51,14.97,32.5,480.46,63.54,7.51,113,7.08,98.76,47.8,34.51,3.04,Black,55.13,Drip,Rabi,Cotton,3.51,84.08,41.91,34.12,0,5.322
Rice,Rice (Non-Basmati),Hybrid,30.53,24.87,40.04,1275.1,85.44,7.87,111,5.88,108.85,46.66,51.66,2.12,Black,77.38,Drip,Kharif,Pulses,3.64,121.15,45.45,60.8,0,6.729
Rice,Rice (Basmati),Hybrid,27.3,21.25,37.44,1392.2,79.72,8.24,142,7.12,70.06,30.68,37.24,4.42,Alluvial,67.24,Sprinkler,Kharif,Soybean,18.06,81.42,40.99,43.37,0,5.928
Soybean,Soybean (Oil Grade),HYV,27.28,20.46,35.06,933.14,68.47,6.56,119,6.59,20.95,62.21,40.24,3.94,Loamy,77.15,Rainfed,Kharif,Wheat,2.83,28.65,57.49,44.04,1,2.302
Rice,Rice (Non-Basmati),Traditional,28.58,21.31,38.49,1567.94,87.35,7.0,124,7.32,100.37,53.89,42.24,3.7,Black,71.22,Sprinkler,Kharif,Rice,10.53,58.51,27.45,39.02,1,3.785
Millet,Millet (Foxtail),HYV,26.62,21.29,33.81,518.21,60.91,7.78,68,6.3,32.88,21.84,17.67,1.84,Red,48.09,Rainfed,Rabi,Maize,7.44,21.78,13.64,11.93,0,1.77
Rice,Rice (Basmati),Traditional,27.1,19.76,36.48,1248.77,73.07,7.77,138,6.44,71.88,30.33,36.36,3.09,Alluvial,67.38,Sprinkler,Zaid,Millet,14.03,50.43,31.01,28.31,1,2.828
Maize,Maize (Feed Corn),Hybrid,27.0,20.01,38.28,597.92,77.69,8.38,113,7.18,141.18,60.52,55.3,3.71,Red,72.76,Sprinkler,Kharif,Millet,1.84,133.31,75.52,57.01,1,8.923
Millet,Millet (Finger/Ragi),Hybrid,25.6,18.03,35.32,696.29,66.88,7.35,129,5.02,44.79,27.44,19.88,2.11,Clayey,41.28,Sprinkler,Kharif,Wheat,17.19,46.29,27.92,27.44,1,2.916
Wheat,Wheat (Sharbati),Traditional,18.45,12.99,29.35,494.14,53.84,8.9,126,6.73,83.8,47.6,33.21,2.88,Alluvial,58.87,Drip,Rabi,Millet,14.82,65.21,34.0,26.51,0,4.576
Wheat,Wheat (Common),Traditional,21.17,15.88,32.74,568.11,64.77,7.79,128,6.08,98.71,40.68,37.53,1.67,Black,65.85,Flood,Rabi,Sugarcane,10.54,64.65,38.14,24.67,1,4.065
Rice,Rice (Basmati),Traditional,29.85,22.53,41.75,1238.94,77.98,6.51,150,7.25,68.81,33.02,32.59,2.58,Alluvial,61.44,Sprinkler,Kharif,Rice,11.82,75.43,36.28,35.38,1,4.824
Wheat,Wheat (Sharbati),Traditional,17.72,9.85,27.55,431.89,64.24,9.92,127,6.36,85.57,44.07,35.79,3.98,Desert,63.9,Sprinkler,Kharif,Millet,19.97,68.2,38.43,31.94,0,2.623
Maize,Maize (Feed Corn),Hybrid,24.77,17.7,33.88,715.05,75.42,6.8,113,5.8,121.85,67.25,51.9,2.3,Black,78.72,Flood,Kharif,Rice,7.52,142.19,79.9,55.07,1,8.23
Millet,Millet (Foxtail),Hybrid,27.76,20.94,39.62,346.51,49.26,9.91,68,6.27,32.48,18.35,18.45,2.9,Alluvial,52.62,Rainfed,Kharif,Pulses,18.87,41.86,19.95,20.6,1,1.878
Wheat,Wheat (Common),Traditional,17.39,11.9,26.28,484.5,67.97,7.84,110,7.46,80.31,47.21,39.49,1.66,Black,65.98,Flood,Zaid,Maize,16.22,68.21,34.64,28.94,1,3.251
Millet,Millet (Finger/Ragi),Hybrid,25.81,18.04,36.11,479.87,50.52,7.45,106,5.13,42.23,23.99,20.65,2.12,Loamy,58.83,Rainfed,Kharif,Cotton,14.38,51.73,28.5,19.85,0,1.847
Maize,Maize (Feed Corn),Hybrid,28.79,20.85,39.68,604.2,79.49,7.28,97,6.13,121.67,70.34,55.59,2.22,Loamy,74.3,Sprinkler,Kharif,Pulses,16.8,162.44,69.09,76.04,1,8.587
Rice,Rice (Basmati),Traditional,25.23,18.41,33.08,1032.53,84.23,8.9,147,6.58,60.32,32.31,32.41,4.05,Red,75.25,Flood,Kharif,Millet,6.58,50.96,31.76,30.2,1,4.725
Millet,Millet (Finger/Ragi),Traditional,26.5,19.05,33.52,451.43,53.33,8.74,122,7.27,41.61,22.19,21.43,1.97,Black,42.91,Drip,Kharif,Cotton,1.65,21.61,19.88,16.83,1,2.434
Rice,Rice (Sona Masuri),Hybrid,28.01,22.72,37.93,1131.82,84.2,7.51,138,5.96,76.78,40.13,38.07,4.23,Alluvial,70.98,Sprinkler,Kharif,Sugarcane,11.23,91.86,49.19,44.1,1,5.978
Millet,Millet (Sorghum/Jowar),Traditional,27.36,20.04,38.76,646.23,53.0,9.34,123,7.23,67.67,30.94,28.02,2.67,Loamy,50.46,Rainfed,Kharif,Fallow,17.67,56.0,25.74,21.1,1,1.824
Maize,Maize (Sweet Corn),HYV,26.8,20.75,34.91,677.0,60.33,6.27,87,6.75,104.96,68.32,50.37,2.61,Sandy,60.33,Flood,Kharif,Pulses,8.9,113.2,63.46,44.23,0,5.414
Rice,Rice (Non-Basmati),HYV,29.66,23.87,37.82,1299.59,81.86,7.64,115,6.5,97.12,46.52,52.91,2.39,Loamy,82.92,Sprinkler,Kharif,Rice,4.0,118.12,44.85,49.43,1,8.741
Millet,Millet (Sorghum/Jowar),Hybrid,29.36,23.75,38.66,541.79,65.86,9.23,116,7.34,67.11,31.85,28.59,3.43,Loamy,47.54,Sprinkler,Kharif,Cotton,1.24,80.16,37.61,31.03,1,2.334
Maize,Maize (Feed Corn),Hybrid,26.46,20.95,35.07,692.8,68.41,6.19,91,6.56,121.9,76.15,55.85,2.81,Black,72.88,Sprinkler,Kharif,Fallow,17.76,135.02,77.78,65.3,1,9.387
Maize,Maize (Sweet Corn),Traditional,22.53,15.52,34.0,560.2,72.04,6.73,100,6.1,112.91,67.43,49.1,2.58,Loamy,65.94,Rainfed,Rabi,Rice,1.24,88.38,41.63,45.92,1,4.023
Wheat,Wheat (Durum),Traditional,19.39,14.1,29.04,579.05,67.82,9.2,135,7.19,93.83,54.04,31.61,3.88,Black,50.14,Drip,Rabi,Fallow,18.51,71.19,33.64,30.59,0,4.485
Millet,Millet (Sorghum/Jowar),HYV,27.25,19.27,35.31,546.42,54.56,7.83,121,7.32,70.67,36.66,28.73,3.23,Alluvial,53.28,Rainfed,Rabi,Fallow,11.85,59.75,27.0,27.02,1,3.651
Rice,Rice (Basmati),Hybrid,25.04,19.98,34.98,1227.7,77.77,6.02,136,7.12,62.91,38.78,32.69,4.95,Alluvial,69.57,Flood,Rabi,Soybean,5.54,75.86,38.37,35.25,0,4.52
Rice,Rice (Non-Basmati),HYV,27.0,19.72,35.73,1167.54,76.3,7.08,114,6.42,106.31,56.32,47.88,2.1,Sandy,82.72,Sprinkler,Kharif,Cotton,0.76,91.31,46.14,44.39,1,5.192
Maize,Maize (Popcorn),Traditional,25.64,20.38,33.91,542.55,65.88,8.65,91,6.6,91.82,51.81,42.12,2.05,Alluvial,53.85,Rainfed,Rabi,Millet,6.24,69.87,45.6,34.01,1,4.852
Millet,Millet (Foxtail),Hybrid,29.15,22.44,38.89,334.82,50.26,7.48,80,6.94,39.56,17.2,16.7,2.16,Red,47.26,Rainfed,Kharif,Millet,9.57,39.26,18.26,19.31,1,1.407
Wheat,Wheat (Sharbati),HYV,17.1,11.3,26.13,485.8,50.8,8.53,127,6.29,93.42,40.84,38.67,3.8,Clayey,48.14,Flood,Kharif,Pulses,2.93,81.55,48.94,38.52,1,3.51
Soybean,Soybean (Food Grade),HYV,24.55,18.1,35.83,704.55,70.27,6.98,109,6.99,27.56,45.49,35.43,2.12,Black,56.74,Sprinkler,Kharif,Rice,4.92,21.88,42.41,33.32,1,2.427
Wheat,Wheat (Durum),Hybrid,20.93,13.13,28.19,503.39,55.7,8.9,138,6.31,84.32,58.56,37.56,3.84,Alluvial,65.74,Drip,Rabi,Rice,8.8,92.25,57.37,42.72,0,5.204
Rice,Rice (Basmati),Hybrid,25.82,20.28,36.78,1192.37,76.54,7.78,150,6.64,72.31,30.82,30.88,2.52,Alluvial,72.95,Sprinkler,Kharif,Pulses,13.54,66.44,34.69,42.75,1,5.647
Maize,Maize (Popcorn),HYV,26.5,19.04,38.42,574.55,66.09,6.19,92,6.11,99.53,58.89,43.93,2.93,Loamy,59.75,Sprinkler,Kharif,Pulses,8.26,94.19,50.87,44.64,1,7.009
Millet,Millet (Foxtail),HYV,28.1,20.66,39.09,374.2,49.97,8.61,66,5.5,30.93,21.77,16.02,1.91,Loamy,45.66,Sprinkler,Rabi,Pulses,13.19,30.7,19.18,19.51,1,1.054
Wheat,Wheat (Sharbati),HYV,18.29,11.87,28.78,597.12,56.39,8.51,132,7.19,90.51,49.33,31.41,3.09,Black,40.63,Sprinkler,Kharif,Millet,18.06,94.08,40.04,36.48,0,4.261
Rice,Rice (Basmati),Traditional,27.07,21.09,37.11,1465.22,82.55,8.99,147,7.23,65.7,32.39,37.87,2.17,Clayey,69.23,Drip,Kharif,Maize,14.61,54.84,26.18,27.07,1,2.785
Millet,Millet (Pearl/Bajra),Hybrid,31.29,23.88,40.68,482.47,47.08,8.33,80,6.63,51.59,29.64,22.91,1.83,Black,33.21,Sprinkler,Kharif,Pulses,9.28,55.04,28.81,25.57,1,2.957
Millet,Millet (Finger/Ragi),Hybrid,26.78,18.94,38.77,448.96,51.52,7.52,110,6.51,41.25,20.64,23.51,1.58,Loamy,40.89,Sprinkler,Kharif,Rice,3.01,35.62,31.97,20.72,0,4.09
Millet,Millet (Foxtail),Hybrid,29.03,21.4,39.08,438.27,64.62,8.17,75,5.79,32.29,22.17,19.14,1.56,Sandy,56.28,Flood,Kharif,Rice,10.17,46.81,23.82,20.91,1,2.566
Millet,Millet (Pearl/Bajra),Hybrid,28.57,21.3,35.79,385.0,48.99,10.66,66,6.52,48.47,29.23,26.53,1.24,Loamy,50.62,Rainfed,Kharif,Rice,15.24,65.51,28.92,32.12,1,2.149
Rice,Rice (Basmati),Hybrid,27.5,21.38,37.63,1396.8,74.21,7.67,146,7.15,70.22,35.57,34.11,3.38,Loamy,62.9,Flood,Kharif,Wheat,15.19,67.45,39.84,39.44,1,5.86
Rice,Rice (Non-Basmati),HYV,29.13,22.57,36.5,1356.1,86.45,8.84,119,5.52,102.91,54.34,54.9,4.71,Clayey,65.11,Rainfed,Kharif,Wheat,2.08,114.28,52.17,53.47,1,5.601
Soybean,Soybean (Oil Grade),HYV,28.07,21.63,38.2,919.39,66.97,6.6,99,6.73,29.21,54.39,40.58,4.27,Red,56.21,Sprinkler,Kharif,Fallow,15.68,18.79,43.02,32.33,0,5.2
Soybean,Soybean (Food Grade),HYV,29.38,22.03,37.15,799.34,62.43,7.15,108,6.88,21.72,44.16,36.14,2.24,Red,66.45,Flood,Kharif,Rice,3.32,29.77,54.32,35.25,1,2.969
Soybean,Soybean (Oil Grade),Traditional,29.88,23.12,39.24,726.97,70.47,6.57,115,7.35,29.21,67.98,39.05,3.46,Alluvial,70.0,Rainfed,Zaid,Soybean,11.84,19.41,48.02,30.82,1,2.48
Rice,Rice (Non-Basmati),Hybrid,26.17,20.75,36.02,1468.92,80.76,7.07,122,7.06,89.81,55.36,40.25,2.65,Red,66.63,Flood,Kharif,Rice,15.59,93.38,53.49,53.55,1,8.278
Wheat,Wheat (Common),HYV,19.45,12.03,28.33,435.98,59.3,8.43,113,6.03,85.55,47.41,33.66,2.03,Alluvial,43.39,Flood,Rabi,Millet,18.54,84.26,44.51,39.24,1,3.829
Wheat,Wheat (Common),Hybrid,20.28,12.65,31.52,412.66,61.57,8.24,117,6.81,81.84,46.95,38.46,2.61,Laterite,47.17,Sprinkler,Zaid,Soybean,5.04,70.48,33.67,29.0,0,5.937
Millet,Millet (Pearl/Bajra),HYV,30.63,23.26,40.95,447.9,52.22,10.29,81,6.53,56.89,25.61,25.2,1.25,Sandy,51.29,Rainfed,Kharif,Cotton,10.08,43.45,24.89,26.29,0,2.345
Maize,Maize (Popcorn),HYV,25.42,19.58,36.54,663.98,66.04,8.65,92,6.58,99.96,40.08,48.48,3.4,Sandy,57.44,Drip,Rabi,Wheat,18.99,72.99,46.49,39.97,0,7.708
Wheat,Wheat (Sharbati),HYV,18.62,11.97,30.09,559.97,56.96,7.49,131,6.84,93.27,43.49,36.07,2.61,Loamy,58.65,Drip,Rabi,Sugarcane,3.14,68.88,30.72,21.39,1,3.704
Maize,Maize (Popcorn),Hybrid,25.67,20.1,35.6,576.1,55.32,8.25,95,6.34,94.74,42.81,45.46,3.1,Clayey,57.82,Drip,Rabi,Rice,10.71,93.26,60.33,52.62,1,7.579
Rice,Rice (Non-Basmati),Traditional,27.49,19.98,36.79,1236.91,89.71,8.47,133,6.59,118.26,57.73,43.39,3.42,Alluvial,89.28,Flood,Kharif,Wheat,15.52,71.79,32.64,47.77,0,5.432
Maize,Maize (Feed Corn),Traditional,24.98,18.9,34.11,593.13,61.92,6.58,101,5.74,139.99,67.57,66.42,4.55,Alluvial,59.73,Flood,Kharif,Soybean,19.75,114.06,50.01,54.67,0,6.72
Millet,Millet (Pearl/Bajra),HYV,28.49,23.0,38.6,432.67,50.93,9.16,74,7.54,56.85,27.92,21.87,1.0,Loamy,44.35,Flood,Kharif,Sugarcane,4.16,38.26,23.78,25.15,0,2.026
Rice,Rice (Non-Basmati),HYV,28.47,22.96,35.58,1205.94,80.73,7.44,112,7.02,83.22,53.2,45.42,2.73,Laterite,71.41,Sprinkler,Kharif,Sugarcane,6.76,90.44,37.77,50.41,1,5.367
Soybean,Soybean (Oil Grade),Traditional,26.83,21.17,38.26,941.61,74.7,7.87,114,6.31,22.01,58.56,36.43,2.94,Red,72.19,Rainfed,Kharif,Cotton,11.94,20.76,44.66,32.84,0,1.767
Millet,Millet (Pearl/Bajra),Hybrid,31.36,24.0,39.05,574.59,44.41,10.88,86,6.12,50.72,22.28,23.87,1.1,Alluvial,46.02,Rainfed,Kharif,Fallow,11.85,55.19,19.85,24.84,1,1.349
Rice,Rice (Sona Masuri),Hybrid,28.15,22.2,39.88,1129.76,75.21,8.61,133,6.97,70.91,39.68,39.25,2.9,Clayey,79.55,Flood,Kharif,Wheat,11.67,87.13,42.86,47.57,0,6.124
Rice,Rice (Non-Basmati),HYV,27.5,21.95,36.81,1117.54,85.83,8.65,129,6.87,92.49,58.19,53.42,3.94,Alluvial,78.99,Flood,Zaid,Rice,14.35,110.59,55.57,55.4,1,7.587
Rice,Rice (Non-Basmati),Hybrid,27.8,21.93,38.8,1238.77,86.64,6.29,117,7.16,98.94,56.59,54.59,2.63,Clayey,88.72,Sprinkler,Kharif,Cotton,15.52,118.46,55.14,55.84,0,5.207
Maize,Maize (Popcorn),HYV,22.32,15.37,31.81,510.45,62.57,6.78,95,6.99,82.47,43.67,48.02,3.39,Alluvial,57.2,Sprinkler,Kharif,Rice,8.54,95.08,58.57,49.46,1,3.598
Millet,Millet (Pearl/Bajra),Hybrid,28.56,21.4,37.97,269.72,56.99,9.34,79,6.73,42.07,20.89,27.58,2.85,Sandy,34.92,Sprinkler,Kharif,Millet,8.98,62.47,25.75,23.46,0,1.463
Millet,Millet (Sorghum/Jowar),HYV,29.53,23.92,40.18,550.04,60.12,7.76,91,7.25,71.39,34.45,30.92,1.83,Red,52.66,Sprinkler,Kharif,Sugarcane,3.13,58.26,30.48,25.89,0,3.57
Wheat,Wheat (Common),Traditional,17.23,9.58,24.57,406.12,50.04,9.05,120,6.38,86.35,46.05,36.08,2.02,Alluvial,53.1,Sprinkler,Rabi,Cotton,12.82,55.55,31.27,26.72,1,3.849
Millet,Millet (Pearl/Bajra),Hybrid,28.45,22.96,37.15,292.98,56.95,10.87,81,7.7,56.03,22.69,25.75,2.63,Desert,45.64,Drip,Rabi,Cotton,8.79,54.79,22.13,29.82,1,1.311
Soybean,Soybean (Oil Grade),Hybrid,29.46,21.6,39.97,672.68,72.32,6.23,118,6.06,29.95,58.55,37.75,2.2,Red,58.59,Sprinkler,Kharif,Wheat,19.49,30.11,59.34,47.07,1,3.824
Wheat,Wheat (Common),Hybrid,19.66,14.38,29.93,499.55,65.75,9.08,116,6.53,94.72,43.37,35.67,3.9,Loamy,42.4,Rainfed,Rabi,Cotton,11.92,98.89,53.39,40.52,1,7.513
Rice,Rice (Non-Basmati),HYV,27.28,21.2,36.66,1402.31,83.37,7.66,129,6.03,89.33,42.09,45.34,3.61,Loamy,85.82,Flood,Kharif,Pulses,3.78,109.24,43.55,59.96,1,5.692
Rice,Rice (Non-Basmati),Hybrid,31.83,25.27,43.31,1273.25,87.22,6.16,140,5.72,104.05,41.02,57.2,4.28,Black,70.41,Flood,Kharif,Fallow,16.99,97.1,50.29,54.85,1,7.336
Millet,Millet (Sorghum/Jowar),HYV,32.19,24.94,39.62,480.1,50.17,9.24,122,6.29,63.09,37.73,26.65,1.59,Red,61.36,Rainfed,Rabi,Rice,0.83,82.84,39.1,29.64,1,2.649
Wheat,Wheat (Common),Traditional,19.77,13.5,30.39,472.61,53.09,7.71,128,6.67,80.85,42.1,32.97,3.31,Black,61.91,Flood,Rabi,Cotton,14.75,76.38,37.62,26.79,1,6.165
Wheat,Wheat (Common),HYV,18.68,12.69,30.14,519.37,56.87,9.54,111,6.8,85.41,43.23,37.8,3.67,Loamy,41.11,Flood,Rabi,Fallow,8.07,85.3,45.85,31.81,1,6.077
Maize,Maize (Popcorn),HYV,26.98,21.41,38.05,605.15,56.25,6.97,89,6.57,95.51,50.62,40.49,3.28,Alluvial,53.05,Rainfed,Rabi,Wheat,12.15,93.98,50.14,41.79,1,3.677
Maize,Maize (Popcorn),HYV,25.75,18.25,33.81,591.69,64.08,8.73,92,6.25,82.7,58.25,44.98,3.14,Alluvial,60.85,Sprinkler,Rabi,Millet,7.21,85.16,41.05,40.51,1,6.047
Rice,Rice (Sona Masuri),HYV,27.63,22.56,35.17,1106.02,70.98,7.81,133,5.65,86.42,36.19,41.7,3.61,Loamy,82.57,Sprinkler,Kharif,Fallow,14.6,78.99,36.5,43.38,1,3.965
Millet,Millet (Pearl/Bajra),HYV,32.66,25.82,41.07,541.63,47.73,10.86,65,6.31,41.2,21.4,27.79,2.46,Black,45.06,Sprinkler,Kharif,Fallow,16.65,37.95,17.64,14.96,1,2.686
Soybean,Soybean (Food Grade),HYV,28.67,21.45,35.69,643.92,64.78,7.54,95,6.97,25.24,49.29,30.65,3.27,Clayey,57.54,Sprinkler,Kharif,Wheat,7.06,22.22,50.3,39.13,0,3.949
Millet,Millet (Finger/Ragi),Traditional,28.01,20.72,35.5,455.69,55.48,8.37,124,6.8,45.9,23.61,24.51,3.16,Red,46.58,Sprinkler,Rabi,Rice,13.61,30.21,17.02,19.11,1,3.127
Millet,Millet (Finger/Ragi),Hybrid,26.02,18.27,34.73,537.03,60.16,9.15,123,7.02,38.08,27.57,20.29,3.13,Loamy,52.2,Sprinkler,Kharif,Sugarcane,3.52,35.25,29.81,19.47,0,2.145
Millet,Millet (Finger/Ragi),Hybrid,25.14,17.85,33.64,550.53,64.68,8.94,111,6.28,42.96,25.1,22.56,1.93,Loamy,64.7,Sprinkler,Kharif,Rice,0.55,36.14,26.15,17.52,1,3.735
Rice,Rice (Sona Masuri),HYV,30.32,25.25,38.91,1031.3,81.72,8.77,140,6.66,72.47,37.58,44.44,4.06,Clayey,79.55,Flood,Kharif,Wheat,14.69,96.68,46.25,57.53,0,5.327
Millet,Millet (Foxtail),Hybrid,26.8,21.7,37.71,491.92,58.96,8.26,80,6.55,32.17,20.28,17.64,1.13,Red,41.53,Flood,Rabi,Millet,1.1,36.02,25.43,17.44,0,1.464
Maize,Maize (Popcorn),Hybrid,26.21,19.5,33.66,741.85,63.09,7.25,98,6.47,97.92,54.05,46.68,2.84,Alluvial,69.8,Sprinkler,Kharif,Cotton,7.74,87.03,50.2,39.69,1,5.822
Soybean,Soybean (Food Grade),HYV,28.3,22.26,38.14,711.48,79.5,8.58,96,6.41,27.86,42.12,39.94,3.43,Alluvial,53.06,Sprinkler,Kharif,Pulses,12.95,27.36,55.84,34.22,1,2.983
Millet,Millet (Pearl/Bajra),Hybrid,32.1,24.51,39.7,594.28,55.1,9.78,78,6.75,50.96,24.27,25.23,2.36,Loamy,37.41,Rainfed,Rabi,Maize,17.27,58.31,32.91,25.38,1,1.216
Soybean,Soybean (Food Grade),HYV,25.62,17.67,35.38,845.33,65.48,7.23,107,6.95,20.35,51.4,31.56,3.38,Loamy,62.21,Rainfed,Kharif,Millet,5.52,26.85,45.47,35.59,1,3.256
Maize,Maize (Feed Corn),HYV,27.76,19.83,38.38,623.79,77.93,8.38,109,6.95,138.61,63.0,69.62,4.94,Black,61.8,Flood,Kharif,Pulses,8.87,138.64,64.62,65.95,1,6.26
Maize,Maize (Feed Corn),Traditional,26.09,19.49,34.29,687.79,65.14,6.82,104,5.85,135.68,69.86,63.47,3.29,Loamy,77.89,Flood,Kharif,Cotton,16.58,110.05,50.33,40.63,1,4.713
Maize,Maize (Popcorn),Traditional,24.61,17.37,32.21,588.06,64.59,7.77,100,5.91,94.28,45.68,44.81,3.57,Alluvial,53.01,Sprinkler,Rabi,Cotton,13.66,67.4,35.13,33.98,1,6.046
Millet,Millet (Sorghum/Jowar),HYV,27.8,20.51,36.03,404.17,52.95,8.95,117,7.09,72.77,38.21,32.77,1.93,Loamy,63.31,Rainfed,Kharif,Pulses,5.71,61.82,37.99,28.47,1,2.943
Rice,Rice (Sona Masuri),HYV,30.87,24.99,42.23,1040.13,79.03,7.94,136,5.62,81.1,36.46,36.96,2.98,Red,62.52,Rainfed,Kharif,Pulses,17.28,64.76,36.74,31.3,0,3.735
Millet,Millet (Sorghum/Jowar),Hybrid,31.97,26.13,40.67,472.63,66.75,9.7,117,6.15,70.84,35.16,31.33,3.02,Red,48.47,Rainfed,Rabi,Soybean,6.94,82.94,38.84,32.23,1,4.726
Maize,Maize (Feed Corn),Traditional,25.08,19.03,32.6,550.36,79.04,7.37,94,5.82,131.81,62.15,69.38,2.64,Loamy,79.83,Sprinkler,Kharif,Maize,1.79,112.92,54.7,49.17,1,6.468
Rice,Rice (Sona Masuri),Hybrid,28.25,21.82,35.49,1021.23,81.44,6.9,133,6.35,77.47,42.75,43.84,2.15,Loamy,75.89,Flood,Zaid,Cotton,17.55,81.72,39.54,44.35,1,4.868
Soybean,Soybean (Oil Grade),Traditional,28.79,23.18,37.4,816.95,68.71,7.15,97,6.94,28.64,69.83,44.97,3.0,Laterite,74.6,Rainfed,Kharif,Wheat,6.82,16.43,40.3,31.27,1,2.869
Millet,Millet (Foxtail),Hybrid,26.62,20.74,35.43,527.31,57.2,7.17,82,6.06,38.64,15.61,17.72,1.38,Red,45.67,Drip,Kharif,Sugarcane,9.38,37.62,23.66,17.52,1,2.272
Rice,Rice (Non-Basmati),HYV,29.54,24.36,41.41,1332.72,88.53,6.03,128,6.32,86.78,55.13,56.65,4.64,Red,80.17,Flood,Kharif,Wheat,13.82,100.13,34.23,39.93,0,5.729
Soybean,Soybean (Oil Grade),Traditional,28.14,20.3,37.69,861.58,66.52,8.12,108,7.05,22.53,67.93,37.18,2.11,Black,76.77,Rainfed,Zaid,Fallow,10.67,18.14,54.3,33.24,1,1.803
Wheat,Wheat (Durum),Hybrid,22.55,15.74,31.36,607.56,62.52,8.86,120,6.45,84.46,47.71,31.27,2.47,Black,65.84,Drip,Rabi,Sugarcane,2.15,105.02,47.33,34.46,0,6.656
Maize,Maize (Popcorn),Hybrid,23.68,16.71,33.07,734.72,58.85,6.31,101,6.83,86.95,43.93,48.38,2.43,Loamy,59.21,Drip,Rabi,Rice,17.84,109.54,63.63,50.89,0,5.629
Millet,Millet (Pearl/Bajra),HYV,28.85,22.58,36.68,345.78,52.82,10.26,85,6.76,40.05,20.14,26.31,1.89,Loamy,30.02,Rainfed,Kharif,Fallow,14.23,46.13,23.27,27.18,1,2.171
Maize,Maize (Sweet Corn),Traditional,25.67,19.0,34.77,745.91,66.32,6.41,100,6.87,109.33,61.26,42.29,3.47,Black,63.33,Sprinkler,Zaid,Wheat,18.33,78.14,41.57,35.03,1,5.303
Maize,Maize (Feed Corn),Traditional,24.51,18.1,32.25,741.38,76.79,6.58,115,6.24,120.97,68.73,59.3,4.12,Alluvial,73.37,Rainfed,Rabi,Wheat,10.9,100.0,56.52,47.53,1,4.395
Millet,Millet (Pearl/Bajra),Hybrid,28.93,21.3,38.29,262.91,52.47,8.83,82,6.13,42.42,25.0,23.59,1.85,Alluvial,39.75,Sprinkler,Kharif,Pulses,12.39,59.69,29.57,26.92,1,1.387
Soybean,Soybean (Oil Grade),Hybrid,29.33,22.75,39.68,758.46,78.24,6.2,110,6.54,26.54,64.03,41.36,4.29,Alluvial,72.07,Drip,Kharif,Wheat,12.34,22.78,73.75,44.51,1,5.2
Rice,Rice (Sona Masuri),HYV,27.71,21.69,35.83,1273.55,71.15,7.09,127,6.36,87.85,37.77,37.42,4.17,Alluvial,75.63,Sprinkler,Kharif,Millet,11.29,86.3,36.06,39.87,1,5.082
Rice,Rice (Basmati),HYV,26.02,18.88,35.49,1377.32,71.54,7.61,144,7.27,62.55,33.97,37.97,2.45,Black,65.73,Flood,Kharif,Millet,14.47,79.18,33.43,32.27,1,3.349
Maize,Maize (Sweet Corn),Hybrid,27.44,21.9,38.87,650.13,62.68,8.43,88,6.36,112.63,55.81,53.49,3.73,Loamy,60.88,Rainfed,Rabi,Maize,2.15,123.93,62.35,48.06,0,7.479
Maize,Maize (Sweet Corn),Hybrid,26.4,21.35,36.31,541.09,67.86,6.74,80,7.0,103.74,63.13,59.9,3.92,Alluvial,61.31,Sprinkler,Rabi,Wheat,18.71,131.9,62.78,57.63,1,6.646
Rice,Rice (Non-Basmati),Traditional,27.5,21.56,37.64,1480.81,80.03,8.65,135,7.42,80.59,57.81,47.5,2.57,Black,65.37,Rainfed,Kharif,Cotton,16.47,94.29,32.09,34.14,0,5.228
Millet,Millet (Pearl/Bajra),Traditional,34.64,29.2,42.75,267.69,44.7,9.92,88,6.05,51.42,23.84,25.62,2.28,Loamy,30.92,Drip,Rabi,Rice,12.58,44.63,20.99,16.0,1,1.778
Rice,Rice (Basmati),Hybrid,26.2,19.95,36.27,1240.59,76.89,7.09,131,7.41,78.12,35.67,33.54,3.14,Desert,70.3,Flood,Kharif,Fallow,8.15,83.9,33.39,38.81,1,3.97
Rice,Rice (Non-Basmati),HYV,26.33,21.09,34.27,1536.03,82.57,8.19,131,5.61,112.62,52.4,59.19,2.76,Alluvial,66.78,Sprinkler,Kharif,Fallow,2.57,97.76,57.97,53.55,0,6.659
Wheat,Wheat (Sharbati),Hybrid,18.03,11.49,25.23,595.05,62.92,7.82,122,7.16,98.83,48.52,33.63,3.07,Clayey,54.78,Rainfed,Kharif,Rice,8.38,95.86,52.16,36.47,1,4.289
Millet,Millet (Sorghum/Jowar),Traditional,29.17,22.59,36.42,506.02,65.6,9.33,110,7.8,60.65,39.45,25.31,3.32,Black,53.73,Rainfed,Rabi,Fallow,3.64,60.27,27.46,24.93,0,1.24
Rice,Rice (Basmati),Hybrid,27.62,20.53,38.6,1229.67,82.63,8.31,149,6.69,79.6,34.93,33.29,3.9,Alluvial,66.0,Sprinkler,Kharif,Cotton,14.1,86.32,49.01,44.47,1,5.403
Maize,Maize (Sweet Corn),HYV,26.52,18.94,34.1,524.84,71.82,7.31,94,6.05,114.05,65.93,55.66,2.08,Laterite,73.26,Sprinkler,Kharif,Wheat,14.09,107.68,55.31,41.14,1,4.174
Rice,Rice (Sona Masuri),Hybrid,28.52,21.51,40.01,1260.98,77.25,6.1,131,6.14,82.2,44.09,39.58,4.47,Loamy,74.82,Drip,Kharif,Rice,3.39,87.09,40.3,41.27,1,6.245
Rice,Rice (Sona Masuri),Hybrid,29.23,23.5,40.91,1018.39,83.38,7.15,135,6.43,82.01,43.6,35.03,2.47,Loamy,65.49,Flood,Kharif,Pulses,16.96,97.46,46.48,41.41,0,5.722
Rice,Rice (Sona Masuri),Hybrid,27.01,21.5,34.47,1319.14,77.43,7.17,132,6.3,85.62,44.28,38.29,2.52,Loamy,70.07,Sprinkler,Kharif,Sugarcane,19.86,80.67,40.22,39.04,0,7.082
Wheat,Wheat (Durum),Traditional,20.21,14.82,29.28,613.64,61.63,7.27,128,6.66,96.16,53.81,31.11,2.72,Loamy,62.56,Drip,Rabi,Sugarcane,18.57,69.33,46.94,31.89,1,5.279
Millet,Millet (Sorghum/Jowar),Hybrid,29.63,22.16,38.74,652.44,58.29,7.77,99,6.39,79.81,32.3,28.98,2.94,Black,40.63,Sprinkler,Kharif,Maize,10.12,73.04,33.36,36.86,0,2.13
Rice,Rice (Basmati),Traditional,29.86,23.54,41.16,1282.93,72.36,8.07,147,6.56,62.91,34.06,31.13,3.73,Loamy,61.02,Drip,Zaid,Wheat,12.65,55.2,26.66,27.51,1,3.014
Wheat,Wheat (Sharbati),Traditional,21.77,14.18,29.77,469.97,60.62,7.57,134,7.16,82.88,44.68,30.28,2.86,Alluvial,57.51,Drip,Rabi,Wheat,9.86,75.28,34.85,28.74,1,3.489
Wheat,Wheat (Durum),Traditional,22.61,15.0,32.57,564.46,52.23,7.6,122,6.38,90.04,42.69,34.61,3.06,Black,46.8,Sprinkler,Rabi,Maize,4.95,64.87,41.4,30.03,1,4.944
Wheat,Wheat (Sharbati),Hybrid,19.23,13.36,27.97,554.73,57.65,9.62,115,6.87,87.94,44.23,31.03,2.7,Alluvial,62.97,Sprinkler,Rabi,Fallow,11.54,100.28,49.84,39.82,1,6.372
Rice,Rice (Non-Basmati),Traditional,30.17,22.72,39.89,1116.1,82.38,6.17,128,6.28,96.11,53.02,50.54,3.12,Loamy,89.74,Rainfed,Kharif,Maize,12.01,78.85,41.56,34.57,1,5.137
Wheat,Wheat (Durum),Traditional,19.93,12.97,29.61,585.84,57.12,7.62,133,6.03,97.19,45.48,35.03,1.95,Alluvial,46.17,Sprinkler,Rabi,Sugarcane,9.01,64.06,47.43,28.14,1,4.76
Millet,Millet (Pearl/Bajra),Traditional,33.43,27.57,43.81,253.44,59.41,8.24,81,6.87,56.65,25.89,29.07,1.96,Red,53.33,Sprinkler,Kharif,Maize,3.26,33.77,20.17,18.64,1,1.492
Wheat,Wheat (Durum),Hybrid,21.68,14.5,29.88,464.79,66.04,8.68,130,6.79,96.28,46.88,38.97,3.72,Loamy,48.54,Flood,Rabi,Rice,18.31,106.1,63.09,43.06,1,3.916
Maize,Maize (Popcorn),Traditional,25.1,18.26,32.24,674.13,65.14,6.21,88,6.42,87.22,51.52,47.6,3.37,Loamy,59.18,Sprinkler,Rabi,Sugarcane,15.8,70.62,40.18,36.15,1,6.06
Maize,Maize (Sweet Corn),HYV,24.23,16.51,32.74,584.96,74.41,6.37,100,6.54,100.68,53.93,57.82,3.14,Alluvial,74.61,Sprinkler,Rabi,Sugarcane,19.3,109.53,60.63,58.34,1,6.614
Rice,Rice (Sona Masuri),HYV,30.79,24.46,40.39,1124.06,77.22,8.23,122,5.64,81.07,41.96,37.76,3.42,Black,77.88,Rainfed,Kharif,Rice,6.54,77.42,39.94,41.47,1,4.665
Millet,Millet (Sorghum/Jowar),Traditional,29.58,21.88,40.44,584.29,56.79,9.26,108,7.18,73.93,30.35,30.66,3.47,Loamy,49.82,Sprinkler,Rabi,Maize,15.25,57.25,24.5,21.46,1,1.552
Wheat,Wheat (Sharbati),HYV,17.09,9.72,26.97,549.75,61.75,7.37,115,6.71,85.25,44.78,39.46,3.64,Sandy,40.68,Drip,Zaid,Pulses,6.13,68.24,34.2,31.29,1,3.568
Soybean,Soybean (Oil Grade),Traditional,29.89,23.11,38.73,683.64,75.37,6.33,95,7.4,28.01,64.1,36.89,3.3,Alluvial,79.34,Sprinkler,Kharif,Soybean,16.0,16.37,54.52,29.71,0,2.202
Wheat,Wheat (Common),Traditional,21.12,15.6,28.34,439.29,58.76,8.49,116,7.43,91.25,44.43,33.6,2.17,Black,57.24,Sprinkler,Rabi,Wheat,11.39,73.72,36.48,26.58,1,4.203
Soybean,Soybean (Food Grade),Traditional,27.25,19.42,34.99,883.63,71.02,6.43,95,6.58,22.81,59.49,32.61,3.26,Laterite,64.43,Rainfed,Kharif,Cotton,9.48,23.53,40.21,25.6,1,1.619
Wheat,Wheat (Common),Hybrid,21.82,16.38,33.15,464.42,60.33,8.09,113,7.23,83.66,47.55,34.46,3.84,Alluvial,56.41,Flood,Rabi,Rice,9.19,75.22,44.83,36.33,0,6.715
Rice,Rice (Basmati),HYV,29.31,22.98,39.24,1488.04,77.98,8.72,149,6.61,74.96,31.13,32.48,4.42,Clayey,79.07,Sprinkler,Kharif,Millet,14.98,66.1,39.74,36.63,1,4.551
Wheat,Wheat (Durum),HYV,20.54,13.71,31.87,478.64,53.24,8.08,129,6.64,89.47,45.3,32.89,3.95,Loamy,67.22,Drip,Kharif,Rice,14.01,98.69,50.53,30.92,1,5.045
Wheat,Wheat (Sharbati),Traditional,20.86,14.89,29.72,503.13,55.19,7.78,119,6.63,95.1,48.72,32.73,2.52,Loamy,48.19,Rainfed,Rabi,Cotton,19.42,74.86,34.11,26.55,1,4.422
Rice,Rice (Non-Basmati),Hybrid,28.26,21.74,37.9,1544.36,77.61,8.73,111,5.82,106.08,45.81,59.48,3.35,Clayey,67.79,Sprinkler,Kharif,Maize,9.31,130.44,54.53,46.29,1,7.552
Maize,Maize (Popcorn),Hybrid,22.06,14.48,29.2,645.67,62.54,7.11,104,6.4,82.06,59.11,47.91,2.01,Alluvial,65.86,Sprinkler,Kharif,Rice,17.57,96.41,56.37,54.84,1,5.732
Maize,Maize (Sweet Corn),HYV,27.79,22.64,38.83,715.7,65.96,7.9,86,6.28,100.31,62.56,48.9,4.58,Black,60.83,Drip,Rabi,Pulses,14.55,118.55,56.87,44.3,0,9.75
Wheat,Wheat (Sharbati),Hybrid,21.0,13.59,31.23,437.81,60.38,7.19,127,6.36,88.9,43.96,36.23,3.99,Black,53.79,Drip,Rabi,Pulses,18.3,79.11,38.53,37.03,1,6.5
Millet,Millet (Pearl/Bajra),HYV,29.61,23.03,40.61,582.43,48.03,8.21,79,6.68,50.13,22.01,26.41,2.57,Red,31.8,Sprinkler,Kharif,Wheat,17.82,41.59,20.68,21.92,1,3.591
Soybean,Soybean (Food Grade),HYV,24.31,17.47,35.64,832.37,77.39,7.8,110,6.15,21.83,51.01,31.26,2.04,Loamy,52.63,Rainfed,Zaid,Soybean,19.73,23.6,44.22,32.93,1,1.354
Millet,Millet (Pearl/Bajra),Hybrid,31.64,24.79,40.84,506.17,54.24,9.01,81,6.18,57.95,21.92,23.68,1.93,Black,32.08,Sprinkler,Kharif,Rice,11.13,49.05,21.38,24.94,1,2.131
Maize,Maize (Popcorn),Traditional,26.11,20.37,36.1,747.28,60.15,7.85,91,6.77,81.51,58.79,49.53,4.16,Loamy,53.22,Drip,Rabi,Maize,8.37,67.28,46.63,32.36,1,4.761
Maize,Maize (Sweet Corn),Traditional,26.31,18.56,33.67,576.41,71.65,8.33,95,6.6,103.6,64.88,47.16,2.76,Desert,56.95,Drip,Rabi,Millet,17.73,69.01,37.99,28.98,1,4.534
Soybean,Soybean (Food Grade),HYV,24.65,18.15,35.55,637.83,77.95,8.75,105,6.48,28.58,49.23,31.9,3.47,Loamy,68.56,Sprinkler,Kharif,Sugarcane,18.69,18.6,34.07,30.86,1,3.712
Soybean,Soybean (Food Grade),Traditional,28.36,22.38,35.83,649.01,71.94,8.98,93,6.14,29.37,48.14,32.82,2.46,Alluvial,63.78,Rainfed,Kharif,Wheat,19.86,23.87,40.3,29.37,1,1.828
Rice,Rice (Non-Basmati),Hybrid,26.77,20.27,37.04,1519.13,88.73,6.95,134,5.87,104.66,44.68,41.6,2.0,Loamy,80.21,Sprinkler,Kharif,Wheat,13.19,129.19,62.66,64.25,1,7.008
Maize,Maize (Sweet Corn),Traditional,24.28,16.36,35.91,798.26,67.65,8.45,86,6.84,118.84,66.38,41.83,2.25,Black,58.94,Drip,Kharif,Soybean,11.44,84.66,47.49,42.72,1,4.751
Millet,Millet (Pearl/Bajra),Hybrid,33.42,26.96,42.93,459.3,42.81,9.93,65,6.32,47.54,29.2,23.11,2.75,Clayey,46.03,Rainfed,Kharif,Wheat,1.44,37.48,23.3,22.33,1,1.301
Millet,Millet (Finger/Ragi),HYV,31.15,23.62,42.87,446.2,56.37,9.83,119,6.08,36.18,27.94,23.02,3.05,Loamy,40.51,Rainfed,Kharif,Cotton,16.49,36.66,27.1,18.09,1,1.68
Millet,Millet (Sorghum/Jowar),HYV,32.85,25.22,43.41,422.46,50.32,7.07,91,6.43,63.42,34.06,27.36,3.46,Red,47.1,Rainfed,Rabi,Pulses,18.54,53.15,21.93,23.18,1,1.724
Wheat,Wheat (Common),Traditional,19.23,12.62,28.54,454.86,53.7,9.84,127,7.45,99.77,48.25,35.81,2.86,Loamy,49.87,Sprinkler,Rabi,Cotton,8.51,64.06,35.17,30.44,1,4.816
Maize,Maize (Sweet Corn),Traditional,23.79,17.68,33.67,564.92,69.55,6.4,98,6.63,109.69,54.81,52.22,2.05,Alluvial,62.63,Drip,Rabi,Sugarcane,13.2,80.03,52.29,32.66,1,4.544
Millet,Millet (Sorghum/Jowar),HYV,28.22,22.62,38.47,552.54,57.17,8.7,113,7.26,73.87,36.69,31.95,1.89,Clayey,43.28,Sprinkler,Kharif,Wheat,2.34,69.72,35.99,25.46,1,4.513
Wheat,Wheat (Common),HYV,17.05,10.64,26.71,594.48,64.74,9.12,121,7.5,93.82,48.86,31.44,3.5,Alluvial,64.4,Sprinkler,Rabi,Maize,7.58,87.72,46.83,31.08,1,6.021
Wheat,Wheat (Sharbati),Hybrid,21.77,15.19,32.01,559.18,50.84,8.12,126,7.09,87.0,49.1,36.65,3.66,Black,49.64,Drip,Rabi,Sugarcane,5.71,91.55,49.51,35.88,1,5.641
Maize,Maize (Popcorn),HYV,22.7,15.48,33.28,512.75,57.09,6.23,98,6.75,94.25,41.14,45.1,3.12,Alluvial,57.74,Drip,Kharif,Cotton,3.06,89.36,41.74,44.95,0,3.976
Wheat,Wheat (Sharbati),Hybrid,18.79,12.31,29.04,488.15,55.42,7.34,123,6.21,83.64,46.88,31.38,3.95,Loamy,58.96,Drip,Rabi,Soybean,15.28,106.57,52.54,36.71,1,5.679
Millet,Millet (Finger/Ragi),Hybrid,30.34,24.33,38.42,614.43,51.29,8.46,126,7.18,38.59,23.78,23.23,2.76,Black,51.25,Sprinkler,Kharif,Soybean,11.07,52.51,32.04,20.25,1,3.161
Wheat,Wheat (Durum),Traditional,21.07,14.97,31.91,557.28,54.24,8.4,131,7.3,96.67,48.53,36.48,2.24,Laterite,60.83,Drip,Kharif,Sugarcane,13.71,64.76,41.79,24.29,1,3.455
Millet,Millet (Sorghum/Jowar),HYV,31.4,26.22,40.35,541.45,50.44,9.44,128,7.78,76.23,37.68,31.89,2.36,Desert,41.28,Flood,Kharif,Cotton,7.59,67.94,34.74,34.57,0,2.441
Soybean,Soybean (Food Grade),HYV,29.19,23.21,38.82,793.56,68.9,8.76,100,6.01,28.13,59.94,38.67,3.77,Loamy,71.93,Rainfed,Kharif,Cotton,6.85,24.12,48.53,32.3,1,3.282
Millet,Millet (Pearl/Bajra),HYV,33.58,28.28,41.68,296.24,50.0,9.6,68,7.15,55.88,27.14,22.96,2.45,Loamy,36.95,Drip,Kharif,Rice,16.82,37.14,18.79,19.24,1,2.447
Millet,Millet (Foxtail),HYV,26.84,20.3,35.54,308.11,54.24,9.63,62,6.95,34.79,18.46,15.15,2.44,Red,57.78,Rainfed,Rabi,Cotton,0.97,32.9,16.71,13.07,0,2.312
Wheat,Wheat (Durum),HYV,18.02,12.04,26.52,472.07,63.02,9.98,124,6.74,80.24,47.58,36.45,3.09,Red,46.35,Drip,Rabi,Rice,19.97,95.46,48.23,31.18,1,6.299
Soybean,Soybean (Food Grade),HYV,27.14,20.41,35.82,736.51,64.51,8.67,105,6.57,25.41,57.34,32.74,3.5,Black,64.78,Flood,Rabi,Soybean,11.12,25.33,58.07,38.1,1,2.397
Wheat,Wheat (Sharbati),Hybrid,19.01,13.16,29.19,472.13,55.19,7.81,128,7.48,81.7,42.69,38.57,2.83,Alluvial,54.61,Sprinkler,Rabi,Rice,16.33,100.89,47.0,36.78,1,4.049
Wheat,Wheat (Sharbati),Traditional,18.88,11.67,30.18,475.15,51.96,7.25,120,6.37,95.17,44.3,39.2,3.95,Loamy,45.26,Sprinkler,Rabi,Sugarcane,19.19,61.88,30.07,22.38,1,4.423
Rice,Rice (Basmati),HYV,26.42,20.89,37.14,1126.03,76.81,7.16,136,6.72,68.96,31.21,34.26,2.86,Clayey,64.01,Flood,Kharif,Fallow,3.42,62.02,36.1,31.96,1,3.918
Soybean,Soybean (Food Grade),Traditional,24.27,18.23,31.28,686.91,72.2,6.18,92,6.68,23.39,43.18,36.18,3.99,Red,60.27,Rainfed,Kharif,Fallow,17.14,16.76,41.73,26.68,1,1.71
Maize,Maize (Feed Corn),HYV,23.23,17.66,30.84,648.27,66.78,6.27,111,5.73,122.23,60.66,68.58,3.19,Red,62.09,Sprinkler,Kharif,Soybean,5.74,134.01,62.66,59.6,1,7.245
Millet,Millet (Finger/Ragi),HYV,29.15,21.77,36.27,434.67,66.91,8.97,116,5.85,46.96,24.83,23.91,3.22,Loamy,43.54,Sprinkler,Kharif,Maize,1.12,47.8,27.11,17.33,1,2.952
Rice,Rice (Non-Basmati),Traditional,29.12,21.17,38.74,1191.21,70.44,7.06,114,6.34,89.14,54.06,45.05,4.73,Black,78.21,Sprinkler,Kharif,Millet,5.68,81.25,32.51,46.83,0,6.112
Maize,Maize (Feed Corn),HYV,23.95,16.96,32.81,660.76,67.85,8.39,106,6.23,128.65,74.23,57.35,3.41,Laterite,79.73,Sprinkler,Kharif,Maize,13.21,143.84,73.69,62.14,1,6.88
Wheat,Wheat (Common),Traditional,18.31,13.02,26.86,500.69,62.25,7.81,121,7.27,82.86,43.5,33.46,2.9,Black,53.9,Sprinkler,Rabi,Cotton,17.2,52.58,24.31,22.07,1,4.313
Maize,Maize (Popcorn),HYV,26.62,19.86,34.52,645.49,63.64,7.92,87,6.41,93.46,49.49,41.28,2.33,Loamy,61.76,Drip,Kharif,Wheat,8.4,81.66,46.62,40.67,1,5.757
Rice,Rice (Basmati),Hybrid,27.98,21.98,38.84,1053.3,71.13,8.18,140,6.9,69.19,30.76,30.78,2.01,Clayey,84.19,Flood,Kharif,Rice,19.03,77.92,42.6,41.05,1,5.24
Rice,Rice (Sona Masuri),Traditional,27.45,21.2,36.68,1364.22,71.55,6.84,131,6.0,85.69,36.16,43.47,2.66,Red,61.28,Sprinkler,Kharif,Fallow,12.31,57.15,29.25,28.44,1,4.557
Millet,Millet (Pearl/Bajra),Traditional,30.16,23.13,41.52,566.86,42.46,9.07,90,7.48,41.03,27.94,27.93,1.38,Sandy,35.23,Rainfed,Kharif,Rice,12.61,42.7,27.06,24.6,1,1.114
Millet,Millet (Finger/Ragi),Hybrid,26.27,19.2,38.05,570.37,64.35,7.6,105,6.91,38.99,27.53,21.06,2.97,Black,48.46,Drip,Kharif,Millet,18.14,50.97,29.36,27.38,1,3.527
Rice,Rice (Sona Masuri),HYV,26.98,21.98,35.81,1367.63,78.67,8.18,131,5.98,78.91,41.69,41.16,4.34,Loamy,72.94,Flood,Kharif,Wheat,12.55,74.15,35.07,33.14,1,5.708
Rice,Rice (Sona Masuri),HYV,26.67,19.28,34.82,1062.2,79.35,6.23,134,5.79,76.52,44.01,44.38,3.2,Black,67.47,Sprinkler,Kharif,Soybean,7.46,80.66,43.25,36.77,1,5.276
Soybean,Soybean (Food Grade),Hybrid,25.5,17.74,33.94,645.41,71.27,8.0,96,6.17,27.05,46.34,35.13,3.63,Loamy,61.05,Flood,Kharif,Maize,12.13,18.16,39.99,29.76,1,2.527
Wheat,Wheat (Durum),Hybrid,19.8,12.0,29.88,527.92,67.75,8.74,138,6.02,94.35,41.55,32.89,3.9,Black,48.88,Drip,Rabi,Soybean,8.06,101.2,47.24,33.08,1,5.455
Wheat,Wheat (Durum),Hybrid,21.75,15.03,33.56,631.69,61.27,7.21,139,6.11,86.51,43.69,37.86,3.3,Red,57.45,Sprinkler,Rabi,Soybean,7.77,83.78,48.77,31.49,1,4.418
Millet,Millet (Finger/Ragi),Traditional,26.2,18.9,35.83,455.46,66.77,9.1,126,5.19,45.18,23.85,21.12,1.64,Loamy,50.79,Sprinkler,Kharif,Pulses,2.46,31.21,15.19,15.05,1,1.774
Millet,Millet (Finger/Ragi),HYV,30.58,24.91,41.94,435.37,65.37,9.55,117,7.21,41.29,25.45,22.72,2.61,Black,41.55,Rainfed,Kharif,Rice,19.31,40.59,21.85,20.98,0,1.788
Wheat,Wheat (Durum),HYV,20.56,13.62,30.89,614.11,63.76,9.93,122,6.08,87.88,56.8,31.33,3.34,Clayey,58.39,Flood,Rabi,Millet,8.01,95.25,46.73,34.87,0,4.542
Soybean,Soybean (Oil Grade),Hybrid,27.05,20.89,35.53,744.65,75.56,6.89,108,6.51,23.32,66.62,39.02,3.9,Laterite,57.06,Sprinkler,Kharif,Millet,4.44,24.92,62.09,39.86,1,4.241
Rice,Rice (Sona Masuri),Hybrid,30.41,22.87,38.67,1321.02,81.94,7.01,120,5.93,71.41,40.05,39.38,2.35,Black,72.26,Flood,Kharif,Cotton,16.17,91.74,40.93,42.75,1,4.062
Maize,Maize (Sweet Corn),HYV,24.99,17.05,34.28,663.58,64.65,6.76,84,6.91,106.44,66.95,48.43,3.57,Alluvial,54.45,Sprinkler,Kharif,Maize,13.35,100.62,51.6,53.84,1,6.076
Wheat,Wheat (Common),Traditional,18.88,11.04,25.98,489.06,65.73,9.73,129,6.84,99.88,40.69,38.67,2.57,Alluvial,53.65,Sprinkler,Kharif,Millet,3.19,79.43,37.44,30.17,0,4.12
Wheat,Wheat (Durum),Hybrid,19.98,13.52,31.68,581.48,55.81,7.52,134,6.68,92.03,45.32,37.68,1.75,Alluvial,59.01,Sprinkler,Rabi,Wheat,10.21,81.94,41.86,28.71,0,6.689
Millet,Millet (Pearl/Bajra),HYV,28.09,20.28,38.72,371.97,54.59,8.61,68,7.63,44.19,25.61,20.42,2.67,Black,38.76,Sprinkler,Kharif,Maize,13.43,56.13,24.27,25.52,1,1.732
Wheat,Wheat (Durum),Hybrid,22.82,15.31,33.44,553.55,57.89,8.35,127,6.83,95.29,59.4,36.41,3.01,Loamy,55.15,Drip,Rabi,Wheat,17.31,91.78,47.41,37.33,0,5.651
Wheat,Wheat (Common),Hybrid,20.21,14.98,30.22,556.68,50.01,9.68,130,7.3,83.89,45.94,36.03,3.51,Laterite,62.71,Flood,Rabi,Wheat,14.23,101.24,49.92,41.83,1,4.534
Millet,Millet (Sorghum/Jowar),Traditional,32.32,25.71,39.97,415.09,60.89,8.48,109,7.11,63.79,31.3,33.28,3.05,Black,46.07,Sprinkler,Kharif,Pulses,16.26,62.96,31.66,29.92,0,1.818
Maize,Maize (Feed Corn),Traditional,27.91,21.29,37.81,849.5,74.35,6.39,93,6.92,146.87,69.12,51.66,4.84,Black,66.18,Sprinkler,Kharif,Wheat,3.83,85.56,45.52,44.8,1,6.721
Wheat,Wheat (Sharbati),HYV,21.85,16.44,30.61,436.3,61.41,9.76,121,6.3,85.7,49.48,32.21,2.88,Loamy,48.89,Drip,Rabi,Millet,7.48,99.3,48.69,30.87,1,5.231
Rice,Rice (Sona Masuri),HYV,30.15,22.93,39.21,1294.06,78.27,8.74,135,6.1,87.26,35.5,44.01,3.74,Loamy,83.52,Drip,Kharif,Millet,13.04,87.52,43.43,36.75,1,6.491
Millet,Millet (Finger/Ragi),Traditional,29.29,23.03,37.96,696.24,66.17,9.46,104,6.39,30.07,24.31,16.67,3.43,Sandy,47.92,Sprinkler,Kharif,Fallow,0.54,26.52,13.15,13.08,1,3.709
Millet,Millet (Finger/Ragi),HYV,31.25,24.64,38.55,402.08,58.78,8.19,126,6.18,45.17,21.13,23.3,1.64,Black,61.12,Sprinkler,Kharif,Fallow,6.58,31.72,20.27,19.71,1,2.016
Rice,Rice (Basmati),Hybrid,25.44,19.85,32.67,1162.67,75.83,6.81,150,6.88,79.31,36.07,32.76,2.89,Alluvial,64.13,Flood,Kharif,Maize,14.28,67.63,36.94,34.27,1,4.977
Wheat,Wheat (Sharbati),HYV,20.11,12.4,28.3,539.52,56.76,7.39,132,6.65,83.34,49.38,37.91,2.28,Black,50.05,Sprinkler,Rabi,Fallow,11.55,91.83,48.29,30.58,1,5.354
Rice,Rice (Sona Masuri),HYV,30.77,23.96,42.28,1098.02,78.41,7.63,123,5.78,84.92,40.92,40.41,2.62,Loamy,68.31,Flood,Kharif,Wheat,11.94,69.72,30.7,36.47,1,4.135
Maize,Maize (Sweet Corn),HYV,24.54,17.59,32.4,748.34,74.08,6.29,92,6.39,104.38,53.62,55.49,3.81,Black,57.88,Drip,Kharif,Millet,5.41,138.13,67.35,55.84,1,7.609
Maize,Maize (Sweet Corn),Traditional,22.53,17.09,33.11,627.71,71.29,7.66,91,5.93,112.9,52.1,48.98,3.52,Red,71.51,Drip,Kharif,Fallow,0.53,86.37,43.54,38.52,1,5.925
Wheat,Wheat (Common),Traditional,17.53,10.96,25.51,442.48,55.13,8.38,117,7.31,97.84,45.87,32.81,3.55,Clayey,63.79,Drip,Zaid,Wheat,8.7,79.75,35.03,27.22,1,5.029
Wheat,Wheat (Durum),HYV,18.22,11.02,26.58,511.52,62.45,9.22,131,6.6,87.08,52.89,31.83,3.88,Laterite,63.21,Sprinkler,Rabi,Rice,19.36,98.25,56.63,43.25,1,4.27
Wheat,Wheat (Common),Hybrid,19.93,14.34,31.38,567.36,69.28,8.71,120,6.9,80.69,41.06,33.65,2.17,Loamy,50.6,Flood,Rabi,Pulses,13.7,107.47,45.62,35.0,0,6.302
Soybean,Soybean (Oil Grade),HYV,26.34,20.59,36.26,743.32,67.3,8.78,95,7.29,27.99,63.79,44.85,3.62,Alluvial,77.49,Sprinkler,Kharif,Sugarcane,16.55,20.26,53.1,36.58,1,2.834
Maize,Maize (Sweet Corn),Traditional,23.52,17.15,33.22,637.47,61.26,8.21,80,6.31,105.25,56.3,44.05,4.11,Alluvial,68.1,Drip,Kharif,Millet,17.19,95.39,46.91,33.13,1,8.978
Rice,Rice (Non-Basmati),Hybrid,26.93,21.88,37.38,1149.16,72.31,8.23,121,5.75,100.14,45.43,52.13,3.54,Laterite,68.62,Sprinkler,Kharif,Maize,4.03,92.06,49.71,45.89,1,5.636
Rice,Rice (Basmati),HYV,25.09,19.36,36.24,1432.3,81.53,6.34,143,7.38,72.01,39.41,38.27,4.0,Loamy,74.43,Drip,Kharif,Rice,8.43,71.34,37.38,38.79,0,4.066
Wheat,Wheat (Common),HYV,17.74,9.92,27.53,480.34,63.69,7.6,116,6.04,88.03,41.67,32.76,2.13,Black,41.38,Flood,Rabi,Fallow,1.23,68.7,38.22,30.51,1,4.57
Millet,Millet (Pearl/Bajra),Hybrid,31.27,25.11,40.02,360.23,49.59,9.8,77,7.88,56.38,25.94,29.62,1.93,Loamy,31.12,Sprinkler,Kharif,Soybean,10.46,59.33,23.25,28.79,1,3.345
Maize,Maize (Sweet Corn),HYV,25.41,18.47,35.63,659.05,68.92,7.32,95,6.67,106.3,56.7,49.1,2.09,Black,74.78,Drip,Rabi,Rice,17.85,101.22,59.33,40.34,0,6.505
Maize,Maize (Feed Corn),HYV,27.79,21.61,36.99,673.19,63.86,8.35,93,7.28,145.16,62.33,68.22,4.05,Black,70.47,Sprinkler,Kharif,Soybean,18.92,98.06,44.44,41.5,1,10.104
Rice,Rice (Sona Masuri),Traditional,28.59,23.31,36.42,1129.45,71.55,8.45,126,6.22,88.85,42.06,37.62,3.26,Desert,71.67,Sprinkler,Rabi,Pulses,5.35,62.72,35.92,29.22,1,4.097
Millet,Millet (Sorghum/Jowar),HYV,32.16,25.37,44.0,698.1,60.26,7.78,105,6.64,70.82,30.88,26.14,2.78,Loamy,49.03,Rainfed,Rabi,Millet,5.33,54.02,22.33,18.9,0,1.624
Rice,Rice (Sona Masuri),Hybrid,28.15,22.53,39.89,1378.62,82.27,8.81,134,6.39,85.38,35.9,42.77,3.41,Red,76.73,Sprinkler,Rabi,Cotton,10.05,77.87,48.45,47.5,1,6.146
Millet,Millet (Finger/Ragi),Traditional,27.84,20.06,36.39,486.49,56.52,7.7,109,6.75,44.28,28.29,22.71,2.54,Red,47.17,Rainfed,Kharif,Wheat,16.77,26.35,13.99,12.36,0,2.124
Maize,Maize (Popcorn),Hybrid,25.52,18.17,33.7,527.33,59.41,7.58,92,6.12,94.92,56.43,47.26,2.21,Loamy,55.75,Sprinkler,Kharif,Cotton,13.21,108.52,58.32,44.81,1,5.207
Wheat,Wheat (Durum),Hybrid,20.38,14.48,27.9,590.67,61.39,9.43,123,6.23,95.5,42.25,37.28,3.98,Sandy,68.95,Sprinkler,Rabi,Millet,12.14,98.77,49.67,37.33,1,6.565
Maize,Maize (Popcorn),HYV,24.44,18.53,34.37,700.07,63.42,6.52,91,6.03,91.45,43.08,48.85,3.06,Loamy,68.99,Drip,Zaid,Pulses,16.94,89.43,47.83,45.27,1,4.331
Rice,Rice (Sona Masuri),HYV,27.72,21.2,35.03,1061.68,73.29,8.45,124,5.79,75.53,44.44,35.86,3.37,Laterite,73.05,Sprinkler,Kharif,Cotton,10.8,84.34,40.78,44.62,1,7.279
Wheat,Wheat (Common),Hybrid,18.63,11.66,26.16,504.61,57.5,8.61,117,6.24,98.17,49.38,37.67,2.06,Black,45.16,Flood,Rabi,Rice,15.55,102.91,46.99,43.68,0,6.952
Rice,Rice (Basmati),Traditional,28.14,22.56,35.49,1198.39,70.76,8.66,144,6.56,61.88,35.78,30.36,3.4,Loamy,73.57,Rainfed,Kharif,Cotton,6.41,61.25,26.17,31.72,1,3.852
Maize,Maize (Popcorn),Traditional,26.65,21.37,37.26,533.86,55.3,6.24,94,5.84,99.65,47.06,44.48,2.22,Loamy,61.86,Drip,Kharif,Cotton,7.23,70.74,40.22,39.87,0,5.908
Wheat,Wheat (Durum),HYV,22.05,15.81,29.94,602.25,65.24,9.99,129,7.48,99.39,48.42,35.15,3.57,Black,63.15,Flood,Rabi,Sugarcane,17.07,96.2,52.55,39.59,0,4.34
Rice,Rice (Sona Masuri),Traditional,30.78,25.72,39.9,1041.75,75.26,6.49,120,6.17,88.21,39.92,40.12,3.04,Alluvial,79.73,Sprinkler,Kharif,Fallow,15.83,59.76,32.47,31.08,0,3.647
Millet,Millet (Foxtail),HYV,26.44,21.18,34.33,378.89,55.73,9.71,67,6.61,36.13,23.98,19.87,1.61,Sandy,46.96,Drip,Rabi,Soybean,15.02,30.22,21.96,19.31,0,1.915
Millet,Millet (Finger/Ragi),HYV,30.1,24.14,37.31,483.66,63.09,9.74,105,5.84,47.74,21.07,20.28,2.65,Loamy,47.17,Sprinkler,Kharif,Rice,16.36,34.01,29.1,18.62,1,1.969
Wheat,Wheat (Sharbati),HYV,19.9,13.62,28.96,547.46,50.05,9.84,132,6.2,90.17,43.12,39.33,2.84,Desert,42.5,Drip,Kharif,Maize,3.61,92.39,43.42,35.96,1,5.218
Millet,Millet (Sorghum/Jowar),HYV,30.7,24.09,40.91,472.28,51.31,7.54,118,6.06,61.18,31.26,26.85,1.78,Black,48.51,Sprinkler,Zaid,Cotton,8.7,90.46,40.75,33.4,1,2.562
Soybean,Soybean (Oil Grade),HYV,27.23,21.76,36.01,847.79,73.48,6.11,101,7.44,29.04,63.19,39.25,4.01,Black,71.13,Rainfed,Rabi,Cotton,17.98,23.87,54.7,35.61,0,3.071
Wheat,Wheat (Sharbati),Hybrid,18.18,11.31,26.4,570.02,59.44,7.9,131,6.57,97.4,47.4,31.62,2.77,Alluvial,64.33,Drip,Zaid,Fallow,3.92,105.09,52.19,38.39,1,3.924
Rice,Rice (Sona Masuri),Hybrid,28.57,21.65,38.28,1189.19,76.65,7.49,121,6.31,87.76,41.33,42.23,3.49,Loamy,76.08,Sprinkler,Kharif,Wheat,8.24,82.3,42.06,41.06,1,5.524
Millet,Millet (Foxtail),HYV,26.41,21.29,34.18,463.34,64.08,7.33,85,5.84,32.63,20.39,16.68,1.32,Loamy,45.74,Sprinkler,Kharif,Wheat,5.58,27.15,15.17,14.08,0,1.577
Maize,Maize (Sweet Corn),HYV,22.78,17.11,34.33,644.79,66.27,8.62,87,6.1,103.08,55.81,46.58,3.49,Loamy,63.0,Sprinkler,Rabi,Wheat,7.14,117.78,58.69,59.05,1,7.891
Rice,Rice (Non-Basmati),Hybrid,30.74,25.04,42.64,1281.59,73.38,7.5,136,5.8,99.91,51.61,46.59,4.52,Loamy,84.06,Flood,Kharif,Millet,16.7,95.18,44.31,53.65,0,9.1
Rice,Rice (Non-Basmati),Traditional,29.51,21.54,39.52,1492.81,84.53,8.1,135,7.47,95.92,46.64,52.49,4.48,Loamy,88.42,Sprinkler,Rabi,Fallow,4.73,86.98,33.78,35.9,1,5.05
Millet,Millet (Finger/Ragi),Hybrid,31.01,24.11,39.1,660.83,68.41,9.73,124,5.88,33.71,27.47,17.75,2.55,Red,47.64,Flood,Kharif,Fallow,15.35,42.88,24.3,23.67,1,3.654
Rice,Rice (Basmati),Traditional,29.16,21.74,37.28,1113.04,82.26,8.79,145,6.29,61.01,36.26,32.87,2.84,Alluvial,68.3,Flood,Kharif,Millet,3.65,60.16,25.23,25.19,1,3.062
Wheat,Wheat (Sharbati),Traditional,19.68,14.35,31.42,540.28,55.63,8.17,134,6.69,93.46,49.53,36.48,3.3,Black,59.66,Rainfed,Rabi,Sugarcane,8.42,67.72,39.45,29.02,1,3.495
Millet,Millet (Sorghum/Jowar),Hybrid,31.11,23.35,39.95,660.37,66.89,9.19,97,6.05,71.96,35.21,27.83,3.09,Clayey,57.31,Sprinkler,Kharif,Wheat,19.89,67.68,34.37,28.74,1,3.997
Rice,Rice (Sona Masuri),HYV,27.28,22.07,37.53,1201.14,78.49,6.14,120,6.63,79.32,42.58,39.79,3.84,Sandy,82.0,Flood,Kharif,Millet,17.69,91.26,56.17,56.97,0,5.542
Maize,Maize (Popcorn),Hybrid,26.6,20.53,37.78,597.4,57.29,7.51,88,6.56,83.68,43.9,41.12,3.05,Alluvial,59.53,Rainfed,Rabi,Pulses,19.63,108.21,58.01,49.71,1,5.736
Wheat,Wheat (Sharbati),Traditional,17.61,11.67,27.02,409.39,62.68,8.56,134,6.2,86.48,49.24,30.02,3.61,Black,61.37,Drip,Zaid,Sugarcane,5.97,67.24,37.78,28.44,0,2.461
Millet,Millet (Pearl/Bajra),Hybrid,34.13,27.19,45.72,575.05,48.53,10.14,84,7.55,50.36,26.83,24.88,2.22,Sandy,42.81,Rainfed,Kharif,Soybean,19.27,62.3,30.31,32.32,0,1.834
Maize,Maize (Sweet Corn),HYV,23.97,16.19,33.14,609.28,63.59,8.68,82,6.29,108.63,56.65,58.35,4.43,Loamy,56.68,Drip,Rabi,Soybean,11.35,108.58,63.61,41.2,0,7.362
Millet,Millet (Foxtail),Traditional,28.57,20.96,38.55,511.08,62.62,7.99,65,7.16,34.52,21.42,15.3,2.64,Red,51.28,Rainfed,Kharif,Sugarcane,19.91,26.7,16.04,14.81,1,2.122
Millet,Millet (Foxtail),Traditional,28.64,22.39,38.29,486.54,47.48,9.15,73,5.88,36.57,23.56,18.1,1.01,Sandy,51.24,Drip,Kharif,Rice,10.6,26.1,18.69,13.03,1,1.508
Millet,Millet (Foxtail),Hybrid,28.54,22.73,39.78,519.01,59.78,8.04,75,6.54,34.23,22.77,18.61,2.29,Loamy,39.37,Sprinkler,Kharif,Soybean,17.07,33.68,17.01,18.79,1,2.697
Millet,Millet (Foxtail),Hybrid,28.97,21.16,36.7,527.19,62.73,8.3,63,6.92,34.51,20.42,15.41,1.02,Loamy,54.22,Sprinkler,Kharif,Cotton,10.07,33.0,25.72,21.88,1,1.259
Millet,Millet (Finger/Ragi),Traditional,25.83,17.95,36.29,465.36,58.24,7.69,113,5.32,37.59,25.57,20.1,2.25,Loamy,42.39,Drip,Rabi,Wheat,1.53,31.56,20.7,17.28,0,1.387
Maize,Maize (Sweet Corn),Hybrid,24.83,17.05,32.21,588.61,71.74,7.39,100,6.77,105.34,57.29,41.74,2.29,Black,65.36,Drip,Rabi,Pulses,5.26,100.35,63.11,40.19,1,5.568
Wheat,Wheat (Durum),Hybrid,22.82,17.03,34.54,637.5,66.79,7.29,131,7.45,97.22,50.69,37.89,3.86,Black,50.4,Drip,Rabi,Fallow,5.74,94.65,49.8,43.5,1,6.252
Wheat,Wheat (Common),HYV,18.01,12.17,27.21,561.92,66.58,7.49,121,6.74,95.22,49.29,36.05,2.46,Loamy,69.57,Rainfed,Zaid,Soybean,1.59,80.95,41.75,26.52,1,5.308
Maize,Maize (Popcorn),Hybrid,22.2,15.14,31.02,667.61,57.72,6.56,99,6.8,95.58,55.57,48.49,4.3,Loamy,66.42,Sprinkler,Kharif,Rice,11.84,90.56,58.77,52.85,0,7.769
Rice,Rice (Basmati),HYV,27.19,21.38,37.21,1435.67,84.98,7.82,130,7.44,66.41,39.96,38.46,3.83,Alluvial,61.0,Flood,Zaid,Cotton,14.11,66.17,30.2,35.83,1,3.976
Rice,Rice (Basmati),Traditional,25.49,19.8,36.04,1411.87,82.86,7.25,148,7.06,64.87,34.69,35.91,4.66,Desert,82.22,Sprinkler,Kharif,Pulses,2.25,55.35,25.79,31.47,0,3.048
Soybean,Soybean (Oil Grade),Traditional,29.13,22.72,39.66,910.32,74.43,7.81,119,6.24,25.78,68.83,40.93,3.14,Alluvial,75.15,Sprinkler,Rabi,Rice,9.33,17.69,44.08,29.31,1,2.271
Millet,Millet (Foxtail),Hybrid,31.0,25.87,38.95,469.71,63.04,7.19,70,6.79,34.49,21.33,18.42,1.64,Loamy,41.58,Flood,Rabi,Soybean,8.13,38.35,26.28,19.15,1,1.766
Wheat,Wheat (Sharbati),Hybrid,21.81,16.42,33.08,461.21,60.31,7.76,128,6.9,81.02,43.46,33.16,3.43,Black,54.4,Sprinkler,Rabi,Rice,3.45,109.93,51.01,34.19,1,5.243
Millet,Millet (Foxtail),HYV,30.56,22.78,39.6,532.39,63.08,8.92,69,5.79,34.14,16.83,15.47,1.41,Red,53.28,Rainfed,Rabi,Millet,17.98,28.81,17.87,14.39,0,1.783
Rice,Rice (Sona Masuri),HYV,29.96,24.01,38.22,1206.01,84.96,8.41,128,6.12,87.77,39.82,43.24,4.1,Black,80.61,Drip,Kharif,Millet,5.47,84.74,38.25,42.01,0,5.622
Millet,Millet (Pearl/Bajra),Hybrid,34.32,26.95,42.71,289.94,50.02,10.0,69,6.02,59.89,29.65,25.31,2.49,Red,41.46,Rainfed,Rabi,Sugarcane,3.24,61.37,25.09,26.62,1,1.545
Millet,Millet (Sorghum/Jowar),HYV,27.21,19.73,37.72,535.43,54.12,9.9,111,6.54,69.26,36.68,30.8,2.34,Black,54.8,Sprinkler,Kharif,Rice,9.8,60.78,32.92,30.75,0,2.172
Wheat,Wheat (Common),Hybrid,21.57,14.06,31.87,469.87,60.21,8.67,121,7.46,81.84,47.22,34.93,3.4,Loamy,47.83,Flood,Zaid,Sugarcane,8.64,103.15,53.55,37.1,1,4.491
Millet,Millet (Finger/Ragi),Traditional,26.73,21.43,38.14,410.17,56.67,9.32,107,6.16,41.35,23.98,24.85,1.57,Red,56.15,Rainfed,Rabi,Pulses,10.05,28.2,18.29,10.62,1,1.125
Maize,Maize (Sweet Corn),HYV,23.17,17.13,30.42,710.59,71.16,7.37,86,6.75,108.35,62.94,56.43,4.05,Alluvial,52.11,Drip,Kharif,Sugarcane,10.25,100.06,53.45,41.24,1,8.036
Rice,Rice (Non-Basmati),Hybrid,30.87,23.85,39.08,1368.23,78.04,8.82,117,6.27,111.04,48.63,46.64,3.23,Loamy,80.07,Flood,Kharif,Wheat,12.94,94.41,51.31,54.02,0,7.113
Maize,Maize (Popcorn),HYV,22.0,15.26,32.89,705.75,62.06,6.18,94,6.9,81.86,55.69,40.7,2.46,Loamy,53.26,Sprinkler,Zaid,Sugarcane,15.56,82.4,51.8,43.15,1,4.664
Rice,Rice (Non-Basmati),Traditional,31.51,26.27,43.0,1299.61,83.06,6.56,131,6.57,119.61,54.76,46.55,4.48,Loamy,84.22,Flood,Kharif,Millet,6.26,94.01,44.47,41.69,1,5.51
Rice,Rice (Basmati),Hybrid,27.79,20.42,37.49,1161.95,72.04,8.66,149,7.1,73.23,38.17,31.28,4.58,Clayey,74.87,Sprinkler,Kharif,Rice,8.56,67.48,39.53,41.49,1,5.021
Maize,Maize (Popcorn),HYV,26.34,19.06,36.49,548.2,69.57,8.7,103,6.69,83.39,51.73,40.93,4.42,Sandy,52.1,Sprinkler,Kharif,Pulses,10.13,92.05,49.17,42.35,1,7.8
Rice,Rice (Sona Masuri),Hybrid,26.13,20.42,34.79,1250.61,71.98,7.31,123,6.38,81.38,40.33,44.86,3.33,Loamy,78.04,Flood,Kharif,Soybean,18.1,85.86,45.48,43.17,1,6.109
Soybean,Soybean (Oil Grade),HYV,28.73,23.45,38.06,693.32,78.67,7.5,111,6.84,26.04,66.56,41.84,3.42,Black,70.6,Sprinkler,Kharif,Soybean,13.76,26.41,60.48,40.73,1,4.591
Millet,Millet (Finger/Ragi),Traditional,27.84,20.4,38.78,682.1,68.81,9.09,125,7.22,40.89,27.13,23.32,2.03,Loamy,48.88,Sprinkler,Kharif,Cotton,2.51,26.0,16.11,14.69,0,1.973
Maize,Maize (Sweet Corn),HYV,22.66,17.66,33.26,591.91,73.06,7.9,93,6.81,101.45,63.86,45.9,3.47,Black,68.22,Drip,Rabi,Soybean,2.96,110.2,50.27,44.89,1,9.75
Rice,Rice (Sona Masuri),HYV,29.24,21.97,37.84,1195.87,84.19,8.84,128,6.61,75.85,38.27,38.97,2.47,Loamy,77.28,Rainfed,Kharif,Maize,18.9,82.48,36.33,38.9,1,5.393
Maize,Maize (Popcorn),Traditional,22.28,16.42,31.28,591.64,62.65,7.51,95,6.88,84.4,46.81,45.54,2.61,Alluvial,53.0,Sprinkler,Rabi,Maize,11.26,67.63,32.06,33.86,1,3.737
Millet,Millet (Pearl/Bajra),Hybrid,33.74,28.02,43.64,460.64,58.51,8.07,66,7.29,46.19,22.52,26.5,1.05,Loamy,52.61,Sprinkler,Rabi,Maize,3.27,63.32,31.26,23.61,0,1.045
Rice,Rice (Basmati),Hybrid,28.48,22.46,39.11,1032.68,74.73,7.62,142,6.94,77.72,36.16,32.33,2.07,Clayey,81.75,Sprinkler,Zaid,Sugarcane,0.68,66.83,38.28,39.39,1,3.324
Millet,Millet (Foxtail),HYV,28.87,23.48,38.27,329.59,61.15,7.5,76,6.48,39.05,16.96,17.61,1.31,Sandy,45.15,Rainfed,Rabi,Maize,2.16,33.91,19.36,17.63,1,1.078
Millet,Millet (Finger/Ragi),Hybrid,31.05,25.29,42.42,619.71,66.47,9.36,125,5.69,48.24,28.33,17.33,1.63,Clayey,40.79,Sprinkler,Kharif,Wheat,4.53,33.31,24.39,20.36,1,2.325
Maize,Maize (Feed Corn),HYV,26.52,20.38,36.31,804.91,64.38,6.37,90,6.66,133.83,64.98,60.96,2.86,Desert,64.86,Flood,Kharif,Sugarcane,6.68,149.06,74.44,58.54,0,7.688
Soybean,Soybean (Oil Grade),Hybrid,26.19,19.34,36.4,770.9,75.62,7.02,97,6.5,29.01,67.81,37.35,3.87,Black,59.27,Rainfed,Kharif,Millet,13.33,23.19,57.11,42.74,1,3.39
Maize,Maize (Sweet Corn),Traditional,26.4,18.62,35.66,638.75,63.39,6.54,89,6.7,108.04,69.92,43.4,3.2,Black,70.8,Drip,Rabi,Cotton,15.16,93.71,43.33,47.88,1,4.82
Maize,Maize (Popcorn),Traditional,22.81,15.38,30.18,645.35,66.46,6.58,102,6.9,90.76,54.48,46.55,4.15,Black,66.25,Drip,Kharif,Wheat,8.87,66.47,42.25,33.18,1,3.566
Rice,Rice (Sona Masuri),Hybrid,29.51,24.12,39.95,1227.91,74.31,6.93,127,5.85,80.26,41.81,36.3,4.33,Red,66.52,Sprinkler,Kharif,Pulses,5.36,95.01,40.34,42.31,1,5.947
Rice,Rice (Non-Basmati),HYV,30.64,23.03,38.71,1397.85,71.87,6.61,118,7.21,116.25,57.01,56.49,4.23,Black,80.84,Sprinkler,Kharif,Rice,17.99,118.19,54.12,59.88,1,5.454
Soybean,Soybean (Oil Grade),Hybrid,28.78,20.84,36.95,885.0,65.1,6.26,114,7.19,28.72,68.29,38.4,3.5,Desert,67.02,Rainfed,Kharif,Rice,4.91,23.89,73.8,47.73,1,2.777
Wheat,Wheat (Durum),Hybrid,18.46,11.42,28.85,572.8,67.53,8.13,137,6.17,94.7,41.4,34.16,2.48,Black,58.59,Sprinkler,Rabi,Fallow,15.4,102.25,48.4,33.98,1,5.839
Millet,Millet (Foxtail),Traditional,30.49,24.96,42.4,547.21,64.88,7.04,79,6.62,33.32,23.46,17.27,1.94,Loamy,56.38,Rainfed,Rabi,Sugarcane,18.65,21.66,11.69,10.51,1,1.738
Maize,Maize (Feed Corn),Hybrid,28.08,21.29,37.38,749.24,76.25,8.36,95,6.42,141.28,62.49,59.23,2.76,Alluvial,66.11,Sprinkler,Kharif,Rice,12.58,207.38,86.29,91.12,0,8.743
Rice,Rice (Sona Masuri),HYV,29.04,23.25,39.67,1309.46,83.81,7.75,120,5.63,89.53,42.43,37.14,2.11,Red,84.13,Flood,Kharif,Cotton,16.76,77.69,36.93,36.47,1,5.184
Maize,Maize (Sweet Corn),Hybrid,27.17,19.96,37.25,772.48,66.68,6.77,83,6.16,117.14,62.22,56.2,2.53,Alluvial,72.7,Drip,Kharif,Fallow,3.34,118.95,56.51,61.27,0,5.972
Soybean,Soybean (Food Grade),HYV,27.93,20.75,39.04,742.27,63.39,6.54,91,7.23,29.3,46.63,39.22,2.89,Loamy,65.68,Sprinkler,Rabi,Cotton,17.69,25.4,42.73,39.09,1,1.87
Millet,Millet (Sorghum/Jowar),Traditional,32.78,25.8,42.74,558.1,56.82,8.78,119,7.04,70.37,30.2,28.38,1.82,Black,61.95,Rainfed,Rabi,Fallow,5.7,56.36,31.73,21.35,1,2.412
Rice,Rice (Sona Masuri),Hybrid,26.19,20.66,36.44,1199.49,81.96,6.18,135,5.52,89.35,37.36,41.93,2.73,Loamy,73.05,Sprinkler,Kharif,Soybean,18.83,107.4,55.05,53.35,0,4.294
Wheat,Wheat (Durum),Hybrid,18.29,12.93,26.88,616.5,59.44,8.51,123,6.12,91.74,54.82,39.33,1.61,Loamy,64.38,Sprinkler,Rabi,Wheat,10.26,92.18,64.74,37.11,0,3.235
Maize,Maize (Feed Corn),HYV,27.26,19.81,35.34,611.03,64.31,8.79,112,6.03,128.4,66.76,57.08,4.33,Black,78.49,Flood,Rabi,Pulses,8.95,124.04,73.04,61.99,1,8.729
Millet,Millet (Finger/Ragi),Hybrid,28.24,22.1,38.09,610.29,54.63,8.64,119,6.54,44.23,21.11,21.29,1.56,Loamy,44.09,Rainfed,Kharif,Fallow,0.65,43.64,32.22,21.08,0,1.403
Rice,Rice (Non-Basmati),Hybrid,28.29,22.89,39.6,1407.0,77.09,6.09,126,5.89,113.65,43.41,51.24,2.23,Loamy,88.74,Sprinkler,Kharif,Rice,15.34,112.12,60.83,70.24,1,5.195
Millet,Millet (Foxtail),HYV,29.18,22.55,37.11,306.51,62.54,7.47,83,6.44,36.43,19.25,18.49,1.54,Loamy,40.57,Rainfed,Zaid,Wheat,4.44,40.58,21.72,20.59,1,0.916
Millet,Millet (Pearl/Bajra),HYV,34.33,28.83,44.03,382.88,57.01,10.89,65,6.41,56.99,24.54,26.33,1.74,Loamy,43.36,Sprinkler,Kharif,Cotton,15.45,52.76,28.06,24.72,1,2.606
Rice,Rice (Basmati),HYV,28.76,23.52,39.04,1009.23,82.48,6.52,150,6.02,68.53,36.06,35.58,3.95,Alluvial,63.85,Flood,Kharif,Rice,4.13,74.79,32.52,32.61,0,3.364
Millet,Millet (Finger/Ragi),HYV,31.44,26.04,41.34,459.05,52.31,7.29,107,6.36,42.8,23.71,21.51,2.01,Loamy,60.32,Rainfed,Kharif,Fallow,7.86,36.85,22.04,21.93,0,1.785
Soybean,Soybean (Oil Grade),Hybrid,29.38,23.94,38.4,711.07,73.1,8.79,114,7.21,27.34,53.97,44.92,3.4,Alluvial,69.3,Drip,Kharif,Fallow,8.12,21.35,63.3,38.97,1,3.538
Millet,Millet (Pearl/Bajra),Hybrid,28.05,22.88,36.03,534.73,59.49,10.15,73,6.1,56.37,25.84,28.57,1.32,Loamy,41.81,Sprinkler,Zaid,Sugarcane,15.75,49.4,20.65,23.1,0,0.951
Rice,Rice (Non-Basmati),Traditional,31.59,25.39,43.35,1451.39,70.84,8.72,137,6.91,81.36,56.85,49.32,2.28,Alluvial,82.67,Flood,Kharif,Cotton,2.34,80.96,33.1,47.49,1,3.776
Maize,Maize (Popcorn),HYV,26.87,19.2,36.7,575.33,65.86,8.85,105,5.85,81.41,43.84,41.88,2.14,Alluvial,59.93,Sprinkler,Rabi,Fallow,3.07,95.66,50.44,49.33,1,5.617
Rice,Rice (Basmati),Traditional,25.8,18.85,34.43,1295.13,76.5,8.95,146,6.02,61.45,33.92,34.8,3.8,Alluvial,67.29,Rainfed,Kharif,Cotton,15.11,57.13,24.15,27.86,1,3.218
Soybean,Soybean (Oil Grade),HYV,27.02,20.66,35.44,886.37,68.02,7.67,108,6.91,22.38,63.37,42.99,3.25,Desert,73.04,Sprinkler,Kharif,Soybean,1.05,15.16,37.78,25.1,1,3.52
Soybean,Soybean (Oil Grade),HYV,29.0,21.65,39.83,808.66,70.11,8.71,114,7.14,22.18,67.17,38.16,2.78,Black,68.98,Flood,Kharif,Sugarcane,7.2,30.82,62.56,48.29,0,3.499
Millet,Millet (Pearl/Bajra),HYV,31.53,24.42,40.74,569.29,43.53,8.51,70,6.2,58.31,26.88,29.48,1.29,Loamy,46.43,Sprinkler,Kharif,Sugarcane,7.72,57.82,27.92,26.59,0,1.725
Millet,Millet (Pearl/Bajra),HYV,29.41,21.9,37.34,400.43,51.05,10.64,87,7.24,40.62,27.75,25.27,2.89,Loamy,49.38,Sprinkler,Rabi,Sugarcane,16.2,38.12,22.15,22.76,1,2.783
Soybean,Soybean (Oil Grade),HYV,25.34,19.68,33.17,710.1,79.03,7.49,114,6.32,21.44,54.47,39.66,4.02,Black,57.35,Rainfed,Kharif,Pulses,1.33,21.61,67.24,42.17,0,2.178
Maize,Maize (Sweet Corn),Traditional,24.85,18.62,33.56,778.36,71.33,8.1,98,6.01,114.6,54.09,41.44,3.31,Alluvial,67.72,Sprinkler,Rabi,Cotton,12.33,93.1,43.44,40.73,0,4.192
Wheat,Wheat (Common),Hybrid,21.72,16.68,30.07,540.72,67.43,7.57,119,6.23,82.4,49.66,39.07,2.71,Laterite,56.46,Flood,Rabi,Sugarcane,2.81,104.61,49.21,38.28,0,3.338
Soybean,Soybean (Oil Grade),Traditional,27.36,22.29,36.3,883.34,73.45,7.62,119,7.23,25.92,64.34,37.47,2.93,Sandy,79.62,Sprinkler,Kharif,Wheat,13.7,22.94,47.52,28.21,1,4.081
Millet,Millet (Sorghum/Jowar),HYV,31.85,24.38,40.92,507.62,69.18,8.7,96,7.24,77.45,39.2,31.85,2.93,Loamy,63.46,Flood,Rabi,Cotton,14.44,72.69,36.03,33.84,1,4.227
Millet,Millet (Finger/Ragi),HYV,25.87,18.33,33.66,472.84,60.38,9.93,130,5.65,42.09,20.35,17.98,2.22,Black,41.29,Rainfed,Kharif,Millet,5.54,37.89,25.13,14.54,1,2.381
Rice,Rice (Basmati),Hybrid,26.7,21.51,34.6,1382.8,77.4,8.64,136,6.53,65.3,33.5,37.08,3.1,Clayey,73.88,Flood,Kharif,Millet,4.59,75.43,35.01,43.37,0,3.43
Rice,Rice (Basmati),Traditional,29.63,22.5,38.73,1258.64,71.26,8.95,135,6.54,72.62,37.15,34.3,2.92,Alluvial,84.06,Rainfed,Zaid,Wheat,2.46,70.86,33.5,36.75,1,3.688
Millet,Millet (Pearl/Bajra),Traditional,31.95,25.45,40.19,487.49,57.62,10.52,86,7.55,46.01,27.99,29.32,2.35,Loamy,42.8,Rainfed,Kharif,Soybean,9.01,33.38,15.06,15.24,1,0.974
Wheat,Wheat (Durum),Hybrid,20.21,14.48,29.21,500.02,50.02,8.95,127,6.4,82.88,40.37,38.41,3.93,Alluvial,62.58,Drip,Rabi,Soybean,3.68,104.89,65.19,39.65,1,7.15
Soybean,Soybean (Food Grade),HYV,25.62,18.72,37.38,654.57,72.56,9.0,97,6.45,24.03,45.27,32.32,3.77,Alluvial,59.26,Sprinkler,Rabi,Millet,6.59,23.59,50.28,26.29,1,2.418
Millet,Millet (Pearl/Bajra),Hybrid,31.85,23.89,40.49,559.65,57.54,8.46,71,6.49,55.67,29.55,29.8,2.44,Clayey,47.56,Rainfed,Kharif,Millet,8.04,46.31,26.45,27.79,1,1.047
Millet,Millet (Pearl/Bajra),Traditional,34.15,29.15,43.7,432.95,54.54,10.27,68,6.05,58.0,21.23,28.76,1.19,Red,36.04,Rainfed,Kharif,Fallow,3.77,35.66,20.79,17.9,1,1.772
Rice,Rice (Basmati),Hybrid,29.75,22.18,37.89,1110.05,73.02,8.77,150,7.22,74.84,37.37,31.78,4.47,Red,66.9,Sprinkler,Kharif,Soybean,2.58,81.81,38.76,33.5,1,6.337
Maize,Maize (Feed Corn),HYV,23.26,15.62,34.13,755.17,68.11,6.9,98,7.05,121.9,77.17,59.33,2.66,Laterite,62.47,Flood,Rabi,Sugarcane,16.53,138.14,72.92,53.0,1,4.813
Soybean,Soybean (Oil Grade),Traditional,29.9,23.73,37.95,763.3,72.11,8.92,100,6.52,22.53,59.9,39.86,2.78,Clayey,77.23,Rainfed,Kharif,Maize,13.68,23.01,48.92,35.47,1,2.767
Maize,Maize (Feed Corn),HYV,24.09,17.6,35.05,790.79,69.32,6.94,105,7.36,143.61,73.3,56.48,4.53,Red,74.19,Flood,Kharif,Soybean,4.96,136.25,64.92,50.92,1,6.982
Soybean,Soybean (Oil Grade),Hybrid,25.93,18.45,36.25,725.95,66.27,7.91,113,7.21,24.56,57.58,44.02,3.73,Black,63.15,Rainfed,Kharif,Wheat,1.3,32.15,72.63,39.7,1,3.33
Wheat,Wheat (Sharbati),Traditional,19.31,12.03,30.08,550.01,53.69,8.85,125,6.84,95.58,48.54,31.74,2.61,Alluvial,55.03,Sprinkler,Rabi,Maize,4.19,76.96,34.43,25.29,1,4.066
Millet,Millet (Finger/Ragi),HYV,28.27,20.65,35.92,501.68,56.83,7.11,104,5.38,37.82,20.94,16.63,2.61,Loamy,63.14,Sprinkler,Kharif,Millet,14.14,39.39,23.25,19.57,1,3.307
Maize,Maize (Popcorn),Traditional,24.82,18.53,33.45,696.43,62.65,6.04,97,6.0,89.88,43.24,40.46,3.99,Loamy,61.15,Drip,Kharif,Fallow,12.92,51.11,26.89,27.8,1,5.528
Wheat,Wheat (Durum),Hybrid,18.29,11.98,27.97,608.1,52.42,8.32,126,7.38,87.44,53.76,36.35,2.56,Loamy,46.65,Flood,Rabi,Maize,17.68,106.11,63.82,40.51,1,5.128
Rice,Rice (Basmati),HYV,27.31,22.21,34.92,1207.93,70.95,7.19,131,6.11,73.26,35.95,34.15,3.27,Loamy,79.63,Flood,Kharif,Sugarcane,15.17,71.92,39.96,34.35,1,3.249
Millet,Millet (Finger/Ragi),Hybrid,30.95,24.02,42.48,637.64,64.49,9.23,105,6.91,32.11,25.13,23.35,2.22,Red,53.28,Sprinkler,Kharif,Soybean,2.82,30.99,19.35,18.64,1,4.31
Millet,Millet (Sorghum/Jowar),HYV,28.11,20.38,36.16,493.46,61.05,7.24,119,7.31,62.8,34.81,32.23,2.69,Desert,58.8,Sprinkler,Kharif,Maize,8.99,57.77,30.18,26.7,1,3.753
Maize,Maize (Popcorn),Traditional,24.87,17.24,36.7,521.99,69.25,8.18,91,6.79,90.11,54.24,47.31,4.27,Loamy,64.67,Drip,Rabi,Wheat,17.06,71.72,44.76,39.07,1,5.637
Millet,Millet (Finger/Ragi),Traditional,28.47,21.15,38.22,498.43,59.76,9.49,110,6.49,30.83,22.39,22.85,2.92,Black,42.77,Rainfed,Kharif,Fallow,4.35,35.28,22.39,15.36,1,1.581
Millet,Millet (Sorghum/Jowar),Traditional,30.91,24.85,41.05,548.89,53.22,9.54,126,6.47,77.49,30.06,29.68,2.96,Loamy,48.56,Rainfed,Kharif,Soybean,16.12,64.48,31.21,27.83,1,2.484
Millet,Millet (Sorghum/Jowar),Hybrid,32.49,26.17,42.29,518.82,51.8,7.04,124,6.82,67.25,37.48,33.87,2.57,Sandy,43.32,Rainfed,Rabi,Sugarcane,2.68,84.21,33.62,37.87,1,3.051
Rice,Rice (Sona Masuri),Hybrid,28.14,22.94,39.49,1306.02,81.86,8.23,131,5.58,73.93,37.11,44.93,3.43,Loamy,63.47,Flood,Kharif,Pulses,9.44,84.67,49.09,38.59,1,6.946
Rice,Rice (Basmati),Traditional,29.21,22.65,39.33,1044.56,81.33,6.38,145,6.76,63.19,30.63,31.18,2.68,Loamy,68.54,Rainfed,Kharif,Maize,8.24,73.13,40.76,36.37,1,3.587
Wheat,Wheat (Durum),Hybrid,18.77,13.22,30.16,591.18,67.51,7.42,129,6.63,94.56,45.42,33.14,3.17,Laterite,49.69,Drip,Kharif,Pulses,3.55,72.77,37.73,25.08,1,6.428
Millet,Millet (Sorghum/Jowar),HYV,28.12,23.08,36.64,605.37,62.67,7.6,98,6.66,61.74,37.93,32.55,2.26,Red,42.78,Drip,Kharif,Fallow,17.41,67.67,35.84,29.16,1,2.929
Wheat,Wheat (Sharbati),HYV,17.03,11.1,24.78,547.63,61.35,9.48,115,6.53,80.12,45.08,39.09,2.82,Alluvial,61.84,Drip,Rabi,Soybean,7.27,97.42,42.42,30.97,1,5.282
Wheat,Wheat (Durum),Hybrid,18.18,10.54,29.19,576.61,61.44,9.08,120,7.19,95.46,48.16,38.21,3.93,Desert,69.26,Drip,Rabi,Soybean,8.58,98.61,54.75,39.8,0,4.524
Rice,Rice (Basmati),HYV,27.62,21.77,36.11,1138.92,81.57,7.96,145,6.16,71.71,35.44,32.34,3.91,Clayey,80.5,Sprinkler,Kharif,Cotton,13.23,60.26,26.65,33.1,1,6.5
Rice,Rice (Non-Basmati),Hybrid,27.67,20.95,35.92,1255.6,87.0,7.81,119,7.15,80.99,53.51,58.65,2.71,Loamy,82.34,Rainfed,Kharif,Rice,8.27,115.84,46.66,50.0,1,6.15
Millet,Millet (Foxtail),Hybrid,26.88,19.48,34.97,316.74,64.61,8.39,69,6.51,39.07,15.01,18.18,2.79,Loamy,41.11,Rainfed,Kharif,Rice,5.77,38.68,26.45,16.99,1,1.448
Millet,Millet (Pearl/Bajra),Traditional,31.06,24.82,40.29,336.12,55.9,8.59,90,6.64,54.38,26.91,26.98,2.77,Black,49.52,Sprinkler,Zaid,Cotton,8.2,43.95,21.94,21.85,1,1.537
Wheat,Wheat (Common),Hybrid,17.35,9.54,25.18,588.83,66.48,7.25,119,6.08,87.02,44.27,35.46,2.07,Loamy,66.44,Sprinkler,Rabi,Maize,8.37,95.99,51.91,42.23,0,4.454
Rice,Rice (Non-Basmati),HYV,31.72,25.98,39.95,1193.12,84.48,7.06,119,5.77,85.59,40.91,50.83,4.38,Clayey,80.26,Flood,Kharif,Millet,11.45,70.84,35.29,37.58,1,6.138
Wheat,Wheat (Common),Traditional,21.38,14.67,30.65,480.11,62.05,9.53,129,7.05,80.66,40.41,38.96,3.37,Loamy,64.85,Sprinkler,Rabi,Rice,10.33,63.66,28.39,26.82,1,5.946
Millet,Millet (Foxtail),Hybrid,29.59,24.21,39.72,543.15,56.63,7.38,62,7.41,30.37,16.09,19.32,1.43,Laterite,36.56,Rainfed,Kharif,Maize,4.44,40.92,21.34,18.6,1,1.853
Maize,Maize (Sweet Corn),Hybrid,24.8,17.19,31.89,651.31,73.84,6.78,94,6.0,104.58,66.15,49.77,3.05,Loamy,53.4,Flood,Zaid,Fallow,11.4,121.72,63.77,52.38,0,6.362
Millet,Millet (Sorghum/Jowar),Traditional,28.06,23.01,39.67,542.63,50.11,9.76,100,7.83,79.31,39.64,29.64,3.2,Black,57.57,Sprinkler,Rabi,Maize,13.42,51.65,28.52,24.37,0,2.799
Millet,Millet (Finger/Ragi),Traditional,29.43,23.74,40.11,695.25,56.43,7.2,108,6.0,37.66,21.12,16.01,2.26,Loamy,50.48,Sprinkler,Kharif,Wheat,16.84,28.07,23.07,20.36,1,2.38
Wheat,Wheat (Durum),Hybrid,20.17,14.41,31.99,511.14,63.07,7.41,135,6.31,92.0,50.66,35.74,3.3,Alluvial,68.75,Rainfed,Rabi,Rice,18.68,103.77,50.93,40.24,1,7.097
Soybean,Soybean (Food Grade),HYV,29.5,22.07,37.74,737.36,67.16,6.59,104,6.14,20.78,58.99,32.62,2.59,Loamy,67.2,Sprinkler,Kharif,Cotton,4.9,22.84,42.23,33.87,1,1.629
Maize,Maize (Feed Corn),Hybrid,23.19,16.71,33.81,569.6,62.01,6.16,95,6.63,127.43,64.7,69.79,3.89,Alluvial,75.49,Sprinkler,Kharif,Pulses,18.55,139.31,71.46,58.35,1,9.932
Rice,Rice (Basmati),Traditional,29.83,21.92,41.16,1300.4,80.51,6.86,148,7.03,65.8,32.01,32.65,2.51,Alluvial,62.39,Flood,Kharif,Cotton,5.37,39.86,19.68,17.36,1,4.332
Rice,Rice (Sona Masuri),Hybrid,29.52,23.12,38.55,1158.09,70.99,8.85,135,6.43,81.2,37.33,41.47,4.21,Black,66.93,Flood,Kharif,Millet,17.18,92.32,46.38,41.84,1,7.34
Wheat,Wheat (Sharbati),Traditional,21.2,16.05,29.3,568.38,64.59,7.88,128,6.72,87.81,46.84,30.13,3.27,Loamy,50.14,Drip,Rabi,Millet,10.61,69.42,37.38,30.21,1,4.387
Millet,Millet (Sorghum/Jowar),HYV,28.34,21.64,37.73,636.96,56.44,7.11,94,7.38,69.46,30.59,34.14,1.97,Black,63.81,Rainfed,Rabi,Maize,17.31,78.17,33.68,31.0,1,1.819
Rice,Rice (Basmati),HYV,28.01,21.48,35.32,1143.92,71.4,8.89,132,6.49,73.53,35.94,36.03,4.05,Loamy,74.38,Sprinkler,Kharif,Pulses,6.81,55.27,31.03,27.3,1,5.139
Millet,Millet (Finger/Ragi),Traditional,29.37,22.38,36.64,654.45,68.34,7.86,110,6.44,38.86,20.35,18.57,3.07,Loamy,44.9,Sprinkler,Kharif,Rice,1.88,24.61,20.81,14.14,1,3.672
Maize,Maize (Popcorn),Traditional,22.95,16.37,31.93,633.7,58.46,7.51,99,6.6,96.77,48.38,45.84,3.04,Alluvial,54.42,Sprinkler,Zaid,Millet,15.65,65.44,38.25,38.37,1,5.373
Maize,Maize (Feed Corn),HYV,24.97,18.81,34.85,715.47,77.24,7.42,90,7.34,132.79,70.1,53.81,3.32,Alluvial,74.18,Drip,Kharif,Sugarcane,11.54,107.52,55.54,56.58,1,8.762
Millet,Millet (Pearl/Bajra),Hybrid,32.89,25.82,42.88,334.6,41.33,8.67,79,6.2,40.1,24.36,29.5,1.93,Sandy,52.45,Sprinkler,Kharif,Millet,2.27,56.55,32.14,31.19,0,2.503
Wheat,Wheat (Durum),Traditional,20.95,14.74,32.17,525.42,62.98,7.61,121,6.03,98.63,45.04,34.48,3.88,Black,56.69,Sprinkler,Zaid,Pulses,6.75,79.96,42.16,29.56,1,3.46
Soybean,Soybean (Oil Grade),Traditional,25.28,19.72,35.71,827.93,75.65,8.01,118,6.68,26.17,67.43,40.78,2.63,Black,78.36,Rainfed,Kharif,Sugarcane,16.25,19.51,40.45,33.27,1,3.171
Millet,Millet (Sorghum/Jowar),Hybrid,28.17,22.7,39.82,412.77,60.43,8.58,104,7.71,74.5,37.85,29.2,2.45,Loamy,61.01,Sprinkler,Zaid,Wheat,11.96,68.28,38.16,37.28,1,1.64
Millet,Millet (Pearl/Bajra),Traditional,29.49,24.35,36.77,301.39,40.6,9.27,78,7.69,54.24,27.84,26.17,2.33,Black,32.84,Rainfed,Kharif,Fallow,7.11,36.54,18.65,18.31,1,2.043
Soybean,Soybean (Food Grade),Traditional,28.85,21.44,36.21,802.1,68.71,8.24,98,7.22,24.47,52.84,32.02,2.05,Loamy,53.64,Sprinkler,Kharif,Millet,14.71,16.64,35.71,28.57,1,1.62
Maize,Maize (Feed Corn),Hybrid,27.78,21.61,38.1,812.68,64.51,7.39,116,6.61,149.66,68.45,61.04,2.66,Loamy,60.12,Flood,Kharif,Wheat,9.05,156.6,81.72,67.43,1,9.539
Maize,Maize (Feed Corn),Hybrid,24.89,18.91,36.7,705.35,71.35,7.1,108,6.65,137.26,65.52,66.24,4.59,Loamy,62.2,Flood,Kharif,Pulses,12.71,158.11,66.35,57.74,1,10.059
Soybean,Soybean (Food Grade),HYV,28.43,20.64,40.04,645.37,63.87,8.09,102,6.2,22.41,46.25,34.16,3.44,Alluvial,69.57,Rainfed,Kharif,Soybean,5.36,27.41,54.61,37.7,1,2.508
Wheat,Wheat (Common),Hybrid,21.65,14.36,29.02,515.66,56.21,8.53,125,7.11,84.03,49.62,30.92,1.56,Alluvial,50.76,Sprinkler,Rabi,Soybean,19.39,103.24,44.11,37.19,1,7.8
Maize,Maize (Feed Corn),HYV,23.1,15.88,31.68,760.54,77.1,8.06,97,6.36,148.19,70.25,58.95,2.65,Black,70.54,Sprinkler,Zaid,Sugarcane,3.15,121.64,69.0,54.83,1,5.797
Rice,Rice (Non-Basmati),Traditional,29.49,23.52,39.07,1449.85,71.88,7.86,129,7.48,106.22,50.84,55.31,4.52,Black,85.17,Sprinkler,Kharif,Sugarcane,4.88,66.56,38.45,37.99,1,5.12
Rice,Rice (Non-Basmati),Hybrid,30.7,23.7,41.11,1340.78,83.34,6.24,123,5.91,99.02,50.28,44.17,3.83,Loamy,83.07,Sprinkler,Kharif,Wheat,18.36,99.55,49.11,50.55,0,6.656
Millet,Millet (Finger/Ragi),Traditional,31.3,23.46,42.75,636.57,55.21,9.22,101,7.46,46.58,20.13,17.38,2.37,Alluvial,51.05,Rainfed,Kharif,Fallow,1.06,37.88,17.9,13.56,1,1.533
Millet,Millet (Sorghum/Jowar),HYV,31.63,24.84,42.61,668.4,65.56,7.18,117,6.77,66.04,36.07,27.94,2.41,Sandy,46.0,Sprinkler,Zaid,Soybean,0.5,73.39,32.1,30.39,1,3.468
Wheat,Wheat (Sharbati),Traditional,18.71,12.15,30.43,469.41,50.47,8.09,117,6.19,86.15,47.94,38.83,2.83,Alluvial,59.53,Sprinkler,Rabi,Pulses,9.97,72.47,35.74,26.75,1,4.502
Millet,Millet (Finger/Ragi),Hybrid,25.85,19.16,34.59,652.86,64.66,7.37,123,5.33,31.55,27.08,18.1,2.35,Black,55.2,Drip,Kharif,Soybean,8.34,34.3,25.58,19.95,1,2.855
Millet,Millet (Sorghum/Jowar),HYV,32.93,27.61,41.51,620.75,63.15,7.24,97,6.23,61.54,37.55,32.35,2.66,Alluvial,62.19,Drip,Rabi,Fallow,8.48,69.94,35.83,26.51,1,3.066
Wheat,Wheat (Common),HYV,19.84,13.71,30.39,403.33,56.61,7.26,115,6.78,93.31,41.66,36.02,3.66,Black,61.83,Rainfed,Rabi,Maize,18.31,93.83,46.45,35.54,1,5.467
Millet,Millet (Foxtail),Traditional,28.85,21.28,39.66,473.34,54.41,8.1,62,7.29,38.69,17.73,17.76,2.73,Sandy,50.26,Rainfed,Rabi,Sugarcane,4.1,18.45,11.44,9.2,1,1.378
Soybean,Soybean (Food Grade),Traditional,27.56,20.43,36.04,860.25,67.73,8.64,95,6.67,26.02,53.88,30.35,2.2,Red,63.76,Rainfed,Kharif,Maize,13.7,18.7,35.29,31.04,1,2.294
Rice,Rice (Basmati),HYV,28.04,21.5,36.19,1088.26,73.31,6.56,132,7.24,76.02,36.3,32.16,3.55,Clayey,74.93,Sprinkler,Kharif,Rice,3.5,64.48,35.37,35.93,0,3.555
Wheat,Wheat (Sharbati),Traditional,20.17,14.2,31.46,468.72,54.3,8.47,126,7.02,88.81,49.34,38.54,3.86,Loamy,54.2,Sprinkler,Kharif,Cotton,7.5,70.38,32.08,26.41,0,4.263
Millet,Millet (Pearl/Bajra),Traditional,30.17,23.09,38.91,414.66,41.19,9.38,65,6.72,46.2,27.56,27.69,1.84,Red,54.4,Rainfed,Kharif,Pulses,16.2,33.76,16.73,22.54,1,1.121
Wheat,Wheat (Sharbati),HYV,21.09,14.02,30.73,481.0,63.43,7.79,129,7.18,82.06,48.16,39.21,3.25,Laterite,58.4,Sprinkler,Rabi,Millet,1.5,90.11,41.08,35.26,0,3.998
Rice,Rice (Basmati),Traditional,27.47,19.53,35.2,1362.58,72.87,7.01,148,7.46,72.17,33.5,31.14,2.45,Clayey,65.63,Flood,Kharif,Wheat,8.38,56.78,28.9,25.81,1,2.861
Soybean,Soybean (Oil Grade),Hybrid,28.47,23.21,37.92,839.57,71.0,7.53,95,7.11,27.61,67.08,38.83,2.52,Alluvial,56.96,Drip,Kharif,Maize,10.44,30.68,61.26,48.69,1,3.637
Soybean,Soybean (Oil Grade),Hybrid,28.24,21.27,40.02,910.61,67.35,7.69,107,6.73,27.46,69.04,40.82,3.61,Alluvial,63.12,Sprinkler,Kharif,Pulses,4.23,29.33,59.48,46.04,0,4.944
Maize,Maize (Sweet Corn),HYV,27.12,19.5,37.16,641.51,65.52,6.36,81,6.88,112.23,67.27,56.41,2.46,Red,61.08,Drip,Kharif,Fallow,1.59,88.61,46.99,35.79,1,8.105
Maize,Maize (Feed Corn),Hybrid,28.95,23.95,37.07,700.41,73.89,7.97,115,6.18,147.01,71.17,51.28,4.86,Loamy,63.31,Flood,Kharif,Rice,5.67,184.73,83.14,69.1,1,11.588
Wheat,Wheat (Sharbati),HYV,17.57,12.24,28.83,586.37,61.08,9.97,120,6.17,97.0,47.38,37.61,2.36,Loamy,52.38,Sprinkler,Zaid,Pulses,12.55,80.37,48.0,36.72,1,4.734
Rice,Rice (Non-Basmati),HYV,30.83,23.98,38.33,1393.68,79.04,8.32,130,6.45,105.94,40.57,40.3,2.39,Alluvial,71.29,Sprinkler,Kharif,Pulses,6.24,95.67,43.08,47.54,1,6.261
Wheat,Wheat (Sharbati),Traditional,18.31,10.56,25.36,517.4,61.57,9.2,117,6.62,98.37,43.29,37.5,3.85,Laterite,43.21,Drip,Rabi,Cotton,17.59,74.58,34.2,26.68,0,5.485
Maize,Maize (Sweet Corn),HYV,22.56,15.56,33.18,753.02,73.74,7.33,81,5.9,109.94,55.54,46.81,2.21,Black,69.06,Sprinkler,Kharif,Wheat,3.26,111.89,68.93,58.42,1,4.023
Wheat,Wheat (Durum),Traditional,18.88,12.59,30.76,516.88,62.6,9.97,140,6.81,83.84,57.18,33.19,2.22,Loamy,53.19,Sprinkler,Rabi,Sugarcane,9.96,71.59,46.33,25.69,1,4.573
Maize,Maize (Popcorn),Traditional,26.3,19.01,37.55,601.31,64.7,6.98,98,6.73,99.43,45.72,42.88,2.52,Loamy,58.53,Drip,Kharif,Cotton,9.76,65.37,37.76,39.89,1,5.235
Wheat,Wheat (Durum),Traditional,22.24,17.07,33.28,470.67,62.51,8.43,139,6.58,99.15,48.08,36.82,3.11,Red,47.16,Flood,Rabi,Rice,11.14,77.1,36.26,31.09,0,4.387
Rice,Rice (Basmati),Traditional,26.38,21.19,36.91,1119.1,75.83,7.33,149,6.56,60.52,32.22,37.8,2.6,Clayey,62.0,Flood,Kharif,Sugarcane,7.3,61.99,24.24,24.73,0,3.884
Millet,Millet (Sorghum/Jowar),HYV,30.74,24.74,42.03,653.46,67.11,8.08,114,7.95,60.47,34.05,30.38,2.11,Black,63.97,Flood,Kharif,Soybean,16.38,62.06,29.43,21.63,0,2.227
Maize,Maize (Sweet Corn),Hybrid,24.58,16.6,33.19,519.97,68.59,8.6,88,6.67,108.38,62.32,45.48,2.8,Loamy,54.98,Drip,Rabi,Soybean,11.0,105.62,53.61,39.9,1,7.581
Millet,Millet (Foxtail),Traditional,28.66,23.04,38.06,300.83,59.01,7.02,60,6.5,38.98,21.48,19.86,1.79,Sandy,48.19,Rainfed,Rabi,Rice,3.84,21.11,10.61,8.57,0,1.506
Maize,Maize (Sweet Corn),Hybrid,23.73,15.78,30.98,544.02,67.16,7.06,85,6.52,117.85,52.95,42.31,5.0,Alluvial,70.65,Rainfed,Kharif,Soybean,17.39,147.19,74.42,59.13,0,6.926
Maize,Maize (Popcorn),Traditional,23.16,16.83,32.15,682.59,62.13,7.08,97,6.7,87.38,48.39,48.93,3.83,Laterite,63.8,Sprinkler,Rabi,Millet,6.46,90.27,38.83,42.76,1,4.698
Maize,Maize (Feed Corn),HYV,26.19,18.67,35.59,790.14,63.11,7.15,114,6.15,141.66,60.06,67.35,4.92,Alluvial,66.75,Sprinkler,Kharif,Sugarcane,17.07,137.39,70.17,65.4,1,7.269
Millet,Millet (Pearl/Bajra),Traditional,28.88,23.65,37.29,311.09,56.34,10.27,85,7.8,44.02,26.73,21.89,2.88,Alluvial,34.9,Rainfed,Kharif,Pulses,13.76,37.19,18.36,23.39,1,1.76
Maize,Maize (Sweet Corn),Hybrid,25.21,19.85,36.29,704.65,72.92,6.67,91,6.14,100.24,55.08,54.71,4.75,Alluvial,53.88,Flood,Rabi,Maize,8.62,115.4,62.93,60.12,1,5.764
Millet,Millet (Finger/Ragi),Hybrid,28.06,20.06,38.91,521.55,52.2,8.29,117,5.34,37.6,28.77,15.73,1.58,Black,50.83,Rainfed,Kharif,Rice,0.81,44.53,32.57,22.5,1,1.981
Wheat,Wheat (Sharbati),HYV,20.57,15.34,27.86,500.98,51.34,9.82,129,7.13,84.58,44.94,31.34,2.41,Loamy,54.21,Drip,Rabi,Fallow,11.31,78.35,35.79,33.15,1,4.072
Maize,Maize (Sweet Corn),HYV,27.7,20.01,38.5,629.69,64.62,6.85,84,6.08,102.03,55.62,51.27,2.51,Loamy,50.99,Drip,Kharif,Pulses,19.24,88.88,55.33,45.58,1,8.946
Maize,Maize (Sweet Corn),Hybrid,24.77,17.3,34.71,679.56,60.05,6.04,85,5.87,105.54,62.36,54.18,3.84,Alluvial,63.86,Flood,Zaid,Rice,8.35,123.53,57.58,63.86,1,8.052
Millet,Millet (Foxtail),Hybrid,27.67,20.55,37.65,454.88,61.13,7.5,66,5.99,35.5,15.59,19.68,1.72,Red,47.34,Rainfed,Rabi,Maize,14.07,38.32,18.31,20.14,1,2.683
Wheat,Wheat (Durum),Traditional,18.02,12.14,26.0,570.75,65.12,8.49,139,7.41,92.14,54.9,39.02,2.88,Black,66.55,Flood,Rabi,Sugarcane,14.23,78.48,43.31,24.3,0,4.18
Soybean,Soybean (Oil Grade),Hybrid,26.86,21.34,36.5,697.23,73.42,7.53,119,6.93,28.3,58.76,40.97,3.54,Black,56.88,Sprinkler,Kharif,Cotton,7.17,36.57,75.87,52.42,1,4.02
Soybean,Soybean (Food Grade),Hybrid,26.29,19.09,37.82,619.76,68.53,6.98,101,6.66,24.47,57.7,35.24,3.63,Loamy,70.52,Rainfed,Rabi,Wheat,4.44,27.15,52.15,42.11,1,2.256
Wheat,Wheat (Durum),Hybrid,20.76,14.94,29.48,492.04,59.21,9.98,123,6.2,89.27,54.37,31.69,1.83,Alluvial,60.37,Sprinkler,Rabi,Pulses,13.12,105.63,59.81,39.38,1,4.299
Soybean,Soybean (Oil Grade),Traditional,26.75,21.35,33.77,870.78,75.5,8.65,118,7.43,20.68,69.42,35.06,3.33,Red,61.08,Sprinkler,Kharif,Wheat,3.9,16.66,45.44,35.71,1,3.676
Wheat,Wheat (Durum),HYV,18.05,10.92,28.87,612.99,62.51,7.54,138,7.35,92.68,45.5,31.79,2.08,Alluvial,45.42,Rainfed,Rabi,Millet,19.8,94.4,41.02,38.59,1,3.938
Soybean,Soybean (Food Grade),HYV,24.63,17.9,33.51,832.25,68.77,8.83,105,6.81,27.32,44.37,30.17,3.57,Black,57.33,Rainfed,Kharif,Millet,4.72,21.62,43.65,30.94,1,1.488
Maize,Maize (Feed Corn),HYV,24.84,18.56,34.62,572.4,63.95,7.11,98,7.22,124.44,60.11,68.91,2.29,Black,59.03,Sprinkler,Kharif,Cotton,4.79,132.5,79.61,69.09,1,7.175
Millet,Millet (Foxtail),Hybrid,29.43,23.91,41.27,453.8,47.56,8.11,75,6.49,35.34,22.39,17.51,2.05,Clayey,43.25,Sprinkler,Rabi,Millet,5.46,24.87,17.92,14.25,1,3.056
Millet,Millet (Sorghum/Jowar),Traditional,28.22,22.11,35.37,486.22,50.3,9.06,114,7.79,61.91,39.16,30.82,2.53,Loamy,58.84,Sprinkler,Rabi,Wheat,19.77,51.13,29.49,21.29,1,1.973
Soybean,Soybean (Oil Grade),Hybrid,27.65,19.98,36.69,683.17,72.56,6.67,117,6.71,25.9,68.26,42.84,2.15,Alluvial,76.6,Rainfed,Kharif,Maize,9.78,26.74,58.19,48.25,1,3.947
Maize,Maize (Popcorn),HYV,24.64,16.74,34.56,669.04,65.65,8.26,100,6.89,93.15,50.88,44.05,2.63,Loamy,57.98,Sprinkler,Rabi,Fallow,12.43,82.1,47.47,36.48,1,4.689
Wheat,Wheat (Common),HYV,18.87,13.33,29.13,554.63,67.68,9.58,111,6.13,93.71,49.59,33.74,2.33,Alluvial,60.4,Sprinkler,Rabi,Soybean,4.52,91.05,45.54,34.51,0,4.497
Rice,Rice (Non-Basmati),Traditional,28.52,20.61,38.99,1459.59,81.25,8.92,110,6.37,96.24,47.4,56.54,2.47,Loamy,73.6,Flood,Kharif,Maize,2.65,69.98,40.67,36.52,0,3.949
Millet,Millet (Finger/Ragi),Traditional,29.55,23.67,40.75,533.98,52.19,7.72,122,6.84,45.58,23.76,23.13,2.62,Red,44.23,Rainfed,Kharif,Millet,3.36,34.56,23.74,12.74,1,2.662
Wheat,Wheat (Durum),HYV,20.47,15.47,31.78,452.54,50.14,8.83,134,7.28,85.04,43.93,36.26,3.56,Alluvial,54.05,Sprinkler,Rabi,Fallow,4.44,56.64,35.0,27.5,1,6.201
Rice,Rice (Sona Masuri),HYV,29.78,23.94,41.01,1024.06,84.3,6.3,131,5.97,80.25,36.09,35.71,3.07,Red,78.54,Rainfed,Kharif,Maize,8.68,53.81,30.47,30.37,1,4.473
Maize,Maize (Popcorn),Hybrid,25.25,20.07,36.85,646.52,68.96,8.6,98,6.18,93.19,59.71,42.94,4.44,Black,65.25,Drip,Rabi,Maize,1.6,93.83,47.58,54.46,0,5.181
Millet,Millet (Pearl/Bajra),Traditional,34.03,26.99,43.61,301.43,40.81,9.15,87,7.48,51.14,26.95,22.84,2.3,Laterite,31.19,Sprinkler,Kharif,Wheat,19.3,34.93,19.35,17.9,1,0.842
Millet,Millet (Finger/Ragi),HYV,28.71,23.57,35.93,654.47,64.15,7.33,101,5.21,38.49,23.96,19.63,2.03,Alluvial,54.38,Sprinkler,Kharif,Soybean,3.42,33.45,21.56,19.81,1,1.685
Maize,Maize (Feed Corn),Traditional,23.05,16.32,31.27,814.16,74.03,7.95,96,5.71,122.71,72.28,56.64,4.66,Sandy,75.79,Rainfed,Kharif,Wheat,17.56,111.81,52.1,40.26,1,3.794
Wheat,Wheat (Sharbati),HYV,17.13,10.55,26.37,517.68,63.8,7.82,132,6.07,91.1,47.66,30.11,3.05,Loamy,62.07,Drip,Rabi,Fallow,10.6,96.37,48.35,31.32,1,6.07
Rice,Rice (Non-Basmati),HYV,28.8,23.28,36.0,1307.03,85.19,8.62,117,6.32,103.31,54.12,56.2,3.83,Clayey,67.77,Flood,Rabi,Pulses,5.43,91.47,44.1,36.45,0,5.72
Millet,Millet (Foxtail),Traditional,27.99,22.11,35.01,362.93,62.88,7.54,63,7.15,30.26,16.19,15.66,1.01,Loamy,45.9,Rainfed,Rabi,Pulses,18.11,26.13,12.57,14.32,1,0.904
Rice,Rice (Sona Masuri),Hybrid,27.25,20.79,36.96,1306.52,75.9,7.32,135,6.23,79.6,38.24,44.17,3.63,Red,84.5,Flood,Kharif,Soybean,16.16,82.09,43.84,49.25,1,6.421
Rice,Rice (Sona Masuri),Hybrid,28.93,23.35,39.51,1250.05,81.97,6.21,132,5.61,83.19,42.16,41.54,3.9,Red,64.45,Sprinkler,Kharif,Pulses,19.92,90.97,43.79,46.43,0,6.303
Millet,Millet (Finger/Ragi),HYV,25.81,18.78,35.77,470.3,55.39,7.56,100,6.02,38.14,23.28,15.78,2.42,Black,61.6,Sprinkler,Kharif,Sugarcane,9.15,37.14,18.93,16.18,0,1.997
Rice,Rice (Basmati),Traditional,26.6,20.35,38.14,1121.29,71.37,6.96,131,7.41,63.49,34.72,30.91,3.88,Alluvial,73.76,Flood,Kharif,Rice,17.3,57.55,30.48,27.44,1,4.832
Millet,Millet (Foxtail),Traditional,29.39,21.8,40.96,549.91,59.66,7.63,75,7.48,35.88,18.86,16.36,1.7,Sandy,53.4,Sprinkler,Rabi,Sugarcane,17.4,29.34,12.28,12.36,1,1.235
Millet,Millet (Pearl/Bajra),Hybrid,29.28,24.25,40.48,394.95,43.63,8.95,66,7.19,58.8,28.09,25.73,1.72,Black,50.88,Rainfed,Kharif,Soybean,8.94,70.28,33.29,29.4,1,1.33
Maize,Maize (Sweet Corn),Traditional,23.46,18.45,31.71,595.98,73.67,6.26,100,6.51,105.46,63.83,45.45,3.96,Black,57.5,Drip,Kharif,Cotton,7.43,80.97,46.86,44.5,1,7.062
Soybean,Soybean (Oil Grade),HYV,26.52,20.57,38.22,767.09,79.12,6.88,116,7.3,29.02,52.12,43.84,3.76,Laterite,72.99,Rainfed,Kharif,Rice,7.53,29.83,90.91,56.96,1,3.018
Wheat,Wheat (Durum),Traditional,21.19,13.3,30.55,533.68,68.11,9.71,128,6.59,84.13,57.49,31.13,2.91,Loamy,65.35,Flood,Rabi,Soybean,6.68,76.92,45.65,27.54,0,4.003
Soybean,Soybean (Oil Grade),Traditional,27.25,21.87,35.65,766.58,75.94,7.9,107,6.98,25.82,52.68,40.27,2.1,Red,55.15,Sprinkler,Kharif,Cotton,5.8,17.26,52.43,31.24,1,2.577
Millet,Millet (Sorghum/Jowar),Hybrid,28.88,22.01,39.15,676.0,59.26,8.37,96,7.03,70.46,33.44,28.21,3.44,Black,61.8,Sprinkler,Kharif,Fallow,1.7,69.96,34.78,32.05,0,4.021
Soybean,Soybean (Food Grade),HYV,24.76,19.12,35.56,627.5,60.51,6.98,94,6.72,22.5,40.17,39.14,3.95,Sandy,74.82,Rainfed,Kharif,Pulses,19.09,27.8,56.81,34.75,1,2.774
Maize,Maize (Popcorn),HYV,23.67,17.12,34.67,540.75,60.56,7.7,103,6.46,82.45,41.88,42.13,3.71,Laterite,54.24,Sprinkler,Kharif,Soybean,15.98,84.89,53.85,43.74,1,5.017
Maize,Maize (Popcorn),Traditional,24.57,18.42,35.95,731.95,60.96,8.67,100,6.1,84.48,57.14,47.14,2.17,Loamy,65.15,Sprinkler,Rabi,Pulses,3.26,70.5,33.46,37.28,1,4.757
Rice,Rice (Basmati),HYV,27.63,20.45,36.81,1315.02,75.11,6.9,149,6.24,62.37,37.61,39.28,3.37,Clayey,76.49,Flood,Kharif,Maize,13.35,69.7,33.06,35.18,1,3.964
Maize,Maize (Sweet Corn),Traditional,22.74,16.31,33.59,656.34,60.31,7.45,81,6.78,107.29,56.51,40.36,4.18,Loamy,56.85,Sprinkler,Kharif,Cotton,7.67,90.7,51.21,37.09,1,4.18
Soybean,Soybean (Oil Grade),HYV,29.69,23.91,37.28,912.71,79.74,6.48,102,7.05,24.15,67.38,41.7,3.64,Desert,72.51,Rainfed,Kharif,Millet,19.83,29.37,58.81,37.66,1,3.195
Millet,Millet (Foxtail),Hybrid,27.84,22.4,39.81,361.23,62.33,8.3,84,6.0,38.63,23.41,19.36,2.47,Loamy,36.58,Sprinkler,Zaid,Wheat,1.51,33.99,25.23,20.21,1,1.835
Rice,Rice (Sona Masuri),Hybrid,29.89,23.53,41.18,1229.89,79.28,8.8,127,5.94,76.1,42.97,39.49,2.41,Alluvial,62.36,Flood,Kharif,Rice,9.66,94.37,41.75,43.48,1,6.499
Maize,Maize (Feed Corn),HYV,27.25,21.86,37.89,599.33,79.83,6.14,94,6.25,127.87,72.1,65.65,2.33,Desert,66.23,Sprinkler,Kharif,Millet,10.6,131.78,64.69,67.0,1,5.826
Maize,Maize (Popcorn),Traditional,22.8,16.26,33.79,687.32,69.59,7.5,87,6.65,81.94,48.26,43.8,2.09,Loamy,56.25,Sprinkler,Rabi,Fallow,19.39,68.01,40.52,38.05,1,3.912
Soybean,Soybean (Food Grade),Hybrid,26.88,20.62,33.98,889.23,79.77,8.23,99,7.03,23.51,51.41,38.68,2.13,Alluvial,55.48,Sprinkler,Kharif,Maize,2.04,22.51,51.48,37.15,1,3.747
Rice,Rice (Basmati),HYV,29.51,21.87,38.09,1434.45,75.64,6.89,136,6.01,66.49,33.66,33.96,4.09,Alluvial,69.71,Flood,Kharif,Maize,3.78,70.01,35.42,39.51,1,5.905
Millet,Millet (Finger/Ragi),HYV,25.64,18.15,34.06,514.49,55.53,9.48,103,5.5,35.65,22.94,16.86,1.72,Clayey,56.58,Sprinkler,Kharif,Cotton,6.7,45.28,25.27,15.11,0,2.428
Maize,Maize (Popcorn),Hybrid,22.63,15.25,29.74,580.77,57.95,7.58,86,6.45,91.96,44.94,44.88,3.66,Red,67.53,Flood,Rabi,Sugarcane,11.45,138.68,79.77,68.95,1,5.792
Wheat,Wheat (Common),Traditional,20.45,12.66,30.33,581.43,66.75,9.99,127,6.16,95.1,41.06,33.48,2.27,Loamy,50.78,Sprinkler,Rabi,Maize,11.34,73.07,32.53,31.31,0,3.618
Wheat,Wheat (Durum),Hybrid,18.89,13.51,26.11,509.24,68.82,9.85,127,6.26,86.83,43.38,39.07,2.18,Black,56.12,Drip,Rabi,Rice,11.86,94.12,61.23,36.44,1,4.323
Millet,Millet (Finger/Ragi),HYV,27.57,22.36,35.56,464.76,64.6,7.86,108,5.41,36.2,21.09,22.31,1.9,Black,58.64,Rainfed,Kharif,Pulses,5.35,27.06,24.03,18.95,1,2.657
Maize,Maize (Popcorn),HYV,23.48,16.56,34.29,741.13,62.46,8.16,99,5.99,95.63,49.63,40.91,3.02,Loamy,69.87,Sprinkler,Kharif,Millet,9.01,90.24,59.88,40.33,1,3.913
Rice,Rice (Sona Masuri),HYV,30.18,23.96,37.42,1386.5,73.84,8.81,132,6.43,80.78,36.71,39.06,3.09,Clayey,84.57,Rainfed,Kharif,Maize,9.59,82.06,40.73,40.75,1,5.514
Maize,Maize (Popcorn),Hybrid,22.94,15.02,30.37,665.48,68.75,8.58,85,6.23,99.34,56.62,40.58,2.71,Loamy,54.13,Drip,Rabi,Wheat,13.29,91.02,48.84,53.64,1,4.611
Wheat,Wheat (Sharbati),Hybrid,21.64,16.57,29.68,540.41,58.78,9.08,127,6.21,83.87,40.95,32.68,2.61,Sandy,48.35,Sprinkler,Rabi,Rice,1.91,100.69,48.26,36.84,0,5.593
Millet,Millet (Sorghum/Jowar),Hybrid,30.6,23.66,41.96,675.3,63.56,7.51,117,7.67,73.02,32.18,27.1,1.61,Black,52.65,Sprinkler,Rabi,Wheat,7.88,68.11,36.02,36.12,1,2.08
Maize,Maize (Feed Corn),HYV,24.45,17.12,35.9,795.54,72.45,8.43,101,6.93,136.82,75.74,62.06,4.89,Alluvial,77.24,Flood,Kharif,Maize,18.47,130.39,61.1,53.66,0,8.179
Rice,Rice (Non-Basmati),Traditional,31.86,25.78,40.55,1172.53,87.16,8.61,134,5.55,101.52,44.36,51.16,3.4,Black,79.39,Sprinkler,Zaid,Pulses,2.15,74.05,49.76,44.24,0,4.025
Soybean,Soybean (Oil Grade),HYV,29.0,22.55,39.95,821.03,71.52,7.59,100,6.65,27.27,52.8,41.82,3.58,Red,76.64,Rainfed,Kharif,Maize,2.35,27.77,66.33,41.3,1,2.49
Maize,Maize (Popcorn),Hybrid,26.32,20.41,34.56,723.39,65.1,7.54,94,6.03,84.08,51.21,49.72,4.25,Sandy,61.86,Sprinkler,Rabi,Rice,14.29,107.12,58.05,52.83,0,5.913
Rice,Rice (Basmati),Traditional,27.36,21.12,35.54,1365.0,71.98,8.04,142,6.92,76.64,34.94,31.18,2.04,Clayey,67.58,Sprinkler,Kharif,Wheat,11.63,43.48,19.09,18.42,1,3.726
Soybean,Soybean (Oil Grade),HYV,29.96,23.79,37.44,918.4,67.68,7.15,116,7.48,21.28,54.24,41.41,3.9,Black,72.37,Sprinkler,Kharif,Pulses,10.97,29.13,73.42,44.4,0,2.915
Millet,Millet (Foxtail),Traditional,27.11,20.98,37.15,406.0,62.02,7.64,69,7.01,34.08,16.81,17.87,2.94,Sandy,36.24,Rainfed,Rabi,Soybean,2.12,23.5,13.63,13.16,1,1.046
Soybean,Soybean (Food Grade),Hybrid,27.09,21.22,34.59,616.01,72.1,6.17,101,6.34,29.53,56.57,32.7,2.84,Alluvial,74.72,Flood,Kharif,Maize,15.05,29.73,58.08,43.64,1,2.066
Wheat,Wheat (Sharbati),HYV,21.48,15.51,32.8,590.8,54.41,9.72,115,7.29,99.21,44.2,35.62,3.23,Black,55.69,Sprinkler,Rabi,Sugarcane,7.55,98.04,45.95,39.58,0,4.857
Maize,Maize (Sweet Corn),Hybrid,23.16,16.31,32.73,741.3,73.54,6.4,83,6.1,109.83,66.47,46.77,3.69,Black,66.84,Drip,Kharif,Fallow,15.32,103.05,55.3,38.61,1,9.75
Wheat,Wheat (Sharbati),HYV,19.43,11.96,31.11,548.89,63.33,8.93,126,6.52,92.81,42.21,31.93,2.84,Clayey,41.47,Sprinkler,Rabi,Pulses,18.98,91.53,43.13,32.75,1,4.669
Maize,Maize (Popcorn),Traditional,22.46,15.57,30.46,613.34,69.05,8.59,92,6.38,87.04,43.1,46.66,2.44,Red,67.41,Drip,Rabi,Maize,13.04,79.0,50.01,44.87,0,3.678
Rice,Rice (Non-Basmati),HYV,29.65,23.29,39.51,1201.04,83.78,6.56,139,6.35,82.89,57.87,52.23,2.35,Black,77.77,Flood,Zaid,Soybean,4.46,117.86,41.43,49.72,0,4.495
Rice,Rice (Sona Masuri),Hybrid,29.09,21.42,39.21,1390.97,71.51,7.32,125,6.61,70.61,41.95,44.35,2.96,Red,60.53,Sprinkler,Kharif,Pulses,19.16,88.25,44.61,40.35,1,6.429
Soybean,Soybean (Food Grade),HYV,26.82,20.1,33.97,632.47,67.53,7.02,105,6.02,28.17,41.08,38.39,2.87,Black,66.04,Rainfed,Kharif,Cotton,19.09,20.4,46.88,33.33,0,1.979
Wheat,Wheat (Sharbati),Hybrid,18.01,11.36,26.66,594.95,57.11,9.27,124,7.43,96.14,47.99,33.61,3.51,Black,55.35,Drip,Rabi,Cotton,12.02,84.17,37.64,31.06,1,4.93
Rice,Rice (Sona Masuri),Traditional,26.56,20.06,37.61,1261.86,79.56,6.05,120,6.5,88.65,39.04,43.6,4.27,Alluvial,82.6,Flood,Kharif,Wheat,10.09,67.46,30.27,29.08,1,5.925
Maize,Maize (Popcorn),HYV,26.37,19.92,33.38,698.85,56.94,6.49,87,5.93,94.41,50.1,44.25,3.94,Loamy,61.24,Drip,Rabi,Wheat,19.83,98.89,46.57,42.99,1,5.775
Wheat,Wheat (Common),Traditional,17.45,10.38,28.76,590.08,51.09,7.19,125,6.35,81.74,49.8,32.71,2.19,Loamy,54.51,Drip,Rabi,Wheat,5.21,68.27,38.81,28.69,1,5.939
Millet,Millet (Sorghum/Jowar),Hybrid,31.04,23.74,38.11,527.81,58.33,8.58,90,6.53,62.99,31.84,30.82,1.63,Red,57.65,Rainfed,Rabi,Millet,14.52,73.42,35.54,28.73,1,4.088
Millet,Millet (Foxtail),Traditional,30.13,24.83,40.59,354.39,47.16,7.01,66,7.23,37.48,17.61,15.74,2.92,Loamy,55.68,Rainfed,Kharif,Cotton,8.08,26.75,19.77,12.41,1,0.883
Wheat,Wheat (Common),Hybrid,20.84,14.0,28.07,538.79,61.16,9.08,118,6.48,96.79,47.78,34.0,3.16,Alluvial,51.83,Rainfed,Zaid,Cotton,10.6,96.08,44.84,39.07,1,5.343
Rice,Rice (Basmati),Hybrid,28.32,22.31,35.68,1290.02,80.8,6.28,136,6.01,60.19,34.61,34.88,2.07,Clayey,77.17,Sprinkler,Kharif,Rice,10.93,59.04,34.32,35.1,1,4.078
Millet,Millet (Pearl/Bajra),HYV,34.94,28.89,43.95,437.99,40.89,8.68,76,7.76,55.05,27.33,28.85,2.59,Desert,54.06,Drip,Kharif,Maize,12.64,46.41,26.05,25.78,1,3.022
Millet,Millet (Finger/Ragi),HYV,29.26,24.09,39.04,675.1,52.71,9.75,100,5.81,32.59,29.29,21.56,2.04,Sandy,57.82,Sprinkler,Kharif,Millet,8.34,39.61,20.1,23.44,0,1.795
Rice,Rice (Non-Basmati),Hybrid,26.2,19.05,34.46,1573.93,80.76,6.1,139,5.62,85.99,54.92,43.73,2.71,Clayey,84.82,Flood,Kharif,Rice,15.57,95.11,57.45,58.66,1,5.355
Maize,Maize (Popcorn),Traditional,26.33,19.21,37.56,598.17,64.5,7.16,98,6.56,93.17,53.95,47.61,4.08,Alluvial,61.48,Sprinkler,Kharif,Fallow,9.91,66.95,41.25,34.97,1,4.556
Rice,Rice (Sona Masuri),HYV,27.0,21.14,37.8,1190.56,72.44,6.14,128,6.92,86.91,39.4,39.82,4.25,Alluvial,74.78,Sprinkler,Kharif,Sugarcane,8.07,80.05,43.36,35.83,1,4.98
Soybean,Soybean (Oil Grade),HYV,26.95,20.56,34.17,762.03,65.82,8.77,102,6.25,28.2,69.76,40.86,2.53,Loamy,66.14,Drip,Kharif,Fallow,6.11,25.73,63.1,43.75,1,2.253
Wheat,Wheat (Sharbati),Traditional,17.24,11.15,27.5,596.6,54.14,9.29,115,7.33,91.1,42.79,38.64,2.56,Alluvial,56.39,Rainfed,Rabi,Fallow,19.87,78.7,37.14,28.34,1,2.477
Maize,Maize (Sweet Corn),Traditional,27.18,21.29,37.45,619.58,65.83,8.8,83,6.21,117.75,56.52,43.59,3.73,Black,63.88,Sprinkler,Rabi,Rice,12.49,81.51,54.23,42.1,1,7.264
Millet,Millet (Foxtail),Hybrid,30.76,25.24,40.97,441.64,49.58,7.93,81,7.43,33.92,24.46,17.43,2.67,Loamy,54.69,Rainfed,Kharif,Fallow,8.93,36.14,22.8,18.9,0,1.301
Soybean,Soybean (Oil Grade),HYV,25.79,19.5,35.22,900.55,78.57,7.45,113,7.41,28.54,68.63,39.38,2.99,Red,61.83,Rainfed,Kharif,Millet,15.15,23.01,67.53,37.91,0,2.772
Soybean,Soybean (Oil Grade),Traditional,27.16,21.8,37.31,884.01,74.1,7.27,118,6.58,28.94,53.7,43.53,4.03,Red,78.62,Rainfed,Kharif,Pulses,10.07,17.58,51.91,32.74,0,3.701
Maize,Maize (Popcorn),HYV,24.83,19.35,35.77,646.62,57.51,7.35,104,6.7,87.74,40.11,42.26,2.45,Sandy,57.55,Sprinkler,Kharif,Millet,11.35,70.65,46.68,37.24,1,5.774
Millet,Millet (Sorghum/Jowar),Hybrid,29.3,24.16,41.1,413.84,54.73,8.65,118,6.62,63.58,39.72,28.55,1.92,Loamy,58.35,Sprinkler,Rabi,Soybean,19.65,87.27,36.27,35.37,1,2.256
Wheat,Wheat (Common),HYV,21.66,14.75,32.69,404.9,56.79,8.38,126,6.28,89.96,46.86,33.46,3.23,Alluvial,51.69,Sprinkler,Rabi,Sugarcane,16.85,91.46,47.72,31.32,1,4.238
Millet,Millet (Finger/Ragi),Traditional,29.83,24.33,38.51,416.76,65.06,9.07,125,5.89,42.38,26.22,17.86,2.42,Loamy,50.42,Sprinkler,Kharif,Rice,6.57,33.69,20.79,16.56,1,1.532
Millet,Millet (Foxtail),Hybrid,30.66,22.98,39.74,524.3,50.89,8.14,83,5.98,34.01,18.37,16.08,2.06,Desert,51.35,Sprinkler,Rabi,Wheat,8.72,33.13,21.71,20.57,1,2.414
Millet,Millet (Sorghum/Jowar),Hybrid,31.32,24.8,42.32,453.64,66.32,8.99,108,7.84,77.24,36.96,30.97,3.33,Sandy,52.91,Sprinkler,Rabi,Soybean,4.58,77.69,43.82,28.36,1,1.806
Soybean,Soybean (Food Grade),Traditional,24.13,16.96,33.23,632.41,69.11,8.83,94,6.72,21.52,53.31,31.04,2.33,Alluvial,66.37,Sprinkler,Kharif,Cotton,10.63,23.87,32.89,26.56,1,3.309
Soybean,Soybean (Oil Grade),HYV,28.32,20.34,37.46,687.92,68.03,8.36,98,6.33,20.56,59.94,42.17,3.82,Alluvial,74.26,Sprinkler,Kharif,Soybean,7.12,26.01,62.94,35.37,1,3.089
Millet,Millet (Pearl/Bajra),Traditional,33.29,25.87,44.48,252.97,56.96,8.15,65,7.8,56.02,29.1,28.73,1.71,Black,49.33,Rainfed,Kharif,Wheat,16.19,47.07,23.65,16.86,0,1.645
Soybean,Soybean (Food Grade),Hybrid,25.09,17.89,36.24,813.29,78.32,8.96,100,7.02,29.83,52.96,32.68,3.84,Loamy,60.0,Sprinkler,Rabi,Millet,5.99,28.9,46.64,36.51,1,3.596
Soybean,Soybean (Oil Grade),HYV,27.28,20.48,37.72,693.96,73.65,7.76,98,6.12,21.03,60.49,35.13,2.52,Black,78.77,Sprinkler,Kharif,Millet,10.38,21.76,60.87,37.63,1,2.776
Millet,Millet (Sorghum/Jowar),Hybrid,27.57,22.33,36.82,487.75,61.58,9.13,129,7.15,70.58,37.99,25.07,3.36,Loamy,60.71,Sprinkler,Rabi,Millet,6.69,76.64,43.34,33.82,1,4.3
Rice,Rice (Basmati),Hybrid,29.36,22.11,40.7,1268.28,81.28,6.42,134,6.89,76.02,33.97,32.12,4.73,Loamy,83.33,Sprinkler,Kharif,Millet,19.26,77.55,35.29,38.77,1,6.332
Soybean,Soybean (Food Grade),HYV,26.11,19.55,37.91,885.2,68.47,6.75,97,6.75,24.54,48.43,33.8,3.72,Loamy,69.8,Rainfed,Kharif,Fallow,15.72,29.1,49.12,35.62,1,2.328
Soybean,Soybean (Food Grade),Traditional,29.23,22.5,39.2,825.15,61.65,7.53,107,6.12,27.27,57.65,32.46,2.75,Desert,72.11,Rainfed,Kharif,Pulses,16.65,17.31,35.6,26.41,1,1.102
Rice,Rice (Non-Basmati),HYV,29.2,23.8,40.86,1547.26,73.8,7.03,140,7.46,93.82,47.44,52.19,2.82,Clayey,82.46,Drip,Kharif,Wheat,2.94,101.66,40.37,41.24,1,7.389
Soybean,Soybean (Oil Grade),HYV,27.48,20.64,39.37,942.58,77.26,6.35,102,7.09,22.25,54.93,44.38,3.11,Red,63.26,Flood,Kharif,Sugarcane,0.81,22.39,63.37,43.88,0,3.712
Millet,Millet (Finger/Ragi),HYV,27.98,20.55,36.08,684.34,59.24,9.55,100,5.21,41.29,28.88,19.11,1.8,Red,51.12,Sprinkler,Kharif,Millet,10.49,38.75,23.44,17.82,1,2.197
Maize,Maize (Popcorn),Hybrid,26.82,20.56,34.67,578.66,57.17,8.05,105,6.91,85.37,55.56,46.41,3.29,Clayey,58.99,Sprinkler,Kharif,Soybean,17.6,69.46,33.14,30.81,1,6.886
Rice,Rice (Basmati),Traditional,27.5,20.2,35.83,1403.39,73.78,8.47,150,7.3,69.98,32.97,32.65,3.3,Loamy,84.98,Sprinkler,Rabi,Fallow,5.71,50.07,29.94,29.14,0,3.099
Wheat,Wheat (Durum),Traditional,21.42,14.61,33.37,647.26,62.2,9.05,125,6.38,94.88,58.64,31.59,2.66,Loamy,52.88,Drip,Rabi,Maize,13.5,71.94,39.7,27.86,1,6.174
Maize,Maize (Popcorn),Traditional,25.72,17.81,33.48,568.06,67.83,6.92,89,6.62,99.71,53.75,43.3,3.27,Loamy,69.86,Drip,Rabi,Cotton,19.88,75.24,43.92,34.45,1,3.546
Maize,Maize (Sweet Corn),Hybrid,25.77,18.62,33.69,544.98,60.72,6.48,82,6.24,114.52,66.54,56.25,2.19,Loamy,55.37,Drip,Kharif,Millet,7.79,103.4,56.47,48.45,1,9.75
Millet,Millet (Foxtail),Traditional,28.5,21.04,40.43,347.5,49.17,9.73,63,6.72,30.11,19.32,18.22,2.8,Loamy,40.13,Rainfed,Rabi,Rice,1.36,27.24,16.94,13.64,0,0.962
Millet,Millet (Finger/Ragi),HYV,25.02,19.97,32.53,654.55,53.26,8.72,117,6.89,42.9,23.18,19.78,3.34,Black,61.34,Rainfed,Kharif,Sugarcane,16.24,34.74,17.88,15.21,1,3.159
Wheat,Wheat (Common),Hybrid,17.06,10.22,26.94,503.36,60.75,9.53,110,6.54,83.73,45.02,36.64,3.24,Alluvial,55.98,Sprinkler,Rabi,Rice,19.89,91.75,48.83,43.2,1,7.188
Soybean,Soybean (Food Grade),Traditional,26.55,19.44,36.17,829.91,61.91,7.02,106,6.33,27.98,43.83,38.98,2.18,Alluvial,57.47,Rainfed,Rabi,Wheat,2.59,19.26,33.83,25.31,0,1.585
Maize,Maize (Feed Corn),Hybrid,25.83,20.09,37.73,665.2,78.67,7.83,96,6.58,124.91,72.5,62.22,3.86,Clayey,77.31,Flood,Kharif,Millet,15.68,116.16,71.93,53.94,1,8.606
Maize,Maize (Feed Corn),Hybrid,28.33,21.62,39.53,770.0,70.65,6.98,108,5.78,142.24,69.68,69.04,2.19,Red,66.99,Sprinkler,Kharif,Wheat,0.95,164.24,84.31,71.06,1,9.188
Wheat,Wheat (Durum),HYV,20.48,13.47,28.22,549.41,59.15,9.75,128,7.42,85.22,52.55,36.11,2.2,Black,55.29,Rainfed,Rabi,Fallow,18.66,95.85,56.36,33.86,1,4.664
Wheat,Wheat (Common),HYV,20.41,14.25,29.2,429.79,68.08,7.36,116,6.79,92.64,44.7,35.57,1.97,Black,41.66,Flood,Rabi,Cotton,4.95,97.56,47.94,31.25,1,5.125
Maize,Maize (Popcorn),HYV,25.93,20.48,35.15,582.6,57.32,7.78,86,5.96,93.44,55.7,49.05,3.14,Loamy,61.21,Drip,Zaid,Millet,0.92,99.88,51.28,41.74,1,6.025
Maize,Maize (Popcorn),Traditional,25.29,19.73,35.48,622.95,64.97,8.18,89,5.88,87.27,46.04,46.26,2.69,Red,54.65,Drip,Rabi,Cotton,13.68,78.91,52.5,37.69,1,4.809
Maize,Maize (Feed Corn),Traditional,27.85,20.69,36.34,726.47,61.46,7.44,95,5.91,125.6,61.16,67.91,4.48,Red,74.07,Flood,Kharif,Millet,18.51,72.48,43.08,35.75,1,5.106
Wheat,Wheat (Common),Traditional,18.97,12.23,28.55,548.75,64.34,7.14,116,7.1,95.89,42.48,31.37,2.82,Alluvial,46.25,Rainfed,Zaid,Rice,11.44,61.58,29.55,26.6,1,3.886
Millet,Millet (Pearl/Bajra),Traditional,28.63,23.49,36.11,521.06,49.18,9.97,90,7.45,43.45,25.95,26.5,2.93,Black,45.07,Sprinkler,Kharif,Maize,8.2,37.38,20.97,16.47,1,3.047
Maize,Maize (Popcorn),HYV,26.44,20.57,34.75,556.13,63.19,7.58,96,6.76,85.65,46.02,49.82,2.98,Loamy,52.86,Rainfed,Kharif,Millet,7.97,57.15,31.2,29.1,0,3.798
Maize,Maize (Popcorn),Hybrid,23.37,16.76,32.71,511.75,62.92,7.82,97,6.29,90.7,42.45,46.14,4.5,Alluvial,64.58,Sprinkler,Kharif,Wheat,9.01,92.81,51.81,47.97,1,7.8
Maize,Maize (Popcorn),HYV,24.21,16.5,32.25,631.91,59.84,8.29,91,6.86,99.23,54.87,42.26,4.3,Alluvial,69.56,Sprinkler,Rabi,Pulses,9.39,91.71,56.05,46.92,1,5.716
Soybean,Soybean (Food Grade),Traditional,28.6,23.44,36.73,849.76,68.21,6.48,98,6.36,28.89,51.35,36.75,2.54,Red,72.05,Rainfed,Kharif,Sugarcane,7.13,20.15,30.68,21.69,1,2.231
Maize,Maize (Popcorn),HYV,22.48,16.45,29.88,666.1,58.01,8.13,91,6.9,88.62,44.82,43.44,3.33,Alluvial,53.15,Drip,Kharif,Soybean,3.82,93.54,53.12,42.71,1,7.334
Rice,Rice (Non-Basmati),Hybrid,26.97,20.74,37.27,1416.85,77.65,7.84,116,6.29,96.97,44.84,46.55,4.96,Loamy,74.2,Flood,Kharif,Sugarcane,7.97,129.66,51.39,58.07,1,9.1
Maize,Maize (Feed Corn),Traditional,27.05,20.27,36.59,801.37,63.92,6.23,116,7.46,127.69,77.11,59.18,2.76,Red,75.57,Flood,Kharif,Sugarcane,15.19,107.76,59.53,41.61,1,5.968
Soybean,Soybean (Food Grade),Traditional,28.09,22.72,37.07,715.0,66.39,8.86,102,6.83,27.57,46.37,33.12,3.59,Black,50.76,Flood,Kharif,Cotton,3.28,18.66,41.04,25.32,1,2.137
Rice,Rice (Basmati),Hybrid,29.63,22.73,36.9,1322.13,84.61,6.21,148,7.12,76.21,34.14,32.04,2.13,Loamy,74.49,Sprinkler,Kharif,Rice,12.39,83.66,43.57,38.9,1,3.901
Millet,Millet (Pearl/Bajra),Hybrid,29.18,22.81,39.72,334.77,43.03,9.7,66,6.27,47.85,23.42,28.61,1.61,Loamy,40.38,Sprinkler,Kharif,Cotton,9.97,64.18,29.96,23.2,0,2.895
Maize,Maize (Feed Corn),Hybrid,27.17,21.57,36.9,743.89,71.04,8.83,95,7.24,129.08,71.65,67.16,4.93,Clayey,72.21,Flood,Kharif,Millet,14.93,158.63,69.62,62.06,1,8.673
Millet,Millet (Foxtail),Traditional,29.24,22.33,40.14,387.28,46.23,9.61,70,6.49,30.83,19.34,15.27,2.08,Red,36.88,Drip,Rabi,Rice,18.98,27.13,17.83,13.96,1,2.227
Maize,Maize (Popcorn),HYV,22.28,14.59,31.87,538.07,68.53,8.83,99,6.0,87.83,49.27,49.53,3.87,Loamy,67.23,Sprinkler,Rabi,Millet,7.29,87.09,56.65,47.77,1,4.291
Maize,Maize (Sweet Corn),Hybrid,24.09,17.13,34.52,635.91,72.8,8.55,91,6.17,115.6,69.86,59.38,3.9,Black,63.47,Drip,Rabi,Sugarcane,4.58,116.83,74.64,57.93,1,7.772
Rice,Rice (Sona Masuri),HYV,28.28,20.33,37.86,1296.75,80.24,8.55,137,5.73,88.29,42.7,35.05,3.84,Alluvial,78.44,Flood,Kharif,Soybean,5.95,87.48,36.55,43.23,1,5.933
Wheat,Wheat (Common),Traditional,21.96,16.76,30.28,507.72,65.87,7.06,112,6.43,86.42,41.01,37.74,2.19,Red,54.43,Sprinkler,Rabi,Wheat,11.27,77.95,38.19,31.13,1,3.484
Rice,Rice (Sona Masuri),Hybrid,27.76,20.47,35.8,1236.63,80.5,7.96,137,6.61,74.36,40.23,42.06,3.51,Desert,69.63,Sprinkler,Kharif,Soybean,13.39,89.79,48.53,45.11,1,6.061
Maize,Maize (Popcorn),HYV,25.02,19.46,34.63,686.42,65.98,7.79,96,5.81,84.36,42.61,42.94,2.51,Alluvial,55.27,Drip,Rabi,Maize,4.16,92.07,47.99,44.14,1,6.567
Soybean,Soybean (Oil Grade),Hybrid,25.55,19.21,33.89,913.2,65.42,6.91,100,6.61,27.66,64.07,41.7,3.03,Black,77.96,Sprinkler,Kharif,Pulses,19.07,24.56,74.63,47.53,1,3.813
Wheat,Wheat (Sharbati),Traditional,21.73,16.5,33.2,452.14,64.8,8.56,118,6.73,80.33,48.15,33.32,3.45,Loamy,41.62,Drip,Rabi,Soybean,5.16,71.7,35.66,24.5,0,4.934
Soybean,Soybean (Food Grade),HYV,27.13,20.1,37.61,658.73,67.53,6.84,96,6.53,20.41,56.58,34.17,3.8,Red,66.4,Sprinkler,Kharif,Soybean,16.63,17.76,36.21,29.27,1,2.296
Maize,Maize (Sweet Corn),Traditional,25.85,18.08,36.35,630.83,63.15,6.03,84,6.36,100.36,61.27,53.49,2.29,Loamy,73.9,Sprinkler,Rabi,Soybean,3.21,94.96,58.27,41.21,1,7.8
Rice,Rice (Basmati),HYV,25.68,20.48,37.56,1478.5,70.91,7.33,149,6.71,67.8,33.93,36.16,2.37,Loamy,74.49,Sprinkler,Kharif,Maize,6.83,76.32,34.5,33.25,1,4.659
Wheat,Wheat (Sharbati),Hybrid,21.24,14.82,31.35,568.21,64.74,7.55,115,7.0,98.94,43.18,32.43,2.73,Loamy,62.11,Rainfed,Rabi,Millet,19.24,89.64,53.28,34.3,1,3.08
Rice,Rice (Basmati),HYV,25.37,18.98,35.45,1047.52,84.26,8.94,146,6.57,69.27,30.89,36.09,2.86,Alluvial,64.01,Sprinkler,Kharif,Rice,4.77,65.52,32.17,32.54,1,6.5
Rice,Rice (Sona Masuri),HYV,29.96,23.5,40.62,1152.56,75.21,8.52,120,6.96,82.96,39.32,41.28,2.31,Loamy,72.85,Flood,Kharif,Sugarcane,4.5,73.91,41.36,40.76,1,5.217
Millet,Millet (Sorghum/Jowar),Traditional,30.51,24.22,41.64,552.91,67.78,9.0,106,7.24,68.14,35.09,31.26,3.12,Red,45.27,Sprinkler,Kharif,Sugarcane,5.06,58.18,24.13,22.94,1,3.152
Maize,Maize (Popcorn),Hybrid,22.52,16.97,34.19,695.81,68.82,8.67,91,6.73,98.02,55.03,45.81,3.39,Alluvial,59.27,Sprinkler,Rabi,Millet,6.13,104.82,47.07,52.9,1,7.8
Soybean,Soybean (Food Grade),Hybrid,24.81,17.76,32.98,721.02,64.16,6.08,92,6.35,27.62,40.63,33.65,2.19,Alluvial,64.19,Sprinkler,Kharif,Wheat,15.19,20.2,51.14,28.65,1,3.333
Soybean,Soybean (Oil Grade),HYV,26.34,20.87,35.45,813.46,65.23,7.36,96,7.09,27.17,53.53,44.85,3.13,Sandy,61.49,Rainfed,Kharif,Fallow,19.37,26.44,60.43,39.52,0,2.114
Maize,Maize (Popcorn),HYV,25.12,19.82,33.33,638.2,66.7,8.61,102,6.16,82.89,53.88,46.65,2.9,Desert,53.24,Drip,Rabi,Sugarcane,19.7,88.08,41.55,44.05,1,5.438
Millet,Millet (Finger/Ragi),HYV,27.7,20.37,34.89,699.47,69.22,7.26,114,5.85,35.68,29.21,23.18,3.11,Loamy,40.62,Sprinkler,Kharif,Soybean,17.62,32.9,28.85,20.26,0,2.05
Wheat,Wheat (Sharbati),Hybrid,21.79,15.51,31.02,548.2,57.42,7.94,123,6.03,91.75,41.42,38.58,3.97,Alluvial,51.44,Sprinkler,Rabi,Wheat,0.72,104.82,48.94,36.07,1,4.733
Wheat,Wheat (Common),Traditional,18.73,11.88,26.13,420.69,62.2,8.91,113,7.33,81.06,47.17,31.4,3.09,Sandy,59.91,Sprinkler,Zaid,Sugarcane,18.16,64.08,37.15,31.33,1,4.698
Rice,Rice (Non-Basmati),Traditional,27.05,19.75,36.05,1352.92,82.89,8.73,118,6.37,119.02,55.32,46.32,3.86,Clayey,66.24,Sprinkler,Kharif,Millet,2.55,99.66,53.08,47.69,1,5.32
Soybean,Soybean (Oil Grade),HYV,28.12,20.97,39.36,916.59,65.17,8.24,112,6.41,26.62,68.96,43.41,3.8,Desert,69.04,Sprinkler,Kharif,Sugarcane,13.25,29.5,61.24,42.13,1,4.036
Maize,Maize (Sweet Corn),Traditional,23.26,16.81,33.52,618.58,60.96,8.05,100,6.79,118.99,55.55,54.37,2.17,Black,63.03,Sprinkler,Rabi,Cotton,2.53,72.28,35.52,31.42,1,3.849
Rice,Rice (Basmati),Hybrid,25.11,18.36,36.32,1274.49,73.29,6.1,148,6.54,72.96,31.23,38.89,3.51,Loamy,71.23,Sprinkler,Kharif,Wheat,14.42,78.16,38.72,34.57,0,4.326
Millet,Millet (Finger/Ragi),Traditional,31.14,23.52,42.86,410.27,68.01,8.08,116,6.81,40.81,25.57,19.18,1.93,Black,48.82,Sprinkler,Kharif,Pulses,7.66,39.83,23.56,13.01,1,2.125
Millet,Millet (Pearl/Bajra),Hybrid,28.69,21.53,36.73,285.85,41.42,8.01,90,7.21,52.07,28.11,28.62,1.01,Red,48.87,Sprinkler,Kharif,Wheat,16.94,59.49,25.66,23.85,1,1.238
Maize,Maize (Feed Corn),Hybrid,28.92,21.18,36.32,688.38,79.49,6.16,116,6.6,124.16,77.77,61.08,3.16,Black,69.29,Flood,Kharif,Cotton,0.83,114.9,72.66,63.52,1,11.433
Wheat,Wheat (Sharbati),Traditional,17.83,12.7,27.17,468.56,61.65,8.62,130,6.09,87.27,44.05,31.26,3.17,Black,41.01,Rainfed,Rabi,Maize,12.88,67.23,38.01,24.07,1,4.174
Millet,Millet (Sorghum/Jowar),Hybrid,29.71,22.91,39.85,422.19,67.39,8.45,118,6.55,68.96,37.59,31.68,3.01,Loamy,47.84,Rainfed,Kharif,Sugarcane,14.45,82.6,33.04,32.05,1,2.573
Soybean,Soybean (Oil Grade),HYV,28.47,21.38,36.06,685.62,68.96,6.86,97,7.36,21.96,66.74,35.09,3.96,Black,61.24,Rainfed,Kharif,Wheat,3.19,24.13,55.31,36.88,0,3.503
Maize,Maize (Popcorn),Traditional,24.15,16.86,31.29,547.62,65.68,6.45,86,6.42,97.63,40.2,47.84,3.43,Alluvial,59.38,Flood,Kharif,Wheat,5.46,65.78,33.0,36.01,1,4.544
Soybean,Soybean (Food Grade),Traditional,28.74,22.24,40.55,649.38,79.74,6.27,97,7.15,26.2,52.28,39.89,2.54,Red,61.88,Rainfed,Kharif,Maize,18.65,18.52,39.56,24.29,0,2.614
Maize,Maize (Feed Corn),HYV,25.41,18.81,36.88,747.04,74.21,6.61,97,7.43,124.79,72.66,51.52,3.54,Red,66.01,Flood,Kharif,Pulses,10.08,145.55,63.55,66.28,1,7.306
Maize,Maize (Feed Corn),HYV,25.29,18.78,34.97,665.71,71.72,8.21,115,7.2,128.42,62.45,61.85,2.84,Black,60.04,Flood,Kharif,Fallow,16.23,126.81,75.64,54.29,1,6.536
Wheat,Wheat (Common),Traditional,20.17,14.68,29.15,538.05,54.2,8.45,124,7.04,87.81,40.7,31.36,2.99,Alluvial,51.26,Sprinkler,Rabi,Maize,9.37,64.15,36.48,31.86,1,4.933
Millet,Millet (Foxtail),HYV,29.94,22.4,40.06,331.29,56.68,8.38,61,5.75,37.63,17.6,18.39,2.34,Loamy,49.14,Rainfed,Rabi,Fallow,15.18,32.78,15.87,13.58,1,1.607
Wheat,Wheat (Common),Hybrid,19.52,13.04,31.48,527.26,66.12,8.94,118,6.65,89.12,48.85,37.25,1.93,Laterite,68.19,Drip,Rabi,Soybean,9.06,98.97,47.25,33.53,1,4.309
Maize,Maize (Sweet Corn),HYV,27.99,22.56,39.62,702.66,67.0,7.03,80,6.81,100.68,60.71,53.01,2.08,Black,72.23,Sprinkler,Zaid,Sugarcane,1.06,102.82,53.85,47.92,1,4.091
Wheat,Wheat (Sharbati),HYV,20.44,12.62,27.74,565.05,55.12,7.36,118,6.08,80.42,47.4,30.56,2.63,Desert,43.4,Sprinkler,Rabi,Fallow,3.77,88.97,49.24,37.03,1,3.441
Wheat,Wheat (Sharbati),Hybrid,20.8,14.54,31.48,542.82,60.85,9.57,135,6.85,87.48,42.33,34.79,2.37,Laterite,46.13,Drip,Rabi,Millet,5.4,90.35,52.32,33.26,1,5.628
Rice,Rice (Sona Masuri),Hybrid,27.26,20.73,39.16,1025.47,73.0,7.88,125,5.87,80.43,35.24,39.32,3.43,Red,64.55,Sprinkler,Kharif,Rice,19.28,77.2,47.03,39.12,1,5.583
Maize,Maize (Feed Corn),HYV,25.24,18.86,32.62,556.76,70.15,8.72,107,5.65,131.11,69.26,66.66,2.97,Loamy,57.21,Flood,Rabi,Wheat,4.98,134.67,73.69,66.17,1,4.659
Rice,Rice (Sona Masuri),Traditional,27.61,20.31,35.25,1309.15,77.22,8.58,134,6.44,74.11,40.27,42.8,2.62,Loamy,69.83,Sprinkler,Kharif,Wheat,10.72,49.9,25.44,28.94,1,4.288
Maize,Maize (Sweet Corn),HYV,23.04,15.54,32.36,515.19,69.39,8.18,83,6.77,110.05,69.9,53.32,2.62,Laterite,62.49,Sprinkler,Kharif,Fallow,17.47,104.6,50.24,54.74,1,5.157
Wheat,Wheat (Sharbati),HYV,18.5,10.57,28.09,443.57,61.63,9.28,119,6.53,89.47,43.42,35.77,2.62,Loamy,44.43,Drip,Zaid,Pulses,17.79,96.55,42.29,30.46,1,4.859
Rice,Rice (Non-Basmati),Traditional,26.76,20.58,38.01,1553.13,80.13,7.78,133,6.18,98.08,42.04,41.46,3.39,Alluvial,72.54,Drip,Zaid,Pulses,14.39,88.35,40.39,35.56,0,4.464
Rice,Rice (Sona Masuri),Hybrid,28.2,22.12,38.45,1188.05,84.45,7.06,139,5.84,87.05,37.05,41.62,4.42,Alluvial,77.63,Rainfed,Kharif,Millet,4.94,95.22,42.84,48.91,1,7.135
Wheat,Wheat (Durum),HYV,18.71,13.23,28.84,564.35,53.08,9.56,134,7.41,95.44,55.29,39.12,2.95,Black,54.87,Flood,Rabi,Millet,15.17,81.2,58.45,38.89,1,4.821
Rice,Rice (Non-Basmati),HYV,31.75,26.13,42.03,1121.7,71.33,7.66,126,6.22,86.83,57.34,47.88,4.77,Black,86.19,Sprinkler,Kharif,Rice,19.9,115.42,41.33,59.06,0,5.593
Wheat,Wheat (Sharbati),Traditional,19.2,11.48,29.86,549.23,51.3,8.85,130,6.81,92.36,47.69,39.68,3.4,Black,53.62,Sprinkler,Rabi,Soybean,19.84,66.68,38.44,30.29,1,4.114
Wheat,Wheat (Durum),Hybrid,19.22,11.45,29.01,555.3,58.71,7.17,121,6.48,92.85,52.15,35.84,2.81,Black,49.54,Flood,Rabi,Rice,15.28,88.62,52.03,35.67,0,5.011
Maize,Maize (Sweet Corn),Traditional,27.69,20.58,39.31,648.76,69.09,7.55,84,6.37,101.2,55.3,59.61,4.3,Loamy,50.12,Sprinkler,Kharif,Soybean,10.33,82.7,52.9,34.78,1,7.508
Soybean,Soybean (Oil Grade),Traditional,29.06,23.68,37.99,848.48,79.4,6.14,119,6.81,26.68,53.16,40.35,3.3,Red,63.56,Sprinkler,Kharif,Cotton,18.69,23.57,46.68,33.95,0,3.994
Wheat,Wheat (Common),HYV,19.74,13.92,28.58,597.81,68.12,9.09,127,6.73,83.78,41.17,39.18,1.62,Black,66.93,Sprinkler,Rabi,Maize,6.28,70.49,34.2,25.62,0,5.309
Maize,Maize (Feed Corn),Traditional,23.56,16.45,34.22,569.87,71.93,7.87,105,6.17,123.33,72.31,69.33,2.39,Black,75.47,Flood,Kharif,Maize,2.74,96.76,53.86,36.27,1,8.082
Millet,Millet (Finger/Ragi),Traditional,28.0,20.04,39.97,632.05,55.98,7.6,114,6.18,40.57,26.39,20.26,3.32,Loamy,54.0,Rainfed,Kharif,Fallow,5.53,26.13,17.23,17.66,1,2.833
Wheat,Wheat (Sharbati),Hybrid,18.18,12.85,29.85,430.68,61.01,8.49,131,6.66,81.78,44.54,37.91,2.16,Alluvial,55.16,Drip,Rabi,Pulses,2.26,102.11,48.27,37.43,1,4.638
Millet,Millet (Pearl/Bajra),HYV,28.4,23.12,35.77,336.78,57.28,8.11,66,6.75,52.42,24.14,22.13,2.76,Desert,53.74,Rainfed,Kharif,Cotton,11.81,46.17,25.14,21.74,1,2.171
Millet,Millet (Sorghum/Jowar),Hybrid,29.15,22.14,39.75,622.52,66.91,7.46,109,6.15,67.98,33.09,33.2,3.17,Red,47.72,Flood,Kharif,Cotton,5.25,85.46,40.75,34.91,0,2.97
Wheat,Wheat (Common),HYV,21.35,16.13,32.17,484.89,64.07,7.4,114,7.32,88.12,48.93,38.95,2.65,Loamy,68.41,Flood,Rabi,Soybean,2.31,94.75,48.75,39.71,1,4.861
Millet,Millet (Finger/Ragi),Hybrid,30.34,24.43,41.01,408.65,66.16,8.17,111,6.36,35.26,21.31,15.05,1.75,Red,54.98,Sprinkler,Kharif,Cotton,8.6,32.38,24.94,17.01,1,2.696
Soybean,Soybean (Oil Grade),Hybrid,27.26,20.58,35.69,835.41,70.54,8.88,99,7.16,28.27,69.45,36.87,3.61,Alluvial,58.76,Rainfed,Kharif,Wheat,9.44,32.35,62.96,43.22,0,2.376
Maize,Maize (Feed Corn),Traditional,25.42,18.08,37.32,578.43,75.78,8.76,116,6.31,134.55,71.82,63.55,2.39,Alluvial,73.72,Flood,Rabi,Sugarcane,17.84,76.74,41.68,36.23,1,6.002
Wheat,Wheat (Durum),Hybrid,19.97,13.81,28.4,649.7,51.47,8.93,123,6.67,88.87,40.17,36.68,2.85,Red,57.44,Drip,Rabi,Fallow,14.35,83.96,45.78,28.61,1,5.453
Wheat,Wheat (Sharbati),Hybrid,19.94,12.85,28.25,419.94,57.99,7.03,124,6.3,94.58,43.09,36.6,3.03,Black,54.81,Drip,Rabi,Soybean,4.14,96.47,53.01,42.04,1,6.079
Maize,Maize (Sweet Corn),Traditional,22.28,14.66,31.71,574.4,60.48,7.59,81,6.42,104.58,53.98,40.4,3.76,Loamy,55.01,Flood,Kharif,Maize,19.4,92.42,41.91,44.49,0,4.813
Rice,Rice (Sona Masuri),HYV,30.49,24.6,39.43,1378.85,73.02,7.74,125,6.66,72.59,39.37,41.99,3.02,Red,61.46,Flood,Kharif,Soybean,17.55,85.49,37.08,39.12,1,4.736
Wheat,Wheat (Sharbati),Traditional,20.26,12.59,27.86,436.52,54.94,8.95,124,6.11,80.6,44.06,31.73,3.49,Alluvial,48.84,Drip,Rabi,Fallow,17.35,76.51,32.18,26.42,1,4.024
Millet,Millet (Foxtail),Hybrid,31.27,24.44,40.14,345.17,53.08,8.52,60,6.3,30.97,24.99,17.26,2.83,Loamy,56.32,Rainfed,Kharif,Wheat,2.68,30.23,14.46,14.25,1,2.3
Millet,Millet (Pearl/Bajra),Hybrid,29.29,22.46,40.91,283.38,42.1,8.38,71,6.11,47.46,23.9,21.87,1.97,Sandy,36.98,Sprinkler,Kharif,Sugarcane,6.73,48.62,25.15,32.69,1,2.352
Maize,Maize (Popcorn),HYV,25.15,19.19,33.56,648.97,57.92,7.95,94,6.28,82.04,48.52,41.91,2.37,Alluvial,57.65,Sprinkler,Kharif,Soybean,9.83,95.03,53.06,46.97,0,6.262
Millet,Millet (Foxtail),Traditional,28.92,23.45,37.81,409.8,53.36,8.73,78,6.44,35.07,21.87,17.97,1.65,Loamy,48.27,Flood,Zaid,Maize,9.12,24.37,14.73,15.85,1,1.863
Wheat,Wheat (Durum),Hybrid,22.86,15.27,31.64,534.3,58.39,9.58,125,6.99,99.55,56.4,37.77,3.61,Alluvial,52.03,Flood,Kharif,Rice,5.46,96.64,50.65,37.29,1,4.709
Wheat,Wheat (Common),Hybrid,18.66,12.18,29.53,440.98,66.1,9.5,113,6.28,91.62,47.78,34.61,3.6,Loamy,56.86,Flood,Rabi,Sugarcane,19.28,70.39,37.41,23.85,1,7.17
Wheat,Wheat (Sharbati),HYV,20.09,14.63,31.17,527.22,58.04,9.25,133,6.92,83.64,48.32,36.28,3.96,Alluvial,58.2,Sprinkler,Rabi,Wheat,3.76,89.43,40.24,39.76,0,5.444
Maize,Maize (Sweet Corn),HYV,27.39,20.55,36.9,599.77,61.78,6.73,92,6.84,111.86,69.48,52.91,2.94,Black,71.31,Sprinkler,Rabi,Millet,15.69,114.85,67.94,47.0,1,6.453
Wheat,Wheat (Sharbati),Traditional,19.17,11.29,26.64,558.27,52.87,8.52,135,6.4,96.32,44.64,36.07,2.86,Black,49.9,Drip,Rabi,Wheat,17.81,68.78,35.92,30.1,0,3.531
Rice,Rice (Sona Masuri),HYV,28.65,22.6,40.0,1360.29,74.89,6.28,122,6.53,70.01,35.6,39.33,4.4,Laterite,82.27,Flood,Kharif,Millet,3.14,79.5,37.09,35.91,1,5.43
Soybean,Soybean (Oil Grade),Hybrid,25.39,20.16,35.52,748.81,71.59,8.21,98,6.44,24.75,64.67,35.4,4.27,Red,68.07,Sprinkler,Kharif,Millet,0.76,38.23,77.84,50.58,0,2.741
Millet,Millet (Finger/Ragi),HYV,26.89,21.7,37.89,562.62,58.14,7.99,101,5.03,47.49,25.79,17.6,2.69,Black,63.23,Sprinkler,Kharif,Wheat,3.08,41.03,29.9,20.25,1,3.256
Maize,Maize (Sweet Corn),Traditional,22.47,16.55,30.23,790.77,64.87,7.49,85,6.12,119.24,60.71,51.64,4.68,Black,56.86,Drip,Rabi,Soybean,16.51,93.53,55.76,32.54,1,9.183
Rice,Rice (Basmati),Traditional,25.17,19.08,35.83,1410.19,74.7,8.4,143,6.13,77.65,38.04,35.05,4.9,Desert,70.44,Drip,Kharif,Cotton,19.61,58.99,24.74,24.23,1,3.231
Maize,Maize (Feed Corn),Traditional,24.36,18.2,34.59,673.17,74.59,7.95,107,6.94,127.56,71.69,68.7,3.07,Alluvial,69.23,Sprinkler,Rabi,Wheat,1.79,109.48,61.4,46.56,1,5.638
Millet,Millet (Sorghum/Jowar),HYV,31.6,25.62,43.58,672.07,59.83,8.6,103,6.59,69.98,33.44,29.25,3.1,Alluvial,52.67,Drip,Rabi,Rice,6.87,62.78,30.69,31.01,1,4.048
Wheat,Wheat (Durum),Hybrid,21.91,14.51,30.19,450.83,58.47,9.06,123,6.67,86.04,49.49,30.15,1.68,Black,49.07,Sprinkler,Rabi,Sugarcane,7.5,74.81,33.03,23.66,0,5.989
Soybean,Soybean (Food Grade),Traditional,29.17,22.02,38.63,648.45,69.68,6.28,102,7.04,24.84,51.54,33.96,2.28,Laterite,62.75,Sprinkler,Kharif,Rice,0.5,21.14,39.81,30.88,0,1.862
Rice,Rice (Sona Masuri),Hybrid,26.59,21.41,35.14,1054.64,77.89,7.56,136,6.62,89.43,43.78,36.18,2.85,Loamy,66.4,Sprinkler,Kharif,Maize,10.36,95.31,43.59,43.28,1,7.373
Millet,Millet (Pearl/Bajra),Hybrid,28.09,22.67,36.48,279.39,40.92,10.82,68,7.19,50.77,22.86,26.48,1.65,Loamy,41.44,Sprinkler,Kharif,Rice,14.86,55.96,32.86,26.21,1,1.347
Soybean,Soybean (Oil Grade),HYV,27.28,20.61,38.48,694.23,68.85,7.76,118,6.34,24.14,69.3,42.04,4.08,Laterite,60.02,Drip,Kharif,Millet,11.55,17.01,41.03,30.37,1,2.907
Maize,Maize (Feed Corn),Traditional,28.68,22.0,38.13,775.63,68.34,7.48,111,5.64,148.96,66.03,51.81,2.55,Red,58.86,Sprinkler,Kharif,Fallow,6.84,97.7,53.51,53.1,1,7.312
Maize,Maize (Popcorn),Traditional,23.07,17.57,34.04,681.68,64.22,8.8,98,6.0,98.18,52.94,45.58,3.85,Loamy,55.63,Flood,Zaid,Rice,0.85,65.43,28.92,33.57,1,4.424
Maize,Maize (Sweet Corn),Traditional,22.52,16.78,31.29,634.38,66.96,8.66,100,6.3,107.72,52.55,47.62,3.13,Black,65.52,Drip,Kharif,Pulses,1.33,82.33,50.64,36.49,1,6.833
Soybean,Soybean (Oil Grade),Hybrid,25.39,17.73,36.31,940.28,68.41,6.88,98,6.64,27.19,50.86,41.15,2.47,Alluvial,66.84,Sprinkler,Kharif,Wheat,6.71,22.15,59.71,43.58,0,4.274
Maize,Maize (Sweet Corn),HYV,22.4,15.52,32.74,590.15,61.35,7.51,90,6.28,108.86,58.12,46.75,4.3,Black,70.5,Drip,Kharif,Rice,5.96,100.68,65.04,57.97,1,6.884
Maize,Maize (Popcorn),HYV,23.13,15.59,33.86,652.65,60.34,7.66,104,6.84,93.84,53.34,49.84,3.33,Alluvial,51.46,Sprinkler,Kharif,Fallow,2.88,96.85,42.86,41.52,1,3.932
Rice,Rice (Basmati),Hybrid,27.75,21.88,37.82,1176.9,75.0,6.11,141,7.18,65.0,34.17,33.5,4.58,Loamy,63.16,Sprinkler,Rabi,Pulses,4.93,77.69,35.21,36.13,1,4.651
Wheat,Wheat (Common),Hybrid,19.2,13.53,26.69,487.22,63.02,8.88,126,6.45,80.27,40.26,30.47,1.82,Red,57.13,Flood,Rabi,Pulses,9.14,103.13,48.21,36.42,1,4.913
Millet,Millet (Foxtail),HYV,29.29,21.96,40.46,528.61,52.57,8.76,77,6.49,38.78,21.56,15.36,2.68,Black,54.08,Rainfed,Kharif,Cotton,14.81,32.12,14.55,13.88,1,1.771
Millet,Millet (Sorghum/Jowar),Hybrid,30.42,23.77,40.3,408.57,64.76,8.1,109,7.84,63.7,32.65,29.18,2.99,Loamy,48.0,Drip,Rabi,Maize,3.5,82.58,40.51,29.22,0,4.267
Soybean,Soybean (Food Grade),HYV,29.89,22.91,38.73,777.19,61.36,6.49,93,6.08,27.12,58.14,37.67,3.15,Sandy,72.9,Sprinkler,Kharif,Pulses,5.54,24.13,34.03,33.59,1,3.894
Millet,Millet (Finger/Ragi),HYV,27.01,20.12,36.63,697.8,68.93,8.18,121,6.03,32.98,27.71,16.5,2.98,Red,42.54,Rainfed,Kharif,Fallow,9.16,35.44,25.07,22.82,1,2.52
Wheat,Wheat (Common),Traditional,20.75,15.13,32.55,558.22,68.37,9.85,119,6.07,91.39,47.52,31.16,3.78,Clayey,47.35,Flood,Kharif,Cotton,7.27,75.83,34.82,27.25,1,3.625
Rice,Rice (Sona Masuri),HYV,27.97,22.68,37.79,1145.33,73.04,7.79,131,6.12,74.06,41.98,36.24,4.37,Alluvial,62.25,Drip,Rabi,Fallow,3.94,76.22,40.76,35.28,1,5.201
Millet,Millet (Pearl/Bajra),Hybrid,30.66,23.5,38.87,475.0,51.69,8.29,70,6.47,45.03,27.91,29.74,1.46,Loamy,31.72,Sprinkler,Kharif,Pulses,18.6,62.06,31.88,27.59,0,2.941
Maize,Maize (Popcorn),Hybrid,22.77,15.06,33.46,669.51,56.81,8.79,98,6.19,94.68,43.4,46.21,2.19,Loamy,51.55,Sprinkler,Kharif,Wheat,3.93,96.6,46.96,50.19,0,5.217
Soybean,Soybean (Oil Grade),HYV,27.96,21.32,35.78,849.88,68.47,8.75,115,6.84,22.48,68.23,35.21,2.33,Alluvial,64.18,Sprinkler,Rabi,Sugarcane,8.84,16.58,47.07,31.02,1,3.43
Maize,Maize (Feed Corn),HYV,23.77,18.62,31.98,711.59,75.04,8.94,98,7.12,139.54,62.4,56.07,4.65,Alluvial,58.04,Flood,Kharif,Millet,17.09,180.41,82.82,66.38,1,10.446
Wheat,Wheat (Common),HYV,19.4,14.29,29.27,452.16,52.38,8.81,118,7.11,90.79,49.49,33.89,1.51,Alluvial,40.59,Rainfed,Kharif,Millet,14.9,88.23,46.26,35.52,0,3.183
Soybean,Soybean (Oil Grade),HYV,26.66,19.18,35.83,930.3,73.99,8.92,102,6.95,25.45,61.78,35.35,4.22,Alluvial,65.33,Rainfed,Kharif,Wheat,15.02,23.66,65.79,35.35,1,4.207
Soybean,Soybean (Food Grade),HYV,28.29,22.73,38.45,757.04,68.63,7.35,103,7.06,28.79,55.98,33.54,2.16,Black,71.29,Rainfed,Kharif,Fallow,13.14,25.71,59.25,39.09,0,3.401
Wheat,Wheat (Sharbati),HYV,21.52,16.39,32.27,543.53,51.09,7.56,125,6.65,94.2,42.82,31.2,4.0,Loamy,50.47,Drip,Rabi,Maize,19.05,80.49,44.19,33.84,1,5.678
Wheat,Wheat (Durum),HYV,18.75,12.87,27.74,598.85,69.11,9.76,121,7.5,87.84,45.09,31.84,2.79,Black,60.15,Flood,Zaid,Rice,16.28,85.39,57.66,37.6,1,3.527
Rice,Rice (Basmati),Hybrid,27.01,19.47,35.74,1327.31,80.64,7.76,133,6.47,69.19,32.37,36.27,2.9,Clayey,84.2,Flood,Kharif,Cotton,16.92,80.42,33.09,41.58,1,3.905
Wheat,Wheat (Common),Traditional,21.92,16.23,30.12,547.72,54.96,8.19,120,6.03,96.75,45.12,33.13,2.5,Loamy,41.67,Sprinkler,Rabi,Rice,4.17,57.89,32.87,22.15,1,5.374
Millet,Millet (Pearl/Bajra),Hybrid,32.06,26.57,41.05,399.26,52.3,10.67,71,7.24,58.32,26.72,21.47,1.35,Black,36.87,Sprinkler,Kharif,Fallow,14.07,71.55,32.43,31.83,1,1.697
Wheat,Wheat (Sharbati),Traditional,18.14,13.14,27.69,553.11,51.88,8.6,124,6.76,84.23,47.21,39.37,2.79,Loamy,48.06,Drip,Rabi,Millet,11.12,75.86,32.27,27.54,1,4.688
Wheat,Wheat (Sharbati),Traditional,17.58,10.25,26.53,538.61,54.4,9.08,123,6.63,99.38,40.0,36.74,3.82,Black,61.44,Drip,Kharif,Maize,13.74,78.76,39.05,26.52,1,3.007
Wheat,Wheat (Common),HYV,19.04,12.74,27.02,401.91,56.99,7.45,112,7.25,82.3,40.92,39.02,3.36,Alluvial,41.59,Flood,Rabi,Cotton,19.37,60.63,31.95,21.99,1,4.139
Rice,Rice (Basmati),HYV,27.22,20.36,38.07,1051.98,84.44,8.67,144,7.23,70.37,34.62,33.14,3.74,Alluvial,78.25,Flood,Kharif,Soybean,17.27,64.84,34.83,38.87,1,4.454
Soybean,Soybean (Food Grade),Traditional,28.26,22.85,37.8,609.2,65.96,6.54,106,6.03,21.57,50.45,39.29,2.33,Loamy,50.1,Rainfed,Zaid,Soybean,15.2,19.61,32.1,31.68,1,1.509
Wheat,Wheat (Sharbati),Traditional,17.64,9.68,29.54,572.97,51.36,9.52,133,6.19,85.24,46.89,38.03,3.7,Loamy,53.6,Sprinkler,Rabi,Millet,15.2,62.31,32.77,22.04,1,4.69
Millet,Millet (Foxtail),Traditional,30.73,23.55,42.27,435.82,48.11,7.82,74,5.65,30.73,21.18,18.49,2.84,Sandy,58.94,Sprinkler,Zaid,Millet,19.22,26.76,13.4,11.29,1,1.638
Rice,Rice (Sona Masuri),Traditional,30.15,24.17,41.93,1186.38,84.34,8.64,127,6.49,78.44,42.31,42.24,3.58,Loamy,79.91,Flood,Kharif,Rice,18.15,59.42,23.97,26.92,0,6.535
Millet,Millet (Pearl/Bajra),Hybrid,31.86,26.12,39.86,462.44,52.74,10.28,89,6.9,40.37,29.1,23.86,1.76,Black,38.15,Sprinkler,Kharif,Wheat,1.43,40.98,19.35,20.81,1,2.002
Wheat,Wheat (Sharbati),Hybrid,21.37,15.2,30.03,577.67,52.32,7.65,128,6.56,91.82,43.23,36.37,2.41,Alluvial,58.94,Sprinkler,Rabi,Rice,2.05,109.03,44.12,34.24,1,5.41
Millet,Millet (Finger/Ragi),Hybrid,29.98,24.32,39.1,464.68,53.38,9.63,105,7.29,47.92,22.18,21.73,1.87,Red,57.04,Drip,Kharif,Maize,5.46,39.66,32.33,26.27,1,2.21
Wheat,Wheat (Common),Traditional,21.17,14.14,32.81,516.35,53.92,7.06,126,6.14,95.65,46.1,37.15,2.15,Red,46.64,Flood,Rabi,Maize,8.51,67.54,28.39,22.55,1,3.619
Wheat,Wheat (Common),Hybrid,18.07,12.04,28.73,414.4,60.15,8.56,115,6.64,89.59,46.74,31.86,3.75,Laterite,64.04,Flood,Rabi,Soybean,9.07,92.52,39.47,29.93,1,5.603
Wheat,Wheat (Durum),Traditional,20.53,14.36,31.85,605.45,54.85,7.14,138,6.37,95.35,48.28,33.36,1.93,Alluvial,68.36,Rainfed,Rabi,Pulses,18.73,65.74,32.16,30.97,1,2.838
Millet,Millet (Foxtail),Traditional,27.96,20.93,38.96,456.81,45.19,7.85,75,7.07,32.03,23.79,17.27,1.44,Loamy,54.64,Flood,Rabi,Soybean,7.25,29.1,12.46,13.85,1,1.354
Millet,Millet (Foxtail),Traditional,27.92,22.17,38.27,483.56,46.98,9.4,81,6.9,31.33,23.7,18.42,1.93,Loamy,48.5,Flood,Kharif,Soybean,8.61,30.79,17.52,13.46,1,1.787
Soybean,Soybean (Food Grade),HYV,25.51,19.04,33.09,773.35,79.25,8.25,102,6.99,25.75,53.13,30.59,3.27,Clayey,64.22,Rainfed,Zaid,Wheat,18.42,23.22,41.58,33.36,1,1.989
Millet,Millet (Foxtail),Hybrid,30.98,25.96,38.84,331.29,59.34,7.51,73,6.03,32.19,19.75,19.29,2.2,Red,56.06,Rainfed,Zaid,Millet,13.99,33.54,15.01,16.3,1,0.862
Millet,Millet (Finger/Ragi),Hybrid,26.39,19.44,34.6,530.61,55.74,8.34,114,6.67,47.25,24.81,15.16,2.93,Loamy,64.19,Rainfed,Kharif,Soybean,19.38,51.94,29.01,25.86,1,2.537
Millet,Millet (Foxtail),Hybrid,27.81,22.76,36.18,456.31,48.08,8.35,61,7.44,34.44,18.52,19.61,1.88,Sandy,58.9,Rainfed,Kharif,Maize,19.69,35.15,21.82,14.88,1,1.208
Rice,Rice (Basmati),Traditional,28.72,21.55,36.4,1418.04,72.32,6.9,147,7.09,77.77,30.62,34.5,2.61,Loamy,74.16,Flood,Kharif,Rice,16.81,56.99,25.37,25.58,1,3.343
Rice,Rice (Non-Basmati),Traditional,26.11,19.28,35.57,1198.01,89.91,8.69,140,6.0,107.06,42.52,57.16,2.75,Alluvial,74.04,Sprinkler,Kharif,Cotton,13.61,93.83,42.86,45.23,1,6.247
Soybean,Soybean (Food Grade),HYV,29.77,23.45,37.36,842.47,69.12,6.03,92,6.72,23.3,58.35,37.87,3.69,Loamy,57.06,Rainfed,Kharif,Soybean,8.64,27.52,47.96,33.1,1,3.316
Rice,Rice (Sona Masuri),Traditional,26.13,18.42,33.23,1011.85,72.48,7.88,138,6.01,72.27,43.82,41.15,3.99,Alluvial,69.29,Rainfed,Kharif,Cotton,18.05,71.12,33.88,33.12,1,2.938
Maize,Maize (Sweet Corn),Traditional,22.28,15.64,29.95,649.87,65.22,6.61,90,6.95,111.28,53.76,51.67,4.79,Alluvial,59.44,Sprinkler,Kharif,Cotton,13.38,95.56,52.07,37.84,1,7.246
Rice,Rice (Sona Masuri),Traditional,28.37,22.35,35.91,1304.59,83.77,6.65,136,5.84,77.05,42.29,41.11,2.2,Loamy,75.94,Sprinkler,Kharif,Fallow,4.82,66.86,29.17,30.06,0,3.979
Millet,Millet (Finger/Ragi),Traditional,26.09,20.33,36.57,601.18,50.18,7.21,110,7.18,40.18,24.35,22.59,2.22,Black,58.53,Flood,Zaid,Sugarcane,7.83,31.03,17.99,14.52,1,1.453
Millet,Millet (Sorghum/Jowar),HYV,32.31,24.47,43.16,589.47,51.32,8.91,129,7.03,78.28,33.71,30.34,2.07,Red,51.44,Rainfed,Kharif,Pulses,12.55,64.56,39.06,29.76,1,3.513
Maize,Maize (Sweet Corn),HYV,26.4,19.54,37.6,560.95,64.29,7.38,80,6.37,103.27,50.9,54.87,4.92,Loamy,74.46,Drip,Kharif,Fallow,1.62,73.53,43.39,41.66,0,9.288
Maize,Maize (Feed Corn),Hybrid,28.58,20.85,37.69,647.66,77.69,7.34,115,6.9,133.13,71.07,58.17,2.51,Black,67.12,Flood,Kharif,Soybean,12.48,170.43,95.94,73.05,1,8.781
Rice,Rice (Basmati),Traditional,29.29,22.26,40.48,1429.38,81.23,7.32,138,6.24,73.47,31.79,36.94,2.69,Alluvial,62.94,Drip,Kharif,Cotton,11.06,59.72,31.05,24.97,1,3.552
Rice,Rice (Non-Basmati),Hybrid,29.04,21.72,39.57,1159.45,81.82,8.91,129,7.21,108.1,55.48,45.64,2.86,Black,87.65,Sprinkler,Kharif,Rice,13.01,92.93,52.38,61.04,0,9.087
Rice,Rice (Basmati),Hybrid,26.55,20.58,37.2,1318.78,83.31,7.42,134,7.46,76.98,37.22,32.36,2.77,Black,61.01,Flood,Kharif,Sugarcane,9.77,69.07,39.65,38.94,1,5.729
Millet,Millet (Finger/Ragi),HYV,29.02,21.07,37.62,457.38,62.52,8.43,104,6.39,44.83,23.83,17.65,2.85,Black,56.6,Rainfed,Kharif,Soybean,13.92,33.0,23.6,15.44,0,2.176
Rice,Rice (Non-Basmati),Traditional,31.66,24.01,39.08,1358.33,74.5,7.23,137,5.75,93.86,46.78,51.31,2.87,Loamy,67.93,Sprinkler,Rabi,Maize,3.22,87.36,40.5,45.26,0,3.399
Rice,Rice (Basmati),Traditional,27.02,21.82,35.29,1123.44,80.44,8.14,134,6.43,60.74,36.1,35.03,2.15,Red,66.97,Flood,Kharif,Cotton,5.22,51.8,29.83,26.94,1,3.558
Rice,Rice (Sona Masuri),Traditional,28.86,21.13,40.74,1090.9,72.89,8.03,123,5.54,76.94,43.07,42.97,3.24,Red,71.81,Flood,Kharif,Sugarcane,19.45,67.61,32.63,28.4,0,4.46
Maize,Maize (Sweet Corn),Hybrid,23.74,17.31,34.27,653.53,64.9,8.45,80,6.96,115.51,59.99,57.63,3.26,Loamy,66.0,Flood,Kharif,Maize,12.51,128.21,62.88,48.02,1,5.34
Millet,Millet (Finger/Ragi),Hybrid,28.49,23.16,38.01,663.77,56.58,9.66,103,6.35,30.69,24.69,19.19,2.02,Sandy,56.23,Sprinkler,Kharif,Millet,18.48,28.79,24.7,17.43,1,4.446
Rice,Rice (Sona Masuri),Traditional,27.58,21.34,36.37,1107.38,80.4,7.77,126,6.29,70.38,39.97,37.91,4.32,Loamy,62.19,Sprinkler,Kharif,Fallow,11.44,66.99,31.33,30.3,0,7.079
Maize,Maize (Sweet Corn),Traditional,26.52,19.62,33.68,796.81,69.64,6.62,96,6.63,114.96,60.88,47.58,4.43,Black,63.85,Sprinkler,Rabi,Soybean,11.88,84.9,43.73,34.8,1,6.856
Rice,Rice (Basmati),Traditional,25.89,20.17,34.98,1125.6,74.81,6.4,140,6.84,67.18,38.08,33.88,4.39,Loamy,67.64,Flood,Kharif,Rice,13.1,61.29,28.57,28.86,0,4.143
Soybean,Soybean (Food Grade),Traditional,28.65,20.86,35.75,658.9,64.19,8.93,96,7.0,29.26,56.2,30.55,3.67,Loamy,67.71,Drip,Rabi,Pulses,15.51,19.98,32.59,25.07,1,3.08
Rice,Rice (Sona Masuri),Traditional,28.61,23.05,37.22,1329.38,75.27,8.17,124,5.95,71.4,44.89,37.51,2.17,Alluvial,68.25,Flood,Kharif,Wheat,0.84,73.95,37.41,32.22,1,3.374
Maize,Maize (Feed Corn),HYV,24.6,18.52,34.68,600.35,73.85,6.17,104,6.68,143.4,61.34,58.27,2.93,Black,77.3,Sprinkler,Kharif,Millet,13.16,112.87,66.38,47.1,1,11.381
Millet,Millet (Pearl/Bajra),Hybrid,29.3,23.21,38.48,442.47,40.45,10.08,74,7.73,59.21,29.9,25.95,1.17,Black,44.46,Sprinkler,Kharif,Fallow,18.21,40.26,26.82,25.65,1,2.504
Wheat,Wheat (Sharbati),HYV,19.3,13.41,27.31,488.93,62.82,8.97,132,7.29,89.83,48.11,37.76,2.32,Alluvial,48.24,Sprinkler,Rabi,Soybean,19.81,95.22,49.23,31.13,1,3.606
Maize,Maize (Popcorn),HYV,26.77,20.78,34.19,561.91,61.55,8.67,92,6.53,91.3,51.19,44.73,4.21,Black,52.42,Sprinkler,Kharif,Pulses,11.97,96.29,43.23,49.76,1,4.528
Maize,Maize (Popcorn),HYV,23.17,17.22,34.22,686.84,59.05,6.77,87,5.88,82.83,56.62,49.93,3.96,Alluvial,53.94,Rainfed,Rabi,Millet,10.02,71.12,46.83,40.4,0,3.679
Maize,Maize (Sweet Corn),HYV,23.35,16.26,35.13,647.07,69.01,8.45,88,6.34,108.75,68.52,53.5,4.13,Alluvial,58.98,Flood,Zaid,Cotton,14.18,111.15,59.69,52.01,0,6.083
Wheat,Wheat (Common),HYV,21.95,14.13,33.13,525.83,55.56,8.96,122,6.08,93.47,40.79,35.56,2.74,Black,68.37,Flood,Rabi,Sugarcane,2.47,85.18,48.44,37.38,1,5.084
Soybean,Soybean (Oil Grade),Hybrid,27.62,20.58,39.34,858.45,78.75,8.41,108,6.95,26.54,67.53,41.06,4.13,Alluvial,78.22,Sprinkler,Zaid,Cotton,2.94,22.41,56.61,40.03,1,4.465
Wheat,Wheat (Sharbati),Traditional,19.08,11.29,28.18,420.76,55.15,8.25,119,6.97,99.11,44.63,36.24,3.84,Black,50.48,Drip,Rabi,Rice,10.39,55.08,26.02,16.91,1,4.372
Maize,Maize (Sweet Corn),Traditional,27.8,20.2,39.54,535.56,74.88,8.3,80,6.56,110.74,55.26,46.63,4.83,Alluvial,58.28,Sprinkler,Rabi,Wheat,8.96,72.33,43.62,35.39,1,9.659
Soybean,Soybean (Food Grade),Hybrid,24.27,17.13,35.04,881.27,70.99,7.74,105,6.31,28.14,52.69,32.83,3.94,Alluvial,70.73,Rainfed,Kharif,Millet,7.36,37.8,63.16,49.68,0,2.13
Wheat,Wheat (Durum),Traditional,19.57,13.57,31.06,478.54,61.69,9.35,135,7.27,95.39,49.72,31.19,3.93,Loamy,60.61,Drip,Rabi,Sugarcane,11.52,67.76,43.02,28.12,1,4.694
Maize,Maize (Popcorn),Traditional,23.09,16.19,34.03,679.63,66.43,8.14,97,6.8,92.24,50.98,42.67,2.51,Laterite,60.88,Sprinkler,Zaid,Sugarcane,12.05,73.05,37.11,38.9,1,2.737
Millet,Millet (Pearl/Bajra),Hybrid,33.47,26.51,43.37,574.43,49.93,10.0,80,6.87,47.2,24.15,25.77,1.28,Loamy,35.58,Rainfed,Kharif,Pulses,7.82,71.41,29.77,36.47,0,2.104
Soybean,Soybean (Food Grade),Traditional,26.55,20.4,35.96,834.48,78.4,8.69,98,7.01,24.94,57.7,37.27,3.17,Red,69.07,Sprinkler,Kharif,Cotton,5.68,18.09,32.01,26.24,0,2.71
Wheat,Wheat (Sharbati),Hybrid,21.16,15.98,31.26,557.8,63.6,8.52,118,6.7,86.65,47.38,31.23,3.5,Loamy,44.03,Drip,Rabi,Maize,2.26,108.98,48.01,37.55,1,6.5
Wheat,Wheat (Common),Traditional,17.72,10.42,28.86,504.57,68.17,7.06,123,6.46,80.87,41.04,35.71,2.83,Black,48.95,Flood,Rabi,Cotton,17.08,72.39,36.05,28.04,0,3.276
Maize,Maize (Popcorn),Traditional,24.12,18.23,35.09,633.38,61.83,7.37,90,6.63,97.06,59.71,41.68,3.14,Loamy,64.81,Sprinkler,Rabi,Wheat,19.55,74.51,45.29,33.36,1,5.194
Wheat,Wheat (Common),Traditional,18.3,12.99,29.83,517.37,62.2,9.69,114,6.25,98.33,40.72,37.65,3.06,Alluvial,41.43,Sprinkler,Rabi,Cotton,3.78,75.49,32.68,29.0,0,4.673
Maize,Maize (Sweet Corn),HYV,25.05,18.75,34.57,719.77,60.26,6.52,95,6.3,115.22,52.96,56.34,3.33,Black,70.0,Drip,Kharif,Rice,15.76,105.72,53.1,46.88,1,6.322
Soybean,Soybean (Food Grade),Traditional,27.67,21.18,35.15,801.88,60.0,7.05,94,6.57,21.83,56.49,39.22,3.04,Red,65.91,Sprinkler,Kharif,Millet,17.23,23.12,43.73,28.18,1,3.276
Maize,Maize (Sweet Corn),Traditional,27.02,20.2,38.07,794.87,61.24,7.44,99,6.09,113.23,66.6,53.74,4.18,Loamy,57.69,Drip,Zaid,Soybean,7.19,71.33,38.93,40.7,1,4.095
Millet,Millet (Finger/Ragi),Hybrid,29.74,24.62,40.11,412.76,53.56,8.51,125,5.05,33.53,26.61,20.42,2.94,Red,49.72,Rainfed,Kharif,Wheat,7.8,43.59,30.59,23.61,1,2.913
Millet,Millet (Foxtail),Hybrid,26.31,20.75,37.32,461.15,53.12,8.84,82,6.0,38.15,20.97,15.31,1.43,Black,40.86,Drip,Kharif,Pulses,16.54,36.64,24.27,18.36,0,1.852
Wheat,Wheat (Durum),HYV,21.61,15.97,33.47,511.42,58.73,8.49,129,7.23,85.67,54.25,38.29,2.44,Black,62.39,Flood,Rabi,Pulses,8.9,96.93,48.9,36.65,1,3.281
Millet,Millet (Finger/Ragi),Traditional,25.08,19.9,32.54,474.19,58.9,8.62,102,6.07,36.33,25.7,23.92,2.78,Loamy,56.33,Sprinkler,Kharif,Maize,5.37,25.6,20.48,16.81,1,2.399
Wheat,Wheat (Sharbati),HYV,21.94,16.29,33.39,509.09,56.72,9.68,118,6.44,90.17,40.66,31.43,2.59,Black,63.73,Sprinkler,Rabi,Pulses,2.57,94.99,46.98,37.94,1,4.364
Rice,Rice (Sona Masuri),Hybrid,28.6,21.14,35.77,1139.75,79.95,6.39,122,5.99,70.19,40.44,38.78,4.03,Loamy,79.94,Flood,Rabi,Sugarcane,6.95,95.64,45.27,44.6,0,6.506
Soybean,Soybean (Food Grade),HYV,24.01,17.21,32.6,745.54,71.11,7.62,93,7.36,21.11,41.78,37.69,3.4,Alluvial,68.02,Rainfed,Kharif,Sugarcane,16.49,29.82,51.52,30.79,1,2.746
Rice,Rice (Basmati),Hybrid,29.74,24.58,37.27,1086.84,80.35,7.94,144,6.69,72.57,35.57,37.43,2.84,Alluvial,74.12,Rainfed,Kharif,Pulses,9.09,72.6,29.95,36.22,0,4.846
Rice,Rice (Basmati),HYV,29.96,22.05,41.67,1391.92,75.32,7.24,134,6.99,75.29,32.65,30.21,2.25,Alluvial,84.2,Sprinkler,Kharif,Rice,5.48,79.2,34.78,38.96,1,3.091
Wheat,Wheat (Common),HYV,20.83,13.32,30.41,505.34,55.97,9.53,110,6.31,80.19,41.04,38.84,1.68,Alluvial,50.66,Sprinkler,Rabi,Maize,17.74,92.81,42.17,38.8,1,4.203
Maize,Maize (Popcorn),Traditional,22.65,15.48,32.17,744.46,61.49,8.25,95,6.92,93.74,59.63,48.12,3.33,Alluvial,54.5,Drip,Rabi,Maize,11.97,68.54,34.87,38.28,1,5.508
Maize,Maize (Popcorn),Traditional,24.95,19.35,34.13,730.25,67.91,7.67,102,6.61,88.25,55.53,43.02,4.14,Desert,56.59,Sprinkler,Kharif,Rice,0.86,83.82,41.58,37.47,1,5.216
Millet,Millet (Foxtail),Traditional,26.7,20.78,37.49,487.07,55.83,9.44,60,6.57,34.28,20.65,19.03,1.81,Loamy,52.1,Rainfed,Rabi,Fallow,8.82,24.5,16.93,12.32,1,1.495
Rice,Rice (Basmati),Traditional,29.32,22.56,39.23,1495.34,81.35,7.33,139,6.21,71.58,35.69,38.68,3.14,Clayey,69.29,Flood,Kharif,Wheat,13.17,57.49,24.43,27.64,0,3.508
Wheat,Wheat (Durum),Hybrid,20.31,12.44,28.78,547.78,57.69,8.89,134,6.26,98.8,57.79,36.11,1.5,Black,55.83,Drip,Rabi,Soybean,3.59,101.18,51.95,40.76,1,5.863
Wheat,Wheat (Common),Traditional,21.21,15.42,31.01,400.36,68.8,9.84,117,6.62,92.62,42.22,36.89,2.78,Alluvial,50.27,Flood,Rabi,Rice,0.55,71.75,35.64,30.44,1,5.266
Soybean,Soybean (Food Grade),HYV,28.53,21.01,36.56,891.94,60.2,8.02,110,7.15,25.29,55.3,32.22,2.81,Red,66.47,Rainfed,Kharif,Soybean,19.37,23.6,49.71,36.12,1,1.889
Soybean,Soybean (Food Grade),Hybrid,27.51,19.58,35.73,860.33,69.92,8.36,97,6.68,23.89,50.26,31.61,3.66,Loamy,59.74,Rainfed,Kharif,Wheat,2.85,19.59,45.19,35.07,1,2.086
Wheat,Wheat (Sharbati),Traditional,20.51,12.98,30.14,589.64,55.3,7.76,130,6.61,86.97,44.35,35.27,2.5,Black,63.29,Drip,Rabi,Soybean,5.75,79.65,34.16,30.06,1,4.056
Millet,Millet (Foxtail),HYV,30.2,22.43,40.79,358.59,46.03,7.86,64,6.76,35.17,20.34,17.53,1.83,Red,57.4,Rainfed,Kharif,Soybean,6.93,32.87,23.96,17.36,1,1.288
Maize,Maize (Feed Corn),HYV,28.78,23.77,40.73,572.64,76.74,8.85,90,7.06,126.99,62.19,50.97,4.93,Red,72.95,Sprinkler,Kharif,Sugarcane,7.32,145.51,77.52,68.69,1,11.503
Millet,Millet (Sorghum/Jowar),HYV,27.08,19.82,34.79,630.28,53.09,7.9,101,6.66,62.48,38.1,29.69,3.2,Black,54.16,Rainfed,Rabi,Sugarcane,17.65,62.6,39.52,28.38,1,3.015
Maize,Maize (Popcorn),Traditional,24.9,17.73,36.31,747.32,65.6,7.76,101,6.42,84.56,41.89,41.59,3.48,Laterite,63.45,Sprinkler,Rabi,Fallow,17.29,67.63,34.32,38.04,1,4.978
Soybean,Soybean (Oil Grade),Hybrid,27.18,20.98,38.84,662.41,70.63,8.67,112,6.28,23.52,55.09,37.21,2.5,Alluvial,77.9,Flood,Kharif,Soybean,14.9,24.09,68.68,39.87,0,2.452
Maize,Maize (Sweet Corn),Traditional,23.46,15.91,33.32,532.51,68.24,6.92,92,6.85,115.17,50.08,50.56,2.73,Black,74.71,Sprinkler,Kharif,Soybean,13.02,84.59,46.84,36.75,1,6.117
Rice,Rice (Sona Masuri),HYV,26.37,18.5,37.94,1370.55,84.68,6.55,137,6.93,70.51,38.33,37.6,2.12,Loamy,70.14,Sprinkler,Zaid,Millet,14.61,85.7,39.83,38.86,0,4.833
Wheat,Wheat (Common),Traditional,17.04,11.84,26.67,434.72,60.91,8.06,121,7.16,98.64,45.87,34.2,1.76,Loamy,65.51,Rainfed,Rabi,Fallow,14.39,72.48,32.42,27.12,0,3.356
Millet,Millet (Sorghum/Jowar),Traditional,31.41,24.54,42.14,617.37,51.48,7.34,124,7.48,66.02,39.26,26.74,3.07,Loamy,43.57,Sprinkler,Kharif,Millet,6.57,51.46,21.14,22.53,0,1.809
Millet,Millet (Sorghum/Jowar),Traditional,30.51,24.27,39.48,587.85,54.94,8.96,121,7.2,68.23,33.88,27.93,1.65,Alluvial,41.14,Flood,Kharif,Fallow,14.08,49.65,30.46,27.47,1,2.172
Millet,Millet (Sorghum/Jowar),HYV,31.62,24.03,42.72,485.81,53.46,9.82,112,7.45,66.81,30.99,32.86,2.24,Black,64.67,Drip,Rabi,Pulses,5.33,61.13,33.14,34.19,1,4.786
Millet,Millet (Foxtail),Traditional,27.56,20.69,39.3,346.43,47.37,9.53,64,6.93,33.7,24.22,19.42,2.4,Sandy,38.68,Flood,Rabi,Rice,5.98,38.38,22.43,20.04,0,1.579
Rice,Rice (Basmati),Hybrid,29.55,24.52,40.23,1076.07,83.68,8.68,146,7.46,72.33,39.36,39.59,2.62,Desert,67.78,Flood,Kharif,Maize,6.34,68.57,37.05,33.28,1,5.795
Maize,Maize (Popcorn),Hybrid,22.6,16.09,34.5,506.06,67.67,8.1,86,6.37,92.55,53.93,49.21,4.18,Alluvial,56.57,Sprinkler,Rabi,Sugarcane,19.62,99.05,61.58,50.72,1,7.399
Wheat,Wheat (Sharbati),HYV,21.09,15.09,32.16,443.38,55.34,7.31,129,6.1,98.86,49.57,30.88,2.87,Alluvial,62.48,Drip,Rabi,Fallow,1.47,89.01,40.61,32.62,1,4.424
Millet,Millet (Finger/Ragi),Hybrid,25.6,18.36,36.82,540.05,51.52,8.75,101,6.25,41.77,23.95,15.17,2.7,Red,63.74,Sprinkler,Zaid,Maize,17.36,54.18,30.95,19.74,1,2.345
Millet,Millet (Foxtail),HYV,26.3,20.34,34.32,413.01,47.38,8.38,68,6.16,34.9,21.7,19.39,1.16,Sandy,44.48,Rainfed,Rabi,Pulses,19.78,30.05,22.73,17.32,1,1.226
Rice,Rice (Non-Basmati),Traditional,29.77,22.57,39.87,1584.62,73.95,8.85,123,6.07,99.72,52.67,43.66,2.03,Black,73.62,Sprinkler,Kharif,Sugarcane,0.91,75.31,43.51,39.07,0,4.203
Millet,Millet (Sorghum/Jowar),HYV,32.68,25.69,44.07,529.85,64.76,9.11,111,7.17,64.91,36.49,34.96,2.13,Red,40.48,Rainfed,Rabi,Fallow,16.77,60.04,36.87,31.35,0,3.593
Rice,Rice (Basmati),Traditional,26.9,20.7,36.8,1266.8,79.12,8.29,135,7.12,74.31,35.21,38.22,3.29,Clayey,82.42,Flood,Kharif,Millet,18.72,55.77,26.05,26.28,1,4.606
Rice,Rice (Non-Basmati),HYV,31.58,26.55,43.19,1127.19,75.32,7.54,140,6.67,105.4,50.38,56.4,4.64,Alluvial,86.24,Sprinkler,Kharif,Pulses,2.24,105.21,45.25,45.59,1,6.806
Rice,Rice (Basmati),HYV,29.73,21.94,38.64,1039.33,72.58,6.18,149,6.2,73.92,32.06,34.41,2.2,Alluvial,80.63,Sprinkler,Kharif,Cotton,8.86,67.97,32.85,31.7,1,4.479
Maize,Maize (Sweet Corn),HYV,23.34,17.17,31.2,784.04,63.65,6.28,87,6.99,100.53,60.07,59.52,4.84,Black,55.46,Drip,Rabi,Rice,15.95,105.53,68.23,40.7,1,9.75
Wheat,Wheat (Durum),Hybrid,20.85,13.88,28.43,545.2,57.14,9.92,126,7.05,84.21,55.6,32.04,3.03,Loamy,61.1,Flood,Rabi,Cotton,3.33,97.98,59.84,42.54,1,4.356
Millet,Millet (Foxtail),Hybrid,27.36,19.49,36.74,532.34,64.83,8.53,80,6.14,32.2,22.7,17.11,1.24,Sandy,38.36,Sprinkler,Rabi,Soybean,9.02,35.54,24.85,19.29,1,1.206
Wheat,Wheat (Sharbati),HYV,20.3,14.37,29.13,475.78,52.79,8.53,120,6.85,93.12,45.95,30.59,2.38,Loamy,48.76,Drip,Rabi,Millet,15.44,85.27,48.53,31.8,1,5.347
Millet,Millet (Sorghum/Jowar),HYV,28.02,20.98,35.14,495.72,59.61,7.54,119,7.63,69.13,39.8,30.43,2.86,Red,44.8,Sprinkler,Kharif,Cotton,16.2,78.85,38.57,27.17,0,1.872
Millet,Millet (Foxtail),Traditional,29.81,23.77,38.8,494.86,57.16,7.49,71,7.07,35.21,24.22,16.43,1.24,Sandy,36.23,Sprinkler,Kharif,Millet,0.82,35.28,23.94,20.03,1,1.653
Millet,Millet (Pearl/Bajra),Traditional,34.31,27.73,43.95,382.41,41.04,8.81,90,6.76,47.61,22.02,22.15,1.76,Red,35.3,Sprinkler,Kharif,Wheat,12.51,46.98,17.81,18.32,1,1.069
Millet,Millet (Finger/Ragi),HYV,31.04,23.31,39.67,590.35,50.01,9.36,110,7.05,40.41,23.1,17.95,1.99,Black,52.63,Sprinkler,Kharif,Maize,0.88,49.78,21.53,23.07,1,1.829
Maize,Maize (Feed Corn),Traditional,24.4,18.13,33.62,799.83,73.52,8.34,110,6.82,132.67,78.64,65.39,2.06,Black,67.14,Sprinkler,Kharif,Rice,5.54,115.96,59.15,44.99,1,7.52
Millet,Millet (Finger/Ragi),HYV,28.4,20.93,37.71,403.37,66.16,7.28,130,6.54,44.9,29.14,15.48,2.99,Laterite,43.18,Sprinkler,Kharif,Fallow,3.59,41.38,19.28,20.64,1,1.681
Wheat,Wheat (Sharbati),Hybrid,20.94,14.5,29.26,536.36,56.94,7.8,124,6.27,94.04,42.43,35.66,2.82,Desert,49.03,Drip,Rabi,Soybean,14.84,108.25,48.98,33.43,1,5.291
Wheat,Wheat (Sharbati),Hybrid,17.54,10.87,25.06,490.53,54.2,9.71,127,6.97,93.91,48.89,38.78,3.95,Alluvial,46.35,Drip,Rabi,Soybean,5.76,97.32,44.43,43.17,1,6.5
Wheat,Wheat (Sharbati),Traditional,17.05,10.88,27.29,590.83,61.55,7.69,115,6.99,91.48,40.91,30.2,3.97,Loamy,46.86,Sprinkler,Rabi,Fallow,16.35,69.26,37.28,28.15,1,3.593
Wheat,Wheat (Common),HYV,21.23,15.26,31.91,423.05,51.24,9.21,117,6.42,96.23,48.14,36.91,3.81,Loamy,44.69,Sprinkler,Rabi,Soybean,16.78,84.31,41.04,33.19,1,6.628
Wheat,Wheat (Common),Traditional,21.85,14.7,29.17,495.55,63.29,7.51,117,6.78,90.67,48.52,33.03,3.34,Loamy,48.06,Flood,Rabi,Maize,12.3,72.99,34.31,25.27,1,3.203
Soybean,Soybean (Food Grade),HYV,24.28,16.54,33.74,699.09,60.91,8.48,103,6.65,25.72,48.01,37.62,3.72,Alluvial,65.28,Drip,Kharif,Millet,16.08,21.66,50.78,31.16,1,4.55
Maize,Maize (Feed Corn),Traditional,24.97,19.08,34.57,676.24,72.74,8.52,99,7.35,126.26,66.14,62.51,4.82,Clayey,69.08,Flood,Kharif,Cotton,10.42,118.27,56.16,40.97,1,9.649
Wheat,Wheat (Sharbati),Traditional,21.33,13.38,32.37,545.03,50.01,7.32,128,6.54,84.46,47.82,33.86,2.12,Loamy,51.99,Drip,Rabi,Maize,11.48,72.21,39.37,25.64,1,4.181
Rice,Rice (Non-Basmati),Traditional,29.96,22.39,37.34,1331.42,89.79,8.31,137,6.31,118.04,58.77,40.25,2.52,Alluvial,85.51,Sprinkler,Kharif,Soybean,1.19,73.54,34.39,45.27,0,6.611
Millet,Millet (Pearl/Bajra),Traditional,28.67,21.99,37.37,297.35,45.71,9.74,75,6.94,53.81,26.11,27.64,2.38,Red,42.11,Flood,Rabi,Sugarcane,3.41,46.56,23.24,21.39,1,1.521
Soybean,Soybean (Oil Grade),Hybrid,25.11,18.81,32.88,906.43,76.88,8.2,119,6.14,20.17,64.04,43.57,4.46,Black,79.17,Rainfed,Kharif,Maize,12.06,36.04,70.99,46.54,1,4.832
Millet,Millet (Foxtail),Traditional,29.79,24.69,39.68,447.9,51.74,9.76,61,6.38,36.55,20.84,17.92,2.86,Red,36.4,Sprinkler,Rabi,Rice,8.28,30.84,13.94,14.54,1,1.289
Soybean,Soybean (Food Grade),Hybrid,27.23,19.88,36.8,731.01,60.61,8.01,96,6.25,28.85,47.2,31.84,2.75,Black,74.37,Sprinkler,Kharif,Maize,14.44,27.0,56.06,30.79,0,2.757
Maize,Maize (Feed Corn),Hybrid,27.22,22.03,36.99,831.01,70.53,7.86,98,6.1,125.67,68.71,60.61,4.16,Alluvial,76.89,Flood,Kharif,Maize,11.46,150.77,82.06,65.6,1,9.858
Millet,Millet (Finger/Ragi),HYV,31.9,25.81,42.41,661.8,60.11,8.42,115,5.85,32.47,20.52,19.74,2.33,Black,52.19,Flood,Kharif,Wheat,16.26,32.35,21.75,19.13,1,1.645
Wheat,Wheat (Common),HYV,17.97,11.85,26.83,423.37,54.93,7.01,125,6.33,80.64,49.4,34.75,3.65,Sandy,61.99,Sprinkler,Rabi,Maize,16.06,96.09,40.39,32.85,1,4.19
Rice,Rice (Non-Basmati),Traditional,27.65,21.16,36.21,1560.76,80.73,8.09,125,5.73,104.13,47.51,47.06,4.48,Red,65.24,Flood,Kharif,Maize,11.5,75.9,33.32,45.71,1,4.434
Millet,Millet (Finger/Ragi),Hybrid,25.7,18.1,35.02,474.34,60.53,7.77,123,5.34,46.62,21.56,15.03,2.28,Loamy,63.2,Sprinkler,Kharif,Pulses,12.14,45.21,27.5,25.16,1,2.829
Rice,Rice (Non-Basmati),Hybrid,28.78,21.29,36.27,1172.37,76.13,8.3,114,6.62,119.73,48.5,43.52,3.42,Black,70.88,Flood,Rabi,Soybean,3.86,97.64,45.34,56.0,1,5.77
Soybean,Soybean (Food Grade),Hybrid,27.62,20.96,38.38,835.56,68.62,7.6,106,7.11,28.2,44.66,38.85,2.98,Red,56.6,Sprinkler,Kharif,Pulses,11.77,28.81,60.55,40.54,1,2.055
Wheat,Wheat (Common),Traditional,21.29,14.84,28.97,563.88,59.22,8.81,114,7.34,97.86,44.17,37.5,2.08,Black,64.94,Sprinkler,Kharif,Soybean,7.59,71.89,39.12,29.86,1,4.472
Maize,Maize (Popcorn),HYV,25.27,18.29,32.56,656.5,64.87,7.37,95,5.81,99.37,47.52,45.96,2.09,Alluvial,64.18,Drip,Rabi,Fallow,19.16,96.24,48.63,40.6,1,5.727
Rice,Rice (Basmati),Traditional,28.75,21.82,37.53,1024.58,70.47,7.66,133,6.72,60.32,30.92,33.27,3.31,Clayey,66.99,Sprinkler,Kharif,Wheat,8.8,62.89,24.04,29.99,0,2.523
Wheat,Wheat (Common),Hybrid,18.83,11.32,29.72,462.38,59.14,9.67,118,6.36,94.27,45.98,39.24,2.78,Alluvial,48.39,Sprinkler,Rabi,Cotton,4.24,95.46,54.59,35.96,1,5.689
Maize,Maize (Feed Corn),Traditional,27.87,22.39,35.41,640.37,76.55,7.63,90,7.3,144.11,71.23,51.19,4.76,Black,77.71,Rainfed,Kharif,Fallow,7.62,108.64,51.72,49.42,1,5.662
Millet,Millet (Foxtail),Traditional,31.57,24.2,39.32,376.74,59.58,8.65,81,7.47,35.06,19.43,18.65,1.06,Desert,55.83,Sprinkler,Kharif,Pulses,12.08,27.98,16.52,13.23,0,1.904
Rice,Rice (Sona Masuri),HYV,30.85,24.82,41.56,1352.98,72.79,8.98,122,5.77,73.46,41.16,40.64,2.44,Loamy,84.75,Sprinkler,Kharif,Millet,17.59,73.18,42.01,42.51,1,6.231
Soybean,Soybean (Oil Grade),HYV,25.05,19.1,35.17,948.71,72.73,7.98,105,6.17,25.34,65.74,38.82,3.47,Alluvial,72.65,Sprinkler,Kharif,Pulses,16.19,25.36,60.0,38.45,1,2.393
Rice,Rice (Non-Basmati),Traditional,29.71,23.81,41.55,1240.93,81.78,8.98,126,5.57,104.34,46.83,46.59,4.06,Alluvial,86.25,Rainfed,Kharif,Soybean,6.29,94.1,44.98,35.53,0,3.614
Wheat,Wheat (Common),HYV,17.53,11.83,27.59,594.07,62.1,7.98,120,7.0,94.19,42.8,33.04,3.27,Laterite,45.25,Flood,Rabi,Soybean,6.91,69.4,33.63,26.32,1,4.863
Millet,Millet (Finger/Ragi),Hybrid,27.23,21.41,38.89,663.12,59.07,9.38,108,7.42,48.89,20.94,20.83,2.74,Loamy,55.9,Rainfed,Kharif,Wheat,15.66,55.81,36.38,30.05,1,3.013
Millet,Millet (Pearl/Bajra),Hybrid,29.63,21.85,40.06,530.86,55.52,8.38,74,6.48,51.74,29.44,28.54,1.31,Red,39.8,Sprinkler,Kharif,Wheat,2.24,30.97,22.93,17.48,1,2.702
Millet,Millet (Finger/Ragi),Traditional,29.45,22.87,37.45,669.57,62.74,8.0,101,5.74,46.14,22.5,23.48,3.17,Loamy,54.77,Rainfed,Kharif,Cotton,3.1,32.22,22.02,13.62,0,2.032
Millet,Millet (Pearl/Bajra),Hybrid,28.31,20.91,37.77,547.48,59.01,9.36,71,6.43,57.66,21.87,27.93,2.48,Loamy,30.3,Sprinkler,Kharif,Sugarcane,15.85,50.67,22.68,20.31,1,1.949
Millet,Millet (Finger/Ragi),HYV,31.3,25.98,43.06,695.26,69.84,9.03,111,5.98,34.88,24.88,22.69,3.32,Loamy,44.82,Rainfed,Kharif,Soybean,6.94,43.8,20.79,24.97,0,1.517
Maize,Maize (Sweet Corn),Hybrid,24.81,18.52,35.48,582.4,73.06,6.66,88,6.9,110.83,56.17,48.06,4.26,Laterite,68.0,Flood,Rabi,Sugarcane,5.82,115.52,62.39,61.74,0,7.703
Millet,Millet (Finger/Ragi),Traditional,25.61,18.88,34.99,585.5,60.67,9.3,108,5.28,41.04,24.83,19.26,1.88,Loamy,44.76,Rainfed,Kharif,Millet,7.52,30.22,23.61,15.79,1,2.664
Maize,Maize (Feed Corn),HYV,25.72,18.11,36.51,551.39,74.62,6.22,106,7.06,133.6,67.53,68.79,2.09,Laterite,57.65,Rainfed,Kharif,Fallow,2.41,109.31,65.68,52.47,1,4.896
Maize,Maize (Popcorn),HYV,22.01,15.72,32.88,685.7,68.91,7.86,91,6.98,97.71,40.04,44.32,2.52,Loamy,59.87,Drip,Kharif,Rice,7.09,96.22,40.02,47.09,1,6.455
Maize,Maize (Feed Corn),Traditional,25.14,20.04,32.37,734.42,65.81,6.51,104,5.58,139.67,72.26,62.65,3.61,Loamy,63.26,Sprinkler,Kharif,Sugarcane,14.23,118.78,60.14,40.88,1,8.988
Maize,Maize (Popcorn),Traditional,26.17,20.91,33.18,596.12,55.4,8.28,99,6.59,98.48,59.7,43.23,2.35,Laterite,50.53,Drip,Rabi,Rice,5.58,69.89,35.63,37.28,1,3.691
Rice,Rice (Basmati),Traditional,27.15,19.66,34.75,1367.46,77.97,6.86,144,7.42,62.74,37.34,36.32,3.75,Clayey,69.75,Flood,Kharif,Wheat,2.56,59.2,27.29,28.48,0,2.348
Millet,Millet (Sorghum/Jowar),Traditional,31.51,24.0,39.4,663.49,58.88,8.49,123,6.88,78.91,38.65,32.02,2.63,Black,57.29,Rainfed,Kharif,Maize,3.16,50.46,31.01,25.55,1,2.619
Wheat,Wheat (Sharbati),HYV,18.67,13.06,28.84,466.74,62.19,9.91,129,7.27,88.42,40.96,32.4,3.62,Loamy,58.3,Sprinkler,Rabi,Millet,11.21,87.02,47.91,37.71,0,5.216
Wheat,Wheat (Sharbati),Traditional,19.44,12.16,30.82,594.84,62.77,7.2,122,7.12,88.36,44.36,37.94,3.67,Alluvial,59.79,Drip,Rabi,Millet,1.58,79.94,38.89,31.65,0,3.299
Maize,Maize (Feed Corn),HYV,23.13,18.07,30.29,596.51,64.63,6.74,117,7.2,135.43,64.29,53.92,2.15,Clayey,61.15,Sprinkler,Kharif,Millet,7.59,139.59,66.54,59.4,1,6.416
Millet,Millet (Sorghum/Jowar),Hybrid,29.97,23.4,40.59,454.1,59.94,7.45,126,6.84,61.22,38.47,25.46,2.62,Loamy,53.21,Rainfed,Kharif,Cotton,18.0,74.8,40.8,28.06,1,2.46
Millet,Millet (Foxtail),HYV,30.23,23.49,38.71,524.44,50.29,7.1,64,5.83,38.54,24.61,16.47,1.07,Loamy,35.27,Rainfed,Kharif,Millet,5.33,30.68,19.58,17.1,1,0.926
Millet,Millet (Sorghum/Jowar),Traditional,29.85,22.3,39.73,624.4,61.87,7.32,106,6.84,75.97,30.56,34.73,1.93,Alluvial,60.51,Rainfed,Kharif,Pulses,7.87,43.71,21.41,17.7,1,2.976
Soybean,Soybean (Food Grade),HYV,24.04,16.35,35.62,832.43,63.67,8.98,97,6.34,28.96,55.07,32.44,3.32,Loamy,66.84,Rainfed,Kharif,Wheat,9.74,26.22,41.88,35.1,1,2.5
Millet,Millet (Finger/Ragi),HYV,27.33,20.38,37.1,527.41,68.79,7.52,102,7.33,38.49,29.72,17.11,1.96,Black,46.12,Rainfed,Kharif,Pulses,2.07,38.96,21.49,24.37,0,1.497
Millet,Millet (Finger/Ragi),Hybrid,29.75,22.61,40.33,687.41,52.44,9.43,118,5.89,44.0,27.3,19.96,3.18,Loamy,49.24,Sprinkler,Kharif,Maize,14.61,51.15,31.28,20.28,0,2.956
Wheat,Wheat (Durum),Hybrid,20.51,13.16,28.08,462.79,53.18,9.32,126,6.58,90.68,46.08,35.18,3.37,Black,58.97,Sprinkler,Rabi,Cotton,0.62,94.41,57.12,37.91,1,4.976
Wheat,Wheat (Sharbati),HYV,21.89,16.25,31.54,549.21,55.86,8.22,123,6.5,90.09,44.79,33.19,2.6,Black,51.15,Drip,Rabi,Soybean,17.51,96.52,43.01,36.4,1,4.684
Millet,Millet (Foxtail),HYV,28.08,21.26,39.9,504.36,59.85,7.23,60,6.91,38.79,18.78,15.51,1.39,Red,56.4,Rainfed,Rabi,Soybean,8.38,33.34,17.7,16.43,1,1.798
Maize,Maize (Sweet Corn),HYV,27.13,20.03,35.05,745.52,67.47,8.13,86,6.84,100.46,54.77,51.94,4.6,Black,57.44,Sprinkler,Rabi,Rice,18.39,103.71,54.44,51.81,0,8.173
Wheat,Wheat (Durum),Traditional,22.76,16.69,31.95,584.26,69.35,9.67,131,6.83,86.27,42.6,34.37,1.57,Black,60.06,Drip,Rabi,Sugarcane,10.78,75.13,47.26,28.28,1,5.333
Wheat,Wheat (Durum),Traditional,22.65,17.18,30.25,514.37,66.6,7.11,126,6.16,84.9,53.59,38.95,2.55,Alluvial,59.01,Flood,Rabi,Rice,1.63,68.93,39.89,29.22,1,4.464
Soybean,Soybean (Oil Grade),HYV,25.75,18.15,36.44,664.38,66.48,8.83,118,6.38,24.68,63.64,40.74,3.86,Red,79.57,Sprinkler,Kharif,Sugarcane,2.6,20.25,52.24,37.04,0,4.309
Wheat,Wheat (Sharbati),HYV,19.42,12.44,28.63,470.36,58.1,9.87,119,6.49,93.6,47.22,36.53,2.23,Alluvial,53.49,Sprinkler,Rabi,Sugarcane,9.81,90.85,48.74,34.62,0,3.518
Millet,Millet (Foxtail),Traditional,29.49,23.47,40.24,520.74,58.5,7.44,84,7.23,34.11,17.04,19.49,1.83,Sandy,58.22,Rainfed,Kharif,Soybean,1.37,28.64,14.97,14.98,1,1.307
Wheat,Wheat (Sharbati),Traditional,17.08,11.56,25.4,581.0,63.4,8.98,133,6.08,81.37,45.74,31.76,3.7,Laterite,54.91,Flood,Rabi,Fallow,12.4,69.15,36.76,29.66,1,3.59
Millet,Millet (Foxtail),Hybrid,26.55,20.98,35.59,362.0,53.13,7.72,62,7.34,32.56,15.39,17.11,1.69,Sandy,40.52,Rainfed,Rabi,Millet,11.77,41.26,21.8,17.65,1,1.243
Millet,Millet (Pearl/Bajra),HYV,31.05,24.02,39.84,287.8,50.48,9.57,67,7.85,49.46,29.03,20.55,1.7,Loamy,38.99,Sprinkler,Kharif,Millet,11.52,54.59,29.52,29.67,1,1.591
Wheat,Wheat (Durum),HYV,21.76,15.98,32.83,613.93,59.14,7.9,131,6.51,81.37,56.06,38.07,2.54,Loamy,51.49,Sprinkler,Rabi,Pulses,3.92,74.31,46.28,27.7,1,3.138
Maize,Maize (Popcorn),Hybrid,25.73,18.41,34.56,699.53,59.27,8.96,91,6.6,86.45,49.02,46.45,2.87,Loamy,63.13,Sprinkler,Kharif,Wheat,5.41,89.61,51.53,40.09,1,5.094
Maize,Maize (Popcorn),Traditional,23.38,16.99,34.08,570.12,67.59,7.91,94,6.5,98.17,49.87,48.97,4.06,Black,50.28,Flood,Kharif,Millet,13.5,75.56,39.16,33.44,1,5.051
Maize,Maize (Feed Corn),HYV,27.51,21.53,36.57,707.96,78.23,8.13,117,6.08,121.41,79.31,67.73,2.88,Red,68.02,Flood,Kharif,Fallow,2.21,138.85,74.14,61.42,1,4.889
Millet,Millet (Foxtail),Hybrid,26.85,19.53,36.86,373.89,45.95,9.31,80,7.04,37.36,16.16,17.57,1.92,Loamy,53.82,Drip,Kharif,Cotton,0.54,39.39,20.66,21.77,1,2.721
Wheat,Wheat (Common),HYV,18.76,11.85,27.62,585.38,62.82,8.94,128,6.88,85.2,43.43,34.26,3.2,Black,54.05,Flood,Rabi,Pulses,0.78,81.39,44.28,36.51,1,7.275
Millet,Millet (Sorghum/Jowar),HYV,28.92,23.39,39.73,408.23,61.39,9.13,102,6.62,77.87,37.61,31.86,3.09,Black,55.95,Rainfed,Rabi,Millet,17.2,55.82,33.66,27.81,1,2.218
Maize,Maize (Feed Corn),Traditional,25.62,18.66,35.89,717.29,77.68,8.34,107,5.52,143.78,73.23,57.65,2.21,Desert,74.4,Flood,Kharif,Wheat,3.73,136.07,70.08,51.09,1,5.438
Rice,Rice (Basmati),Traditional,29.23,23.31,41.19,1019.31,71.92,6.67,145,7.32,76.19,39.68,34.78,4.18,Loamy,69.27,Flood,Rabi,Soybean,16.74,49.5,29.28,26.53,1,2.674
Rice,Rice (Basmati),HYV,29.74,23.94,40.8,1027.68,78.07,6.21,146,7.15,73.16,38.24,36.48,4.91,Desert,77.85,Sprinkler,Kharif,Soybean,14.69,68.12,39.7,31.12,1,5.056
Rice,Rice (Sona Masuri),Traditional,28.39,22.92,39.1,1164.52,77.97,8.9,132,6.64,76.24,42.03,39.95,2.81,Desert,70.32,Flood,Kharif,Soybean,17.95,68.53,30.14,28.12,1,4.155
Wheat,Wheat (Common),HYV,21.26,13.54,28.55,413.67,65.53,9.09,130,6.05,99.86,49.57,35.42,3.3,Alluvial,68.06,Flood,Rabi,Rice,18.65,84.1,46.94,36.48,1,5.901
Millet,Millet (Finger/Ragi),HYV,25.77,18.81,35.68,496.06,54.86,7.0,100,5.5,32.93,29.32,17.45,3.15,Loamy,48.01,Rainfed,Kharif,Cotton,14.31,46.66,24.97,20.63,1,2.028
Millet,Millet (Pearl/Bajra),Traditional,30.39,24.12,38.21,502.54,56.46,10.11,66,7.46,53.64,28.86,29.0,2.47,Red,50.51,Rainfed,Rabi,Wheat,3.32,37.03,19.55,19.3,0,1.304
Rice,Rice (Non-Basmati),Hybrid,29.63,24.0,40.32,1304.02,80.22,8.69,111,6.67,82.64,42.7,53.27,3.56,Clayey,69.05,Flood,Kharif,Soybean,19.98,70.33,40.31,32.92,1,9.1
Wheat,Wheat (Sharbati),Hybrid,21.89,16.67,29.36,489.74,58.88,7.11,129,6.84,96.58,44.84,34.78,3.26,Alluvial,42.21,Sprinkler,Rabi,Soybean,12.63,109.63,53.31,33.23,1,5.756
Millet,Millet (Foxtail),Hybrid,27.1,20.25,36.99,496.76,51.54,8.2,64,6.19,35.5,18.2,18.23,2.55,Loamy,52.13,Sprinkler,Rabi,Pulses,9.14,42.89,17.42,17.98,0,1.581
Rice,Rice (Non-Basmati),Traditional,31.86,26.13,42.45,1171.58,76.58,7.33,130,7.29,81.28,40.56,52.0,4.39,Clayey,83.79,Flood,Rabi,Millet,16.21,64.57,38.22,34.93,1,3.896
Rice,Rice (Basmati),HYV,25.97,19.72,35.21,1299.51,71.08,6.68,145,6.58,73.8,36.02,31.07,3.52,Red,78.39,Sprinkler,Kharif,Fallow,19.18,66.07,33.93,31.8,1,6.082
Wheat,Wheat (Durum),Hybrid,19.76,13.25,28.62,527.42,62.37,9.08,122,6.51,86.59,49.54,32.59,2.44,Red,66.05,Flood,Rabi,Millet,14.89,103.84,46.18,34.65,1,5.784
Maize,Maize (Popcorn),Hybrid,22.59,14.91,32.98,542.15,62.99,6.98,99,6.55,83.79,44.84,47.05,3.69,Loamy,56.24,Sprinkler,Kharif,Pulses,15.66,99.43,55.67,50.94,1,5.587
Wheat,Wheat (Sharbati),Hybrid,18.08,12.66,29.88,448.16,56.93,8.83,130,7.42,94.01,43.68,37.92,3.67,Alluvial,43.79,Drip,Rabi,Pulses,14.28,105.01,53.14,36.8,1,6.5
Wheat,Wheat (Common),Hybrid,19.96,14.33,31.27,525.77,63.88,7.67,125,6.59,80.28,40.22,32.74,2.78,Loamy,50.63,Rainfed,Rabi,Sugarcane,11.55,109.35,51.22,40.78,1,6.742
Soybean,Soybean (Food Grade),HYV,27.11,20.54,35.02,878.35,73.38,8.69,94,6.62,23.42,57.01,35.89,2.46,Loamy,62.71,Flood,Kharif,Pulses,4.84,22.63,58.51,30.45,1,1.676
Soybean,Soybean (Oil Grade),Hybrid,28.04,21.07,38.26,669.84,66.81,7.23,104,6.37,25.24,56.94,43.8,3.35,Black,73.51,Flood,Kharif,Rice,14.73,27.38,67.83,40.73,0,3.641
Millet,Millet (Foxtail),Hybrid,28.6,22.28,39.92,546.84,47.88,9.11,64,6.36,33.27,15.2,17.82,1.36,Sandy,36.86,Rainfed,Rabi,Pulses,12.32,39.48,17.82,17.22,0,1.086
Rice,Rice (Non-Basmati),Traditional,28.89,21.13,37.98,1211.61,73.26,7.37,115,6.07,112.38,43.72,45.8,2.55,Clayey,81.86,Drip,Kharif,Maize,9.4,75.57,36.41,47.69,1,4.849
Soybean,Soybean (Food Grade),Hybrid,25.85,20.06,32.85,692.14,60.33,7.68,95,6.54,24.03,46.34,32.66,2.65,Red,64.05,Flood,Kharif,Fallow,17.01,30.01,46.14,34.85,1,3.027
Soybean,Soybean (Food Grade),Traditional,25.72,18.64,36.81,623.57,62.33,7.31,90,6.97,24.64,54.55,39.68,2.12,Red,74.86,Rainfed,Kharif,Soybean,10.82,19.66,33.25,22.92,1,1.642
Wheat,Wheat (Sharbati),HYV,17.18,11.25,28.0,519.52,56.84,8.36,123,6.2,96.25,42.75,38.61,2.98,Desert,46.06,Flood,Rabi,Rice,18.78,85.77,41.53,34.07,1,3.589
Millet,Millet (Finger/Ragi),HYV,29.89,24.29,39.07,690.96,68.56,9.31,117,5.14,48.05,24.74,21.42,2.93,Alluvial,53.88,Rainfed,Kharif,Fallow,4.71,45.42,26.27,23.98,1,1.249
Millet,Millet (Sorghum/Jowar),HYV,30.8,24.74,38.94,579.4,57.89,7.22,130,6.01,70.33,37.34,25.45,3.12,Red,42.14,Sprinkler,Rabi,Soybean,3.3,62.13,28.6,22.37,0,2.175
Maize,Maize (Sweet Corn),Hybrid,24.22,17.18,34.17,684.26,66.0,8.22,84,6.35,103.02,54.45,46.09,2.75,Loamy,74.18,Drip,Kharif,Millet,18.7,111.69,58.05,60.07,0,9.292
Soybean,Soybean (Food Grade),HYV,25.81,18.19,33.21,670.05,69.47,6.47,99,7.31,21.55,55.95,32.26,2.44,Red,54.65,Rainfed,Kharif,Wheat,15.77,22.3,53.0,37.52,1,2.67
Wheat,Wheat (Durum),Hybrid,22.68,14.93,29.81,645.62,57.59,9.66,121,7.01,83.46,55.6,39.23,3.91,Alluvial,45.23,Flood,Rabi,Sugarcane,5.09,94.96,65.93,36.28,0,4.723
Wheat,Wheat (Common),HYV,18.28,10.61,25.85,403.62,52.88,7.49,121,6.99,96.02,41.69,36.64,1.75,Black,43.8,Sprinkler,Rabi,Maize,10.52,63.41,29.66,25.32,1,5.791
Maize,Maize (Sweet Corn),HYV,24.91,17.99,35.43,777.44,72.01,7.07,80,6.88,105.42,56.5,53.78,2.33,Alluvial,69.68,Sprinkler,Kharif,Maize,18.82,113.23,67.99,40.69,1,5.382
Wheat,Wheat (Sharbati),Traditional,20.74,12.95,29.28,565.89,58.55,9.66,118,7.19,89.86,48.35,31.88,2.23,Loamy,50.96,Sprinkler,Rabi,Soybean,8.57,75.9,36.96,24.96,1,3.36
Millet,Millet (Foxtail),Hybrid,26.61,20.41,34.13,324.32,54.16,7.38,75,6.32,35.45,19.35,17.96,2.84,Alluvial,44.05,Sprinkler,Rabi,Maize,8.09,28.42,21.82,16.56,1,1.629
Millet,Millet (Foxtail),HYV,29.78,21.79,36.96,517.82,60.82,7.14,79,6.17,35.62,15.05,16.66,2.8,Red,51.25,Sprinkler,Kharif,Soybean,18.62,40.13,25.4,20.6,1,1.922
Rice,Rice (Non-Basmati),HYV,29.85,22.92,41.36,1354.17,78.21,8.6,120,6.15,107.16,51.26,43.24,2.93,Loamy,87.5,Drip,Kharif,Soybean,12.59,68.48,47.3,47.81,1,7.901
Rice,Rice (Basmati),Hybrid,27.05,19.08,36.41,1276.92,77.95,6.97,146,6.48,64.5,38.78,34.82,3.69,Alluvial,74.84,Sprinkler,Kharif,Millet,13.76,70.63,43.44,36.69,1,6.5
Soybean,Soybean (Food Grade),HYV,26.98,21.98,37.22,804.26,63.76,7.4,106,6.54,24.45,58.37,31.91,3.2,Alluvial,67.18,Sprinkler,Kharif,Fallow,6.14,24.92,56.36,34.16,0,3.123
Wheat,Wheat (Sharbati),Hybrid,21.91,14.71,29.28,526.54,60.54,9.33,131,6.89,90.68,40.58,39.96,3.96,Alluvial,53.11,Drip,Rabi,Sugarcane,8.62,102.99,57.48,46.82,1,6.5
Wheat,Wheat (Common),Traditional,20.85,13.03,32.15,496.51,54.51,9.98,117,6.24,87.94,43.65,32.79,2.08,Alluvial,62.47,Drip,Zaid,Soybean,3.57,56.34,27.7,26.76,1,3.928
Soybean,Soybean (Food Grade),HYV,24.62,18.82,36.39,635.95,65.92,8.68,99,6.51,28.72,55.76,38.42,3.13,Alluvial,50.71,Sprinkler,Kharif,Wheat,15.06,26.02,44.99,39.0,0,2.729
Millet,Millet (Foxtail),Hybrid,30.45,25.33,38.48,413.15,60.92,7.99,82,5.63,30.5,19.09,18.29,2.32,Sandy,54.42,Rainfed,Rabi,Soybean,12.34,31.72,19.66,16.01,0,1.208
Millet,Millet (Pearl/Bajra),HYV,33.98,27.87,41.53,579.76,52.78,8.9,67,7.86,42.02,25.39,29.07,1.47,Red,49.27,Rainfed,Kharif,Wheat,6.02,55.55,20.27,21.08,1,2.475
Millet,Millet (Finger/Ragi),Traditional,28.28,21.39,36.51,606.13,50.53,8.96,130,6.3,46.83,23.08,19.16,1.76,Clayey,54.2,Rainfed,Kharif,Wheat,12.3,31.96,17.12,18.57,1,1.633
Millet,Millet (Sorghum/Jowar),Hybrid,27.44,21.11,35.15,529.17,65.51,7.71,93,7.07,78.14,36.97,34.53,2.31,Desert,55.27,Flood,Rabi,Cotton,5.38,80.87,37.56,38.4,1,3.66
Rice,Rice (Basmati),Hybrid,26.42,20.3,37.2,1269.83,71.16,6.05,144,6.96,73.99,31.12,38.49,3.6,Sandy,71.78,Rainfed,Kharif,Wheat,1.04,69.85,40.4,34.91,1,4.696
Wheat,Wheat (Sharbati),HYV,21.36,16.01,31.58,466.29,52.82,7.55,130,7.15,96.72,43.25,32.37,3.7,Black,49.53,Rainfed,Rabi,Millet,1.73,83.65,49.09,35.52,1,3.83
Maize,Maize (Feed Corn),Hybrid,27.98,21.63,38.0,573.34,61.87,6.71,118,6.5,121.96,61.26,65.53,3.28,Loamy,73.62,Sprinkler,Kharif,Maize,19.51,141.12,77.74,56.58,1,10.776
Millet,Millet (Foxtail),Traditional,28.26,21.62,37.37,441.04,58.51,8.09,67,7.01,37.55,22.4,16.36,1.25,Loamy,59.82,Rainfed,Rabi,Rice,11.19,30.15,12.88,15.11,1,0.679
Wheat,Wheat (Common),Hybrid,17.58,11.95,27.44,449.02,63.08,8.15,121,6.84,92.45,45.57,38.86,1.66,Red,42.02,Flood,Rabi,Rice,6.25,95.82,49.93,34.58,1,5.125
Soybean,Soybean (Food Grade),Hybrid,27.59,20.94,39.13,617.93,69.48,7.49,91,6.12,25.72,47.66,36.57,2.7,Black,68.2,Sprinkler,Kharif,Sugarcane,8.73,30.92,54.38,33.41,1,3.521
Millet,Millet (Sorghum/Jowar),Hybrid,29.6,23.07,39.94,657.14,54.23,9.31,122,6.77,63.47,37.56,27.24,2.48,Laterite,50.72,Rainfed,Kharif,Rice,12.17,46.69,29.25,20.89,1,1.465
Millet,Millet (Sorghum/Jowar),HYV,30.98,23.64,39.08,697.77,60.97,9.02,119,6.94,75.63,30.06,31.08,3.19,Red,57.04,Sprinkler,Zaid,Millet,11.64,74.53,32.38,25.23,1,2.823
Rice,Rice (Non-Basmati),Traditional,31.26,26.1,39.76,1384.49,82.37,6.21,127,6.31,95.59,49.77,48.34,4.48,Black,76.63,Sprinkler,Kharif,Sugarcane,5.57,67.55,36.63,45.95,0,7.181
Maize,Maize (Feed Corn),Hybrid,26.95,20.33,36.25,828.76,68.75,8.43,119,6.12,146.21,61.9,64.33,2.8,Loamy,73.64,Sprinkler,Kharif,Pulses,13.34,163.05,75.44,56.23,1,11.7
Rice,Rice (Basmati),Hybrid,29.82,22.26,38.29,1192.55,82.77,6.95,147,6.84,78.72,36.96,35.7,2.29,Black,75.38,Sprinkler,Kharif,Pulses,14.09,72.46,41.9,41.91,1,5.942
Wheat,Wheat (Common),Hybrid,21.93,16.8,30.98,430.27,64.53,7.58,119,7.13,83.36,41.67,33.18,1.67,Loamy,56.28,Sprinkler,Zaid,Fallow,0.99,102.44,52.62,37.68,1,4.816
Wheat,Wheat (Common),HYV,21.85,14.3,33.49,546.1,66.4,7.87,122,6.31,81.39,45.79,37.83,1.71,Loamy,45.44,Sprinkler,Rabi,Maize,11.32,70.61,39.57,28.0,0,3.97
Millet,Millet (Sorghum/Jowar),HYV,27.05,21.99,36.46,484.27,53.39,8.73,101,6.17,71.57,31.86,26.22,2.47,Red,54.88,Sprinkler,Rabi,Cotton,8.95,61.68,37.63,28.09,1,3.973
Rice,Rice (Basmati),Hybrid,25.08,19.58,35.11,1354.56,70.32,6.11,142,6.12,67.13,37.48,35.51,4.45,Sandy,83.99,Flood,Kharif,Millet,7.98,72.25,39.44,39.45,1,5.42
Millet,Millet (Foxtail),Hybrid,28.62,23.04,36.1,348.51,54.82,7.78,72,6.97,37.41,17.96,17.35,2.27,Desert,46.11,Sprinkler,Rabi,Soybean,2.91,35.86,22.29,18.59,1,2.825
Soybean,Soybean (Food Grade),Hybrid,27.41,20.52,37.85,648.2,64.15,6.37,100,7.42,26.12,57.46,39.92,2.32,Red,56.49,Sprinkler,Kharif,Fallow,12.24,29.71,55.96,42.28,1,3.022
Wheat,Wheat (Durum),Traditional,22.78,15.91,31.55,457.35,64.51,8.12,120,7.31,80.15,55.19,34.35,1.81,Loamy,59.56,Flood,Rabi,Soybean,16.43,76.56,34.51,25.96,1,4.294
Maize,Maize (Feed Corn),Hybrid,24.37,17.65,33.73,750.95,74.49,6.25,108,6.52,131.96,74.0,60.07,3.7,Red,71.94,Flood,Kharif,Maize,18.44,132.84,87.39,59.7,1,10.179
Rice,Rice (Sona Masuri),Hybrid,26.4,21.22,35.52,1016.74,81.19,6.67,120,6.94,88.0,39.41,44.42,3.08,Loamy,76.75,Sprinkler,Kharif,Pulses,5.56,81.68,41.02,41.86,1,7.783
Soybean,Soybean (Food Grade),Hybrid,28.98,21.42,39.78,698.29,76.06,7.7,94,7.1,25.93,43.96,32.66,2.98,Alluvial,73.14,Sprinkler,Kharif,Pulses,16.15,25.1,43.9,33.77,1,2.579
Maize,Maize (Sweet Corn),Hybrid,22.11,15.45,29.6,743.38,72.12,8.11,93,6.26,111.82,65.67,52.75,2.56,Loamy,59.94,Drip,Kharif,Pulses,9.63,107.65,54.65,56.03,1,5.974
Millet,Millet (Sorghum/Jowar),HYV,29.82,23.4,39.72,618.38,64.47,8.94,105,6.32,75.66,35.9,30.93,2.53,Clayey,56.13,Sprinkler,Rabi,Sugarcane,7.94,73.86,35.11,32.5,0,1.675
Millet,Millet (Pearl/Bajra),Traditional,29.43,22.78,40.36,324.76,52.7,9.13,75,7.53,51.0,22.07,22.59,1.76,Laterite,43.36,Rainfed,Rabi,Cotton,7.63,33.48,19.1,16.23,1,1.536
Millet,Millet (Sorghum/Jowar),Traditional,28.53,21.45,36.29,491.96,62.48,7.19,100,7.4,61.61,33.67,32.59,2.38,Red,45.25,Sprinkler,Rabi,Sugarcane,13.59,49.79,24.39,21.69,1,3.165
Millet,Millet (Finger/Ragi),Hybrid,29.37,23.25,37.99,518.25,55.72,7.25,128,6.32,49.1,21.62,18.01,1.96,Black,45.51,Sprinkler,Kharif,Rice,16.16,49.24,27.84,19.62,1,2.535
Millet,Millet (Sorghum/Jowar),Hybrid,28.14,22.51,39.67,504.63,65.43,7.13,115,7.01,60.79,38.72,27.61,2.2,Loamy,44.1,Sprinkler,Rabi,Millet,17.41,71.41,36.98,31.12,1,3.994
Maize,Maize (Sweet Corn),Hybrid,25.68,18.84,33.12,564.62,69.55,8.4,83,6.84,101.0,66.3,52.47,2.4,Black,66.48,Drip,Kharif,Maize,6.12,123.93,70.35,62.86,1,8.521
Rice,Rice (Non-Basmati),Hybrid,29.25,23.57,41.12,1295.17,88.19,6.68,114,7.12,117.61,42.81,41.42,3.67,Desert,72.26,Sprinkler,Kharif,Maize,1.7,127.85,50.46,60.57,0,7.387
Maize,Maize (Sweet Corn),Traditional,27.57,22.44,37.07,724.23,61.56,8.33,91,6.98,102.82,62.59,58.94,4.23,Loamy,58.4,Drip,Kharif,Soybean,11.71,86.07,44.49,36.2,1,7.54
Soybean,Soybean (Food Grade),HYV,27.73,21.77,38.76,630.91,67.62,8.48,102,7.45,23.81,52.75,37.93,3.02,Red,57.4,Drip,Kharif,Wheat,1.15,21.99,47.95,25.99,1,2.88
Soybean,Soybean (Food Grade),Traditional,26.33,20.19,35.86,700.56,61.8,7.38,91,6.84,24.68,41.44,35.88,3.51,Alluvial,61.7,Sprinkler,Kharif,Wheat,6.89,19.99,46.82,29.27,1,2.153
Rice,Rice (Sona Masuri),HYV,30.13,22.64,39.21,1290.92,76.71,8.22,135,5.89,82.68,38.8,40.48,4.19,Alluvial,68.69,Rainfed,Kharif,Fallow,13.92,79.97,37.22,43.05,1,5.895
Millet,Millet (Sorghum/Jowar),HYV,30.79,22.9,39.79,564.33,67.46,8.11,121,6.15,79.86,34.27,32.3,3.5,Black,40.96,Rainfed,Rabi,Wheat,17.56,86.97,51.74,36.6,1,3.354
Millet,Millet (Foxtail),Hybrid,29.66,24.1,40.61,459.94,55.66,7.23,85,7.03,33.77,20.58,19.36,1.32,Red,39.45,Sprinkler,Kharif,Rice,6.45,34.99,24.97,17.5,1,2.338
Rice,Rice (Non-Basmati),HYV,31.72,25.92,39.15,1337.79,87.13,7.66,122,7.14,103.09,44.45,40.8,3.66,Black,68.32,Drip,Kharif,Rice,19.17,105.45,43.75,43.41,1,7.023
Maize,Maize (Feed Corn),Traditional,25.1,19.75,34.33,591.18,72.3,6.07,95,5.63,124.65,67.59,62.99,2.23,Loamy,68.61,Flood,Kharif,Wheat,0.92,100.49,43.87,39.42,1,4.323
Rice,Rice (Basmati),Hybrid,28.59,21.78,40.18,1025.01,72.33,8.37,138,7.09,76.22,38.59,39.92,2.88,Alluvial,77.76,Rainfed,Kharif,Maize,0.63,77.61,41.09,42.22,1,4.937
Millet,Millet (Sorghum/Jowar),Traditional,29.01,21.3,38.61,485.01,68.28,9.55,113,6.01,75.38,34.38,30.72,3.28,Red,59.39,Sprinkler,Kharif,Millet,15.6,52.21,25.2,24.69,1,2.359
Maize,Maize (Feed Corn),Traditional,25.82,20.23,34.13,592.39,69.47,6.77,114,7.07,124.15,67.18,59.53,4.42,Clayey,70.82,Rainfed,Kharif,Pulses,9.9,82.94,52.6,42.6,1,6.103
Maize,Maize (Sweet Corn),Hybrid,26.22,19.34,36.87,580.39,73.95,6.6,81,5.84,102.13,51.51,53.58,3.68,Loamy,58.97,Rainfed,Rabi,Sugarcane,13.89,129.31,59.8,53.76,1,4.697
Wheat,Wheat (Durum),Hybrid,22.48,15.93,34.2,520.65,69.34,9.63,122,6.45,92.42,58.79,33.52,3.4,Sandy,52.87,Sprinkler,Zaid,Millet,8.83,88.38,54.63,43.96,0,4.996
Millet,Millet (Sorghum/Jowar),Hybrid,28.29,20.83,35.54,451.55,65.6,7.04,90,7.37,73.04,36.67,31.49,1.89,Loamy,50.51,Sprinkler,Rabi,Wheat,16.63,87.66,33.43,30.7,1,2.348
Rice,Rice (Non-Basmati),Hybrid,29.79,22.39,39.05,1508.74,80.67,7.02,137,6.94,102.32,41.13,43.4,2.86,Alluvial,72.07,Sprinkler,Kharif,Fallow,16.68,81.88,48.68,37.99,1,6.655
Maize,Maize (Sweet Corn),HYV,24.08,18.42,34.01,533.54,70.3,6.56,91,5.92,104.1,61.43,46.71,2.49,Loamy,61.71,Drip,Kharif,Pulses,18.48,106.24,59.83,46.27,1,6.006
Maize,Maize (Popcorn),Hybrid,22.66,15.18,33.03,512.92,62.98,8.42,91,6.9,83.69,47.81,43.79,3.26,Alluvial,69.38,Sprinkler,Kharif,Rice,8.73,92.09,48.54,53.34,1,5.082
Millet,Millet (Pearl/Bajra),Hybrid,29.33,22.87,38.59,314.53,53.57,10.22,84,6.39,53.48,26.19,24.86,2.55,Black,47.31,Rainfed,Kharif,Wheat,2.39,45.03,29.12,22.53,1,2.608
Wheat,Wheat (Durum),Traditional,21.43,16.16,30.49,571.42,67.35,9.14,128,7.43,97.53,44.81,34.89,1.68,Alluvial,68.83,Flood,Kharif,Rice,10.25,73.48,40.19,26.87,1,2.595
Maize,Maize (Popcorn),Traditional,22.33,14.63,29.41,705.99,58.85,7.96,87,6.93,84.31,42.59,45.35,2.45,Loamy,60.83,Drip,Rabi,Soybean,7.97,72.17,37.79,39.34,1,4.741
Soybean,Soybean (Food Grade),HYV,26.5,19.39,34.23,762.97,66.57,6.78,92,6.37,25.92,46.6,38.94,2.34,Desert,65.94,Flood,Kharif,Cotton,14.4,25.6,53.24,37.63,1,2.876
Soybean,Soybean (Food Grade),Hybrid,29.67,24.07,41.56,846.0,70.39,7.24,102,6.91,27.02,53.74,32.31,3.11,Alluvial,63.42,Rainfed,Kharif,Maize,2.33,24.19,57.58,43.64,1,2.637
Maize,Maize (Popcorn),Traditional,22.52,15.35,32.8,597.56,66.95,8.13,103,6.72,88.72,52.18,40.41,3.13,Alluvial,62.1,Drip,Rabi,Maize,9.04,76.74,43.25,32.92,1,4.773
Wheat,Wheat (Durum),HYV,20.46,13.77,28.94,621.06,64.91,8.93,139,6.87,90.24,59.51,32.06,1.85,Desert,49.06,Drip,Rabi,Pulses,3.07,98.83,48.47,36.01,0,6.213
Maize,Maize (Popcorn),HYV,25.71,18.79,34.27,634.03,61.85,6.15,87,6.91,94.46,41.07,42.13,2.81,Alluvial,51.12,Sprinkler,Rabi,Fallow,5.67,106.27,48.88,54.13,0,6.773
Wheat,Wheat (Durum),HYV,22.05,16.23,32.58,577.18,60.35,8.81,127,7.32,96.5,47.33,31.85,3.19,Loamy,46.97,Drip,Rabi,Rice,10.71,69.28,36.83,30.48,1,4.91
Soybean,Soybean (Oil Grade),Traditional,28.95,23.13,40.38,698.99,79.03,7.36,105,6.79,22.28,51.64,42.88,4.22,Alluvial,61.36,Sprinkler,Kharif,Sugarcane,9.86,19.72,35.45,27.33,1,3.757
Millet,Millet (Finger/Ragi),Traditional,26.72,20.46,38.56,519.79,69.62,7.69,120,5.27,44.9,24.41,22.41,3.35,Red,58.27,Flood,Kharif,Millet,11.31,39.25,20.12,13.71,1,1.455
Maize,Maize (Popcorn),Traditional,26.55,20.91,38.02,711.53,55.45,8.65,99,6.12,95.52,46.81,43.77,2.19,Loamy,62.03,Drip,Kharif,Wheat,11.11,74.48,41.2,38.73,0,4.536
Maize,Maize (Feed Corn),Hybrid,25.22,17.37,33.93,613.62,62.93,8.1,100,6.17,128.87,61.96,58.06,4.37,Red,62.11,Flood,Kharif,Millet,12.07,178.82,95.7,77.45,1,7.42
Millet,Millet (Finger/Ragi),Hybrid,26.57,20.3,34.76,579.03,56.06,7.5,126,5.75,41.18,25.86,21.54,2.98,Red,64.9,Drip,Kharif,Soybean,16.96,40.63,31.23,21.45,1,3.431
Soybean,Soybean (Food Grade),HYV,29.87,23.23,36.93,817.84,60.58,6.56,108,6.1,23.7,48.91,34.9,3.95,Alluvial,60.54,Sprinkler,Kharif,Soybean,4.44,23.75,49.11,34.54,0,3.239
Millet,Millet (Sorghum/Jowar),Hybrid,29.25,24.21,38.19,597.47,52.68,9.82,110,7.18,62.21,30.25,30.23,2.45,Desert,64.94,Drip,Rabi,Maize,2.43,104.96,55.11,49.31,1,4.174
Wheat,Wheat (Common),Traditional,18.86,13.02,27.14,414.96,69.7,8.1,128,7.45,88.54,44.04,32.68,2.78,Loamy,57.88,Sprinkler,Rabi,Soybean,13.22,71.43,35.93,28.7,1,4.436
Soybean,Soybean (Oil Grade),HYV,27.45,20.95,35.01,782.15,70.38,8.13,111,6.28,24.72,60.38,40.07,3.31,Black,62.37,Drip,Kharif,Cotton,17.46,28.14,58.79,43.84,1,3.85
Soybean,Soybean (Oil Grade),Traditional,25.72,18.16,37.01,665.57,66.11,6.96,106,7.32,27.16,65.04,36.3,2.24,Black,62.93,Sprinkler,Kharif,Soybean,1.74,19.7,54.32,33.95,1,2.163
Wheat,Wheat (Sharbati),Hybrid,21.6,16.48,29.92,483.11,59.6,8.82,129,6.6,90.16,45.7,30.6,3.85,Loamy,59.65,Drip,Rabi,Sugarcane,7.8,64.32,34.82,28.39,0,5.676
Rice,Rice (Basmati),HYV,27.56,20.45,39.24,1187.9,80.62,7.43,140,6.05,64.09,33.4,35.11,3.85,Clayey,82.77,Sprinkler,Kharif,Rice,17.13,75.92,37.54,32.16,0,4.768
Soybean,Soybean (Food Grade),Hybrid,29.81,23.26,39.08,653.61,70.87,6.75,100,7.18,23.36,56.41,34.71,2.04,Red,70.89,Sprinkler,Zaid,Soybean,2.75,25.63,47.45,42.1,1,3.442
Millet,Millet (Sorghum/Jowar),Traditional,27.73,22.18,37.81,457.4,65.19,9.75,122,6.17,78.11,30.62,25.12,3.31,Red,44.22,Sprinkler,Rabi,Millet,5.9,61.88,30.63,26.57,1,1.923
Rice,Rice (Sona Masuri),Traditional,29.53,21.97,41.26,1366.34,76.09,8.69,129,6.21,76.74,38.74,38.71,4.43,Sandy,65.82,Flood,Zaid,Cotton,4.11,70.87,33.7,35.94,1,4.254
Rice,Rice (Sona Masuri),Traditional,30.7,24.36,40.98,1156.19,75.26,7.29,127,6.31,86.16,44.61,43.73,3.31,Alluvial,73.64,Flood,Zaid,Rice,11.28,56.43,28.67,31.5,1,5.238
Soybean,Soybean (Food Grade),Hybrid,29.83,23.89,39.69,708.09,69.95,6.65,94,7.12,20.08,54.31,32.13,2.75,Loamy,60.84,Rainfed,Zaid,Pulses,5.4,31.82,55.24,35.52,0,1.946
Wheat,Wheat (Durum),Traditional,20.3,13.66,28.86,483.33,66.07,7.12,126,6.13,94.73,47.31,30.3,1.69,Laterite,49.96,Rainfed,Rabi,Sugarcane,18.9,67.41,43.72,30.28,1,3.636
Wheat,Wheat (Durum),Traditional,20.03,12.86,30.79,594.65,55.83,8.91,126,6.49,99.54,41.58,37.25,3.15,Loamy,49.79,Sprinkler,Rabi,Cotton,11.13,72.21,47.76,31.01,1,4.737
Rice,Rice (Non-Basmati),Hybrid,26.88,21.46,36.8,1592.5,71.93,6.86,110,5.92,91.32,50.19,50.22,4.44,Black,83.83,Sprinkler,Kharif,Soybean,0.78,102.19,56.52,55.39,0,6.949
Millet,Millet (Finger/Ragi),Hybrid,31.16,25.63,39.83,646.5,65.24,8.82,107,6.99,42.31,22.73,22.83,2.69,Red,51.92,Sprinkler,Kharif,Cotton,16.2,26.86,20.35,16.33,1,4.309
Wheat,Wheat (Common),Hybrid,20.37,14.57,31.16,516.86,55.35,8.1,122,6.91,96.93,48.37,31.67,3.14,Black,58.07,Sprinkler,Rabi,Rice,2.88,77.99,44.76,30.88,1,7.8
Maize,Maize (Feed Corn),Hybrid,27.02,19.61,35.6,822.74,65.25,6.87,102,6.14,124.37,61.35,61.27,3.82,Loamy,76.78,Sprinkler,Kharif,Fallow,13.42,137.17,74.41,70.71,1,9.766
Wheat,Wheat (Common),Hybrid,17.41,11.98,29.05,508.72,57.9,9.01,120,6.65,96.2,41.62,32.22,1.94,Alluvial,45.0,Sprinkler,Rabi,Maize,1.29,106.5,53.98,36.15,1,5.096
Wheat,Wheat (Durum),Traditional,21.34,14.51,31.91,544.89,55.4,8.99,131,6.1,98.26,56.33,31.85,3.59,Black,48.66,Flood,Rabi,Wheat,13.98,66.79,32.46,29.1,1,3.993
Rice,Rice (Sona Masuri),Hybrid,30.78,25.41,38.27,1321.36,82.99,7.75,138,6.48,76.11,37.38,39.88,2.54,Loamy,72.09,Sprinkler,Zaid,Fallow,19.06,70.94,39.34,39.27,1,6.417
Millet,Millet (Sorghum/Jowar),HYV,30.07,22.5,41.04,693.34,50.45,8.5,122,7.93,67.12,34.25,30.54,2.72,Loamy,52.58,Sprinkler,Zaid,Cotton,12.16,68.57,30.89,31.71,1,1.773
Rice,Rice (Non-Basmati),Hybrid,28.6,22.19,40.53,1312.65,82.08,6.16,124,6.43,115.85,45.45,58.31,4.49,Loamy,89.51,Sprinkler,Kharif,Millet,11.81,99.23,45.96,45.73,1,9.1
Soybean,Soybean (Food Grade),Traditional,25.3,19.73,36.07,673.99,71.68,6.62,109,7.06,29.48,58.34,32.03,2.42,Red,61.41,Sprinkler,Kharif,Soybean,15.65,23.07,36.13,25.18,1,1.743
Millet,Millet (Pearl/Bajra),Traditional,31.36,24.47,43.28,423.65,47.27,8.76,69,7.29,41.23,27.84,29.91,2.08,Laterite,53.31,Sprinkler,Kharif,Soybean,19.44,30.67,16.32,15.17,1,2.078
Soybean,Soybean (Food Grade),Traditional,28.06,21.48,39.87,701.84,65.56,6.83,106,6.46,28.91,56.4,39.53,3.42,Red,72.36,Rainfed,Kharif,Fallow,5.75,23.14,46.86,30.62,1,1.233
Millet,Millet (Sorghum/Jowar),Traditional,32.16,24.95,41.07,452.86,63.85,8.6,120,7.39,79.56,39.21,28.87,2.04,Loamy,43.99,Rainfed,Zaid,Cotton,9.06,52.73,24.51,21.08,0,1.618
Millet,Millet (Foxtail),HYV,31.81,25.35,41.46,477.65,53.16,7.84,79,7.0,36.73,17.97,16.32,2.77,Sandy,46.25,Sprinkler,Rabi,Cotton,5.08,30.8,17.84,14.29,0,1.909
Millet,Millet (Finger/Ragi),Hybrid,25.49,18.84,36.08,433.46,59.39,9.44,102,7.24,36.28,22.49,24.23,1.92,Black,64.43,Rainfed,Rabi,Millet,14.02,24.02,21.57,16.3,1,1.551
Maize,Maize (Popcorn),HYV,25.02,18.06,36.67,711.2,66.64,8.1,103,6.02,81.32,40.2,43.78,4.24,Loamy,58.75,Rainfed,Kharif,Wheat,2.94,80.01,41.67,45.42,1,5.198
Millet,Millet (Finger/Ragi),Hybrid,25.23,19.3,32.3,481.55,69.55,8.36,110,6.39,40.17,22.11,24.83,3.42,Red,40.04,Rainfed,Kharif,Rice,9.83,42.9,22.01,21.24,1,3.892
Millet,Millet (Pearl/Bajra),Traditional,31.73,24.46,43.14,342.8,55.04,10.85,86,6.31,47.09,27.86,25.85,2.84,Sandy,41.57,Sprinkler,Kharif,Cotton,10.87,34.98,23.58,18.84,1,2.41
Rice,Rice (Non-Basmati),HYV,31.92,24.99,42.5,1148.24,71.4,6.48,114,5.94,117.05,51.43,42.09,2.58,Clayey,89.97,Sprinkler,Rabi,Maize,0.71,99.67,42.42,45.8,0,5.196
Millet,Millet (Finger/Ragi),HYV,31.5,24.56,42.72,549.77,65.8,9.84,116,5.58,48.41,25.63,20.32,2.41,Loamy,45.38,Sprinkler,Kharif,Fallow,4.07,35.66,25.31,18.71,0,2.801
Wheat,Wheat (Sharbati),Hybrid,21.57,13.7,28.96,454.48,53.77,9.66,126,6.88,81.86,49.5,34.68,2.23,Loamy,48.38,Sprinkler,Rabi,Millet,6.78,88.31,48.02,36.06,1,4.714
Soybean,Soybean (Food Grade),Hybrid,29.5,23.47,37.41,802.87,77.36,8.96,93,7.12,28.49,55.53,33.77,2.86,Alluvial,73.36,Rainfed,Kharif,Wheat,18.55,40.95,68.7,50.24,1,2.137
Maize,Maize (Feed Corn),Hybrid,25.83,18.83,33.83,711.36,76.26,6.67,98,6.62,128.72,77.92,66.53,4.84,Loamy,77.34,Sprinkler,Kharif,Maize,14.58,143.02,68.6,74.58,1,11.7
Wheat,Wheat (Common),Hybrid,19.36,13.64,29.1,567.98,57.67,9.01,119,7.4,99.4,43.86,34.98,1.9,Loamy,45.89,Flood,Rabi,Wheat,2.12,104.66,53.05,39.05,1,4.782
Maize,Maize (Popcorn),Traditional,22.95,17.51,33.78,747.41,65.76,6.11,100,6.29,91.9,59.97,46.86,3.29,Desert,56.48,Sprinkler,Rabi,Rice,0.8,55.74,23.68,26.0,1,4.544
Maize,Maize (Feed Corn),Hybrid,27.46,21.34,36.09,826.36,77.78,7.81,98,6.33,138.44,62.9,54.49,2.97,Red,67.83,Flood,Kharif,Wheat,18.85,140.58,71.73,57.07,0,7.412
Wheat,Wheat (Common),HYV,17.35,11.23,26.45,569.39,60.04,8.47,119,6.19,91.31,45.52,37.54,3.09,Loamy,68.65,Flood,Rabi,Millet,3.61,84.72,49.63,32.38,0,5.338
Rice,Rice (Sona Masuri),HYV,30.77,25.35,41.17,1076.77,73.7,8.34,123,5.51,78.28,37.28,41.83,2.49,Red,81.06,Sprinkler,Kharif,Soybean,7.02,86.59,36.68,35.89,0,3.94
Wheat,Wheat (Durum),HYV,22.37,16.42,32.34,582.25,55.61,8.19,140,6.87,84.3,45.42,36.21,3.35,Black,63.49,Drip,Rabi,Cotton,11.72,69.97,38.75,26.75,1,4.412
Millet,Millet (Finger/Ragi),Traditional,28.77,23.28,36.48,568.34,64.13,7.86,111,6.55,44.92,21.39,17.53,2.68,Loamy,58.95,Rainfed,Kharif,Soybean,9.21,36.01,23.32,18.22,0,1.792
Rice,Rice (Non-Basmati),Hybrid,30.42,23.34,39.11,1152.01,81.47,7.73,140,7.43,85.97,56.39,45.52,3.05,Alluvial,70.42,Sprinkler,Kharif,Maize,12.31,91.41,48.2,51.06,1,8.244
Wheat,Wheat (Common),Traditional,21.65,14.76,32.29,564.79,57.23,7.32,113,6.76,99.05,48.26,37.37,2.79,Alluvial,57.72,Flood,Rabi,Fallow,5.03,76.85,36.0,26.23,1,2.995
Rice,Rice (Non-Basmati),HYV,27.9,22.26,39.43,1549.51,72.04,6.43,130,5.94,88.8,58.94,59.08,4.97,Loamy,85.19,Flood,Kharif,Maize,5.38,82.44,36.3,41.07,1,8.104
Soybean,Soybean (Food Grade),HYV,24.05,17.78,34.05,632.36,61.27,6.13,110,6.6,22.02,50.04,36.0,2.43,Red,70.45,Sprinkler,Kharif,Maize,9.0,20.29,48.94,38.69,1,3.253
Wheat,Wheat (Common),Traditional,17.47,11.98,28.3,467.39,69.11,8.87,129,6.37,88.81,48.84,32.44,2.06,Red,59.29,Flood,Rabi,Rice,17.99,61.1,30.25,26.31,1,2.997
Wheat,Wheat (Durum),HYV,19.34,14.07,28.02,508.41,59.02,7.79,120,7.26,90.4,46.38,35.35,2.37,Alluvial,49.41,Flood,Rabi,Sugarcane,9.21,83.15,55.96,38.29,1,4.405
Millet,Millet (Pearl/Bajra),HYV,32.68,26.02,42.78,323.91,42.89,8.05,79,6.17,57.24,29.17,28.72,1.0,Red,50.09,Sprinkler,Kharif,Soybean,6.07,56.39,25.77,29.96,1,2.521
Wheat,Wheat (Sharbati),HYV,17.01,9.93,25.19,433.29,61.97,7.12,123,7.03,83.43,43.5,39.5,3.24,Alluvial,55.22,Drip,Rabi,Maize,9.35,99.99,45.03,39.25,1,5.966
Maize,Maize (Popcorn),Traditional,23.41,16.01,31.5,722.97,65.24,7.99,95,6.34,97.85,46.42,44.41,2.96,Alluvial,57.38,Drip,Rabi,Maize,16.74,65.01,45.74,34.17,1,6.278
Wheat,Wheat (Durum),Hybrid,19.94,12.99,31.91,628.47,67.61,8.94,137,6.58,85.0,42.7,34.36,3.74,Desert,63.6,Sprinkler,Rabi,Maize,7.42,108.09,49.9,42.86,0,4.724
Wheat,Wheat (Durum),HYV,20.89,15.12,32.14,610.53,52.02,8.93,121,7.22,85.36,59.63,30.16,2.59,Alluvial,59.24,Drip,Rabi,Wheat,7.27,91.33,41.58,39.72,1,7.15
Maize,Maize (Sweet Corn),Hybrid,23.17,17.01,32.82,543.46,73.9,7.41,93,5.97,109.37,61.25,52.3,4.54,Loamy,61.91,Sprinkler,Rabi,Pulses,11.83,116.1,55.07,63.25,1,6.073
Maize,Maize (Feed Corn),Hybrid,24.76,18.52,35.08,717.3,70.12,8.38,118,6.35,123.73,79.94,61.47,2.49,Black,61.21,Flood,Kharif,Cotton,1.39,146.32,74.65,59.86,1,7.969
Rice,Rice (Sona Masuri),Traditional,28.92,23.27,37.88,1330.88,72.23,7.3,130,6.47,88.81,37.98,36.9,3.54,Sandy,74.09,Flood,Kharif,Maize,16.67,71.95,34.25,33.33,1,3.636
Soybean,Soybean (Food Grade),HYV,27.35,20.2,38.1,844.99,73.59,8.58,100,7.34,22.11,50.27,34.34,3.28,Red,53.6,Sprinkler,Kharif,Fallow,19.4,24.57,37.01,30.24,1,3.562
Wheat,Wheat (Durum),Hybrid,21.15,15.94,30.37,510.63,59.96,8.51,124,6.13,84.11,58.27,30.11,1.83,Desert,63.95,Drip,Rabi,Maize,7.0,88.57,65.06,39.27,1,5.309
Maize,Maize (Popcorn),Hybrid,23.24,16.56,33.35,694.2,55.61,6.52,101,6.44,96.12,48.97,44.59,2.94,Alluvial,63.82,Sprinkler,Kharif,Soybean,2.6,98.05,53.11,45.45,1,7.262
Maize,Maize (Popcorn),HYV,24.12,17.83,34.34,644.81,56.29,8.52,86,6.82,84.4,46.38,47.36,3.01,Alluvial,58.95,Sprinkler,Rabi,Sugarcane,17.97,92.75,55.74,48.78,1,7.215
Maize,Maize (Sweet Corn),HYV,24.16,17.45,34.46,589.39,68.73,6.15,100,6.25,107.12,54.7,56.35,4.65,Alluvial,72.2,Sprinkler,Kharif,Sugarcane,10.78,117.2,63.63,45.4,1,7.81
Rice,Rice (Sona Masuri),Traditional,28.89,21.13,38.8,1367.85,81.55,7.8,120,6.08,86.32,37.23,36.19,3.25,Alluvial,76.15,Sprinkler,Kharif,Rice,14.79,59.8,30.16,28.75,1,4.801
Millet,Millet (Sorghum/Jowar),Hybrid,32.27,25.67,39.73,667.53,52.44,9.45,103,6.95,66.53,37.24,27.59,1.62,Black,40.27,Sprinkler,Rabi,Fallow,11.66,71.21,39.72,32.06,1,4.094
Millet,Millet (Finger/Ragi),HYV,29.39,24.15,38.66,609.18,63.22,7.7,119,5.58,41.11,23.52,21.92,2.14,Black,64.73,Drip,Kharif,Sugarcane,10.06,29.51,21.92,19.83,1,3.77
Rice,Rice (Non-Basmati),Hybrid,31.79,26.11,39.51,1556.44,83.38,7.31,128,5.65,92.72,42.32,59.0,3.02,Black,82.83,Sprinkler,Kharif,Cotton,13.97,95.27,53.12,61.3,1,7.4
Soybean,Soybean (Oil Grade),HYV,25.0,18.87,33.64,798.57,79.74,8.25,107,6.05,26.25,56.41,38.71,2.61,Sandy,56.59,Drip,Kharif,Soybean,13.64,21.23,61.19,43.73,1,3.216
Rice,Rice (Sona Masuri),Traditional,29.78,24.23,38.59,1168.43,75.02,8.39,120,5.53,85.5,37.53,38.83,3.05,Loamy,67.62,Flood,Rabi,Maize,17.73,71.77,29.41,32.54,1,4.018
Soybean,Soybean (Food Grade),Traditional,27.67,19.96,35.41,812.31,65.18,7.69,110,6.68,25.65,53.76,37.3,3.36,Black,57.7,Drip,Kharif,Sugarcane,18.49,20.0,41.82,25.18,0,2.131
Maize,Maize (Popcorn),Hybrid,24.12,17.56,33.6,585.18,58.1,7.36,87,6.53,94.63,49.25,42.69,3.59,Loamy,66.3,Sprinkler,Kharif,Cotton,3.01,107.25,62.85,52.52,1,6.509
Maize,Maize (Feed Corn),Hybrid,28.86,20.91,36.19,550.71,61.17,7.05,92,7.48,128.8,76.4,51.48,4.2,Sandy,72.53,Sprinkler,Kharif,Millet,3.91,162.29,83.18,72.04,1,6.487
Soybean,Soybean (Food Grade),Hybrid,27.82,21.1,38.45,721.14,77.63,6.71,107,6.94,29.32,49.39,39.98,2.16,Loamy,65.21,Sprinkler,Kharif,Wheat,18.1,31.96,55.87,37.06,1,4.517
Millet,Millet (Sorghum/Jowar),Hybrid,29.05,22.65,40.97,523.52,55.95,8.61,111,6.08,73.03,32.88,29.07,2.66,Loamy,47.51,Sprinkler,Kharif,Maize,18.74,74.16,38.24,27.74,0,3.588
Wheat,Wheat (Sharbati),Traditional,21.74,14.51,32.46,443.34,55.32,7.38,134,6.72,81.26,41.74,32.09,2.93,Loamy,60.52,Sprinkler,Rabi,Wheat,17.2,78.33,37.57,31.16,1,3.887
Rice,Rice (Sona Masuri),HYV,27.63,20.27,38.19,1127.69,77.35,6.23,125,6.91,75.48,37.18,37.14,2.21,Red,82.41,Flood,Zaid,Rice,16.61,82.82,43.75,41.6,1,4.41
Maize,Maize (Sweet Corn),Traditional,23.76,16.66,33.83,616.43,64.71,8.63,100,6.65,104.88,51.54,50.57,2.96,Alluvial,53.07,Sprinkler,Rabi,Wheat,10.73,86.41,47.39,35.93,1,4.935
Rice,Rice (Sona Masuri),Traditional,26.29,20.54,33.53,1246.62,80.66,6.92,131,5.74,81.39,41.34,43.31,4.26,Laterite,69.81,Sprinkler,Kharif,Soybean,5.68,70.53,28.71,30.51,0,5.266
Maize,Maize (Popcorn),Hybrid,24.13,18.79,35.72,586.67,69.51,8.55,103,6.1,89.26,49.44,41.86,3.39,Alluvial,63.91,Sprinkler,Kharif,Maize,13.11,109.26,65.98,52.35,1,6.016
Millet,Millet (Pearl/Bajra),Hybrid,34.51,27.03,46.27,516.4,51.25,10.16,90,6.33,49.7,23.77,25.25,1.42,Loamy,51.66,Sprinkler,Kharif,Fallow,4.08,52.75,23.81,22.58,1,1.758
Maize,Maize (Feed Corn),Hybrid,24.85,18.81,35.24,834.75,69.72,6.51,105,7.2,148.91,70.53,54.2,4.03,Loamy,77.32,Flood,Kharif,Cotton,16.93,141.74,86.49,61.4,1,10.569
Millet,Millet (Foxtail),HYV,29.81,22.92,41.14,433.98,49.93,7.44,61,5.88,32.34,23.3,19.21,2.8,Black,47.63,Drip,Kharif,Cotton,15.37,35.98,18.37,18.36,1,1.8
Maize,Maize (Feed Corn),Traditional,27.53,21.72,37.39,819.37,76.68,6.8,95,5.71,137.24,78.49,67.03,4.55,Laterite,62.57,Sprinkler,Kharif,Rice,16.11,117.53,63.6,40.98,1,7.263
Millet,Millet (Sorghum/Jowar),Traditional,30.25,23.72,37.28,475.41,61.23,9.91,123,6.48,69.86,31.68,32.33,3.25,Red,59.34,Rainfed,Rabi,Cotton,17.04,53.12,27.19,25.48,1,3.772
Rice,Rice (Basmati),Traditional,27.0,19.65,35.33,1495.17,70.39,7.81,143,7.03,62.41,39.39,31.81,3.87,Clayey,65.57,Sprinkler,Kharif,Pulses,8.65,34.54,19.0,17.36,1,4.562
Maize,Maize (Popcorn),HYV,23.86,17.41,35.09,686.48,69.02,8.63,85,6.68,94.43,55.6,43.39,2.9,Alluvial,60.94,Drip,Kharif,Maize,13.38,87.33,48.33,42.49,1,5.703
Millet,Millet (Sorghum/Jowar),Traditional,31.33,24.79,40.53,690.81,58.01,7.36,91,7.71,72.33,39.71,32.34,2.38,Black,55.62,Rainfed,Kharif,Millet,14.54,55.44,24.0,26.13,1,1.788
Maize,Maize (Sweet Corn),Hybrid,24.65,17.7,33.13,596.43,65.95,6.81,92,6.27,105.08,58.57,57.24,4.9,Loamy,59.43,Flood,Rabi,Millet,11.53,126.89,69.61,65.9,1,9.245
Rice,Rice (Non-Basmati),Traditional,31.26,25.15,41.13,1550.19,78.16,8.42,111,5.79,91.89,49.65,53.82,2.73,Black,78.37,Sprinkler,Kharif,Sugarcane,15.69,58.02,25.1,28.76,1,4.256
Wheat,Wheat (Common),Hybrid,21.89,15.51,32.27,545.69,62.58,9.67,120,6.67,93.62,47.01,30.28,3.42,Black,54.81,Flood,Rabi,Maize,8.05,106.3,50.71,41.53,1,5.149
Maize,Maize (Sweet Corn),Hybrid,23.82,16.79,31.47,596.39,67.93,6.98,84,6.91,114.99,55.58,58.95,4.81,Clayey,66.49,Sprinkler,Kharif,Cotton,18.44,79.2,48.25,31.77,1,9.496
Millet,Millet (Finger/Ragi),Hybrid,27.34,21.4,34.51,488.35,61.85,9.33,120,7.13,31.04,23.66,21.73,3.27,Red,44.03,Sprinkler,Kharif,Cotton,12.57,37.14,23.9,20.53,1,1.937
Millet,Millet (Finger/Ragi),Hybrid,29.71,22.48,39.81,686.3,57.3,7.0,124,5.92,36.28,21.22,24.62,2.16,Loamy,61.26,Rainfed,Kharif,Cotton,11.86,46.64,32.4,23.9,0,2.953
Rice,Rice (Basmati),Hybrid,29.17,22.95,40.98,1040.71,76.54,7.67,135,6.9,70.27,36.95,30.55,2.85,Alluvial,80.48,Sprinkler,Rabi,Pulses,12.44,70.75,34.41,36.44,1,5.048
Soybean,Soybean (Oil Grade),Hybrid,28.81,23.46,38.62,874.63,72.95,6.71,117,6.53,23.29,59.56,43.18,3.76,Black,60.17,Rainfed,Kharif,Pulses,11.15,29.04,65.91,45.16,1,3.533
Millet,Millet (Foxtail),Traditional,26.08,19.44,34.75,310.26,50.56,9.34,61,5.92,31.25,23.82,15.15,2.52,Red,45.78,Rainfed,Rabi,Maize,8.58,28.05,13.26,14.41,1,1.254
Wheat,Wheat (Durum),Hybrid,22.08,14.12,31.73,563.84,66.72,8.48,136,6.37,85.75,46.87,31.53,2.59,Alluvial,47.01,Drip,Rabi,Cotton,19.85,109.27,57.47,33.62,0,4.62
Soybean,Soybean (Oil Grade),Hybrid,29.81,22.9,41.03,809.82,78.73,6.57,96,7.35,23.45,56.3,42.19,4.45,Alluvial,55.61,Rainfed,Kharif,Soybean,1.04,27.62,57.04,41.93,1,5.037
Rice,Rice (Non-Basmati),HYV,29.01,22.72,39.66,1221.21,81.89,8.65,110,5.88,91.5,59.66,47.47,4.35,Desert,76.17,Drip,Kharif,Rice,18.56,92.09,57.79,55.3,1,4.746
Millet,Millet (Pearl/Bajra),Traditional,30.51,23.73,40.04,411.87,50.98,9.26,80,7.04,54.84,29.44,29.4,1.89,Clayey,38.06,Rainfed,Kharif,Soybean,10.43,37.2,17.51,21.45,1,1.498
Soybean,Soybean (Food Grade),Hybrid,27.74,20.06,39.23,865.92,67.65,7.11,96,6.72,28.04,47.48,37.65,3.64,Loamy,51.04,Sprinkler,Kharif,Soybean,17.43,29.7,64.15,40.45,1,4.075
Millet,Millet (Sorghum/Jowar),HYV,28.69,21.13,38.25,683.3,61.8,9.17,130,7.47,65.37,33.32,31.03,3.22,Sandy,45.72,Rainfed,Rabi,Soybean,8.83,58.14,31.11,22.29,1,3.102
Maize,Maize (Feed Corn),HYV,23.55,15.88,34.5,805.05,69.71,8.09,97,5.7,147.66,65.17,68.97,3.48,Alluvial,76.42,Sprinkler,Kharif,Maize,11.62,123.42,65.57,62.28,1,9.033
Wheat,Wheat (Sharbati),Hybrid,21.03,15.12,32.73,476.05,61.95,7.78,127,6.51,83.62,41.44,32.93,3.38,Sandy,64.37,Drip,Rabi,Fallow,16.6,109.42,49.04,43.85,1,5.067
Millet,Millet (Pearl/Bajra),HYV,34.46,28.11,45.87,411.89,43.15,9.8,76,7.86,44.21,21.01,20.59,1.99,Loamy,46.15,Rainfed,Kharif,Rice,14.21,56.14,21.28,27.73,1,1.822
Maize,Maize (Popcorn),Hybrid,24.31,18.13,33.62,615.32,62.86,6.83,104,5.97,81.2,45.91,48.11,2.48,Clayey,69.59,Drip,Kharif,Maize,9.15,94.4,55.34,49.36,0,6.572
Millet,Millet (Pearl/Bajra),Traditional,34.29,29.23,42.44,543.16,50.44,10.5,65,7.63,48.37,20.1,26.74,1.99,Sandy,54.58,Sprinkler,Kharif,Maize,17.29,23.34,14.45,12.81,0,1.908
Millet,Millet (Finger/Ragi),Hybrid,31.03,23.72,41.34,579.41,61.99,9.52,128,5.06,38.69,21.57,17.87,2.03,Loamy,60.77,Sprinkler,Kharif,Sugarcane,5.54,44.97,26.53,23.01,1,1.949
Soybean,Soybean (Food Grade),HYV,24.49,18.74,36.37,696.44,73.67,8.53,96,6.22,22.9,55.09,33.78,2.15,Loamy,67.29,Sprinkler,Rabi,Rice,2.49,26.78,57.33,31.45,1,1.495
Wheat,Wheat (Sharbati),Hybrid,20.04,12.41,30.85,465.98,55.69,7.72,123,6.43,82.01,47.76,35.67,2.19,Loamy,50.52,Sprinkler,Rabi,Maize,18.61,87.21,41.19,35.79,1,5.877
Soybean,Soybean (Oil Grade),Hybrid,25.91,17.99,37.5,890.29,78.79,8.89,106,7.24,26.8,53.81,39.0,3.82,Red,74.86,Rainfed,Kharif,Fallow,18.72,19.36,61.1,40.92,1,2.387
Millet,Millet (Sorghum/Jowar),Hybrid,32.48,26.35,43.5,613.85,61.6,9.82,117,7.38,62.36,33.78,33.29,3.15,Black,46.11,Sprinkler,Rabi,Soybean,16.71,103.93,49.55,50.02,0,3.281
Wheat,Wheat (Durum),Traditional,18.91,13.24,30.22,547.08,59.05,8.48,132,7.03,90.67,48.43,34.4,3.86,Clayey,66.54,Drip,Zaid,Millet,10.55,68.88,46.35,31.75,1,3.155
Millet,Millet (Finger/Ragi),Hybrid,26.28,19.91,33.73,447.77,53.84,9.16,123,5.32,46.09,27.21,23.88,2.72,Alluvial,47.75,Sprinkler,Kharif,Soybean,18.59,40.48,28.18,18.06,1,2.225
Rice,Rice (Sona Masuri),HYV,29.18,21.39,37.2,1274.93,71.46,6.57,130,6.08,74.82,37.26,39.92,2.43,Loamy,76.82,Drip,Kharif,Fallow,7.03,64.71,38.21,30.63,1,6.356
Maize,Maize (Sweet Corn),HYV,25.32,20.15,34.94,640.58,63.35,8.5,80,6.5,109.01,67.57,50.02,2.83,Clayey,68.05,Sprinkler,Rabi,Sugarcane,16.32,118.08,52.29,40.01,1,5.219
Maize,Maize (Feed Corn),HYV,27.06,20.15,35.95,699.34,78.51,7.11,112,7.31,130.81,74.25,55.36,4.05,Black,78.15,Flood,Kharif,Wheat,18.01,110.86,51.46,50.44,1,6.001
Maize,Maize (Sweet Corn),Traditional,24.5,18.46,34.5,745.31,74.94,8.61,95,6.69,114.8,54.45,47.09,2.05,Alluvial,58.29,Drip,Rabi,Sugarcane,10.31,83.58,46.56,32.85,0,3.495
Maize,Maize (Popcorn),HYV,24.63,16.74,34.62,717.18,66.29,6.14,88,6.53,88.77,59.11,45.84,4.32,Clayey,54.12,Drip,Rabi,Rice,19.21,97.99,40.65,49.57,1,4.707
Rice,Rice (Non-Basmati),HYV,31.81,25.53,39.81,1508.68,84.88,8.58,132,7.04,101.93,50.79,41.76,3.23,Loamy,78.64,Sprinkler,Zaid,Cotton,9.0,109.7,56.96,49.2,1,7.058
Maize,Maize (Feed Corn),Traditional,28.17,22.08,39.74,559.03,75.43,8.59,90,7.08,145.23,60.44,58.09,4.94,Loamy,56.56,Drip,Kharif,Soybean,16.78,81.27,41.86,35.79,1,9.857
Maize,Maize (Popcorn),HYV,25.63,18.16,32.71,709.99,58.25,6.05,90,6.02,80.66,43.09,40.13,3.08,Alluvial,63.22,Sprinkler,Rabi,Maize,12.55,83.81,57.32,40.5,1,7.034
Rice,Rice (Non-Basmati),Traditional,27.68,22.19,37.09,1331.75,80.44,8.86,110,5.77,103.91,55.98,51.91,3.53,Loamy,85.96,Sprinkler,Kharif,Cotton,18.11,87.62,36.37,41.98,1,5.847
Rice,Rice (Non-Basmati),HYV,30.31,22.91,39.78,1157.71,78.76,8.53,138,7.23,95.71,40.09,45.48,3.79,Clayey,84.98,Sprinkler,Kharif,Sugarcane,7.54,110.1,58.74,41.75,1,5.154
Maize,Maize (Feed Corn),Hybrid,27.93,20.25,39.38,569.72,60.9,7.78,111,6.76,126.82,72.44,53.43,4.42,Loamy,71.52,Sprinkler,Kharif,Fallow,9.92,211.3,97.45,89.55,1,11.194
Wheat,Wheat (Durum),Traditional,19.8,12.39,30.49,608.34,62.82,8.14,128,6.98,82.62,56.4,33.7,3.08,Black,57.48,Sprinkler,Rabi,Soybean,16.88,68.95,36.52,31.5,0,3.083
Rice,Rice (Sona Masuri),Traditional,27.64,19.68,35.02,1122.58,75.74,7.48,121,5.62,75.16,40.54,42.68,3.72,Alluvial,74.18,Drip,Kharif,Millet,7.45,57.52,28.55,32.04,0,4.783
Maize,Maize (Popcorn),Traditional,24.37,16.9,31.63,509.05,67.33,8.47,89,6.94,94.85,57.14,40.04,3.64,Loamy,64.23,Drip,Rabi,Fallow,16.53,69.83,36.62,38.34,1,6.066
Millet,Millet (Pearl/Bajra),Traditional,32.97,26.09,44.35,581.91,40.03,8.68,69,6.71,40.92,29.15,26.49,2.83,Sandy,37.64,Drip,Kharif,Cotton,17.36,46.11,21.72,22.76,0,2.407
Rice,Rice (Non-Basmati),HYV,29.93,22.31,41.78,1270.67,85.93,8.55,140,7.16,108.16,53.24,41.38,3.09,Desert,88.38,Flood,Kharif,Wheat,19.57,115.09,41.6,56.41,1,4.703
Rice,Rice (Basmati),HYV,26.35,20.61,33.67,1229.47,80.99,7.82,140,6.89,67.44,33.33,38.85,3.15,Loamy,72.34,Sprinkler,Kharif,Pulses,19.76,68.55,32.06,38.0,1,6.5
Rice,Rice (Non-Basmati),Traditional,30.36,24.41,41.5,1401.71,77.78,7.67,120,6.58,115.57,53.51,44.99,3.72,Desert,88.58,Sprinkler,Kharif,Fallow,11.17,72.66,47.99,36.93,1,6.197
Maize,Maize (Feed Corn),Hybrid,27.48,20.2,39.03,598.63,79.69,6.99,120,5.84,135.22,62.4,68.78,4.48,Loamy,68.43,Rainfed,Rabi,Soybean,6.23,158.04,84.99,69.03,1,8.242
Wheat,Wheat (Common),Hybrid,21.56,16.42,30.96,491.73,52.92,8.18,113,6.53,82.06,40.25,32.62,1.77,Alluvial,68.21,Sprinkler,Rabi,Wheat,13.4,103.03,52.37,35.38,1,5.311
Soybean,Soybean (Oil Grade),Hybrid,28.04,22.22,39.36,724.11,67.15,8.21,101,6.58,27.21,65.82,41.23,2.98,Black,61.61,Rainfed,Kharif,Wheat,4.3,24.7,63.87,45.26,1,3.345
Millet,Millet (Finger/Ragi),HYV,26.95,21.87,35.12,485.63,51.71,7.03,111,6.63,42.2,25.36,17.92,2.72,Red,51.91,Rainfed,Kharif,Maize,17.91,45.13,22.19,16.72,1,2.833
Maize,Maize (Feed Corn),HYV,27.06,20.14,38.46,708.38,74.08,8.86,110,6.11,139.98,74.89,55.78,2.98,Black,66.5,Flood,Kharif,Millet,15.3,127.72,72.09,63.17,1,7.95
Soybean,Soybean (Oil Grade),Traditional,26.75,21.74,37.82,677.51,71.19,6.04,112,7.06,25.82,57.36,38.06,2.23,Alluvial,69.66,Rainfed,Kharif,Maize,0.95,22.58,43.73,33.84,1,3.246
Wheat,Wheat (Sharbati),HYV,21.86,15.79,28.93,587.38,61.3,9.5,131,6.63,93.96,49.04,32.46,2.29,Laterite,46.08,Drip,Rabi,Pulses,7.6,88.47,47.17,32.75,1,5.18
Rice,Rice (Non-Basmati),Traditional,29.6,24.2,38.56,1585.65,77.02,8.6,129,7.16,82.32,57.58,41.9,3.25,Clayey,84.14,Sprinkler,Kharif,Fallow,4.56,58.17,33.82,30.58,1,6.216
Maize,Maize (Sweet Corn),Hybrid,24.0,17.24,31.84,636.21,73.14,8.95,90,6.53,100.24,57.32,40.04,2.5,Black,61.2,Sprinkler,Kharif,Wheat,7.0,119.21,64.37,45.31,1,6.976
Millet,Millet (Pearl/Bajra),Hybrid,28.18,22.23,38.74,402.16,56.47,9.38,80,6.79,47.22,22.57,24.62,2.66,Sandy,47.85,Sprinkler,Kharif,Sugarcane,3.89,41.08,25.06,27.88,0,2.399
Maize,Maize (Popcorn),Traditional,26.33,21.03,35.41,637.74,67.09,7.9,90,6.22,92.62,54.58,46.86,4.12,Alluvial,68.11,Sprinkler,Rabi,Millet,16.53,78.19,46.77,37.88,1,3.625
Millet,Millet (Finger/Ragi),HYV,29.9,23.19,38.34,676.83,64.38,7.91,100,5.7,32.03,24.19,23.91,1.83,Black,59.48,Sprinkler,Kharif,Maize,7.12,26.65,22.68,14.56,0,3.822
Maize,Maize (Sweet Corn),HYV,22.34,16.33,31.22,538.23,61.81,8.0,92,6.61,110.97,68.03,55.94,2.45,Alluvial,65.25,Sprinkler,Kharif,Soybean,12.93,107.18,66.61,50.23,0,5.686
Millet,Millet (Finger/Ragi),Traditional,26.93,20.24,37.43,530.75,67.33,8.75,101,6.35,41.92,24.68,17.95,2.66,Red,48.1,Sprinkler,Kharif,Millet,1.78,31.39,21.78,18.19,1,2.519
Rice,Rice (Sona Masuri),HYV,28.5,23.36,36.91,1147.2,79.38,7.39,129,6.36,73.17,40.18,38.96,3.2,Red,64.93,Flood,Kharif,Soybean,13.79,73.3,41.87,39.22,1,4.807
Millet,Millet (Pearl/Bajra),Traditional,30.56,22.65,41.22,502.21,47.07,8.9,87,6.91,48.06,27.49,27.45,1.43,Red,40.23,Sprinkler,Kharif,Rice,18.84,47.21,19.42,20.18,1,2.645
Soybean,Soybean (Food Grade),HYV,28.65,22.96,40.26,785.3,73.16,8.88,90,6.51,20.39,44.7,32.22,2.55,Alluvial,72.32,Rainfed,Kharif,Millet,3.86,25.09,56.72,35.83,1,2.603
Soybean,Soybean (Food Grade),HYV,26.93,20.01,37.97,850.51,73.74,7.5,97,7.06,26.93,57.89,38.21,3.75,Black,66.84,Rainfed,Kharif,Pulses,3.61,21.14,41.11,39.99,0,2.627
Maize,Maize (Popcorn),Hybrid,22.58,15.95,31.24,627.75,65.93,6.98,101,6.93,89.0,54.89,49.73,2.53,Alluvial,66.94,Drip,Rabi,Rice,1.73,102.07,51.43,48.83,1,6.6
Maize,Maize (Sweet Corn),HYV,22.96,17.06,33.65,549.08,67.98,7.77,93,6.18,106.68,63.78,56.89,2.57,Black,71.37,Drip,Kharif,Pulses,1.65,109.88,54.28,51.05,1,5.965
Millet,Millet (Sorghum/Jowar),Hybrid,30.76,22.93,39.95,637.25,51.69,7.63,123,7.01,67.97,38.5,32.25,2.82,Laterite,48.55,Rainfed,Kharif,Pulses,17.18,80.18,39.06,27.8,1,1.871
Millet,Millet (Finger/Ragi),HYV,27.01,20.79,35.11,422.75,58.07,7.44,104,6.19,39.56,24.31,23.96,2.41,Red,45.5,Rainfed,Kharif,Millet,18.65,34.4,20.55,17.73,0,2.14
Wheat,Wheat (Durum),Traditional,22.59,16.09,33.23,503.84,50.5,8.74,121,6.51,92.12,57.55,36.36,3.85,Red,68.27,Drip,Rabi,Fallow,7.4,84.71,44.83,28.12,1,4.847
Maize,Maize (Sweet Corn),Traditional,23.43,18.02,32.05,742.57,60.42,6.68,81,6.67,117.68,67.75,49.05,2.77,Alluvial,65.14,Sprinkler,Rabi,Pulses,11.37,87.79,48.15,45.55,1,5.755
Millet,Millet (Pearl/Bajra),Traditional,34.18,27.71,42.28,469.67,41.67,8.55,84,6.01,49.4,23.7,20.46,1.48,Alluvial,48.5,Sprinkler,Kharif,Maize,13.85,40.12,18.78,21.52,1,1.974
Soybean,Soybean (Food Grade),Hybrid,25.34,18.22,36.86,692.55,79.75,6.33,107,6.43,26.82,41.79,35.89,3.86,Sandy,73.11,Sprinkler,Kharif,Maize,6.83,26.17,43.07,35.15,1,4.075
Wheat,Wheat (Common),Hybrid,19.0,12.81,26.73,561.42,60.0,7.33,128,6.67,82.34,45.61,33.85,3.8,Alluvial,52.57,Flood,Rabi,Rice,4.75,96.43,47.03,41.21,1,5.848
Rice,Rice (Sona Masuri),HYV,29.45,24.06,37.4,1327.08,79.9,7.89,131,6.34,86.18,36.28,36.0,4.04,Red,79.92,Sprinkler,Kharif,Maize,11.59,70.53,31.44,33.13,1,7.113
Maize,Maize (Popcorn),Hybrid,23.79,16.04,31.8,550.94,63.56,7.0,104,6.02,99.34,48.13,43.96,4.44,Loamy,60.98,Rainfed,Rabi,Millet,19.28,107.79,63.19,44.18,1,5.298
Rice,Rice (Sona Masuri),HYV,28.33,21.34,35.45,1099.95,76.54,7.89,122,5.75,79.47,42.3,41.24,3.82,Red,79.79,Flood,Rabi,Millet,13.86,85.37,39.36,36.77,1,6.581
Millet,Millet (Foxtail),HYV,28.07,21.46,40.06,524.16,49.64,9.69,73,7.31,34.33,19.41,15.01,2.98,Loamy,54.02,Sprinkler,Rabi,Cotton,11.26,33.17,18.05,14.08,1,2.282
Rice,Rice (Basmati),Hybrid,26.96,21.09,38.08,1225.7,77.52,7.56,141,6.38,62.41,30.99,37.57,2.67,Sandy,61.39,Flood,Kharif,Soybean,8.58,77.3,34.53,35.61,1,3.379
Maize,Maize (Feed Corn),Traditional,28.16,22.98,37.52,583.35,77.72,6.72,119,6.55,140.48,63.45,66.32,4.27,Black,77.22,Flood,Rabi,Millet,17.76,97.99,63.14,41.32,1,5.893
Maize,Maize (Feed Corn),Traditional,27.62,22.46,36.26,565.44,75.72,8.74,114,7.36,125.32,76.54,52.95,4.76,Alluvial,72.33,Flood,Kharif,Fallow,1.9,106.45,55.69,55.01,1,4.687
Millet,Millet (Foxtail),Traditional,29.21,21.36,38.55,302.55,47.2,8.2,61,6.15,38.71,21.88,18.18,1.79,Desert,54.28,Rainfed,Rabi,Millet,19.44,27.86,17.57,12.0,1,1.223
Wheat,Wheat (Durum),Hybrid,20.88,13.14,29.34,559.95,57.8,7.2,129,6.47,88.79,44.28,36.08,3.71,Loamy,59.89,Sprinkler,Rabi,Rice,14.73,76.78,55.87,28.85,1,7.15
Rice,Rice (Sona Masuri),Traditional,29.06,21.51,37.71,1066.41,72.36,6.81,122,6.81,71.79,44.15,44.25,3.82,Sandy,82.51,Sprinkler,Kharif,Maize,4.26,60.72,27.25,26.38,1,4.369
Maize,Maize (Feed Corn),Hybrid,25.43,17.83,33.84,592.56,76.46,6.58,114,6.76,140.95,75.7,65.16,3.72,Desert,78.47,Flood,Kharif,Millet,4.29,140.45,75.28,73.61,0,8.529
Wheat,Wheat (Common),Hybrid,20.4,12.79,29.05,570.89,60.02,7.18,123,6.7,99.28,45.39,32.35,3.94,Loamy,47.3,Flood,Rabi,Soybean,4.1,109.51,47.34,37.37,1,6.063
Maize,Maize (Sweet Corn),HYV,24.89,17.33,34.66,775.88,72.23,7.89,91,6.78,104.12,60.83,52.28,2.22,Loamy,68.47,Sprinkler,Rabi,Fallow,2.75,105.02,66.12,53.77,0,7.532
Millet,Millet (Pearl/Bajra),HYV,29.44,21.97,39.32,407.73,40.05,8.78,87,6.82,48.53,28.41,21.3,2.6,Sandy,39.78,Sprinkler,Kharif,Millet,12.58,56.35,31.47,24.06,0,1.64
Maize,Maize (Popcorn),Hybrid,26.82,20.6,34.79,557.87,61.88,6.76,85,6.38,84.47,59.58,47.53,3.54,Sandy,69.77,Drip,Rabi,Millet,16.44,91.5,45.93,47.89,1,7.304
Soybean,Soybean (Food Grade),HYV,24.16,16.95,32.84,728.61,72.08,8.87,91,6.02,26.55,40.08,39.94,2.14,Alluvial,61.84,Rainfed,Kharif,Soybean,16.91,26.99,48.65,38.46,0,2.84
Wheat,Wheat (Sharbati),HYV,21.47,13.84,32.55,503.33,50.98,8.0,122,6.64,92.02,41.95,31.42,2.17,Black,59.97,Drip,Rabi,Cotton,4.19,97.63,45.91,36.58,1,4.702
Millet,Millet (Foxtail),HYV,28.18,20.63,35.82,431.82,62.14,9.36,78,7.16,31.15,23.49,16.51,1.44,Loamy,58.23,Sprinkler,Kharif,Rice,5.58,30.5,19.06,19.29,1,1.648
Soybean,Soybean (Oil Grade),Traditional,26.86,21.5,36.95,884.36,78.15,7.26,107,6.14,21.64,55.77,35.32,3.68,Clayey,69.18,Sprinkler,Kharif,Rice,5.72,18.12,46.03,33.65,1,3.116
Soybean,Soybean (Food Grade),HYV,25.37,18.12,36.7,726.05,64.76,7.06,100,6.52,27.96,40.22,30.74,3.34,Alluvial,52.29,Rainfed,Kharif,Pulses,2.08,25.76,47.17,37.9,1,1.771
Wheat,Wheat (Common),Hybrid,17.37,11.49,28.36,508.45,57.68,8.0,121,6.26,84.75,42.35,34.8,2.3,Loamy,56.79,Sprinkler,Rabi,Maize,5.17,102.19,49.71,35.67,1,4.545
Millet,Millet (Foxtail),HYV,28.78,22.03,36.25,415.74,50.72,7.2,64,5.51,32.96,15.92,16.28,2.49,Red,44.99,Sprinkler,Kharif,Wheat,16.33,30.66,22.1,16.05,1,1.786
Maize,Maize (Sweet Corn),Hybrid,24.75,17.91,35.1,520.55,71.92,6.85,97,6.2,106.79,59.02,43.4,4.78,Loamy,67.64,Rainfed,Kharif,Pulses,1.15,120.73,61.49,48.42,1,7.824
Wheat,Wheat (Sharbati),Hybrid,20.16,14.47,30.09,472.8,60.43,7.74,129,7.32,95.54,49.77,30.2,2.42,Desert,63.26,Sprinkler,Zaid,Wheat,16.32,102.72,54.67,40.43,1,3.473
Maize,Maize (Feed Corn),Traditional,27.63,20.72,36.08,642.45,77.23,7.69,111,6.59,131.77,61.76,64.37,4.17,Red,60.88,Sprinkler,Kharif,Fallow,3.87,71.21,42.06,36.15,1,7.936
Soybean,Soybean (Food Grade),HYV,24.18,16.46,33.04,648.49,64.19,6.93,101,7.17,28.65,57.67,36.14,3.17,Alluvial,72.03,Flood,Kharif,Cotton,4.79,20.01,58.55,37.94,1,1.761
Soybean,Soybean (Oil Grade),Hybrid,25.96,18.71,37.29,775.01,68.13,6.42,108,6.45,25.86,59.85,39.95,2.98,Alluvial,78.48,Sprinkler,Kharif,Millet,6.41,27.25,57.27,44.18,1,3.61
Maize,Maize (Feed Corn),HYV,28.25,20.38,36.81,681.39,72.91,8.73,107,6.17,123.94,74.07,52.58,4.45,Alluvial,68.65,Flood,Kharif,Pulses,11.85,183.85,88.15,85.49,1,10.281
Millet,Millet (Sorghum/Jowar),Hybrid,28.09,22.31,36.36,622.33,54.23,7.89,99,6.36,63.78,37.32,27.4,3.16,Black,64.19,Sprinkler,Kharif,Cotton,7.1,78.05,33.63,28.0,1,4.34
Wheat,Wheat (Sharbati),Traditional,19.62,13.55,28.51,473.4,50.3,9.19,131,6.33,91.71,47.46,30.92,3.75,Loamy,58.18,Flood,Rabi,Fallow,12.3,69.73,37.37,28.42,1,4.169
Millet,Millet (Sorghum/Jowar),Hybrid,28.23,22.11,40.17,441.38,67.04,9.77,104,7.63,79.81,36.69,30.88,2.72,Black,53.32,Sprinkler,Kharif,Pulses,6.6,58.37,35.08,28.12,1,2.479
Maize,Maize (Feed Corn),Hybrid,23.22,17.39,33.36,554.56,61.51,7.23,92,6.88,146.83,60.93,62.47,4.25,Alluvial,74.93,Flood,Kharif,Wheat,10.03,144.91,80.25,72.68,1,9.809
Millet,Millet (Sorghum/Jowar),Traditional,30.57,22.91,41.92,569.6,69.72,9.22,100,7.45,61.76,35.75,26.32,2.87,Red,44.86,Flood,Zaid,Millet,6.73,57.18,30.63,26.75,1,2.221
Soybean,Soybean (Oil Grade),Hybrid,28.18,20.55,37.35,944.85,70.85,8.81,107,7.4,20.98,53.68,43.08,3.6,Laterite,61.96,Rainfed,Kharif,Fallow,10.88,23.68,62.08,39.28,1,3.125
Millet,Millet (Finger/Ragi),Traditional,25.37,20.28,37.35,629.47,56.73,9.04,125,6.47,32.01,26.12,15.05,3.45,Red,53.02,Drip,Kharif,Millet,4.09,31.19,17.37,12.56,1,3.22
Maize,Maize (Popcorn),Hybrid,25.53,20.08,36.62,625.73,61.19,7.01,93,6.78,90.93,42.01,44.57,3.83,Alluvial,52.09,Flood,Rabi,Cotton,8.86,76.5,55.91,38.21,1,5.051
Maize,Maize (Sweet Corn),Hybrid,26.18,18.54,35.26,588.5,69.4,8.17,84,5.86,107.19,61.89,50.48,4.18,Loamy,72.08,Flood,Zaid,Sugarcane,10.44,120.64,76.7,59.63,1,6.969
Millet,Millet (Sorghum/Jowar),Hybrid,30.41,23.48,37.65,649.69,56.59,7.51,118,7.73,68.25,37.62,30.36,2.65,Loamy,64.05,Sprinkler,Kharif,Sugarcane,7.21,70.96,36.67,24.03,1,2.006
Maize,Maize (Popcorn),HYV,22.34,14.58,33.61,505.84,58.21,7.71,88,6.05,92.39,51.52,46.63,3.98,Black,64.59,Sprinkler,Kharif,Pulses,15.57,80.91,53.33,48.76,1,5.488
Wheat,Wheat (Common),Traditional,17.31,9.81,25.69,499.18,57.62,8.71,116,6.99,98.91,41.63,39.84,2.57,Loamy,69.35,Sprinkler,Rabi,Sugarcane,13.11,76.3,39.53,29.74,1,4.091
Millet,Millet (Finger/Ragi),HYV,28.75,21.73,37.06,454.11,64.81,8.23,121,5.78,41.32,20.96,20.41,2.52,Black,41.62,Drip,Kharif,Fallow,11.49,32.95,28.42,20.44,1,3.795
Maize,Maize (Feed Corn),Hybrid,28.64,21.44,35.77,633.83,74.75,8.04,90,6.0,122.89,76.13,56.83,4.33,Red,78.29,Sprinkler,Kharif,Rice,8.12,134.58,56.18,52.17,1,11.7
Wheat,Wheat (Sharbati),Hybrid,18.56,11.23,25.88,502.65,51.85,8.67,135,6.69,85.59,40.32,36.62,3.74,Laterite,58.34,Sprinkler,Rabi,Fallow,7.08,137.71,64.25,52.26,0,4.671
Rice,Rice (Non-Basmati),Hybrid,27.23,21.49,38.89,1477.86,85.79,6.31,115,6.16,81.07,48.89,42.12,3.86,Clayey,80.49,Sprinkler,Kharif,Soybean,6.11,131.52,45.05,50.34,0,5.443
Wheat,Wheat (Durum),Traditional,19.84,12.26,29.36,491.6,62.26,7.86,130,6.76,92.69,45.49,35.97,3.23,Alluvial,47.95,Drip,Rabi,Millet,1.3,99.04,55.98,39.21,0,4.895
Millet,Millet (Foxtail),Traditional,28.5,22.24,35.53,354.2,45.13,9.5,77,6.6,37.45,20.13,18.35,1.92,Red,40.89,Drip,Rabi,Pulses,14.64,31.16,18.21,12.08,1,0.879
Millet,Millet (Finger/Ragi),Traditional,31.02,23.45,41.94,461.47,61.2,8.32,114,5.96,41.44,20.54,20.51,3.05,Black,54.11,Rainfed,Zaid,Millet,7.41,26.16,18.84,12.14,0,1.111
Soybean,Soybean (Food Grade),Hybrid,29.87,24.78,40.36,639.94,78.85,8.88,101,6.76,29.01,46.79,36.38,3.58,Alluvial,73.28,Rainfed,Kharif,Millet,8.29,18.78,38.44,34.47,1,2.199
Maize,Maize (Popcorn),HYV,22.11,15.51,33.28,645.19,68.27,7.65,85,6.81,96.44,49.13,41.08,2.92,Alluvial,55.61,Drip,Rabi,Wheat,19.69,90.64,58.96,43.6,1,4.661
Millet,Millet (Sorghum/Jowar),Traditional,30.99,24.95,38.59,562.62,61.03,9.48,119,7.63,66.25,34.22,27.76,3.13,Black,51.88,Sprinkler,Rabi,Sugarcane,9.35,53.01,25.45,26.16,0,2.74
Millet,Millet (Foxtail),HYV,26.31,18.71,37.86,457.4,47.43,9.15,73,6.26,39.83,18.68,16.75,1.87,Loamy,48.81,Rainfed,Rabi,Pulses,19.76,33.22,21.47,15.36,1,2.003
Millet,Millet (Pearl/Bajra),Hybrid,28.58,20.7,37.48,378.21,42.31,10.48,71,7.1,50.62,28.69,27.79,1.57,Red,43.05,Sprinkler,Kharif,Fallow,12.6,45.46,32.22,31.48,1,2.738
Rice,Rice (Non-Basmati),Hybrid,30.24,24.05,38.6,1101.69,84.4,8.5,116,5.83,118.97,52.57,49.01,2.24,Black,81.74,Sprinkler,Kharif,Sugarcane,12.69,141.75,76.47,73.56,1,6.651
Soybean,Soybean (Food Grade),Hybrid,26.83,19.28,34.35,720.51,61.88,8.03,102,6.44,28.45,59.9,37.28,2.02,Black,74.34,Rainfed,Kharif,Maize,18.08,24.22,49.92,33.61,1,3.761
Soybean,Soybean (Food Grade),Hybrid,28.06,21.76,36.37,884.43,64.2,8.53,90,6.73,28.51,48.23,32.22,2.86,Black,58.19,Rainfed,Kharif,Wheat,19.24,20.71,55.66,28.43,1,1.505
Maize,Maize (Feed Corn),HYV,27.51,19.84,37.14,614.19,76.35,8.72,94,6.29,145.68,79.92,63.87,2.47,Alluvial,71.84,Flood,Kharif,Wheat,13.86,146.42,73.7,63.52,1,6.111
Rice,Rice (Non-Basmati),Traditional,31.28,23.39,39.9,1499.35,74.21,7.64,121,7.23,104.29,40.0,56.11,2.99,Loamy,73.01,Sprinkler,Kharif,Pulses,19.46,54.99,30.77,25.55,1,6.155
Millet,Millet (Foxtail),Traditional,26.85,21.25,34.01,379.87,51.94,8.22,69,6.09,31.96,21.19,16.72,1.81,Loamy,49.76,Rainfed,Rabi,Soybean,14.5,25.23,12.24,12.29,1,1.406
Rice,Rice (Sona Masuri),Hybrid,26.77,20.91,36.84,1074.07,83.63,7.23,130,6.11,84.82,36.01,43.13,4.49,Loamy,79.71,Flood,Kharif,Millet,0.92,79.93,40.43,47.29,0,5.398
Wheat,Wheat (Common),HYV,18.85,13.6,29.75,466.87,63.32,8.04,116,7.4,96.46,42.82,30.33,2.68,Black,42.76,Sprinkler,Rabi,Cotton,11.68,82.74,38.6,32.14,1,4.491
Rice,Rice (Sona Masuri),HYV,27.14,19.59,38.76,1280.07,70.45,8.36,129,6.86,81.39,43.8,43.24,2.2,Red,65.18,Flood,Kharif,Sugarcane,8.69,74.94,37.1,35.04,1,3.772
Wheat,Wheat (Common),Traditional,18.28,12.14,29.0,449.69,60.84,8.98,127,6.49,82.76,42.82,39.64,2.54,Black,68.02,Flood,Rabi,Maize,13.5,67.07,37.12,31.17,0,4.367
Rice,Rice (Sona Masuri),Hybrid,26.98,20.14,38.95,1146.11,78.29,6.98,130,6.8,73.58,44.0,36.52,2.24,Alluvial,76.32,Sprinkler,Kharif,Maize,9.49,67.07,40.22,41.25,1,5.553
Maize,Maize (Feed Corn),HYV,25.15,18.02,34.19,577.97,74.49,6.55,117,5.99,129.5,79.84,57.22,3.57,Red,61.87,Flood,Kharif,Pulses,10.4,123.36,69.48,60.98,1,8.008
Rice,Rice (Basmati),Traditional,25.93,18.94,37.34,1407.06,80.28,6.33,134,6.01,78.49,34.43,35.53,2.76,Alluvial,78.56,Drip,Kharif,Millet,12.83,43.95,22.57,26.54,1,4.35
Rice,Rice (Non-Basmati),Hybrid,27.59,21.58,38.8,1113.64,74.6,8.71,126,7.11,110.46,54.78,55.0,2.43,Laterite,67.48,Sprinkler,Kharif,Wheat,18.28,101.31,47.49,53.38,1,7.232
Soybean,Soybean (Oil Grade),HYV,29.93,22.48,38.84,878.79,65.0,7.49,118,6.2,20.5,51.65,35.05,2.55,Red,61.07,Rainfed,Kharif,Pulses,1.41,20.89,37.1,28.79,1,3.767
Millet,Millet (Sorghum/Jowar),Hybrid,29.16,23.8,37.35,604.95,63.13,8.89,93,6.21,65.77,35.75,29.36,2.51,Black,45.32,Sprinkler,Rabi,Wheat,8.32,81.51,33.62,34.75,1,2.088
Millet,Millet (Pearl/Bajra),Hybrid,31.26,23.43,41.58,497.87,48.54,10.57,89,7.46,43.9,22.63,24.63,2.17,Loamy,31.53,Rainfed,Kharif,Sugarcane,15.72,45.57,32.79,27.95,1,1.272
Rice,Rice (Sona Masuri),Traditional,29.06,22.64,38.15,1354.83,73.68,7.19,122,6.92,73.87,44.01,36.42,3.27,Loamy,76.09,Sprinkler,Kharif,Wheat,8.56,66.82,32.06,30.22,1,6.615
Rice,Rice (Basmati),Traditional,28.82,21.79,39.69,1475.72,81.65,7.83,140,6.1,69.49,35.61,36.28,4.07,Alluvial,66.33,Flood,Kharif,Cotton,16.94,60.66,27.61,25.47,1,4.592
Millet,Millet (Foxtail),Traditional,26.67,20.86,35.78,333.05,47.26,8.34,72,7.31,30.77,21.28,15.17,2.53,Sandy,49.29,Sprinkler,Kharif,Sugarcane,1.81,35.02,21.44,16.58,1,1.707
Soybean,Soybean (Oil Grade),Hybrid,25.74,18.59,33.27,734.23,71.15,6.64,109,6.15,20.86,68.5,43.38,2.49,Alluvial,62.51,Flood,Kharif,Fallow,15.09,36.33,91.76,54.26,1,3.813
Soybean,Soybean (Oil Grade),HYV,27.12,21.22,37.53,875.26,67.31,7.99,106,6.83,21.36,55.25,36.03,2.41,Red,56.95,Rainfed,Kharif,Pulses,12.21,29.27,58.7,37.99,0,3.716
Soybean,Soybean (Oil Grade),Hybrid,27.92,21.33,38.47,854.03,72.29,8.14,99,6.38,20.1,52.33,40.07,2.82,Alluvial,71.74,Sprinkler,Kharif,Millet,18.27,28.63,64.6,45.48,1,3.526
Rice,Rice (Non-Basmati),Hybrid,31.3,25.07,41.37,1364.12,77.58,7.16,132,5.65,116.8,50.61,47.93,3.61,Black,80.71,Sprinkler,Kharif,Sugarcane,10.34,91.09,60.65,56.03,1,9.1
Millet,Millet (Foxtail),Hybrid,31.26,26.2,39.98,349.44,57.75,9.93,72,7.21,38.67,17.87,15.39,2.73,Loamy,55.03,Rainfed,Kharif,Cotton,16.69,33.14,14.91,15.07,1,1.515
Millet,Millet (Finger/Ragi),HYV,29.37,24.25,37.27,660.54,56.13,7.63,126,7.0,30.09,20.4,19.66,2.2,Black,42.33,Rainfed,Kharif,Cotton,12.01,37.36,22.02,22.46,1,1.258
Millet,Millet (Finger/Ragi),Traditional,26.68,21.27,36.77,510.01,62.43,7.74,123,6.41,44.26,22.09,18.94,2.07,Loamy,60.86,Sprinkler,Kharif,Sugarcane,5.94,20.69,14.91,15.28,0,1.967
Rice,Rice (Sona Masuri),HYV,26.6,19.26,35.45,1271.75,80.07,8.38,124,6.29,78.85,40.4,39.63,3.26,Desert,65.09,Flood,Kharif,Rice,0.61,78.61,36.26,42.78,1,4.382
Rice,Rice (Sona Masuri),Hybrid,28.94,21.59,36.0,1275.12,74.79,6.67,137,6.66,75.1,36.92,38.78,2.98,Loamy,81.85,Flood,Kharif,Pulses,4.55,56.63,28.07,30.19,0,5.515
Millet,Millet (Sorghum/Jowar),HYV,27.73,21.28,38.01,487.14,62.78,7.16,99,6.1,66.79,32.64,29.61,2.21,Black,62.27,Rainfed,Rabi,Maize,11.67,64.13,33.78,32.07,1,3.061
Soybean,Soybean (Food Grade),Hybrid,27.51,19.73,37.97,652.71,70.49,6.83,96,6.53,21.64,55.1,32.0,3.66,Sandy,66.15,Sprinkler,Kharif,Wheat,14.4,37.36,64.29,39.96,1,2.258
Soybean,Soybean (Food Grade),HYV,24.1,17.99,31.52,614.63,60.09,6.06,103,6.03,20.74,48.22,34.07,2.53,Alluvial,66.61,Rainfed,Kharif,Pulses,14.19,27.59,56.55,34.7,1,2.581
Rice,Rice (Basmati),Hybrid,25.81,18.02,36.85,1316.7,83.07,8.41,141,6.62,77.67,33.24,31.22,3.07,Clayey,82.67,Sprinkler,Kharif,Maize,0.64,70.89,34.32,36.71,1,4.74
Maize,Maize (Feed Corn),Hybrid,28.96,22.22,36.96,815.4,64.17,6.8,111,7.31,126.64,66.13,54.32,4.9,Desert,62.49,Flood,Kharif,Sugarcane,14.41,147.03,74.33,69.41,1,7.957
Maize,Maize (Feed Corn),HYV,27.51,20.01,36.98,799.6,76.34,7.59,103,7.37,144.36,61.95,67.18,2.45,Alluvial,59.37,Flood,Kharif,Pulses,11.48,145.69,62.25,69.55,1,4.663
Maize,Maize (Sweet Corn),Traditional,26.0,18.64,33.32,505.72,64.67,7.93,88,6.02,107.23,65.77,54.62,4.3,Loamy,53.99,Drip,Kharif,Rice,2.89,92.83,48.58,37.34,0,4.68
Maize,Maize (Sweet Corn),HYV,26.03,20.21,34.02,644.2,69.29,7.86,94,6.99,117.2,54.78,55.17,3.71,Alluvial,51.76,Sprinkler,Rabi,Rice,18.64,86.69,52.42,44.84,1,6.114
Millet,Millet (Sorghum/Jowar),HYV,31.41,24.57,43.12,561.96,57.27,9.09,105,7.79,68.8,34.24,28.37,2.81,Red,46.67,Rainfed,Rabi,Soybean,16.55,75.43,30.74,30.96,1,3.423
Millet,Millet (Pearl/Bajra),Hybrid,28.05,21.88,37.77,428.84,46.3,10.8,69,6.62,57.96,22.55,20.92,2.68,Black,47.44,Rainfed,Rabi,Cotton,4.4,46.94,29.77,24.33,1,1.934
Millet,Millet (Sorghum/Jowar),HYV,30.95,23.55,40.48,448.59,58.28,9.89,107,7.97,68.4,38.03,26.56,3.49,Clayey,63.01,Sprinkler,Rabi,Soybean,16.32,74.55,33.63,25.47,1,2.119
Millet,Millet (Foxtail),HYV,27.0,20.98,34.45,516.56,60.3,7.72,61,6.97,34.29,17.72,17.69,1.69,Red,42.32,Rainfed,Kharif,Cotton,9.58,38.99,20.18,18.23,1,1.359
Wheat,Wheat (Common),Traditional,17.82,9.93,28.69,447.57,69.27,7.42,115,7.21,92.07,49.94,30.69,2.11,Clayey,45.97,Flood,Rabi,Cotton,6.41,75.67,38.55,30.1,1,3.026
Rice,Rice (Sona Masuri),Hybrid,28.6,22.84,40.59,1106.78,73.46,7.87,133,6.75,80.06,44.85,44.63,2.68,Black,69.67,Flood,Kharif,Millet,7.86,98.56,39.07,44.88,1,5.666
Maize,Maize (Popcorn),Hybrid,23.55,15.9,34.87,611.99,64.45,7.79,87,6.99,94.62,44.45,43.46,2.42,Black,67.24,Sprinkler,Kharif,Soybean,8.48,97.11,52.5,51.26,1,6.869
Rice,Rice (Non-Basmati),Traditional,26.88,19.37,36.01,1210.73,71.73,7.25,120,6.13,95.37,58.19,56.74,4.0,Black,71.67,Flood,Kharif,Pulses,13.5,78.35,42.51,43.92,1,4.659
Millet,Millet (Pearl/Bajra),Traditional,31.65,26.31,41.69,448.32,58.26,10.62,66,6.63,51.98,22.15,23.73,1.9,Black,46.85,Sprinkler,Kharif,Rice,19.1,38.94,18.14,22.14,1,2.998
Millet,Millet (Pearl/Bajra),HYV,33.69,26.67,44.26,483.34,43.02,10.05,69,7.96,54.18,23.74,29.1,1.46,Loamy,41.69,Sprinkler,Kharif,Rice,6.35,42.37,27.17,21.26,0,2.447
Millet,Millet (Finger/Ragi),Traditional,30.71,24.42,40.01,686.31,51.36,8.78,114,6.01,38.44,23.74,20.06,2.96,Black,47.94,Sprinkler,Kharif,Fallow,2.68,31.59,23.4,12.52,1,3.24
Rice,Rice (Sona Masuri),Hybrid,26.1,19.92,37.19,1130.64,79.74,8.98,139,6.88,71.56,36.21,44.88,3.22,Sandy,65.96,Drip,Rabi,Sugarcane,5.84,87.81,40.34,43.48,1,5.937
Wheat,Wheat (Common),HYV,19.7,12.5,31.52,510.54,61.11,8.44,119,6.72,84.39,40.01,38.13,3.92,Black,68.92,Sprinkler,Zaid,Pulses,3.66,94.86,43.99,37.81,1,3.626
Maize,Maize (Sweet Corn),HYV,27.13,21.7,38.45,645.85,61.52,6.14,96,7.0,111.5,67.8,50.03,3.75,Loamy,61.36,Drip,Rabi,Maize,15.66,91.56,55.98,38.75,0,7.621
Millet,Millet (Sorghum/Jowar),HYV,28.23,22.41,37.87,407.95,66.53,8.36,97,6.9,68.48,39.23,27.14,3.05,Black,42.83,Sprinkler,Rabi,Wheat,16.26,76.16,33.45,34.5,1,1.852
Soybean,Soybean (Food Grade),Hybrid,27.17,20.76,38.59,710.67,69.12,8.64,99,6.26,29.34,43.04,36.81,3.73,Clayey,68.82,Sprinkler,Kharif,Fallow,1.72,28.88,56.54,35.44,1,3.739
Rice,Rice (Sona Masuri),Hybrid,28.43,22.37,38.56,1307.93,79.54,8.48,128,6.06,76.25,36.94,39.43,4.37,Loamy,73.45,Rainfed,Kharif,Sugarcane,5.85,62.9,27.67,34.44,1,5.203
Rice,Rice (Sona Masuri),Traditional,29.8,23.07,40.97,1087.23,82.5,6.28,129,6.03,79.78,42.91,36.66,2.27,Loamy,63.84,Flood,Kharif,Pulses,15.85,56.81,34.26,32.02,1,5.917
Maize,Maize (Sweet Corn),HYV,23.37,16.71,32.78,629.5,60.5,8.09,97,6.95,109.15,53.81,47.4,4.79,Laterite,52.88,Drip,Rabi,Cotton,3.47,112.66,66.63,51.92,0,6.066
Millet,Millet (Foxtail),Traditional,27.27,21.5,34.72,432.51,57.76,7.15,68,6.36,34.68,24.85,17.22,1.93,Clayey,55.71,Flood,Rabi,Pulses,11.15,27.11,18.05,12.06,0,1.364
Millet,Millet (Pearl/Bajra),Traditional,29.43,23.39,38.16,299.89,51.99,8.25,75,7.51,41.16,22.5,24.7,2.43,Red,45.39,Rainfed,Kharif,Rice,15.89,39.16,16.76,18.23,1,2.011
Wheat,Wheat (Sharbati),HYV,17.31,10.9,27.67,597.93,61.52,9.99,126,6.71,81.78,45.17,31.3,2.2,Sandy,47.75,Sprinkler,Rabi,Cotton,18.68,76.49,41.3,28.58,1,5.126
Millet,Millet (Finger/Ragi),Hybrid,28.71,23.04,38.43,522.11,61.11,8.61,117,6.0,31.89,29.29,16.95,2.21,Red,44.64,Sprinkler,Zaid,Millet,0.58,52.73,25.14,21.89,1,2.823
Millet,Millet (Foxtail),Hybrid,27.51,20.56,35.78,353.22,63.74,9.88,84,7.33,30.24,24.04,17.85,2.7,Loamy,51.89,Rainfed,Rabi,Wheat,13.53,37.13,15.43,15.88,1,2.358
Millet,Millet (Finger/Ragi),HYV,27.75,22.59,35.38,672.38,69.01,7.7,121,5.16,39.07,28.75,18.69,2.83,Laterite,50.77,Rainfed,Kharif,Sugarcane,13.09,36.49,17.94,19.9,1,2.389
Maize,Maize (Feed Corn),Traditional,23.16,16.03,31.27,675.95,64.45,6.36,110,6.1,141.99,73.42,51.23,2.45,Sandy,62.97,Sprinkler,Kharif,Sugarcane,11.76,136.94,80.7,68.68,1,5.191
Rice,Rice (Non-Basmati),Traditional,30.41,23.09,41.46,1385.38,70.21,8.29,122,6.55,117.07,40.63,55.47,2.16,Alluvial,65.95,Sprinkler,Kharif,Soybean,8.93,72.9,32.74,37.08,1,5.792
Maize,Maize (Sweet Corn),HYV,26.85,19.19,33.88,792.25,66.33,6.29,82,6.73,103.04,58.04,40.94,2.35,Black,52.04,Flood,Kharif,Cotton,14.59,112.42,67.42,55.08,1,6.719
Millet,Millet (Sorghum/Jowar),Traditional,31.21,24.43,42.54,423.37,62.33,9.77,124,7.37,61.9,33.83,31.19,1.78,Desert,56.69,Drip,Kharif,Fallow,9.39,54.82,26.31,25.42,1,1.618
Wheat,Wheat (Common),HYV,21.53,13.64,28.65,402.27,54.21,9.4,116,6.97,89.0,46.79,36.67,2.04,Loamy,55.23,Flood,Zaid,Millet,15.66,82.34,45.26,30.22,1,4.343
Rice,Rice (Non-Basmati),Traditional,28.02,21.06,39.65,1223.87,87.1,8.76,139,6.6,84.22,59.83,44.88,2.6,Clayey,78.17,Sprinkler,Kharif,Fallow,10.2,75.01,47.26,44.13,1,5.669
Maize,Maize (Feed Corn),HYV,23.63,17.73,33.0,780.45,79.69,7.88,90,5.76,130.73,67.18,58.49,4.55,Loamy,76.23,Flood,Kharif,Pulses,6.38,122.73,70.63,50.02,1,9.347
Soybean,Soybean (Food Grade),Traditional,28.23,21.81,39.83,751.66,73.3,8.32,97,6.85,24.49,59.83,37.98,2.26,Red,74.4,Rainfed,Zaid,Pulses,7.47,20.56,41.22,24.99,1,1.146
Millet,Millet (Finger/Ragi),Traditional,25.52,20.02,36.74,540.28,68.85,7.47,122,6.13,45.65,24.72,23.58,1.56,Sandy,46.71,Rainfed,Kharif,Wheat,17.94,27.37,20.56,15.84,1,1.795
Maize,Maize (Feed Corn),HYV,25.1,18.12,33.97,665.79,73.51,7.15,95,7.19,131.48,76.11,61.35,2.63,Black,63.77,Drip,Kharif,Pulses,3.52,132.62,77.33,55.96,0,7.587
Rice,Rice (Non-Basmati),Traditional,27.09,19.11,34.78,1379.67,83.3,8.81,113,5.99,102.9,59.07,54.71,4.07,Loamy,83.87,Flood,Kharif,Soybean,18.53,51.8,23.86,31.66,1,6.169
Millet,Millet (Finger/Ragi),Traditional,28.74,23.73,37.75,648.4,55.18,9.88,109,6.69,35.46,23.38,19.19,1.7,Loamy,63.03,Sprinkler,Kharif,Rice,12.82,23.14,19.58,13.1,1,1.557
Wheat,Wheat (Durum),Hybrid,18.69,12.98,30.29,457.91,63.12,8.92,139,6.49,90.92,41.48,37.03,3.53,Black,49.08,Rainfed,Rabi,Pulses,3.66,83.21,52.41,32.85,0,4.785
Maize,Maize (Sweet Corn),Hybrid,22.11,15.34,33.28,623.15,71.21,6.45,80,6.06,110.97,60.47,52.59,3.39,Alluvial,68.35,Drip,Kharif,Maize,10.18,131.17,61.37,45.29,1,5.697
Rice,Rice (Basmati),HYV,28.85,22.84,40.56,1264.86,80.99,8.77,142,7.15,74.04,33.31,36.76,3.19,Clayey,78.91,Flood,Kharif,Sugarcane,6.7,64.87,29.47,26.15,1,3.079
Maize,Maize (Feed Corn),Traditional,25.34,20.22,32.75,811.72,76.12,6.06,104,5.89,140.52,65.94,50.83,2.91,Black,60.27,Drip,Kharif,Soybean,6.26,113.37,50.48,44.49,0,6.781
Wheat,Wheat (Common),Traditional,20.06,13.52,30.16,588.65,62.56,7.77,111,6.96,95.64,40.5,35.64,2.63,Alluvial,66.88,Flood,Rabi,Soybean,9.25,74.92,32.6,25.16,0,5.074
Maize,Maize (Feed Corn),Traditional,28.36,21.94,40.04,801.32,67.68,6.67,93,7.06,127.55,67.81,50.95,3.95,Desert,72.19,Flood,Kharif,Wheat,8.52,110.87,63.05,47.27,0,6.666
Soybean,Soybean (Oil Grade),Traditional,26.04,18.97,36.58,686.04,79.63,6.51,98,6.63,20.72,52.55,39.36,2.04,Red,78.21,Sprinkler,Kharif,Maize,18.87,18.86,54.5,30.97,1,1.906
Millet,Millet (Foxtail),Traditional,29.77,24.24,37.0,391.46,62.15,7.43,83,5.98,39.81,20.71,15.04,1.26,Clayey,39.8,Sprinkler,Kharif,Fallow,4.77,29.1,17.07,14.26,0,0.925
Millet,Millet (Pearl/Bajra),HYV,28.58,20.65,39.31,349.78,55.82,10.73,81,6.85,44.06,27.75,29.13,1.52,Black,36.23,Sprinkler,Kharif,Maize,17.53,47.94,24.93,17.58,1,1.159
Maize,Maize (Sweet Corn),Hybrid,27.25,19.74,38.19,647.44,60.51,6.4,83,6.35,113.32,51.63,59.13,2.31,Black,58.45,Drip,Rabi,Wheat,0.88,124.62,62.25,53.62,1,5.628
Wheat,Wheat (Common),Traditional,19.79,13.75,28.01,523.31,65.73,8.32,128,6.57,81.86,45.17,30.04,2.18,Alluvial,65.99,Flood,Rabi,Maize,11.93,68.25,34.69,28.79,1,3.982
Soybean,Soybean (Food Grade),Traditional,29.63,24.18,39.5,644.53,66.97,8.01,103,6.55,23.17,59.51,35.75,3.31,Black,59.83,Drip,Kharif,Soybean,15.45,13.01,24.95,21.81,1,1.86
Rice,Rice (Non-Basmati),Traditional,30.3,23.33,40.16,1598.68,89.61,7.61,136,6.91,120.0,48.71,48.56,4.53,Desert,85.14,Flood,Kharif,Maize,17.73,78.87,47.64,42.85,1,4.135
Wheat,Wheat (Common),Hybrid,18.74,11.62,26.99,460.68,54.86,8.72,122,7.08,93.61,44.21,30.26,1.56,Clayey,55.98,Sprinkler,Rabi,Sugarcane,7.51,93.46,41.63,28.53,1,5.829
Wheat,Wheat (Sharbati),HYV,19.03,13.7,26.24,522.23,54.7,7.05,116,6.42,87.07,44.55,31.91,2.31,Black,64.75,Drip,Rabi,Rice,6.08,99.8,46.34,37.4,1,6.39
Rice,Rice (Basmati),Traditional,29.17,22.24,36.56,1370.28,71.42,7.78,149,6.05,68.47,30.85,36.07,4.64,Clayey,82.07,Flood,Zaid,Soybean,16.1,51.21,25.73,29.53,0,3.779
Maize,Maize (Popcorn),Hybrid,22.64,16.56,30.16,594.68,57.91,7.66,97,6.41,85.66,46.43,43.55,3.63,Alluvial,65.16,Drip,Kharif,Pulses,6.15,108.82,65.24,53.79,1,7.185
Maize,Maize (Popcorn),HYV,22.57,17.55,30.07,643.2,68.52,6.06,102,6.96,81.74,53.89,47.45,2.16,Red,51.29,Flood,Rabi,Sugarcane,5.71,70.08,49.76,39.0,1,4.724
Soybean,Soybean (Oil Grade),HYV,27.76,20.86,39.45,658.56,69.65,6.61,103,7.19,23.22,59.24,40.27,2.88,Alluvial,69.91,Sprinkler,Kharif,Pulses,19.78,28.59,74.4,45.7,1,3.055
Maize,Maize (Feed Corn),Traditional,27.49,21.65,36.56,812.79,68.96,8.65,116,6.22,136.59,72.11,65.81,2.22,Loamy,60.21,Sprinkler,Kharif,Wheat,0.51,92.44,50.3,46.75,0,4.256
Rice,Rice (Sona Masuri),HYV,29.83,23.05,38.02,1000.1,82.04,8.47,128,5.83,82.33,43.04,36.39,3.5,Black,77.23,Flood,Kharif,Soybean,9.15,73.29,39.26,35.36,1,4.695
Wheat,Wheat (Sharbati),HYV,17.03,9.59,26.07,555.24,51.46,7.58,130,7.36,97.65,47.19,38.19,2.01,Alluvial,40.39,Drip,Rabi,Rice,10.34,75.48,34.05,33.67,1,4.37
Rice,Rice (Basmati),HYV,29.62,23.93,38.07,1184.68,79.96,6.35,132,6.87,73.48,30.17,33.39,4.39,Clayey,61.94,Flood,Kharif,Sugarcane,16.05,66.21,35.14,38.57,1,4.357
Rice,Rice (Sona Masuri),Traditional,28.69,21.22,39.31,1051.24,71.85,8.69,124,6.2,72.61,43.99,37.31,2.09,Red,83.11,Flood,Kharif,Wheat,13.64,56.76,34.89,29.36,1,3.022
Millet,Millet (Sorghum/Jowar),Traditional,29.38,23.88,41.14,489.0,68.32,9.15,110,6.46,61.29,30.11,27.67,3.32,Loamy,45.9,Rainfed,Rabi,Pulses,1.51,54.46,24.82,20.93,1,3.873
Rice,Rice (Non-Basmati),Hybrid,31.01,25.46,41.08,1126.06,72.04,8.02,118,6.41,102.15,42.45,56.04,4.35,Alluvial,65.54,Rainfed,Kharif,Sugarcane,5.11,104.33,55.49,45.17,1,7.875
Soybean,Soybean (Oil Grade),Traditional,28.47,23.42,35.57,653.19,77.13,6.38,111,6.63,29.28,66.21,43.52,3.9,Black,56.94,Sprinkler,Kharif,Rice,11.03,22.89,41.42,32.12,1,4.003
Rice,Rice (Non-Basmati),Hybrid,29.44,23.43,37.35,1261.97,70.99,8.85,140,7.06,90.24,43.01,47.0,3.79,Loamy,68.55,Flood,Kharif,Wheat,12.32,89.6,47.03,52.86,1,7.593
Millet,Millet (Finger/Ragi),Traditional,30.74,23.99,38.59,589.49,56.07,9.29,121,6.32,42.65,26.73,24.94,2.49,Alluvial,59.11,Rainfed,Kharif,Rice,14.74,25.53,19.82,16.71,1,2.273
Rice,Rice (Basmati),Traditional,27.21,22.15,34.58,1255.2,84.54,8.08,134,6.78,76.73,38.3,39.56,4.09,Loamy,65.19,Sprinkler,Kharif,Soybean,1.29,53.4,27.35,28.07,1,3.315
Maize,Maize (Popcorn),Traditional,26.23,19.6,34.22,704.31,58.3,8.58,99,6.58,87.0,46.02,44.97,2.36,Black,51.84,Drip,Kharif,Rice,11.55,71.53,41.39,32.66,1,3.778
Soybean,Soybean (Oil Grade),HYV,28.12,21.08,37.98,687.48,70.75,6.18,108,7.28,29.62,66.19,39.3,2.6,Black,58.38,Rainfed,Kharif,Soybean,8.16,18.15,44.28,37.52,0,3.09
Rice,Rice (Sona Masuri),HYV,27.97,21.5,36.71,1374.79,78.44,8.53,123,5.82,87.2,43.66,38.2,3.37,Loamy,75.17,Rainfed,Kharif,Cotton,2.15,74.23,44.53,39.1,1,6.044
Maize,Maize (Sweet Corn),HYV,27.72,20.16,38.81,579.38,66.11,8.28,91,6.04,115.4,58.63,48.46,2.7,Loamy,72.19,Sprinkler,Rabi,Cotton,17.72,109.51,53.01,47.34,1,7.065
Soybean,Soybean (Oil Grade),HYV,27.55,20.21,35.39,797.05,79.67,8.23,113,7.04,24.75,61.0,43.93,3.74,Laterite,66.61,Sprinkler,Kharif,Cotton,12.43,24.48,55.32,30.05,0,3.905
Rice,Rice (Sona Masuri),HYV,28.5,20.77,39.16,1248.85,70.47,7.06,126,6.26,83.09,42.59,36.13,4.48,Alluvial,75.15,Flood,Zaid,Soybean,13.4,64.36,35.75,32.8,1,5.549
Maize,Maize (Sweet Corn),HYV,25.42,18.92,36.05,761.9,64.28,6.55,87,6.92,117.12,61.29,44.45,3.29,Laterite,62.06,Flood,Kharif,Maize,2.85,120.9,67.79,62.91,0,4.648
Wheat,Wheat (Sharbati),Traditional,17.39,11.18,25.0,414.44,54.55,9.33,122,6.57,95.02,46.83,36.5,2.06,Loamy,61.45,Sprinkler,Rabi,Maize,15.75,76.09,32.8,28.91,1,3.395
Wheat,Wheat (Durum),HYV,20.96,15.4,32.06,559.72,66.34,9.44,139,7.05,99.26,42.88,36.8,2.08,Black,50.52,Sprinkler,Rabi,Wheat,12.52,82.64,47.83,34.3,1,4.132
Rice,Rice (Basmati),HYV,26.98,19.31,34.72,1256.66,73.5,7.74,142,6.56,76.26,39.47,39.86,4.26,Alluvial,69.41,Flood,Kharif,Maize,2.67,58.97,25.98,26.51,1,5.811
Maize,Maize (Feed Corn),Traditional,25.35,17.69,35.41,594.44,74.51,8.54,113,5.9,132.58,67.35,59.47,4.08,Red,67.95,Drip,Kharif,Maize,1.0,135.9,72.49,55.2,0,7.978
Soybean,Soybean (Oil Grade),Hybrid,28.11,20.41,36.98,761.7,66.53,7.03,108,6.68,25.05,57.03,44.99,3.8,Alluvial,63.63,Sprinkler,Kharif,Cotton,11.0,32.5,71.65,57.44,1,4.665
Millet,Millet (Foxtail),Hybrid,31.06,24.24,42.87,364.69,56.99,8.76,70,6.26,36.04,18.93,17.12,1.35,Sandy,50.64,Rainfed,Rabi,Millet,13.72,40.32,22.28,20.88,1,1.179
Millet,Millet (Foxtail),Hybrid,27.24,20.8,37.71,434.91,59.89,8.81,71,6.22,38.09,19.0,17.24,2.26,Sandy,52.87,Sprinkler,Kharif,Rice,7.66,33.84,21.63,17.6,1,2.68
Rice,Rice (Sona Masuri),Traditional,30.16,25.12,38.81,1169.7,83.67,7.5,140,6.93,87.99,36.58,44.14,4.2,Red,69.42,Sprinkler,Kharif,Cotton,1.68,49.76,29.52,29.71,0,5.598
Maize,Maize (Feed Corn),HYV,25.2,19.07,33.22,630.37,71.74,6.01,90,6.49,140.64,68.42,68.28,4.78,Loamy,66.22,Flood,Kharif,Maize,6.38,144.24,68.5,57.55,1,8.511
Soybean,Soybean (Oil Grade),Hybrid,26.95,20.3,38.49,920.65,78.35,7.07,109,7.35,24.89,52.25,38.4,2.65,Red,57.84,Sprinkler,Kharif,Wheat,6.92,29.72,64.32,42.4,1,3.038
Soybean,Soybean (Oil Grade),HYV,29.29,21.66,38.16,821.86,69.91,8.78,101,6.73,29.48,57.33,35.88,2.2,Red,76.27,Sprinkler,Kharif,Millet,8.01,18.88,55.91,29.83,0,3.1
Rice,Rice (Sona Masuri),Traditional,27.2,19.81,38.07,1118.52,80.22,8.11,124,5.87,76.18,38.9,38.08,3.81,Loamy,72.29,Sprinkler,Kharif,Millet,14.4,66.68,29.55,29.97,1,6.085
Millet,Millet (Sorghum/Jowar),Traditional,29.22,23.04,37.21,658.83,52.69,8.65,97,6.84,73.19,39.37,26.32,1.74,Black,58.17,Rainfed,Kharif,Wheat,13.89,48.83,24.25,20.1,0,3.165
Rice,Rice (Basmati),Hybrid,25.55,19.38,33.76,1007.85,75.4,6.27,147,6.14,62.02,31.99,40.0,2.01,Loamy,75.97,Rainfed,Zaid,Sugarcane,17.93,82.88,43.19,38.32,1,3.909
Maize,Maize (Popcorn),Hybrid,25.49,19.86,34.47,666.33,66.83,7.73,105,6.19,92.24,51.69,48.14,2.14,Black,59.61,Drip,Rabi,Maize,9.17,75.09,54.38,40.38,1,6.005
Maize,Maize (Sweet Corn),Hybrid,26.68,19.7,33.71,736.24,74.17,8.11,81,6.23,107.01,56.42,54.7,4.83,Alluvial,72.14,Rainfed,Zaid,Rice,18.04,124.21,75.83,55.18,1,7.457
Rice,Rice (Non-Basmati),HYV,30.75,23.87,39.97,1145.92,82.38,6.49,121,5.64,114.58,45.71,52.3,4.94,Alluvial,79.89,Sprinkler,Kharif,Maize,14.16,86.31,50.29,51.94,1,6.361
Maize,Maize (Popcorn),Traditional,24.62,18.15,33.16,550.53,66.51,6.6,96,6.3,90.39,41.62,45.99,2.58,Alluvial,68.4,Drip,Rabi,Soybean,2.99,69.06,40.37,39.47,0,6.509
Wheat,Wheat (Common),Hybrid,18.26,12.46,25.75,445.1,57.68,9.82,110,6.01,81.89,49.33,37.92,3.18,Alluvial,64.91,Flood,Zaid,Millet,15.39,67.97,38.1,24.4,0,4.165
Rice,Rice (Sona Masuri),Traditional,26.27,19.1,33.85,1005.76,84.19,6.58,138,5.68,82.44,43.83,36.01,4.12,Red,79.97,Sprinkler,Kharif,Wheat,13.21,61.64,33.54,30.64,1,6.028
Maize,Maize (Popcorn),Traditional,25.77,19.19,36.09,617.85,57.21,6.78,89,6.4,91.97,42.54,44.55,2.38,Loamy,65.76,Sprinkler,Rabi,Soybean,9.26,70.55,32.45,39.31,0,5.713
Millet,Millet (Foxtail),Hybrid,26.58,19.06,35.06,387.81,57.12,9.78,74,6.98,38.58,21.55,16.91,1.7,Red,38.62,Drip,Kharif,Cotton,13.47,43.15,26.7,17.95,1,2.236
Rice,Rice (Sona Masuri),HYV,27.1,21.6,34.97,1077.04,81.43,6.18,126,6.28,80.89,38.58,41.9,3.18,Alluvial,68.23,Rainfed,Kharif,Fallow,0.82,81.6,43.5,44.64,1,4.194
Soybean,Soybean (Oil Grade),HYV,27.92,20.05,38.67,877.99,68.36,8.48,105,6.87,21.17,65.78,41.93,3.94,Red,57.41,Rainfed,Kharif,Fallow,1.66,21.66,57.74,38.3,1,3.13
Maize,Maize (Sweet Corn),HYV,25.01,18.75,34.68,714.59,64.25,7.52,85,6.24,118.43,52.17,58.63,4.74,Clayey,63.49,Drip,Kharif,Sugarcane,13.73,115.15,60.68,43.32,1,5.166
Soybean,Soybean (Oil Grade),Traditional,27.4,19.92,35.91,920.6,67.8,7.97,96,6.44,23.1,61.33,36.56,3.7,Alluvial,66.92,Sprinkler,Kharif,Sugarcane,1.74,17.03,45.25,29.64,1,2.106
Millet,Millet (Foxtail),Hybrid,29.52,24.12,40.69,386.09,48.05,7.51,77,5.83,30.8,17.05,18.47,2.83,Loamy,35.59,Flood,Kharif,Sugarcane,4.45,40.8,26.21,20.6,1,1.99
Soybean,Soybean (Oil Grade),Traditional,26.37,20.65,35.99,785.72,69.7,6.97,102,6.78,29.01,53.38,44.46,2.54,Sandy,71.35,Sprinkler,Kharif,Fallow,7.92,27.08,59.8,35.99,1,3.679
Wheat,Wheat (Durum),Traditional,18.09,10.29,26.18,581.51,56.03,9.58,127,6.65,90.49,53.9,31.81,3.83,Loamy,58.23,Sprinkler,Rabi,Wheat,15.09,79.35,41.07,29.46,1,5.05
Soybean,Soybean (Food Grade),Traditional,25.29,17.47,34.55,875.3,79.71,7.1,107,6.31,25.11,44.31,32.47,3.51,Black,60.93,Rainfed,Kharif,Cotton,12.88,17.33,37.02,31.53,0,1.329
Soybean,Soybean (Food Grade),Traditional,24.5,16.59,34.95,869.41,74.4,8.36,90,6.76,23.33,40.16,33.74,2.55,Red,62.37,Rainfed,Kharif,Millet,1.54,13.43,32.09,19.15,1,1.885
Wheat,Wheat (Durum),Hybrid,21.83,14.39,33.3,600.77,61.29,8.79,126,7.25,93.46,52.12,34.47,2.47,Black,64.66,Sprinkler,Rabi,Millet,1.55,92.85,48.72,34.08,1,4.367
Millet,Millet (Pearl/Bajra),Traditional,30.79,24.06,38.91,276.85,59.14,10.48,66,6.46,53.6,29.19,29.52,1.61,Sandy,53.75,Sprinkler,Kharif,Soybean,10.93,44.93,20.7,21.62,1,1.316
Soybean,Soybean (Oil Grade),Traditional,27.91,22.7,39.05,934.31,71.68,8.29,117,6.72,25.72,68.12,43.55,3.91,Alluvial,56.02,Sprinkler,Kharif,Fallow,7.66,15.11,38.78,28.78,1,4.189
Wheat,Wheat (Durum),Traditional,19.77,13.37,27.09,569.42,57.13,8.3,129,6.95,91.45,48.44,30.17,3.05,Clayey,66.99,Flood,Rabi,Pulses,5.1,68.6,36.22,31.63,1,2.789
Soybean,Soybean (Oil Grade),HYV,25.85,18.98,33.52,943.39,73.4,6.14,116,6.19,24.24,54.2,38.39,2.76,Laterite,60.55,Sprinkler,Kharif,Wheat,2.46,29.74,68.0,40.15,1,4.031
Rice,Rice (Basmati),Traditional,28.23,23.09,39.96,1421.08,74.45,6.23,141,7.48,75.93,37.57,36.81,2.5,Alluvial,61.48,Drip,Zaid,Wheat,13.61,53.3,30.13,27.31,1,2.891
Millet,Millet (Finger/Ragi),Hybrid,26.08,19.65,36.25,541.41,58.25,8.91,125,6.98,35.96,28.43,15.63,2.97,Loamy,52.08,Rainfed,Rabi,Millet,16.38,53.23,29.6,19.08,1,2.96
Rice,Rice (Sona Masuri),HYV,27.74,21.05,35.13,1042.51,84.01,8.11,138,5.98,70.27,42.97,38.28,2.89,Red,68.4,Sprinkler,Kharif,Pulses,14.55,74.71,35.51,35.26,1,6.96
Millet,Millet (Pearl/Bajra),HYV,28.99,23.6,39.53,580.04,56.05,10.82,77,6.91,43.72,24.31,23.19,2.42,Desert,30.53,Flood,Kharif,Cotton,3.71,44.05,23.02,26.23,1,1.84
Maize,Maize (Popcorn),Traditional,25.27,18.23,32.64,662.72,55.52,8.71,104,6.34,99.82,43.18,44.62,3.35,Loamy,69.47,Sprinkler,Kharif,Cotton,4.95,68.43,39.45,38.51,1,4.1
Maize,Maize (Feed Corn),Traditional,27.73,21.37,37.18,714.03,73.4,8.01,100,6.64,147.53,77.47,51.52,2.17,Desert,62.45,Flood,Kharif,Millet,16.38,98.55,48.59,52.96,1,6.301
Millet,Millet (Pearl/Bajra),HYV,30.17,22.68,38.11,332.72,51.85,9.19,66,6.37,47.0,25.78,24.4,2.4,Black,51.12,Rainfed,Kharif,Fallow,14.95,56.81,29.69,20.41,1,2.946
Millet,Millet (Foxtail),Traditional,29.72,22.62,36.75,446.75,52.74,9.36,61,5.51,37.15,19.16,19.72,2.57,Sandy,55.08,Rainfed,Kharif,Soybean,4.8,30.68,17.33,12.25,1,0.909
Millet,Millet (Sorghum/Jowar),HYV,28.27,20.55,37.89,457.06,51.59,8.25,103,7.6,69.14,39.62,27.01,2.77,Black,48.22,Drip,Kharif,Wheat,4.8,72.93,43.48,38.13,1,2.955
Maize,Maize (Feed Corn),Hybrid,23.95,16.99,32.62,566.93,64.53,7.41,92,6.41,127.3,76.05,64.22,3.7,Loamy,60.01,Flood,Kharif,Maize,2.93,156.17,78.62,70.06,1,11.7
Wheat,Wheat (Sharbati),Traditional,19.94,13.52,31.8,529.02,62.61,8.52,127,7.0,92.99,49.65,31.33,2.06,Alluvial,43.33,Drip,Rabi,Pulses,8.63,72.87,36.18,26.09,1,5.204
Rice,Rice (Basmati),Hybrid,29.18,24.13,38.07,1168.67,70.29,6.37,139,6.05,74.72,33.3,39.06,2.8,Black,78.12,Sprinkler,Kharif,Sugarcane,15.59,87.47,34.38,33.19,1,4.83
Soybean,Soybean (Oil Grade),HYV,28.33,21.47,36.75,783.06,79.3,8.22,103,6.28,24.36,66.79,44.1,2.82,Red,59.39,Sprinkler,Kharif,Wheat,10.05,28.75,51.34,39.76,1,2.887
Maize,Maize (Sweet Corn),Hybrid,26.66,20.22,36.88,582.99,65.38,7.87,88,6.67,100.12,50.45,53.9,2.84,Black,51.46,Flood,Kharif,Fallow,0.72,102.52,57.41,51.62,1,7.793
Maize,Maize (Feed Corn),Traditional,27.98,21.9,38.22,725.23,73.73,8.47,118,6.0,125.21,70.88,61.05,3.41,Red,77.55,Flood,Kharif,Cotton,3.19,99.03,56.52,41.63,1,7.267
Rice,Rice (Basmati),HYV,27.7,20.67,38.22,1477.99,77.97,7.2,141,6.96,65.96,31.26,38.43,3.09,Loamy,76.51,Sprinkler,Kharif,Fallow,11.16,65.07,32.06,25.83,1,5.487
Millet,Millet (Pearl/Bajra),HYV,32.79,25.77,40.97,544.29,58.47,8.33,83,7.31,47.89,20.01,25.84,2.58,Red,35.42,Drip,Kharif,Maize,19.86,59.38,27.51,29.43,1,1.422
Millet,Millet (Finger/Ragi),HYV,31.0,25.51,39.59,643.57,65.67,8.3,124,5.38,48.26,24.68,17.9,3.49,Loamy,62.49,Rainfed,Kharif,Maize,17.23,32.72,28.35,21.22,1,3.32
Wheat,Wheat (Durum),HYV,21.36,14.08,30.86,494.06,66.31,8.95,128,6.41,90.0,44.15,38.78,3.47,Alluvial,52.71,Drip,Zaid,Pulses,16.9,83.39,59.04,33.16,1,4.967
Soybean,Soybean (Food Grade),HYV,24.16,16.9,32.31,638.05,62.11,8.27,91,6.63,23.84,51.21,39.82,2.58,Black,70.9,Rainfed,Kharif,Wheat,14.34,29.25,53.07,38.83,1,1.771
Wheat,Wheat (Common),Traditional,21.78,14.27,32.65,545.41,67.94,9.26,120,7.23,91.05,46.27,30.66,3.54,Laterite,64.96,Flood,Rabi,Fallow,19.68,64.4,32.98,26.77,1,3.844
Millet,Millet (Foxtail),HYV,28.7,22.77,40.3,382.16,63.75,8.33,75,6.96,31.13,22.78,17.73,1.65,Red,38.47,Rainfed,Rabi,Soybean,19.55,38.91,16.76,19.42,1,0.855
Millet,Millet (Foxtail),Hybrid,26.23,18.26,35.34,494.25,59.98,8.43,78,6.17,30.56,18.76,17.94,1.1,Alluvial,51.87,Sprinkler,Kharif,Rice,6.42,39.83,21.25,20.32,1,2.265
Millet,Millet (Pearl/Bajra),HYV,32.47,25.95,43.94,364.39,56.94,9.31,82,7.95,55.73,23.59,23.49,1.64,Loamy,39.06,Flood,Kharif,Soybean,19.55,58.56,20.25,29.63,1,1.154
Wheat,Wheat (Common),Hybrid,21.29,13.84,29.48,410.11,63.91,7.61,124,6.1,86.48,40.13,33.17,2.85,Desert,59.65,Flood,Rabi,Maize,14.39,104.52,48.17,39.49,0,4.054
Maize,Maize (Feed Corn),Hybrid,26.49,20.42,35.86,690.62,76.0,7.01,104,6.62,125.21,68.33,57.53,4.51,Red,58.01,Sprinkler,Kharif,Cotton,15.36,134.34,73.02,63.56,1,9.708
Millet,Millet (Foxtail),Traditional,31.45,25.32,39.63,479.81,58.47,7.83,83,5.83,33.91,17.26,17.0,1.56,Loamy,50.92,Sprinkler,Kharif,Soybean,14.98,23.49,12.42,11.85,1,1.15
Rice,Rice (Sona Masuri),Hybrid,27.22,19.35,36.79,1058.41,72.22,7.83,129,5.59,72.38,38.43,36.18,3.07,Laterite,64.47,Drip,Kharif,Maize,4.38,78.14,40.63,42.61,1,5.783
Wheat,Wheat (Sharbati),Hybrid,18.33,13.12,26.34,499.12,60.22,9.07,124,6.66,95.71,46.36,36.5,2.88,Alluvial,49.87,Sprinkler,Zaid,Cotton,0.99,94.61,47.77,38.2,1,5.405
Wheat,Wheat (Common),Hybrid,21.07,14.2,32.38,431.99,57.61,7.34,120,7.49,92.8,41.56,30.06,3.82,Black,60.6,Flood,Rabi,Cotton,2.91,108.61,50.21,41.35,1,6.078
Maize,Maize (Feed Corn),Hybrid,26.98,21.24,34.91,637.63,66.16,8.45,110,7.14,122.11,77.03,68.49,2.07,Loamy,60.5,Flood,Kharif,Cotton,4.31,151.34,66.74,70.32,1,9.325
Wheat,Wheat (Sharbati),Hybrid,20.22,12.85,29.42,446.56,63.74,7.94,118,6.76,92.05,49.32,32.97,3.01,Clayey,64.68,Sprinkler,Rabi,Cotton,5.47,90.14,47.16,36.67,1,4.912
Millet,Millet (Finger/Ragi),HYV,29.76,24.18,37.23,574.39,64.64,9.97,112,7.18,46.45,28.79,23.44,2.26,Red,40.39,Rainfed,Kharif,Sugarcane,5.31,42.1,25.02,19.47,1,1.512
Soybean,Soybean (Oil Grade),Hybrid,27.21,20.3,35.21,803.15,77.58,8.8,102,6.3,20.55,51.81,41.01,2.64,Black,67.78,Drip,Kharif,Maize,4.13,26.28,64.1,44.01,1,4.235
Maize,Maize (Feed Corn),Hybrid,26.63,18.64,37.57,564.97,74.72,7.47,111,6.0,146.24,65.88,58.22,2.56,Red,77.13,Flood,Kharif,Pulses,8.14,129.1,57.53,65.19,1,10.727
Millet,Millet (Foxtail),Traditional,31.44,24.98,38.56,425.91,62.46,7.61,79,6.41,30.44,16.99,15.26,1.95,Sandy,40.43,Rainfed,Kharif,Rice,2.6,27.93,19.95,15.56,0,0.844
Millet,Millet (Pearl/Bajra),HYV,28.21,21.71,36.57,265.98,49.49,9.92,80,7.95,58.17,29.32,25.08,1.72,Black,49.15,Rainfed,Kharif,Pulses,6.25,56.43,26.98,23.09,0,1.815
Soybean,Soybean (Food Grade),Hybrid,28.65,22.24,39.96,707.42,72.16,6.41,100,7.13,24.11,50.25,30.16,3.81,Clayey,70.36,Sprinkler,Kharif,Maize,17.61,28.71,48.2,38.66,1,4.55
Wheat,Wheat (Sharbati),Traditional,21.52,15.5,28.73,489.03,50.06,7.46,121,7.44,85.83,47.82,33.52,2.01,Black,54.99,Drip,Zaid,Pulses,9.91,96.47,50.21,32.84,1,3.764
Millet,Millet (Sorghum/Jowar),Traditional,29.81,24.19,39.08,641.99,56.19,9.4,128,6.7,79.8,39.11,31.47,2.48,Sandy,57.71,Rainfed,Rabi,Fallow,14.75,63.06,25.32,26.49,1,1.736
Millet,Millet (Pearl/Bajra),Traditional,33.66,27.23,42.56,535.3,49.77,10.44,77,6.44,41.74,24.7,22.54,2.54,Clayey,42.26,Sprinkler,Kharif,Wheat,4.75,42.57,26.16,22.17,1,1.714
Soybean,Soybean (Oil Grade),Hybrid,29.2,23.34,36.43,892.74,66.06,6.59,99,7.43,28.74,65.49,37.84,2.13,Alluvial,77.14,Rainfed,Kharif,Pulses,7.43,27.61,56.14,38.68,1,2.375
Rice,Rice (Non-Basmati),HYV,29.86,24.55,41.38,1384.3,85.61,8.38,123,6.55,112.87,40.89,59.12,3.27,Alluvial,72.25,Drip,Kharif,Maize,7.01,96.89,44.76,39.99,1,8.946
Rice,Rice (Basmati),Hybrid,27.59,22.25,39.26,1091.79,73.79,7.22,149,7.19,69.13,31.71,32.67,3.53,Clayey,63.69,Flood,Zaid,Fallow,19.48,87.3,35.81,42.44,1,4.098
Soybean,Soybean (Oil Grade),HYV,25.28,17.73,32.73,679.05,65.05,7.19,105,6.97,24.1,58.63,40.99,4.09,Desert,60.17,Sprinkler,Zaid,Wheat,17.54,28.3,64.51,37.86,1,2.5
Maize,Maize (Popcorn),Traditional,23.11,16.49,30.41,710.41,69.88,8.03,87,6.87,86.24,47.23,49.22,3.55,Alluvial,57.6,Sprinkler,Rabi,Pulses,8.71,78.15,37.43,33.64,1,4.254
Millet,Millet (Finger/Ragi),Traditional,27.27,21.27,37.03,450.84,61.54,8.11,105,7.35,35.58,24.28,21.69,2.55,Loamy,62.8,Sprinkler,Kharif,Rice,3.54,21.7,13.5,13.47,1,2.893
Soybean,Soybean (Food Grade),Traditional,25.98,20.58,33.98,841.57,66.27,6.4,110,6.7,25.48,55.26,33.74,3.33,Red,54.91,Sprinkler,Kharif,Maize,12.73,21.81,37.73,28.34,0,3.199
Wheat,Wheat (Common),HYV,17.54,12.5,26.24,450.91,55.0,9.81,126,6.19,94.49,46.11,38.06,2.86,Black,58.89,Sprinkler,Rabi,Sugarcane,4.4,95.29,44.85,38.43,1,5.874
Millet,Millet (Foxtail),Traditional,28.7,21.18,37.78,508.17,56.08,8.8,66,7.43,39.26,17.01,17.55,1.47,Loamy,55.84,Flood,Kharif,Fallow,10.97,25.5,15.09,11.49,1,1.309
Soybean,Soybean (Oil Grade),HYV,29.95,23.75,37.17,872.43,68.27,6.13,99,7.27,23.42,61.18,44.99,2.99,Red,73.96,Sprinkler,Kharif,Fallow,3.42,17.25,44.72,30.67,1,3.495
Wheat,Wheat (Sharbati),HYV,19.63,12.41,29.2,411.79,55.62,8.86,118,6.83,85.46,44.46,34.26,3.23,Alluvial,40.35,Sprinkler,Rabi,Sugarcane,10.4,83.77,43.33,34.14,1,3.804
Wheat,Wheat (Common),Traditional,19.08,11.53,28.3,501.63,64.92,8.16,130,6.24,91.74,49.15,30.42,3.49,Black,47.39,Flood,Rabi,Sugarcane,3.36,54.66,27.6,26.64,1,4.992
Maize,Maize (Feed Corn),Traditional,23.07,17.21,33.63,632.68,70.46,8.27,115,7.4,120.84,73.43,60.45,2.64,Red,62.69,Sprinkler,Rabi,Maize,2.39,119.56,55.28,55.48,1,5.065
Rice,Rice (Non-Basmati),Traditional,28.76,23.52,40.56,1539.5,85.09,8.8,121,6.96,91.07,54.29,47.68,4.31,Loamy,68.57,Sprinkler,Kharif,Pulses,10.65,74.72,44.46,45.69,1,6.189
Wheat,Wheat (Common),Hybrid,20.06,14.09,28.98,544.15,64.46,9.41,129,6.78,98.0,44.64,35.18,3.45,Black,65.0,Sprinkler,Rabi,Sugarcane,3.97,89.11,47.9,38.81,1,5.639
Wheat,Wheat (Common),Hybrid,20.37,13.76,32.29,540.48,62.86,9.63,115,6.52,97.5,48.12,36.75,2.15,Alluvial,69.11,Flood,Rabi,Sugarcane,19.01,103.67,52.33,41.54,1,5.744
Maize,Maize (Feed Corn),Traditional,24.48,17.13,33.17,597.03,65.09,6.8,105,6.35,143.59,60.82,65.71,4.35,Alluvial,72.43,Drip,Kharif,Cotton,12.84,96.25,63.62,44.19,1,9.114
Maize,Maize (Popcorn),HYV,25.91,19.22,35.8,620.72,57.07,6.82,94,6.41,92.17,44.92,48.99,3.47,Alluvial,63.51,Sprinkler,Kharif,Soybean,16.65,88.96,44.38,43.79,1,6.381
Rice,Rice (Basmati),HYV,25.28,20.18,34.24,1348.58,72.9,7.92,133,7.33,77.91,32.97,32.3,3.23,Alluvial,66.01,Sprinkler,Rabi,Soybean,3.55,95.45,42.52,40.06,1,3.115
Soybean,Soybean (Oil Grade),Traditional,27.62,22.25,34.98,679.32,68.16,6.19,114,6.96,25.8,63.27,39.76,2.27,Loamy,75.28,Rainfed,Kharif,Sugarcane,6.9,21.71,47.72,33.62,1,2.225
Wheat,Wheat (Common),Traditional,20.55,15.28,31.12,522.84,56.62,9.06,122,7.07,88.78,43.81,38.81,2.01,Loamy,49.56,Flood,Rabi,Rice,19.3,73.57,32.34,27.07,1,5.904
Wheat,Wheat (Durum),Traditional,19.42,12.37,26.81,531.91,59.73,9.3,138,6.51,90.55,52.95,33.29,3.96,Black,66.89,Sprinkler,Rabi,Wheat,9.71,72.32,47.95,26.6,1,3.806
Maize,Maize (Feed Corn),Traditional,28.43,23.42,37.44,772.85,77.82,7.08,100,6.6,122.33,75.54,61.96,4.01,Alluvial,55.07,Flood,Kharif,Maize,2.34,113.43,54.79,49.39,1,8.784
Rice,Rice (Non-Basmati),HYV,29.51,22.26,37.52,1433.76,82.99,8.7,138,6.9,96.67,54.33,58.02,2.39,Black,71.63,Flood,Kharif,Soybean,9.62,113.02,49.01,47.76,1,4.82
Wheat,Wheat (Common),HYV,20.89,14.48,31.6,581.76,57.25,9.97,115,6.74,86.62,47.0,36.26,3.0,Alluvial,50.09,Flood,Rabi,Pulses,12.7,92.22,46.06,35.06,1,4.766
Maize,Maize (Sweet Corn),HYV,24.23,18.91,33.87,622.13,72.6,8.48,92,6.01,112.45,57.96,44.36,2.17,Loamy,52.31,Flood,Rabi,Millet,5.85,108.71,54.79,58.39,1,4.624
Maize,Maize (Popcorn),Hybrid,25.31,20.14,36.02,633.2,61.58,7.79,100,6.22,86.29,58.48,43.5,3.32,Clayey,50.07,Rainfed,Kharif,Cotton,15.11,102.54,63.38,48.65,1,6.272
Millet,Millet (Finger/Ragi),Traditional,31.91,25.3,39.47,430.14,60.48,8.75,119,5.38,48.3,28.45,15.1,2.99,Loamy,53.18,Sprinkler,Kharif,Soybean,18.62,23.17,11.22,13.96,1,2.421
Rice,Rice (Sona Masuri),Traditional,28.21,20.94,37.76,1119.77,73.04,7.26,132,6.92,88.18,39.83,38.18,3.5,Loamy,76.87,Flood,Kharif,Rice,5.15,56.41,28.51,34.2,0,3.707
Maize,Maize (Popcorn),HYV,22.78,15.1,30.17,670.68,57.58,8.42,98,6.84,88.51,42.84,44.0,2.73,Alluvial,69.89,Drip,Kharif,Soybean,0.84,64.86,31.98,29.51,1,4.852
Rice,Rice (Non-Basmati),HYV,31.41,24.25,40.15,1393.69,76.22,9.0,124,6.53,112.52,49.95,59.13,4.26,Laterite,69.28,Sprinkler,Kharif,Millet,5.74,103.09,50.89,49.83,1,6.845
Maize,Maize (Popcorn),Hybrid,26.42,19.83,37.74,604.49,64.49,8.45,93,6.54,94.64,56.38,49.89,3.0,Alluvial,50.61,Sprinkler,Rabi,Cotton,1.93,88.27,50.11,49.74,1,5.563
Wheat,Wheat (Common),HYV,17.88,11.96,26.23,456.62,69.4,7.12,125,6.1,84.04,44.28,39.33,1.95,Black,51.99,Sprinkler,Zaid,Fallow,6.61,90.66,42.48,35.17,1,3.726
Rice,Rice (Basmati),Hybrid,25.6,19.91,33.13,1410.88,72.08,8.24,141,7.42,74.22,30.07,37.64,3.54,Loamy,79.48,Sprinkler,Kharif,Maize,12.34,67.41,39.56,41.14,1,5.265
Maize,Maize (Feed Corn),Hybrid,23.28,18.16,34.57,646.59,67.15,6.15,108,6.7,143.85,77.1,68.24,4.99,Loamy,70.47,Sprinkler,Kharif,Sugarcane,9.11,139.06,86.7,62.0,1,11.7
Wheat,Wheat (Sharbati),Hybrid,18.64,13.48,30.31,423.84,60.53,8.61,134,6.16,84.86,47.8,34.64,2.91,Alluvial,53.65,Drip,Rabi,Wheat,12.74,104.64,50.91,37.69,0,4.158
Millet,Millet (Finger/Ragi),HYV,26.36,19.85,35.69,482.52,57.57,7.16,111,5.88,38.34,23.24,19.42,2.42,Loamy,52.02,Sprinkler,Kharif,Maize,7.63,45.44,24.4,22.78,1,2.344
Rice,Rice (Non-Basmati),HYV,27.43,20.63,37.67,1361.28,80.43,7.11,114,5.8,112.94,46.27,49.08,3.29,Black,84.31,Flood,Kharif,Maize,18.97,86.26,52.82,47.98,1,4.35
Millet,Millet (Foxtail),Traditional,30.42,23.46,38.09,310.73,50.55,8.8,76,7.02,32.38,15.82,19.35,2.47,Black,54.54,Sprinkler,Rabi,Fallow,0.81,26.19,11.69,11.19,1,1.8
Millet,Millet (Finger/Ragi),Hybrid,25.62,18.53,34.19,546.43,67.84,7.52,111,5.61,37.82,26.87,16.27,2.19,Loamy,40.79,Rainfed,Kharif,Soybean,12.01,50.8,31.85,18.6,1,3.53
Maize,Maize (Popcorn),Hybrid,23.46,16.3,34.63,602.03,57.27,8.2,92,5.82,97.54,56.34,45.82,3.66,Alluvial,69.05,Drip,Rabi,Pulses,9.12,97.45,55.41,45.89,1,7.8
Rice,Rice (Basmati),Hybrid,25.68,19.9,34.6,1471.49,79.16,8.5,145,6.17,74.72,32.75,36.39,3.02,Alluvial,84.94,Rainfed,Zaid,Rice,16.81,67.44,42.04,40.11,0,2.539
Maize,Maize (Popcorn),HYV,25.25,19.91,36.03,556.23,57.26,8.38,101,6.19,93.49,40.74,46.86,2.36,Alluvial,68.17,Drip,Kharif,Sugarcane,13.93,91.71,51.51,40.1,1,6.802
Millet,Millet (Sorghum/Jowar),Hybrid,27.65,20.89,37.67,654.33,56.61,7.89,106,6.42,73.16,34.15,28.91,3.21,Clayey,62.47,Flood,Kharif,Soybean,1.6,97.1,41.15,35.42,1,2.553
Soybean,Soybean (Food Grade),Hybrid,28.46,22.14,38.73,862.16,78.59,7.22,98,6.96,29.85,51.86,38.4,3.34,Alluvial,57.24,Rainfed,Kharif,Sugarcane,17.79,24.06,61.08,34.01,1,2.69
Wheat,Wheat (Common),Hybrid,18.39,13.39,25.68,510.6,55.71,7.58,125,7.07,81.26,40.33,38.91,3.43,Loamy,57.96,Sprinkler,Zaid,Millet,10.24,109.94,48.54,34.1,1,7.576
Maize,Maize (Sweet Corn),Hybrid,24.74,18.9,33.23,611.21,64.81,7.99,95,6.67,108.44,53.23,41.91,4.09,Alluvial,62.06,Sprinkler,Rabi,Maize,14.59,121.11,72.22,62.82,1,6.455
Wheat,Wheat (Common),Traditional,20.41,15.26,32.11,591.99,56.69,7.39,112,6.22,89.98,47.56,32.98,3.12,Alluvial,45.97,Sprinkler,Rabi,Wheat,14.08,70.33,39.09,30.81,1,5.547
Millet,Millet (Sorghum/Jowar),Hybrid,29.84,23.2,38.41,447.61,60.36,7.83,119,6.19,61.22,33.42,33.81,2.66,Black,48.27,Rainfed,Rabi,Sugarcane,13.94,69.67,36.92,28.31,0,3.107
Soybean,Soybean (Food Grade),Traditional,29.13,23.79,38.06,879.38,65.38,6.03,99,6.63,22.86,46.11,33.97,2.46,Desert,57.74,Rainfed,Kharif,Pulses,18.87,17.11,40.97,24.99,0,2.418
Soybean,Soybean (Oil Grade),Hybrid,28.88,23.74,40.41,877.62,73.07,6.75,116,6.28,21.87,53.52,38.75,2.35,Alluvial,76.69,Sprinkler,Kharif,Pulses,15.45,32.43,66.07,43.34,1,3.091
Maize,Maize (Popcorn),HYV,25.28,17.64,35.17,511.39,55.32,8.36,101,5.96,81.82,53.88,44.61,2.12,Loamy,50.96,Sprinkler,Rabi,Fallow,13.68,91.3,41.36,40.72,1,4.738
Rice,Rice (Sona Masuri),HYV,26.01,18.79,36.1,1368.63,76.85,7.97,124,6.01,88.18,44.11,40.75,3.76,Red,81.35,Sprinkler,Kharif,Rice,1.45,86.81,43.4,37.36,1,6.92
Soybean,Soybean (Oil Grade),HYV,25.89,20.11,37.49,862.88,69.41,6.11,106,7.3,24.52,51.03,38.57,2.4,Red,68.59,Rainfed,Zaid,Cotton,9.9,29.16,66.99,37.16,0,2.667
Millet,Millet (Foxtail),HYV,28.68,21.83,40.06,341.51,45.34,9.49,67,6.13,34.87,18.42,15.11,1.18,Sandy,38.07,Rainfed,Kharif,Fallow,7.91,38.45,20.57,17.27,1,1.102
Millet,Millet (Finger/Ragi),HYV,27.41,21.46,37.43,506.21,52.88,8.88,128,6.12,32.21,20.11,19.08,3.25,Loamy,62.32,Sprinkler,Kharif,Soybean,5.41,36.63,27.71,23.14,1,3.234
Wheat,Wheat (Sharbati),Traditional,18.21,11.07,26.7,550.73,62.82,8.0,119,7.21,99.8,43.93,35.85,2.75,Loamy,45.95,Drip,Rabi,Sugarcane,14.71,75.91,36.37,27.76,1,4.402
Rice,Rice (Non-Basmati),Hybrid,31.9,26.01,40.1,1419.02,77.56,7.88,120,6.53,100.9,52.0,45.37,3.15,Red,78.83,Sprinkler,Kharif,Sugarcane,4.19,95.61,64.3,55.5,1,5.299
Soybean,Soybean (Oil Grade),Traditional,25.43,19.03,37.35,947.4,72.16,8.65,101,7.11,23.44,69.55,42.86,4.37,Desert,69.34,Sprinkler,Kharif,Cotton,3.18,18.25,48.23,29.01,0,1.922
Maize,Maize (Feed Corn),HYV,26.66,20.12,34.86,664.88,71.24,7.69,90,6.52,135.43,62.66,59.5,3.77,Alluvial,58.06,Rainfed,Kharif,Sugarcane,6.44,127.6,75.24,68.16,1,6.383
Millet,Millet (Pearl/Bajra),Traditional,31.93,26.35,42.93,251.98,50.09,8.59,73,7.58,59.13,28.26,28.29,1.76,Black,37.78,Sprinkler,Kharif,Pulses,11.15,43.74,22.01,17.8,1,1.774
Wheat,Wheat (Common),HYV,19.87,14.07,29.75,485.2,57.46,7.55,126,6.63,99.83,49.64,31.27,3.77,Loamy,45.8,Flood,Rabi,Sugarcane,19.61,107.88,55.62,51.75,1,4.922
Maize,Maize (Popcorn),Traditional,24.23,17.02,33.5,643.02,68.71,8.14,104,6.33,87.08,45.3,43.29,3.85,Loamy,69.06,Drip,Kharif,Maize,15.98,75.45,35.1,37.49,1,6.004
Maize,Maize (Popcorn),Hybrid,23.81,17.0,34.64,636.8,63.0,7.35,91,6.54,99.7,54.79,49.45,2.71,Alluvial,59.12,Sprinkler,Kharif,Cotton,4.25,62.78,41.65,31.35,1,5.497
Wheat,Wheat (Durum),Hybrid,18.85,12.58,30.66,468.23,61.88,9.76,123,6.96,88.98,56.57,33.42,3.42,Loamy,48.48,Sprinkler,Rabi,Sugarcane,12.44,101.72,56.9,36.72,1,5.268
Millet,Millet (Foxtail),Traditional,30.15,23.51,38.72,318.3,53.39,9.72,82,6.49,30.71,22.2,15.31,2.53,Laterite,36.54,Sprinkler,Kharif,Wheat,3.96,24.8,18.55,15.44,0,0.943
Soybean,Soybean (Oil Grade),Traditional,25.96,18.42,34.73,764.67,67.63,6.78,114,6.73,20.52,68.1,37.36,4.09,Black,73.92,Rainfed,Kharif,Wheat,1.15,20.04,42.32,28.38,0,1.636
Wheat,Wheat (Common),Hybrid,18.07,11.32,28.89,401.66,66.46,8.39,114,7.47,98.72,42.81,33.86,2.58,Loamy,43.13,Flood,Kharif,Fallow,7.39,105.0,51.46,38.79,0,5.909
Soybean,Soybean (Food Grade),HYV,25.01,18.58,34.6,899.29,64.28,7.63,94,6.35,27.59,47.14,34.46,3.4,Red,70.53,Sprinkler,Kharif,Rice,12.19,23.43,50.74,30.87,0,4.123
Millet,Millet (Pearl/Bajra),Hybrid,29.47,22.61,38.02,270.59,56.64,10.8,79,7.02,45.76,25.5,27.02,2.97,Loamy,38.71,Sprinkler,Kharif,Pulses,10.28,44.8,31.03,26.58,0,2.151
Maize,Maize (Popcorn),HYV,26.87,20.56,36.91,625.99,62.4,8.67,94,6.14,86.52,58.25,40.7,2.71,Loamy,64.75,Sprinkler,Rabi,Maize,1.26,58.99,35.87,34.24,1,7.234
Soybean,Soybean (Oil Grade),Traditional,25.86,18.06,32.96,759.51,67.67,7.85,119,6.55,23.94,67.75,43.14,2.18,Desert,56.48,Drip,Kharif,Rice,4.52,21.38,48.44,32.85,1,3.398
Soybean,Soybean (Oil Grade),HYV,26.62,18.69,34.95,835.59,70.09,8.5,105,6.63,25.72,50.29,40.81,2.37,Alluvial,57.75,Rainfed,Kharif,Rice,10.67,22.0,66.96,43.9,1,2.602
Millet,Millet (Pearl/Bajra),HYV,32.32,25.54,43.34,280.9,54.84,10.68,75,6.44,49.52,23.35,27.82,1.2,Black,54.54,Sprinkler,Kharif,Soybean,12.11,44.14,28.66,22.11,1,2.24
Maize,Maize (Popcorn),HYV,24.51,18.04,34.24,506.41,55.08,6.94,91,6.35,95.15,55.97,46.83,4.5,Clayey,51.58,Drip,Rabi,Wheat,5.84,98.11,53.14,44.24,1,5.649
Wheat,Wheat (Common),Traditional,18.5,12.09,27.2,517.24,55.32,9.74,129,6.75,93.74,44.96,39.12,1.92,Alluvial,40.72,Flood,Rabi,Millet,16.85,64.05,27.21,25.44,1,3.585
Rice,Rice (Non-Basmati),Traditional,31.55,26.01,38.96,1540.77,88.31,6.83,125,6.96,83.08,55.93,58.39,2.18,Red,75.04,Flood,Kharif,Sugarcane,2.99,87.38,47.58,39.51,1,3.86
Millet,Millet (Foxtail),Hybrid,29.19,23.58,37.57,392.5,47.9,7.45,75,5.92,30.7,24.79,16.73,2.76,Red,40.51,Rainfed,Rabi,Millet,4.95,37.11,24.15,17.84,1,1.85
Soybean,Soybean (Food Grade),HYV,26.08,19.72,37.02,778.39,61.34,6.3,95,6.3,22.23,41.44,36.9,3.4,Red,63.22,Flood,Kharif,Sugarcane,1.06,20.46,50.56,37.54,0,2.828
Millet,Millet (Pearl/Bajra),Hybrid,31.64,26.29,42.99,529.43,46.05,8.01,79,6.34,51.67,24.13,22.31,2.25,Black,32.76,Drip,Rabi,Pulses,15.37,65.93,29.01,27.38,1,1.511
Millet,Millet (Foxtail),HYV,26.09,19.8,34.92,492.96,46.81,9.34,64,7.48,32.9,23.51,16.27,2.56,Alluvial,54.91,Sprinkler,Rabi,Millet,16.76,38.24,21.22,18.31,1,2.598
Millet,Millet (Foxtail),Traditional,29.45,23.9,39.22,549.24,57.93,9.91,80,7.11,32.81,16.76,16.77,2.05,Loamy,46.0,Sprinkler,Rabi,Rice,10.39,25.49,16.41,13.92,1,0.953
Soybean,Soybean (Food Grade),Traditional,26.06,20.76,33.57,819.9,65.74,6.27,107,7.27,22.19,51.06,33.26,2.61,Alluvial,54.58,Sprinkler,Kharif,Pulses,4.7,23.21,38.58,27.94,1,3.435
Soybean,Soybean (Food Grade),Hybrid,27.08,20.69,34.22,762.26,61.5,7.64,106,6.7,23.12,52.91,31.69,2.37,Alluvial,68.78,Sprinkler,Rabi,Pulses,10.36,22.33,53.05,40.51,0,1.841
Rice,Rice (Non-Basmati),HYV,31.13,23.78,42.31,1238.29,79.32,7.38,118,5.67,93.1,48.88,49.1,4.32,Loamy,76.08,Flood,Kharif,Fallow,10.32,87.54,44.46,56.05,1,6.08
Wheat,Wheat (Durum),HYV,20.88,15.45,31.9,511.51,65.43,8.94,122,6.32,82.62,44.84,31.58,3.04,Alluvial,59.97,Flood,Rabi,Maize,11.96,93.09,49.73,37.58,1,4.23
Millet,Millet (Sorghum/Jowar),Traditional,32.65,26.83,39.77,424.9,65.69,9.48,102,6.76,61.87,34.59,31.18,2.9,Loamy,51.67,Sprinkler,Rabi,Pulses,19.44,62.59,24.28,25.1,1,1.692
Maize,Maize (Sweet Corn),Hybrid,22.68,15.92,30.44,520.51,61.38,6.63,91,6.15,116.25,57.61,52.62,3.3,Black,62.45,Drip,Rabi,Cotton,14.23,113.84,55.55,55.13,1,8.408
Millet,Millet (Finger/Ragi),HYV,29.03,23.9,37.07,486.86,53.9,8.95,123,7.12,41.8,24.85,22.92,2.65,Loamy,41.63,Drip,Kharif,Millet,18.55,34.24,21.93,22.76,1,2.054
Wheat,Wheat (Durum),Hybrid,19.61,13.59,30.27,636.36,69.49,9.84,129,6.51,92.27,46.14,39.84,2.29,Loamy,60.13,Rainfed,Rabi,Maize,14.97,105.47,65.4,34.65,1,3.958
Soybean,Soybean (Food Grade),HYV,26.58,19.71,35.73,708.75,79.51,8.53,94,7.09,21.19,54.35,36.06,3.45,Red,59.46,Sprinkler,Kharif,Cotton,14.48,21.2,48.26,37.64,1,1.994
Soybean,Soybean (Food Grade),HYV,25.0,19.45,36.73,766.61,66.25,7.77,100,6.91,23.45,48.26,38.69,3.55,Laterite,73.45,Sprinkler,Kharif,Wheat,10.95,28.49,44.67,36.9,1,2.937
Wheat,Wheat (Sharbati),HYV,17.89,10.34,27.33,594.43,52.55,9.06,126,6.11,84.58,45.79,39.69,2.51,Alluvial,60.42,Sprinkler,Zaid,Rice,12.1,73.03,40.48,31.65,1,5.103
Maize,Maize (Popcorn),Traditional,24.63,18.5,35.27,598.13,63.33,8.46,91,6.07,80.25,44.25,43.65,3.77,Alluvial,54.32,Sprinkler,Rabi,Fallow,18.83,72.5,39.15,39.71,1,4.79
Soybean,Soybean (Food Grade),Hybrid,24.44,18.66,32.08,724.54,71.72,6.65,107,6.5,24.87,58.79,35.85,3.51,Sandy,73.94,Rainfed,Kharif,Millet,7.55,25.61,37.5,36.91,1,2.214
Wheat,Wheat (Sharbati),Hybrid,20.28,14.82,29.89,518.53,62.63,9.42,115,7.37,80.06,43.3,30.66,3.44,Loamy,52.51,Sprinkler,Zaid,Fallow,5.22,103.15,48.67,35.95,0,5.149
Wheat,Wheat (Durum),Traditional,20.52,15.35,27.96,526.39,52.68,8.43,138,7.04,90.93,47.59,31.3,2.12,Loamy,55.49,Sprinkler,Rabi,Sugarcane,6.79,66.62,36.56,21.32,1,5.218
Wheat,Wheat (Common),Traditional,17.53,11.61,27.72,420.02,52.7,8.53,128,7.15,81.68,44.68,39.38,1.69,Loamy,50.52,Sprinkler,Kharif,Sugarcane,7.15,73.01,33.24,28.96,1,3.236
Soybean,Soybean (Food Grade),Traditional,25.38,18.59,35.38,706.63,63.33,8.15,90,6.36,23.49,47.8,34.68,2.78,Red,73.12,Rainfed,Kharif,Millet,18.34,14.59,30.48,21.98,1,2.72
Soybean,Soybean (Oil Grade),HYV,28.17,22.54,37.6,673.32,71.96,6.72,97,6.24,20.41,68.13,41.46,4.23,Alluvial,56.93,Rainfed,Kharif,Maize,13.34,16.8,47.86,29.24,1,4.903
Soybean,Soybean (Oil Grade),Traditional,25.04,19.37,34.37,946.64,77.96,6.95,114,6.62,24.32,63.4,36.36,3.8,Black,60.29,Sprinkler,Kharif,Cotton,14.61,17.14,43.15,30.76,1,3.568
Millet,Millet (Pearl/Bajra),Hybrid,28.59,22.48,39.64,302.52,47.03,8.77,69,7.35,49.99,23.9,25.81,2.05,Red,38.78,Rainfed,Kharif,Cotton,1.73,48.54,24.02,23.49,1,2.015
Soybean,Soybean (Oil Grade),Hybrid,28.21,20.43,39.38,814.5,65.32,8.85,101,7.36,24.21,68.54,41.53,3.97,Alluvial,77.68,Sprinkler,Kharif,Soybean,7.77,31.45,60.06,42.29,1,4.69
Millet,Millet (Sorghum/Jowar),Traditional,32.1,25.56,42.17,561.9,65.23,8.57,125,6.17,61.05,32.57,28.36,2.83,Alluvial,64.94,Rainfed,Rabi,Millet,15.94,63.08,25.32,25.08,0,1.433
Millet,Millet (Sorghum/Jowar),Traditional,31.25,26.02,38.82,511.18,58.45,7.47,106,6.84,68.57,38.12,27.95,2.94,Red,59.18,Rainfed,Rabi,Maize,8.15,35.09,17.04,16.2,1,2.26
Maize,Maize (Sweet Corn),Hybrid,24.14,17.41,32.18,624.13,64.62,6.46,94,6.52,111.18,68.62,58.53,3.72,Desert,68.47,Sprinkler,Kharif,Maize,6.55,118.78,68.88,54.4,1,9.75
Maize,Maize (Feed Corn),Traditional,28.06,21.25,36.79,727.36,78.12,7.91,114,6.12,128.89,65.0,56.18,4.2,Clayey,57.89,Flood,Kharif,Soybean,6.56,86.53,41.88,36.16,1,8.328
Wheat,Wheat (Durum),Hybrid,19.46,14.34,27.17,577.23,64.9,8.4,126,6.6,80.61,46.19,35.68,3.83,Alluvial,69.76,Flood,Rabi,Soybean,5.7,95.27,61.88,34.2,0,6.04
Maize,Maize (Sweet Corn),Traditional,22.83,16.16,30.06,781.1,60.93,7.17,93,6.94,109.31,59.77,52.72,3.22,Sandy,58.12,Sprinkler,Rabi,Fallow,12.58,93.06,42.25,44.71,1,7.195
Maize,Maize (Sweet Corn),Traditional,25.31,20.02,33.23,533.25,60.95,6.74,82,6.67,113.92,54.03,43.31,2.43,Alluvial,58.0,Drip,Rabi,Rice,11.57,80.09,54.24,41.95,0,6.468
Maize,Maize (Feed Corn),Traditional,23.58,16.26,34.06,770.91,79.31,7.95,94,5.67,148.29,64.37,59.86,4.87,Black,59.48,Rainfed,Kharif,Millet,15.57,110.63,50.72,41.51,1,6.842
Maize,Maize (Popcorn),Hybrid,25.23,18.47,36.7,697.12,56.51,8.66,101,6.03,86.13,55.24,46.57,2.55,Desert,67.2,Sprinkler,Kharif,Fallow,4.93,96.02,51.69,44.0,0,5.557
Wheat,Wheat (Common),Traditional,17.75,12.28,26.44,589.83,69.25,9.53,118,6.28,95.91,41.3,36.8,2.87,Loamy,40.04,Sprinkler,Rabi,Wheat,6.17,63.11,28.72,24.8,1,3.88
Soybean,Soybean (Food Grade),HYV,27.44,21.55,37.54,614.41,78.5,7.14,91,6.06,29.69,41.84,31.63,3.02,Desert,60.75,Rainfed,Kharif,Soybean,18.69,23.4,44.02,33.86,1,2.324
Rice,Rice (Sona Masuri),Traditional,28.73,23.13,37.78,1212.79,81.7,7.96,120,6.96,72.16,37.07,38.41,2.57,Red,75.64,Sprinkler,Kharif,Rice,5.77,59.95,31.59,33.97,1,4.962
Millet,Millet (Foxtail),HYV,26.18,18.53,34.3,449.35,63.75,9.23,67,6.35,34.59,15.59,18.34,2.49,Laterite,48.24,Sprinkler,Kharif,Wheat,1.91,22.12,15.84,11.53,1,1.049
Maize,Maize (Popcorn),Traditional,22.35,15.13,30.82,528.61,56.53,6.71,91,6.58,96.6,54.47,47.08,3.16,Loamy,68.0,Rainfed,Kharif,Pulses,5.62,70.61,46.39,35.15,1,2.873
Wheat,Wheat (Common),HYV,19.18,12.04,27.2,456.55,58.89,9.09,123,7.19,92.56,40.95,35.43,3.71,Black,66.04,Sprinkler,Rabi,Sugarcane,3.25,87.0,42.13,32.88,0,5.054
Wheat,Wheat (Common),Hybrid,17.63,12.26,25.85,415.35,65.03,7.94,110,7.14,84.75,45.18,35.2,3.68,Loamy,40.77,Flood,Rabi,Pulses,6.46,99.46,49.67,36.06,1,6.328
Millet,Millet (Finger/Ragi),Traditional,30.04,24.1,39.52,658.74,51.29,9.57,119,6.51,36.65,24.4,23.29,1.9,Black,43.79,Sprinkler,Kharif,Sugarcane,8.05,35.69,16.57,18.06,1,2.753
Millet,Millet (Sorghum/Jowar),Traditional,28.3,21.07,35.66,549.13,54.43,8.17,124,6.07,65.53,30.49,29.72,3.04,Red,54.9,Sprinkler,Rabi,Millet,14.57,54.24,31.18,21.42,1,3.075
Rice,Rice (Non-Basmati),Traditional,31.7,26.66,39.7,1596.89,79.86,7.72,110,5.89,99.08,57.33,40.44,4.04,Alluvial,78.7,Sprinkler,Kharif,Sugarcane,7.64,89.31,41.01,33.22,1,5.239
Maize,Maize (Sweet Corn),Hybrid,27.61,21.49,39.37,617.74,66.57,8.42,92,6.04,102.01,54.21,42.17,2.82,Desert,64.51,Sprinkler,Kharif,Millet,19.97,111.74,66.96,51.33,1,5.526
Rice,Rice (Sona Masuri),HYV,29.49,21.71,40.05,1164.12,70.16,8.38,136,6.51,72.1,43.91,39.36,4.3,Loamy,77.68,Sprinkler,Kharif,Soybean,5.74,74.66,40.15,42.29,1,5.482
Wheat,Wheat (Durum),Hybrid,21.79,14.47,30.24,602.54,52.46,7.32,121,7.2,96.08,41.2,34.12,3.23,Loamy,55.56,Sprinkler,Rabi,Rice,10.49,104.62,52.21,43.13,1,4.905
Millet,Millet (Sorghum/Jowar),Traditional,31.39,25.3,41.38,482.02,57.72,8.14,103,8.0,70.1,35.34,30.19,3.15,Loamy,53.12,Drip,Kharif,Sugarcane,11.92,75.19,35.74,27.29,1,2.984
Rice,Rice (Basmati),Traditional,25.53,18.09,35.42,1309.14,81.72,8.11,131,6.08,74.95,38.51,32.86,3.92,Laterite,67.85,Rainfed,Kharif,Sugarcane,3.93,62.64,25.69,25.15,1,3.595
Millet,Millet (Foxtail),HYV,31.95,26.66,40.76,511.77,49.53,7.19,73,7.42,30.98,17.4,18.72,2.4,Red,53.04,Rainfed,Kharif,Millet,1.44,32.11,23.52,18.27,0,1.471
Rice,Rice (Sona Masuri),Hybrid,27.49,21.58,38.55,1332.66,74.95,7.78,134,6.2,89.98,36.59,44.48,4.06,Loamy,84.31,Flood,Kharif,Pulses,7.71,78.34,45.16,47.7,1,6.725
Millet,Millet (Foxtail),Traditional,30.75,24.22,41.63,408.13,51.04,8.6,80,6.94,31.4,16.8,16.41,1.01,Laterite,48.11,Sprinkler,Kharif,Soybean,7.28,30.85,16.69,14.34,1,1.179
Rice,Rice (Non-Basmati),Traditional,31.79,25.05,43.33,1504.26,87.89,6.03,131,5.57,103.87,47.78,57.8,2.91,Black,75.8,Sprinkler,Kharif,Maize,3.9,61.44,33.84,36.08,1,3.953
Rice,Rice (Sona Masuri),Traditional,30.21,24.51,38.15,1004.48,76.18,8.7,137,6.89,76.84,41.48,41.74,4.18,Alluvial,84.83,Sprinkler,Zaid,Wheat,7.2,60.09,30.94,35.57,1,4.964
Millet,Millet (Pearl/Bajra),Traditional,31.2,24.09,41.76,388.89,48.41,9.73,86,7.25,50.59,22.59,23.1,1.49,Red,45.95,Drip,Kharif,Maize,10.21,43.56,16.29,21.88,1,1.77
Maize,Maize (Sweet Corn),Traditional,23.1,15.27,33.74,670.04,63.09,7.2,83,6.58,105.73,66.07,58.83,2.31,Alluvial,72.93,Sprinkler,Kharif,Cotton,10.46,91.6,40.45,34.8,1,7.71
Soybean,Soybean (Food Grade),Traditional,26.22,20.52,38.16,899.37,75.27,7.1,95,6.27,22.63,53.49,35.85,2.92,Loamy,65.5,Drip,Kharif,Rice,3.61,16.01,43.36,26.72,1,2.65
Millet,Millet (Sorghum/Jowar),Hybrid,29.01,23.97,37.7,652.3,55.25,7.53,93,7.72,69.98,35.12,27.18,2.42,Red,55.58,Sprinkler,Kharif,Maize,7.76,78.92,43.55,33.79,1,2.315
Wheat,Wheat (Durum),Hybrid,20.63,12.67,30.59,525.5,55.48,9.76,129,7.07,90.62,50.03,31.8,2.57,Black,66.78,Drip,Rabi,Fallow,9.13,87.79,53.72,34.31,1,6.563
Maize,Maize (Sweet Corn),Hybrid,27.67,21.06,36.17,652.96,61.91,8.03,96,6.41,110.71,63.19,50.75,2.02,Alluvial,71.09,Sprinkler,Kharif,Rice,10.2,113.1,76.32,56.64,1,9.236
Maize,Maize (Sweet Corn),HYV,24.31,16.59,32.0,729.51,60.71,6.94,86,6.83,110.93,63.01,51.94,2.51,Alluvial,50.96,Drip,Kharif,Wheat,1.01,146.88,90.02,52.77,1,6.649
Rice,Rice (Sona Masuri),Hybrid,27.48,22.19,37.08,1211.52,81.96,8.9,123,6.39,83.63,44.86,44.43,3.78,Alluvial,73.04,Sprinkler,Kharif,Maize,14.43,80.16,40.29,40.29,1,6.1
Soybean,Soybean (Oil Grade),Hybrid,26.88,20.72,35.52,865.24,75.12,8.99,108,6.96,25.98,50.67,39.47,2.62,Red,61.24,Rainfed,Zaid,Millet,14.67,28.52,72.33,39.98,1,2.207
Millet,Millet (Pearl/Bajra),Hybrid,34.09,27.46,42.85,567.04,50.65,10.92,89,6.78,44.7,21.6,21.97,2.87,Black,45.52,Rainfed,Kharif,Millet,8.52,54.72,29.82,23.64,1,2.275
Maize,Maize (Sweet Corn),Hybrid,24.91,19.6,33.85,663.5,65.51,7.74,87,5.85,115.52,51.45,56.16,3.84,Black,57.66,Flood,Kharif,Cotton,1.38,86.06,41.11,31.95,1,7.17
Millet,Millet (Foxtail),Hybrid,26.38,20.05,36.02,448.33,46.74,8.12,84,6.52,32.64,21.3,17.39,1.54,Red,56.76,Sprinkler,Rabi,Millet,11.69,35.35,20.66,15.56,1,2.49
Maize,Maize (Feed Corn),HYV,24.11,18.04,35.78,649.27,76.28,6.31,111,6.28,120.2,79.36,54.07,2.2,Loamy,64.51,Flood,Zaid,Sugarcane,17.43,124.28,77.61,67.57,1,6.325
Millet,Millet (Sorghum/Jowar),HYV,31.77,24.77,39.04,693.95,65.22,8.35,113,6.31,74.1,34.54,26.41,1.84,Red,46.2,Rainfed,Kharif,Maize,11.46,78.43,31.83,25.68,1,2.204
Rice,Rice (Basmati),Hybrid,27.37,21.37,37.27,1444.5,78.54,7.9,131,6.67,60.54,34.49,32.96,4.79,Loamy,63.12,Flood,Kharif,Sugarcane,18.59,68.34,41.53,41.89,0,4.014
Maize,Maize (Feed Corn),Traditional,24.21,18.75,33.57,821.34,66.22,7.55,92,6.01,124.36,65.17,61.53,2.65,Red,63.51,Sprinkler,Kharif,Pulses,3.39,113.89,58.39,55.4,1,5.454
Wheat,Wheat (Sharbati),Traditional,21.31,16.01,33.26,522.17,50.34,9.65,131,6.15,96.28,49.58,38.01,3.06,Clayey,56.85,Drip,Rabi,Wheat,15.3,66.86,33.77,30.86,0,4.704
Maize,Maize (Popcorn),Hybrid,23.97,16.11,31.31,733.02,56.76,6.38,101,6.09,80.06,54.99,43.71,4.27,Alluvial,55.56,Sprinkler,Zaid,Cotton,16.01,93.5,46.87,49.15,1,6.027
Millet,Millet (Foxtail),Traditional,30.2,24.73,37.85,536.38,45.31,9.65,81,6.61,33.73,20.94,17.72,2.95,Sandy,43.77,Flood,Rabi,Maize,8.9,28.3,18.46,15.67,1,1.823
Millet,Millet (Foxtail),Traditional,30.14,23.47,39.1,300.72,62.91,9.54,79,6.63,32.84,15.88,15.84,2.41,Red,40.47,Rainfed,Zaid,Pulses,2.12,30.13,15.49,12.5,0,0.815
Soybean,Soybean (Oil Grade),Hybrid,27.71,21.61,35.05,949.96,75.86,8.13,100,7.15,20.64,52.43,40.64,2.68,Red,76.84,Rainfed,Kharif,Maize,8.31,27.29,58.57,40.22,1,3.426
Rice,Rice (Basmati),HYV,27.99,21.57,38.48,1216.85,73.03,6.64,135,7.0,76.13,31.64,34.43,3.48,Alluvial,67.8,Rainfed,Kharif,Fallow,0.67,64.37,28.38,32.46,1,3.043
Soybean,Soybean (Oil Grade),Traditional,26.51,21.41,35.16,887.08,78.67,7.24,116,7.14,21.13,50.62,38.06,4.14,Black,78.86,Sprinkler,Kharif,Maize,5.29,19.72,40.34,35.74,1,2.19
Soybean,Soybean (Food Grade),Traditional,24.69,17.24,34.53,723.88,68.91,6.84,103,6.22,20.56,55.85,39.41,3.68,Black,50.36,Sprinkler,Kharif,Soybean,18.01,20.93,41.71,24.65,1,3.062
Wheat,Wheat (Durum),Hybrid,19.87,14.37,27.14,471.27,68.03,7.84,129,6.4,92.27,54.89,34.02,1.72,Black,45.66,Drip,Rabi,Wheat,13.75,107.06,51.0,33.49,1,4.108
Maize,Maize (Sweet Corn),Hybrid,27.66,21.42,36.97,555.09,65.64,7.59,80,6.73,103.39,65.83,50.16,4.27,Black,61.26,Drip,Rabi,Millet,9.42,101.75,57.76,53.51,1,8.093
Wheat,Wheat (Sharbati),Hybrid,21.7,16.02,29.52,587.99,62.19,7.79,115,7.11,85.07,49.06,33.22,2.96,Loamy,55.23,Sprinkler,Rabi,Millet,8.72,106.81,50.29,39.93,1,4.286
Soybean,Soybean (Food Grade),Traditional,28.98,23.58,39.16,844.81,77.75,6.7,96,6.24,22.25,53.54,35.77,2.26,Red,61.95,Sprinkler,Kharif,Sugarcane,14.05,23.47,36.92,28.65,1,2.778
Soybean,Soybean (Food Grade),Hybrid,27.6,20.69,35.15,726.27,76.87,8.54,95,7.17,28.67,50.45,37.02,3.27,Black,73.25,Sprinkler,Kharif,Soybean,5.75,27.1,46.38,35.79,1,2.069
Maize,Maize (Sweet Corn),Hybrid,27.82,21.41,39.02,771.93,60.68,8.6,84,6.21,118.59,65.22,48.03,4.79,Alluvial,72.52,Sprinkler,Kharif,Sugarcane,15.43,110.83,72.29,44.77,1,5.861
Rice,Rice (Basmati),HYV,25.95,19.09,34.57,1417.15,79.44,6.6,134,7.44,69.76,31.1,35.48,3.36,Loamy,81.11,Sprinkler,Kharif,Wheat,9.78,79.57,43.53,44.76,1,4.767
Millet,Millet (Pearl/Bajra),HYV,32.49,24.76,41.51,523.02,47.55,8.72,87,7.08,51.62,21.42,27.02,1.4,Red,47.44,Sprinkler,Kharif,Rice,5.92,49.2,17.84,19.38,1,1.046
Wheat,Wheat (Sharbati),Hybrid,17.53,10.65,28.56,532.05,60.44,8.58,120,6.1,85.02,47.22,39.45,3.08,Loamy,58.14,Sprinkler,Rabi,Maize,14.41,108.76,46.47,34.07,1,6.5
Soybean,Soybean (Food Grade),Traditional,24.89,18.63,35.96,819.67,66.67,8.5,101,7.24,20.9,42.0,30.77,2.99,Red,54.53,Flood,Zaid,Fallow,15.08,23.59,37.38,31.56,1,1.984
Rice,Rice (Non-Basmati),Traditional,30.21,24.84,41.58,1129.82,76.35,8.97,134,6.31,95.75,46.06,49.21,2.76,Clayey,74.37,Sprinkler,Kharif,Wheat,1.55,92.37,43.48,34.1,0,6.126
Rice,Rice (Basmati),HYV,28.58,22.4,38.97,1237.99,84.91,8.19,148,7.25,78.06,38.14,34.59,2.76,Alluvial,69.26,Flood,Kharif,Fallow,0.83,67.02,27.02,26.38,1,4.118
Millet,Millet (Sorghum/Jowar),HYV,28.61,22.91,37.12,488.11,54.79,9.92,106,7.45,77.89,38.92,28.13,2.92,Loamy,43.68,Rainfed,Zaid,Maize,3.67,75.05,35.05,25.57,1,3.341
Millet,Millet (Pearl/Bajra),Hybrid,30.03,24.85,40.55,476.68,53.61,10.93,89,7.54,54.22,21.17,26.32,1.03,Loamy,31.41,Rainfed,Zaid,Cotton,16.06,48.82,31.57,28.35,1,1.695
Millet,Millet (Sorghum/Jowar),Hybrid,32.22,25.8,39.47,609.0,58.42,9.42,119,7.82,77.02,31.09,32.67,2.83,Black,47.12,Sprinkler,Kharif,Millet,11.37,58.57,29.68,27.5,1,2.159
Rice,Rice (Sona Masuri),Traditional,28.4,21.17,37.83,1144.41,77.12,8.55,123,6.45,85.87,35.14,43.8,4.39,Red,74.38,Flood,Zaid,Soybean,11.8,88.02,38.6,41.25,1,5.037
Rice,Rice (Sona Masuri),HYV,28.46,21.31,38.04,1003.06,71.17,8.16,139,6.68,82.99,40.82,44.01,2.05,Red,63.88,Sprinkler,Zaid,Rice,12.02,55.37,27.5,26.86,0,5.551
Rice,Rice (Basmati),Traditional,29.88,22.95,38.27,1498.34,83.4,7.54,134,7.08,61.76,38.46,37.32,3.83,Loamy,80.51,Sprinkler,Kharif,Rice,11.52,52.71,25.85,26.82,0,3.162
Rice,Rice (Sona Masuri),Hybrid,26.74,19.67,33.85,1060.31,80.65,8.14,133,6.49,85.64,41.06,35.71,3.07,Alluvial,66.55,Flood,Kharif,Sugarcane,19.18,76.08,33.78,40.95,0,4.355
Wheat,Wheat (Durum),Hybrid,21.31,13.86,29.97,629.86,59.7,8.99,121,7.36,92.19,40.78,36.12,1.72,Loamy,62.76,Rainfed,Rabi,Maize,10.41,95.9,54.36,41.3,1,3.062
Millet,Millet (Pearl/Bajra),HYV,30.18,24.69,39.37,548.19,56.33,9.76,81,7.68,54.87,27.6,24.06,1.05,Black,37.94,Rainfed,Kharif,Soybean,2.57,54.93,20.24,22.57,0,2.036
Millet,Millet (Foxtail),Traditional,28.31,22.71,37.63,319.88,50.84,7.14,70,7.08,34.38,24.49,15.1,2.27,Red,58.93,Sprinkler,Kharif,Maize,14.07,29.75,12.4,12.78,0,1.898
Maize,Maize (Popcorn),HYV,23.61,17.79,31.83,520.19,61.5,6.73,86,6.52,89.24,46.76,44.61,2.85,Alluvial,67.14,Sprinkler,Zaid,Soybean,10.25,68.34,41.07,41.54,1,5.353
Millet,Millet (Sorghum/Jowar),Hybrid,32.95,26.53,42.23,572.51,68.7,9.95,107,6.46,68.05,38.29,31.31,1.78,Clayey,53.09,Sprinkler,Kharif,Rice,1.2,73.6,36.39,36.51,1,3.145
Rice,Rice (Sona Masuri),HYV,30.62,23.69,41.84,1222.12,76.94,7.59,122,6.49,87.94,42.82,39.62,4.38,Alluvial,84.64,Flood,Kharif,Rice,2.06,76.13,39.65,35.65,1,4.844
Wheat,Wheat (Common),Hybrid,19.55,13.77,31.01,429.57,59.35,8.75,117,6.23,92.18,40.07,38.23,2.09,Alluvial,61.63,Flood,Zaid,Sugarcane,16.97,98.52,54.57,41.96,1,3.859
Millet,Millet (Finger/Ragi),Hybrid,30.38,22.63,39.73,677.66,54.25,7.35,106,6.3,31.82,26.69,18.27,2.54,Black,64.87,Rainfed,Rabi,Sugarcane,6.44,46.13,27.77,18.14,0,1.944
Rice,Rice (Basmati),Traditional,25.49,17.62,35.49,1364.33,74.73,7.18,142,6.25,61.02,36.18,32.08,3.76,Clayey,62.81,Flood,Kharif,Maize,19.85,61.29,25.8,27.19,1,4.415
Soybean,Soybean (Oil Grade),HYV,29.1,22.79,37.88,926.54,67.43,7.32,103,6.31,29.22,55.88,36.52,4.18,Black,55.97,Rainfed,Kharif,Millet,8.25,20.0,66.44,39.77,1,2.89
Millet,Millet (Foxtail),Hybrid,29.02,23.28,40.51,332.47,64.69,7.33,67,6.7,36.98,22.21,19.91,1.14,Red,44.01,Rainfed,Rabi,Cotton,16.22,41.55,20.95,16.8,1,1.181
Wheat,Wheat (Durum),HYV,18.01,12.23,25.45,647.27,65.23,7.01,139,6.73,82.86,42.37,38.65,3.07,Alluvial,56.51,Drip,Rabi,Rice,17.88,90.01,55.63,33.71,1,4.998
Millet,Millet (Pearl/Bajra),Hybrid,34.22,28.9,41.58,591.27,56.07,9.24,80,7.87,55.88,26.07,27.92,2.26,Clayey,46.84,Rainfed,Kharif,Pulses,3.29,64.46,32.82,26.66,1,1.118
Soybean,Soybean (Food Grade),HYV,26.53,19.09,36.6,817.39,75.25,6.52,98,7.22,24.61,52.87,37.49,2.09,Alluvial,61.4,Rainfed,Kharif,Maize,1.95,17.45,37.49,31.51,0,2.545
Maize,Maize (Sweet Corn),Hybrid,23.07,15.7,31.5,559.17,68.13,7.97,89,5.92,118.61,53.54,58.51,3.45,Loamy,52.57,Drip,Kharif,Soybean,6.27,110.76,72.23,46.38,1,7.28
Maize,Maize (Popcorn),Traditional,26.08,18.36,38.04,711.32,55.14,7.18,95,6.29,82.98,42.26,45.22,4.38,Alluvial,66.04,Drip,Rabi,Millet,17.88,67.34,32.76,36.11,1,6.99
Rice,Rice (Sona Masuri),Traditional,27.52,21.99,37.24,1226.48,82.39,7.37,123,6.39,83.94,43.6,42.34,4.0,Loamy,82.82,Sprinkler,Kharif,Maize,5.61,61.52,31.8,31.23,1,4.634
Maize,Maize (Feed Corn),HYV,25.39,19.24,33.45,730.64,62.97,6.01,119,6.66,124.85,69.13,54.07,4.94,Red,56.22,Sprinkler,Kharif,Sugarcane,16.85,145.79,77.49,56.45,1,11.7
Millet,Millet (Pearl/Bajra),Hybrid,31.83,23.96,40.56,484.34,40.23,9.31,69,7.32,46.88,21.5,25.62,2.11,Red,36.59,Sprinkler,Kharif,Maize,17.79,52.85,23.34,25.61,1,3.9
Wheat,Wheat (Durum),Traditional,18.28,10.53,26.94,452.75,59.5,7.35,135,6.23,86.09,55.81,38.06,3.75,Black,57.43,Sprinkler,Rabi,Fallow,17.27,77.84,36.06,25.82,1,4.093
Wheat,Wheat (Common),Traditional,21.43,16.34,32.74,495.23,65.63,7.02,125,6.89,84.8,43.47,32.01,2.56,Black,49.9,Sprinkler,Rabi,Cotton,16.77,66.41,38.0,31.79,1,5.25
Maize,Maize (Feed Corn),Traditional,23.35,16.59,32.81,793.03,75.61,6.86,120,6.25,124.4,72.7,64.57,3.03,Alluvial,73.65,Flood,Kharif,Maize,2.33,109.19,56.18,55.73,1,8.478
Rice,Rice (Basmati),HYV,25.11,19.31,34.82,1316.74,73.87,6.42,140,6.63,62.65,39.01,36.91,4.05,Loamy,80.56,Sprinkler,Kharif,Soybean,13.2,60.22,31.37,39.0,0,5.067
Millet,Millet (Finger/Ragi),HYV,29.48,23.85,38.52,520.94,50.3,9.65,121,6.87,46.06,29.25,17.24,1.6,Black,48.21,Sprinkler,Kharif,Sugarcane,7.8,40.23,29.39,19.39,1,3.296
Rice,Rice (Non-Basmati),Hybrid,26.35,19.06,37.77,1509.92,79.32,7.6,111,6.11,95.95,56.7,47.81,2.03,Clayey,73.81,Sprinkler,Kharif,Millet,15.88,111.67,49.45,46.03,1,6.03
Maize,Maize (Sweet Corn),Traditional,23.96,17.13,34.35,765.56,68.86,6.87,86,6.65,115.69,68.89,43.82,3.98,Loamy,55.01,Sprinkler,Kharif,Millet,3.32,85.49,48.49,32.5,1,7.263
Wheat,Wheat (Durum),Traditional,21.34,15.7,30.72,465.68,50.58,9.68,125,6.34,88.41,46.59,35.38,3.31,Alluvial,56.98,Flood,Rabi,Pulses,6.89,79.18,45.71,30.65,0,2.66
Soybean,Soybean (Food Grade),Traditional,28.25,23.05,38.96,862.56,73.82,7.17,108,7.42,27.1,42.92,36.71,2.29,Black,56.93,Sprinkler,Kharif,Sugarcane,14.0,18.16,42.99,25.88,1,2.214
Wheat,Wheat (Durum),Hybrid,19.56,13.35,27.06,479.54,55.51,7.15,133,6.03,98.41,50.01,32.27,1.51,Alluvial,58.99,Rainfed,Rabi,Sugarcane,11.51,85.83,47.24,29.29,1,3.49
Maize,Maize (Sweet Corn),Traditional,22.48,15.54,31.9,604.63,69.06,8.62,92,6.66,102.48,67.04,50.83,4.55,Loamy,69.84,Sprinkler,Kharif,Millet,18.23,81.42,40.02,39.01,0,4.971
Maize,Maize (Feed Corn),Hybrid,24.28,16.86,35.89,671.03,63.46,6.93,112,7.12,140.55,66.27,51.63,4.9,Alluvial,73.13,Sprinkler,Kharif,Soybean,1.44,188.84,100.04,83.45,1,10.423
Wheat,Wheat (Sharbati),Traditional,17.89,12.03,26.84,421.94,62.3,8.86,124,6.08,95.76,43.07,31.81,3.41,Black,62.4,Sprinkler,Rabi,Soybean,14.71,77.73,34.2,31.34,1,3.123
Rice,Rice (Basmati),HYV,25.86,18.43,36.32,1277.94,80.49,7.24,149,6.82,78.6,39.48,30.69,3.37,Loamy,75.24,Sprinkler,Kharif,Cotton,17.95,77.97,38.96,36.86,1,3.78
Wheat,Wheat (Sharbati),HYV,19.04,11.89,30.68,562.4,63.96,7.8,125,7.04,91.6,46.76,31.17,2.34,Laterite,54.57,Drip,Rabi,Sugarcane,9.28,83.09,49.21,36.86,1,5.588
Wheat,Wheat (Sharbati),Hybrid,17.88,12.09,27.1,570.32,56.4,8.88,126,7.39,80.61,47.73,32.98,2.22,Clayey,55.24,Rainfed,Rabi,Millet,4.16,103.48,48.41,43.32,1,3.18
Rice,Rice (Non-Basmati),Hybrid,31.08,25.61,38.19,1492.45,71.5,8.97,111,6.79,90.84,42.47,42.99,4.35,Black,79.7,Flood,Zaid,Maize,16.42,64.15,42.63,33.4,1,8.004
Maize,Maize (Sweet Corn),HYV,26.35,21.04,37.63,537.36,62.93,6.75,88,6.46,101.08,60.53,46.72,3.95,Sandy,66.09,Sprinkler,Kharif,Millet,5.52,105.35,58.46,48.8,1,7.216
Soybean,Soybean (Food Grade),Traditional,26.72,21.08,34.95,794.31,64.23,7.9,95,7.22,23.65,42.06,34.7,2.98,Alluvial,73.56,Sprinkler,Kharif,Maize,7.28,18.14,40.18,27.04,0,3.808
Maize,Maize (Feed Corn),Traditional,25.99,19.11,33.01,626.93,63.41,8.13,116,7.05,144.24,69.37,68.41,4.37,Loamy,65.81,Sprinkler,Kharif,Fallow,11.76,98.7,54.47,42.64,1,8.312
Rice,Rice (Non-Basmati),HYV,29.61,24.03,37.6,1594.77,74.87,8.51,135,6.08,94.05,46.86,46.53,2.73,Alluvial,80.22,Drip,Zaid,Sugarcane,10.53,73.99,36.7,41.01,0,5.88
Millet,Millet (Pearl/Bajra),Hybrid,29.12,23.98,38.33,502.07,40.85,8.74,87,7.97,52.66,25.2,28.45,1.34,Alluvial,40.61,Sprinkler,Kharif,Rice,3.16,57.3,22.53,31.69,1,1.661
Maize,Maize (Popcorn),Hybrid,22.29,14.35,30.23,632.09,60.12,8.09,97,6.77,81.55,52.1,49.89,2.46,Alluvial,64.87,Sprinkler,Rabi,Wheat,17.95,99.29,45.61,44.4,0,7.8
Maize,Maize (Popcorn),Hybrid,23.73,15.85,31.64,721.69,66.05,7.84,103,6.41,90.16,52.89,41.49,2.45,Alluvial,69.19,Drip,Rabi,Millet,1.88,89.4,54.13,45.97,1,7.8
Wheat,Wheat (Durum),Traditional,18.65,11.8,29.11,581.54,56.32,9.63,121,6.92,99.67,50.56,32.85,1.88,Loamy,69.74,Rainfed,Rabi,Millet,1.62,75.36,33.65,28.99,1,3.711
Wheat,Wheat (Durum),Hybrid,22.58,15.29,31.11,497.82,58.8,7.88,127,6.33,97.56,47.76,39.01,2.35,Alluvial,45.22,Flood,Rabi,Millet,1.22,72.21,31.38,27.61,1,4.408
Wheat,Wheat (Common),HYV,21.26,16.24,29.63,583.98,51.63,8.82,113,6.78,90.13,49.5,39.18,3.38,Sandy,66.31,Flood,Rabi,Millet,9.41,87.95,47.41,36.56,1,7.057
Millet,Millet (Foxtail),Traditional,29.54,23.23,38.96,349.26,52.6,9.39,83,5.87,38.62,21.5,17.99,2.94,Sandy,58.13,Rainfed,Rabi,Fallow,16.22,25.27,12.61,15.29,0,1.137
Maize,Maize (Feed Corn),HYV,27.0,19.99,35.32,723.15,79.23,7.61,98,6.37,146.8,73.4,52.98,4.66,Alluvial,64.32,Flood,Zaid,Cotton,8.18,148.59,77.39,53.23,1,5.435
Maize,Maize (Sweet Corn),Traditional,27.77,20.38,38.81,610.43,70.43,6.96,87,6.23,118.68,59.85,54.53,4.55,Clayey,63.24,Sprinkler,Kharif,Maize,3.8,94.66,44.06,35.23,1,6.241
Rice,Rice (Basmati),Traditional,28.83,21.04,36.85,1399.0,81.08,6.19,148,6.36,64.07,39.55,39.19,2.14,Loamy,68.47,Sprinkler,Kharif,Soybean,4.02,53.22,30.05,27.15,0,3.502
Wheat,Wheat (Common),Hybrid,20.15,14.82,28.57,460.2,57.56,7.82,118,6.53,87.58,44.87,31.74,3.47,Loamy,65.82,Flood,Zaid,Pulses,0.78,109.23,52.25,39.3,1,4.854
Rice,Rice (Sona Masuri),Traditional,29.55,22.75,41.41,1233.59,76.99,7.63,137,5.79,72.48,42.33,38.69,4.31,Red,60.58,Flood,Kharif,Pulses,12.85,77.8,38.21,33.7,1,5.248
Maize,Maize (Sweet Corn),Hybrid,25.45,20.14,37.18,521.6,71.4,8.94,96,6.37,111.93,67.01,58.96,3.1,Alluvial,60.59,Drip,Kharif,Wheat,0.64,125.54,67.22,45.7,1,8.99
Wheat,Wheat (Sharbati),Hybrid,17.22,11.13,28.79,435.95,58.67,7.96,116,6.14,95.41,46.3,37.52,2.88,Loamy,46.24,Flood,Rabi,Wheat,5.0,105.09,46.78,43.71,1,5.651
Maize,Maize (Sweet Corn),Traditional,23.71,17.67,32.47,704.14,72.95,6.67,99,6.25,115.29,56.36,41.12,3.0,Black,58.85,Sprinkler,Rabi,Maize,13.79,87.93,53.55,45.81,0,4.364
Rice,Rice (Sona Masuri),HYV,27.42,21.63,37.03,1387.11,83.81,7.08,128,5.59,78.07,41.58,38.85,4.5,Alluvial,70.13,Sprinkler,Kharif,Cotton,0.58,86.24,38.12,41.47,1,7.098
Rice,Rice (Non-Basmati),HYV,29.81,22.32,38.95,1420.56,89.07,8.52,114,7.32,86.99,56.69,43.0,3.98,Sandy,68.76,Drip,Kharif,Maize,11.94,112.83,45.51,55.93,1,6.486
Maize,Maize (Feed Corn),Hybrid,24.74,18.32,36.51,667.06,74.19,6.81,117,6.81,121.1,60.18,51.75,4.47,Red,67.03,Sprinkler,Kharif,Soybean,7.92,132.61,69.66,65.43,0,11.7
Millet,Millet (Sorghum/Jowar),Traditional,27.58,20.22,38.25,665.58,59.66,9.74,129,6.24,77.76,38.45,26.28,1.89,Red,48.35,Flood,Zaid,Wheat,9.79,41.41,20.23,19.14,1,1.925
Millet,Millet (Finger/Ragi),HYV,26.69,21.62,33.79,691.44,59.71,9.92,126,5.0,34.26,22.06,19.89,2.92,Loamy,53.92,Sprinkler,Kharif,Soybean,11.53,33.41,19.63,12.28,1,2.441
Maize,Maize (Popcorn),Hybrid,24.93,19.92,32.34,541.92,61.73,8.42,89,6.77,84.71,54.98,48.74,4.04,Alluvial,64.77,Sprinkler,Rabi,Rice,12.55,73.42,31.03,37.47,1,7.757
Millet,Millet (Foxtail),HYV,26.72,20.48,37.77,476.38,64.93,9.64,68,6.13,37.37,24.9,19.92,1.43,Loamy,38.51,Sprinkler,Rabi,Fallow,17.38,33.59,23.45,16.57,1,1.992
Rice,Rice (Sona Masuri),Traditional,28.58,23.56,40.2,1026.4,84.08,6.08,138,6.3,80.11,35.73,37.39,3.94,Loamy,82.28,Sprinkler,Kharif,Wheat,9.38,58.12,32.44,32.08,0,4.868
Millet,Millet (Sorghum/Jowar),Traditional,28.27,22.86,35.4,687.71,64.58,7.79,126,7.84,60.16,33.21,30.82,2.53,Red,53.64,Sprinkler,Kharif,Sugarcane,13.03,58.45,34.01,31.06,1,1.828
Soybean,Soybean (Food Grade),HYV,24.91,19.55,35.99,707.39,74.73,8.92,103,7.42,22.61,55.48,35.55,3.55,Clayey,56.02,Rainfed,Kharif,Maize,9.34,29.86,48.06,37.02,1,1.669
Maize,Maize (Sweet Corn),HYV,23.72,18.6,31.26,773.74,70.67,8.88,80,6.85,116.33,67.5,40.78,3.96,Alluvial,64.17,Sprinkler,Rabi,Maize,17.47,108.31,57.21,57.91,1,8.73
Soybean,Soybean (Oil Grade),Traditional,29.87,24.78,37.08,725.43,69.24,7.67,111,6.04,27.4,65.26,43.63,2.7,Red,65.35,Rainfed,Kharif,Rice,8.1,20.13,42.9,32.66,0,1.966
Wheat,Wheat (Sharbati),Traditional,21.87,16.7,29.49,562.41,56.79,9.81,127,6.93,84.47,44.04,36.8,3.16,Alluvial,52.64,Drip,Kharif,Rice,12.78,49.96,27.88,19.81,0,3.352
Rice,Rice (Non-Basmati),Traditional,26.8,21.04,34.01,1136.31,74.87,6.06,117,5.69,119.01,44.74,52.56,4.39,Alluvial,88.48,Flood,Kharif,Rice,17.47,85.48,35.11,35.2,1,5.598
Wheat,Wheat (Common),Traditional,21.07,14.12,32.03,590.09,59.92,7.86,128,6.26,89.55,45.26,33.41,2.28,Alluvial,52.94,Sprinkler,Kharif,Cotton,3.79,69.36,37.21,27.98,1,2.863
Rice,Rice (Basmati),Traditional,25.95,19.91,35.69,1495.89,79.96,6.6,144,6.81,76.8,39.89,38.9,3.11,Alluvial,64.88,Sprinkler,Kharif,Sugarcane,2.78,59.18,27.33,28.11,1,5.473
Maize,Maize (Feed Corn),Hybrid,27.93,20.23,36.89,729.87,61.58,7.39,93,6.65,140.13,75.17,56.95,3.16,Red,55.59,Flood,Kharif,Rice,13.08,162.59,73.27,56.5,1,9.039
Maize,Maize (Feed Corn),HYV,28.37,20.99,38.52,724.43,68.64,8.64,109,6.42,143.73,75.43,50.25,2.45,Loamy,64.09,Rainfed,Kharif,Millet,12.15,90.54,44.15,45.03,0,4.609
Maize,Maize (Popcorn),Traditional,26.36,19.82,37.65,713.59,63.31,7.62,95,6.26,80.33,55.4,41.61,3.57,Loamy,50.59,Sprinkler,Rabi,Wheat,19.31,79.23,39.83,38.58,1,4.226
Soybean,Soybean (Food Grade),Hybrid,26.31,21.25,38.22,689.38,76.99,7.95,99,6.3,29.96,55.06,35.63,3.52,Alluvial,68.38,Flood,Kharif,Fallow,18.56,32.01,55.74,38.13,1,2.707
Millet,Millet (Foxtail),Traditional,28.65,22.42,37.07,355.22,45.78,9.07,63,6.78,32.67,24.86,15.03,1.42,Red,51.22,Rainfed,Kharif,Pulses,10.22,31.93,18.82,12.89,0,0.926
Soybean,Soybean (Food Grade),HYV,26.89,20.84,35.05,673.52,74.05,7.27,103,7.1,27.55,41.94,37.99,2.2,Black,70.09,Rainfed,Kharif,Millet,13.39,22.69,45.94,33.7,1,2.355
Rice,Rice (Non-Basmati),HYV,29.08,23.64,38.83,1172.33,82.22,8.8,121,6.14,85.95,55.86,52.01,2.3,Alluvial,88.67,Sprinkler,Kharif,Maize,13.92,116.06,51.52,66.51,0,6.598
Soybean,Soybean (Oil Grade),Hybrid,29.18,23.33,37.14,822.97,78.32,8.48,108,6.51,20.9,55.15,40.13,4.39,Clayey,67.5,Sprinkler,Kharif,Sugarcane,12.63,29.96,57.42,41.15,0,4.423
Maize,Maize (Feed Corn),Hybrid,24.35,16.9,33.99,731.63,63.12,6.83,118,6.49,132.91,63.52,53.6,4.92,Red,65.34,Sprinkler,Kharif,Soybean,8.6,162.51,72.01,69.57,0,8.645
Millet,Millet (Pearl/Bajra),HYV,31.27,25.01,41.53,363.12,53.37,10.11,76,6.64,53.15,27.07,27.23,1.32,Red,31.63,Sprinkler,Kharif,Pulses,1.21,66.73,35.61,31.93,0,2.27
Millet,Millet (Sorghum/Jowar),HYV,29.74,22.28,39.33,459.27,67.83,9.31,94,7.81,75.2,31.57,26.34,2.31,Red,44.49,Rainfed,Kharif,Millet,3.36,54.36,32.77,26.71,0,1.761
Soybean,Soybean (Food Grade),Traditional,26.41,19.98,37.03,608.3,72.44,8.51,91,7.43,26.58,46.73,36.23,2.11,Red,57.38,Rainfed,Kharif,Sugarcane,2.13,23.0,36.41,27.27,0,1.187
Soybean,Soybean (Food Grade),Hybrid,24.99,17.57,35.89,837.5,64.16,8.14,102,7.13,25.47,57.77,35.53,3.61,Sandy,71.9,Rainfed,Kharif,Maize,3.53,30.46,64.44,33.91,1,3.346
Rice,Rice (Sona Masuri),Hybrid,27.48,21.68,37.35,1391.71,76.8,8.81,122,5.88,75.61,43.85,35.8,3.51,Sandy,81.51,Sprinkler,Kharif,Cotton,18.65,75.39,39.25,35.9,0,6.25
